ItemCode,Description,CategoryDescript,Sum_Qty,StoreCode,LotNumber,Unit_Cost,Value_On_Hand
2B,FILTER 2BAG GREY 816,POOL,-584.00,RM,02032025RM1,0.0000,0.000000
2B,FILTER 2BAG GREY 816,POOL,1.00,RM,02032025RM1476,0.0000,0.000000
2BH,FILTER 2BAG HERO CHARCOAL GREY 29708,POOL,0.00,RM,02032025RM2,0.0000,0.000000
3B,FILTER 3BAG GREY 816,POOL,-1240.00,RM,02032025RM3,0.0000,0.000000
3BH,FILTER 3BAG HERO CHARCOAL GREY 29708,POOL,0.00,RM,02032025RM4,0.0000,0.000000
4B,FILTER 4 BAG GREY 816,POOL,-305.00,RM,02032025RM5,0.0000,0.000000
4BB,FILTER 4 BAG BLACK,POOL,-240.00,RM,02032025RM1372,0.0000,0.000000
4BH,FILTER 4BAG HERO CHARCOAL GREY 29708,POOL,0.00,RM,02032025RM6,0.0000,0.000000
5B,FILTER 5 BAG GREY 816,POOL,-91.00,RM,02032025RM7,0.0000,0.000000
5BB,FILTER 5 BAG BLACK,POOL,-35.00,RM,02032025RM1373,0.0000,0.000000
5BH,FILTER 5BAG HERO CHARCOAL GREY 29708,POOL,0.00,RM,02032025RM8,0.0000,0.000000
A6HP,AGRI 600LT TANK RED HIGH PRESSURE,CUSTOM,-118.00,RM,02032025RM1302,0.0000,0.000000
A6LP,AGRI 600LT TANK RED LOW PRESSURE,CUSTOM,-32.00,RM,02032025RM9,0.0000,0.000000
ACDB,ACD H359 NEL BEIGE,RAW MATERIAL,68500.00,RM,02032025RM1209,29.5800,2026230.000000
ACDB916,ACD H359 BEIGE 916,RAW MATERIAL,0.00,RM,02032025RM1210,0.0000,0.000000
ACDBG,ACD H359 BIRCH GREY,RAW MATERIAL,200.00,RM,02032025RM1211,29.6300,5926.000000
ACDBLK,ACD H509 BLACK 20 UV,RAW MATERIAL,183500.00,RM,02032025RM1212,28.7900,5282965.000000
ACDBO,ACD H359 BRONZE OLIVE,RAW MATERIAL,18125.00,RM,02032025RM1213,26.8500,486656.250000
ACDCB,ACD H359 COFFEE BROWN,RAW MATERIAL,66000.00,RM,02032025RM1214,29.4100,1941060.000000
ACDCGR,ACD H359 CHARCOAL GREY 29708,RAW MATERIAL,1000.00,RM,02032025RM1215,30.8300,30830.000000
ACDDGR,ACD H359 DARK GREY 816,RAW MATERIAL,146000.00,RM,02032025RM1216,29.3900,4290940.000000
ACDDRKG,ACD H359 DARK GREEN,RAW MATERIAL,231000.00,RM,02032025RM1217,29.5300,6821430.000000
ACDFOAM,ACD H100 FOAM MATERMIX 10,RAW MATERIAL,3.00,RM,02032025RM1218,4800.0000,14400.000000
ACDFOAMPEL,ACD FOAM PELLET 1-SHOT,RAW MATERIAL,6051.00,RM,02032025RM1244,47.2300,285788.730000
ACDGR,ACD H359 JOHN DEERE GREEN 33403,RAW MATERIAL,2000.00,RM,02032025RM1219,29.0500,58100.000000
ACDHRK,ACD HENRED KHAKI,RAW MATERIAL,700.00,RM,02032025RM1220,29.5800,20706.000000
ACDI,ACD IVORY,RAW MATERIAL,100.00,RM,02032025RM1419,30.9000,3090.000000
ACDLG,ACD H359 LIME GREEN,RAW MATERIAL,250.00,RM,02032025RM1221,30.4000,7600.000000
ACDLGR,ACD H359 LIGHT GREY 817,RAW MATERIAL,2100.00,RM,02032025RM1222,29.1000,61110.000000
ACDMB,ACD H359 MAC BLUE,RAW MATERIAL,29500.00,RM,02032025RM1223,29.3500,865825.000000
ACDMILLING,ACD MILLING,RAW MATERIAL,0.00,RM,,3.7500,0.000000
ACDN,ACD H359 NATURAL UV,RAW MATERIAL,57000.00,RM,02032025RM1225,28.1800,1606260.000000
ACDP32320,ACD DARK GREEN 208 PIGMENT,PIGMENTS,10.00,RM,02032025RM1263,155.6300,1556.300000
ACDPINK,ACD H359 CANCER PINK,RAW MATERIAL,0.00,RM,02032025RM1226,30.2000,0.000000
ACDPUR,ACD H359 PURPLE,RAW MATERIAL,0.00,RM,02032025RM1227,30.2000,0.000000
ACDRED,ACD H359 RED 256,RAW MATERIAL,20000.00,RM,02032025RM1228,29.2700,585400.000000
ACDSG,ACD H359 SAGE GREEN,RAW MATERIAL,0.00,RM,02032025RM1229,30.2000,0.000000
ACDTANG,ACD H359 TANGERINE,RAW MATERIAL,118500.00,RM,02032025RM1230,29.6500,3513525.000000
ACDVBL,ACD H359 VODACOM BLUE,RAW MATERIAL,100.00,RM,02032025RM1423,30.9000,3090.000000
ACDW,ACD H359 WHITE 05,RAW MATERIAL,150.00,RM,02032025RM1231,30.4000,4560.000000
ACDY18UV,ACD H359 HERO YELLOW 18 UV REBLEND,RAW MATERIAL,17675.00,RM,02032025RM1278,25.8900,457605.750000
ACDYDS,ACD FPH3597155 18 DARK YELLOW SPECIAL,RAW MATERIAL,10000.00,RM,02032025RM1354,29.0000,290000.000000
ACDYM,ACD H359 MAC YELLOW,RAW MATERIAL,0.00,RM,02032025RM1224,30.2000,0.000000
ACDYRB,ACD H359 YELLOW RB,RAW MATERIAL,87000.00,RM,02032025RM1232,28.9000,2514300.000000
ACDZS,ACD ZINC STERATE,RAW MATERIAL,60.00,RM,02032025RM1233,65.8300,3949.800000
ACRAFTDG,ANGLE CRAFT MEDIUM DARK GREEN,CUSTOM,0.00,RM,02032025RM10,0.0000,0.000000
ACRAFTLDG,ANGLE CRAFT LARGE DARK GREEN,CUSTOM,0.00,RM,02032025RM11,0.0000,0.000000
ACRAFTLG,ANGLE CRAFT LARGE GREY 816,CUSTOM,0.00,RM,02032025RM12,0.0000,0.000000
ACRAFTMG,ANGLE CRAFT MEDIUM GREY 816,CUSTOM,0.00,RM,02032025RM13,0.0000,0.000000
AGRI310100,GP LAWN BALL VALVE 100MM,Fittings,0.00,RM,02032025RM1288,257.3900,0.000000
APAL02,SQUAT PAN NATURAL,CUSTOM,-200.00,RM,02032025RM14,0.0000,0.000000
APS120BL,AFRICAN PUMP SOL 120L TANK BLUE,CUSTOM,0.00,RM,02032025RM16,0.0000,0.000000
APS120BLK,AFRICAN PUMP SOL 120L TANK BLACK,CUSTOM,-58.00,RM,02032025RM17,0.0000,0.000000
APS120DG,AFRICAN PUMP SOL 120L TANK DARK GREEN,CUSTOM,-12.00,RM,02032025RM18,0.0000,0.000000
APS120O,AFRICAN PUMP SOL 120L TANK ORANGE,CUSTOM,-30.00,RM,02032025RM19,0.0000,0.000000
APS120R,AFRICAN PUMP SOL 120L TANK RED,CUSTOM,-32.00,RM,02032025RM20,0.0000,0.000000
APS120Y,AFRICAN PUMP SOL 120L TANK YELLOW,CUSTOM,-6.00,RM,02032025RM1467,0.0000,0.000000
APSLID,AFRICAN PUMP SOLUTIONS LID,Fittings,0.00,RM,02032025RM1070,29.0000,0.000000
ARMCOBB,ARMCO BOOSTER BOTTLE,ROAD,-20.00,RM,02032025RM21,0.0000,0.000000
BAD,BADGER TANK 3500L,CUSTOM,0.00,RM,02032025RM22,0.0000,0.000000
BAD1,BADGER 1000L DYNAMO FLAT FLAT GREY PIGM,CUSTOM,-74.00,RM,02032025RM23,0.0000,0.000000
BAD1MP38169,BADGER 1000L DYNAMO FLAT MP38169,CUSTOM,-4.00,RM,02032025RM1396,0.0000,0.000000
BAD2,BADGER 1250L DYNAMO DOME FLAT GREY PIGM,CUSTOM,-67.00,RM,02032025RM24,0.0000,0.000000
BAD2MP38169,BADGER 1250L DYNAMO DOME MP38169,CUSTOM,-4.00,RM,02032025RM1397,0.0000,0.000000
BAD3,BADGER 700L TANK GREY PIGM,CUSTOM,-8.00,RM,02032025RM1374,0.0000,0.000000
BADH,BADGER TANK 3500L HEAVY,CUSTOM,0.00,RM,02032025RM25,0.0000,0.000000
BAFFLEMED,BAFFLE MEDIUM YELLOW 1000LT - 2500LT,TANKS HORIZONTAL,0.00,RM,02032025RM26,0.0000,0.000000
BAFFLEMEDBLK,BAFFLE MEDIUM BLACK 1000LT - 2500LT,TANKS HORIZONTAL,5.00,RM,02032025RM27,0.0000,0.000000
BAFFLEMEDN,BAFFLE MEDIUM NATURAL 1000LT - 2500LT,TANKS HORIZONTAL,0.00,RM,02032025RM28,0.0000,0.000000
BAFFLESML,BAFFLE SMALL 500 LT,TANKS HORIZONTAL,-11.00,RM,02032025RM29,0.0000,0.000000
BB.355.0,355MM CLIP-LOCK BAFFLE BALL SET,Fittings,210.00,RM,02032025RM1125,57.3900,12051.900000
BBBBL,BICYCLE BOX BASE BLUE,BIKESAFE,0.00,RM,02032025RM30,0.0000,0.000000
BBBBLK,BICYCLE BOX BASE BLACK,BIKESAFE,0.00,RM,02032025RM31,0.0000,0.000000
BBBP,BICYCLE BOX BASE PINK,BIKESAFE,0.00,RM,02032025RM32,0.0000,0.000000
BBBR,BICYCLE BOX BASE RED,BIKESAFE,0.00,RM,02032025RM33,0.0000,0.000000
BBBSEC,BICYCLE BOX BASE SECONDS YELLOW,SECONDS,0.00,RM,02032025RM34,0.0000,0.000000
BBBSG,BICYCLE BOX BASE SPRINGBOK GREEN,BIKESAFE,0.00,RM,02032025RM35,0.0000,0.000000
BBBY,BICYCLE BOX BASE YELLOW,BIKESAFE,0.00,RM,02032025RM36,0.0000,0.000000
BBLBL,BICYCLE BOX LID BLUE,BIKESAFE,0.00,RM,02032025RM37,0.0000,0.000000
BBLBLK,BICYCLE BOX LID BLACK,BIKESAFE,0.00,RM,02032025RM38,0.0000,0.000000
BBLP,BICYCLE BOX LID PINK,BIKESAFE,0.00,RM,02032025RM39,0.0000,0.000000
BBLR,BICYCLE BOX LID RED,BIKESAFE,0.00,RM,02032025RM40,0.0000,0.000000
BBLSEC,BICYCLE BOX LID SECONDS BLACK,SECONDS,0.00,RM,02032025RM41,0.0000,0.000000
BBLSG,BICYCLE BOX LID SPRINBOK GREEN,BIKESAFE,0.00,RM,02032025RM42,0.0000,0.000000
BBLY,BICYCLE BOX LID YELLOW,BIKESAFE,0.00,RM,02032025RM43,0.0000,0.000000
BBOXBL,BICYCLE BOX COMPLETE BLUE,BIKESAFE,-1.00,RM,02032025RM44,0.0000,0.000000
BBOXBLK,BICYCLE BOX COMPLETE BLACK,BIKESAFE,-2.00,RM,02032025RM45,0.0000,0.000000
BBOXP,BICYCLE BOX COMPLETE PINK,BIKESAFE,0.00,RM,02032025RM46,0.0000,0.000000
BBOXR,BICYCLE BOX COMPLETE RED,BIKESAFE,0.00,RM,02032025RM47,0.0000,0.000000
BBOXSEC,BICYCLE BOX COMPLETE SECONDS,SECONDS,0.00,RM,02032025RM48,0.0000,0.000000
BBOXSG,BICYCLE BOX COMPLETE SPRINGBOK GREEN,BIKESAFE,0.00,RM,02032025RM49,0.0000,0.000000
BBOXY,BICYCLE BOX COMPLETE YELLOW,BIKESAFE,0.00,RM,02032025RM50,0.0000,0.000000
BEKLOUTRICH,BEKMAR LOUIS TRICHARDT,STEWARTS & LLOYDS BRANCHES,-3.00,RM,,0.0000,0.000000
BINSN,BIN (OIL CHAMBER SECOND) NATURAL,SECONDS,0.00,RM,02032025RM51,0.0000,0.000000
BLT-HTG-M08X070,XOX HT BOLTS M8X70 G8.8 EI GALV,Fittings,0.00,RM,02032025RM1071,0.0000,0.000000
BLT-HTG-M08X150,XOX HT BOLTS M8X150 G8.8 EI GALV,Fittings,0.00,RM,02032025RM1072,0.0000,0.000000
BLT-HTG-M12X060,HT BOLTS M12 X 60 GR . 8.8 EL GALV,Fittings,0.00,RM,02032025RM1073,0.0000,0.000000
BLT-HTG-M12X070,XOX HT BOLTS M12X70 GR8.8 EI GALV TRUCO,Fittings,0.00,RM,02032025RM1074,0.0000,0.000000
BLT-HTG-M12X080,XOX HT BOLTS M12X80 GR8.8 EI GALV TRUCO,Fittings,0.00,RM,02032025RM1075,0.0000,0.000000
BLT-HTG-M12X150,XOX HT BOLTS M12X150 GR8.8 EI GALV TRUCO,Fittings,1280.00,RM,02032025RM1076,17.9800,23014.400000
BLT-HT-M10X060,XOX HT BOLT M10 X 6 GR8.8,Consumables,0.00,RM,02032025RM1077,0.0000,0.000000
BLT-HT-M12X050,XOX M12 X 50 BOLT GR 8.8 BODY BOX,Consumables,0.00,RM,02032025RM1078,0.0000,0.000000
BO114F,1 1/2 (25MM) SPINWELD FLUSH,Fittings,5500.00,RM,02032025RM1079,8.4000,46200.000000
BODYBLRG,BODY BOX TOP & BOTTOM LARGE,INDUSTRIAL,0.00,RM,02032025RM52,0.0000,0.000000
BODYBLRGS,BODY BOX TOP & BOTTOM LARGE SECONDS,SECONDS,0.00,RM,02032025RM53,0.0000,0.000000
BODYBMED,BODY BOX TOP & BOTTOM MEDIUM,INDUSTRIAL,0.00,RM,02032025RM54,0.0000,0.000000
BODYBMEDS,BODY BOX TOP & BOTTOM MEDIUM SECONDS,SECONDS,0.00,RM,02032025RM55,0.0000,0.000000
BODYBSML,BODY BOX TOP & BOTTOM SMALL,INDUSTRIAL,0.00,RM,02032025RM56,0.0000,0.000000
BODYBSMLS,BODY BOX TOP & BOTTOM SMALL SECONDS,SECONDS,0.00,RM,02032025RM57,0.0000,0.000000
BOLT-HT-M12X200,BOLT M12 X 200 HT GALV,Fittings,0.00,RM,02032025RM1407,19.5500,0.000000
BOLTM12X120ZPLATE,BOLT M12 X 120 HT Z/PLT,Fittings,160.00,RM,02032025RM1448,14.0000,2240.000000
BOLTM8,BOLTS M8X150 GR8.8 GALV PART THREAD,Fittings,0.00,RM,02032025RM1297,0.5000,0.000000
BR,BRANDING,Fittings,0.00,RM,,0.0000,0.000000
BT65,BARROW TANK 65lt,INDUSTRIAL,0.00,RM,02032025RM58,0.0000,0.000000
BTSJDG,BARROW TANK SECOND J/D GREEN,SECONDS,0.00,RM,02032025RM59,0.0000,0.000000
BULKBBLK,BULK BIN BLACK NO WHEELS,INDUSTRIAL,0.00,RM,02032025RM60,0.0000,0.000000
BULKBBLKW,BULK BIN BLACK WITH WHEELS,INDUSTRIAL,0.00,RM,02032025RM61,0.0000,0.000000
BUND0.25L,BUND 250L,TANKS HORIZONTAL,0.00,RM,02032025RM62,0.0000,0.000000
BUND0.50L,BUND 500L,TANKS HORIZONTAL,0.00,RM,02032025RM63,0.0000,0.000000
BUND1.0L,BUND FOR 1000L,TANKS HORIZONTAL,0.00,RM,02032025RM64,0.0000,0.000000
BUND1.5L,BUND FOR 1500L,TANKS HORIZONTAL,0.00,RM,02032025RM65,0.0000,0.000000
CALL01,CALL OUT FEE,TANK REPAIRS,-1.00,RM,,0.0000,0.000000
CARB,CARROT BIN BLACK,INDUSTRIAL,-22.00,RM,02032025RM66,0.0000,0.000000
CARBL,CARROT BIN BLUE,INDUSTRIAL,0.00,RM,02032025RM67,0.0000,0.000000
CB,COMPOST BIN,INDUSTRIAL,0.00,RM,02032025RM68,0.0000,0.000000
CB(EA),COCHRANE BALL HALF TANGERINE,CUSTOM,-58.00,RM,02032025RM69,0.0000,0.000000
CB4FT,COCHRANE 4FT BALL HALF TANGERINE,CUSTOM,-708.00,RM,02032025RM1449,0.0000,0.000000
CB5FT,COCHRANE 5FT BALL HALF TANGERINE,CUSTOM,-8.00,RM,02032025RM1450,0.0000,0.000000
CBF,CARROTBIN FRAME,INDUSTRIAL,0.00,RM,02032025RM70,0.0000,0.000000
COMBICB,COMBI BOX COMPLETE NEL BEIGE,POOL,-260.00,RM,02032025RM72,0.0000,0.000000
COMBICBLK,COMBI BOX COMPLETE BLACK,POOL,-35.00,RM,02032025RM73,0.0000,0.000000
COMBICBR,COMBI BOX COMPLETE BROWN PIGMENT,POOL,0.00,RM,02032025RM74,0.0000,0.000000
COMBICBRS,COMBI BOX COMPLETE BROWN SECONDS,SECONDS,0.00,RM,02032025RM75,0.0000,0.000000
COMBICCBR,COMBI BOX COMPLETE COFFEE BROWN,POOL,-250.00,RM,02032025RM76,0.0000,0.000000
COMBICDG,COMBI BOX COMPLETE DARK GREEN,POOL,0.00,RM,02032025RM77,0.0000,0.000000
COMBICG,COMBI BOX COMPLETE GREEN PIGMENT,POOL,0.00,RM,02032025RM78,0.0000,0.000000
COMBICGR,COMBI BOX COMPLETE GREY 816,POOL,-2114.00,RM,02032025RM79,0.0000,0.000000
COMBICGRS,COMBI BOX COMPLETE GREY SECONDS,SECONDS,0.00,RM,02032025RM80,0.0000,0.000000
COMBICSG,COMBI BOX COMPLETE SAGE GREEN,POOL,0.00,RM,02032025RM81,0.0000,0.000000
COMBILCB,COMBI BOX COMPLETE LID COFFEE BROWN,POOL,-3.00,RM,02032025RM1327,0.0000,0.000000
COMBILGR,COMBI BOX COMPLETE LID GREY,POOL,-1.00,RM,02032025RM1338,0.0000,0.000000
CON01,CONNICAL TANK 850L NATURAL,INDUSTRIAL,-3.00,RM,02032025RM82,0.0000,0.000000
CONBL,CONNICAL TANK 850L BLUE,INDUSTRIAL,0.00,RM,02032025RM83,0.0000,0.000000
CONFBBL,CONNICAL FLAT BOTTOM TANK 750L BLUE,INDUSTRIAL,0.00,RM,02032025RM84,0.0000,0.000000
CTS,POOL FILTER STEEL RINGS,Fittings,4250.00,RM,02032025RM1284,41.1100,174717.500000
DAWNCDGR,DAWN CHAIR DARK GREY 816,URBAN FURNITURE,-23.00,RM,02032025RM71,0.0000,0.000000
DAWNCLGR,DAWN CHAIR LIGHT GREY 817,URBAN FURNITURE,-5.00,RM,02032025RM1391,0.0000,0.000000
DAWNCW05,DAWN CHAIR WHITE 05,URBAN FURNITURE,-9.00,RM,02032025RM1249,0.0000,0.000000
DAWNMANU,DAWN CHAIR MANUFACTURE ONLY,CUSTOM,0.00,RM,,0.0000,0.000000
DAWNTDGR,DAWN COFFEE TABLE DARK GREY 816,URBAN FURNITURE,-10.00,RM,02032025RM1389,0.0000,0.000000
DAWNTLGR,DAWN COFFEE TABLE LIGHT GREY 817,URBAN FURNITURE,-2.00,RM,02032025RM1390,0.0000,0.000000
DAWNTW05,DAWN COFFEE TABLE WHITE 05,URBAN FURNITURE,-3.00,RM,02032025RM1250,0.0000,0.000000
DCM01,DUST COVER HALF,INDUSTRIAL,-20.00,RM,02032025RM85,0.0000,0.000000
DCM01S,DUST COVER HALF SECONDS,SECONDS,0.00,RM,02032025RM86,0.0000,0.000000
DJEMBESBL,DJEMBE STOOL MAC BLUE,URBAN FURNITURE,0.00,RM,02032025RM87,0.0000,0.000000
DJEMBESCGR,DJEMBE STOOL CHARCOAL GREY 29708,URBAN FURNITURE,0.00,RM,02032025RM88,0.0000,0.000000
DJEMBESCP,DJEMBE STOOL CANCER PINK,URBAN FURNITURE,0.00,RM,02032025RM89,0.0000,0.000000
DJEMBESGR,DJEMBE STOOL GREY 816,URBAN FURNITURE,-16.00,RM,02032025RM90,0.0000,0.000000
DJEMBESJDG,DJEMBE STOOL JOHN DEERE GREEN,URBAN FURNITURE,0.00,RM,02032025RM91,0.0000,0.000000
DJEMBESL,DJEMBE STOOL LILAC,URBAN FURNITURE,0.00,RM,02032025RM92,0.0000,0.000000
DJEMBESPB,DJEMBE STOOL PATH BLUE,URBAN FURNITURE,-2.00,RM,02032025RM93,0.0000,0.000000
DJEMBESPLG,DJEMBE STOOL PASTEL LIME GREEN,URBAN FURNITURE,0.00,RM,02032025RM94,0.0000,0.000000
DJEMBESPP,DJEMBE STOOL PASTEL PINK,URBAN FURNITURE,0.00,RM,02032025RM95,0.0000,0.000000
DJEMBESPY,DJEMBE STOOL PASTEL YELLOW,URBAN FURNITURE,0.00,RM,02032025RM96,0.0000,0.000000
DJEMBESR,DJEMBE STOOL RED,URBAN FURNITURE,0.00,RM,02032025RM97,0.0000,0.000000
DJEMBESW,DJEMBE STOOL WHITE,URBAN FURNITURE,-9.00,RM,02032025RM98,0.0000,0.000000
DJEMBESY,DJEMBE STOOL YELLOW,URBAN FURNITURE,0.00,RM,02032025RM99,0.0000,0.000000
DJEMBETBL,DJEMBE TABLE BLUE,URBAN FURNITURE,0.00,RM,02032025RM100,0.0000,0.000000
DJEMBETCGR,DJEMBE TABLE CHARCOAL GREY 29708,URBAN FURNITURE,0.00,RM,02032025RM101,0.0000,0.000000
DJEMBETGR,DJEMBE TABLE GREY 816,URBAN FURNITURE,-4.00,RM,02032025RM102,0.0000,0.000000
DJEMBETHK,DJEMBE TABLE HENRED KHAKI,URBAN FURNITURE,0.00,RM,02032025RM103,0.0000,0.000000
DJEMBETJDG,DJEMBE TABLE JOHN DEERE GREEN,URBAN FURNITURE,0.00,RM,02032025RM104,0.0000,0.000000
DJEMBETM,DJEMBE TABLE MANGO,URBAN FURNITURE,0.00,RM,02032025RM105,0.0000,0.000000
DJEMBETPB,DJEMBE TABLE PATH BLUE,URBAN FURNITURE,0.00,RM,02032025RM106,0.0000,0.000000
DJEMBETR,DJEMBE TABLE RED,URBAN FURNITURE,0.00,RM,02032025RM107,0.0000,0.000000
DJEMBETW,DJEMBE TABLE WHITE,URBAN FURNITURE,-3.00,RM,02032025RM108,0.0000,0.000000
DOGK,DOG KENNEL,INDUSTRIAL,0.00,RM,02032025RM109,0.0000,0.000000
DRUMSTHRK,DJEMBE STOOL HENRED KHAKI,URBAN FURNITURE,0.00,RM,02032025RM110,0.0000,0.000000
DRUMSTHRKS,DJEMBE STOOL SECONDS HENRED KHAKI,SECONDS,0.00,RM,02032025RM111,0.0000,0.000000
DRUMTCP,DJEMBE TABLE CANCER PINK,URBAN FURNITURE,0.00,RM,02032025RM112,0.0000,0.000000
DWTMCGR,DREAMWEAVER MARBLE CEMENT GREY,RAW MATERIAL,0.00,RM,02032025RM1234,0.0000,0.000000
ECO.TC0050.10,ECO 50MM FEMALE BULKHEAD FITTING,Fittings,0.00,RM,02032025RM1264,32.1500,0.000000
ECO.TC040.8.3,ECO 40MM FEMALE BULKHEAD FITTING,Fittings,9239.00,RM,02032025RM1164,15.6700,144775.130000
ECO.Z014.1.1,ECO 50/40MM REDUCER,Fittings,3530.00,RM,02032025RM1080,3.8700,13661.100000
ECO19600,ISOSERVE TANK SUMP BOTTOM RED,ISOSERVE,0.00,RM,02032025RM113,0.0000,0.000000
ECO19611,ISOSERVE TANK SUMP RISER RED,ISOSERVE,0.00,RM,02032025RM114,0.0000,0.000000
ECO19612,ISOSERVE SUMP 5 RED,ISOSERVE,0.00,RM,02032025RM115,0.0000,0.000000
ECO19630,ISOSERVE GAS BREAK CUT SQUARE RED,ISOSERVE,0.00,RM,02032025RM116,0.0000,0.000000
ECO19630A,ISOSERVE GAS BREAK CUT ROUND 445MM RED,ISOSERVE,0.00,RM,02032025RM117,0.0000,0.000000
ECO19645,ISOSERVE SPILL CONTAINMENT SUMP RED,ISOSERVE,0.00,RM,02032025RM118,0.0000,0.000000
ECO19650,ISOSERVE FILLER POD RED,ISOSERVE,0.00,RM,02032025RM119,0.0000,0.000000
ECO6DS,ISOSERVE DISPENSER SUMP 6 RED,ISOSERVE,0.00,RM,02032025RM120,0.0000,0.000000
ELBW,K-FAB ELBOW,CUSTOM,-3.00,RM,02032025RM121,0.0000,0.000000
ELECTELE,ELECTRO TELECOMMS TELEBOOTH ORANGE,CUSTOM,0.00,RM,02032025RM122,556.0000,0.000000
ENGM6X15.5X11,ENG&IND M6X15.5 X 11 HEX CLOSED END KNURL 6MM BRASS INSERTS,Fittings,41500.00,RM,02032025RM1081,3.1200,129480.000000
FBC01,FACTORY BARRIER CORNER YELLOW,INDUSTRIAL,0.00,RM,02032025RM123,0.0000,0.000000
FBS01,FACTORY BARRIER STRAIGHT BLACK,INDUSTRIAL,0.00,RM,02032025RM124,0.0000,0.000000
FPB,FLOWER POT BEIGE,URBAN GARDEN,-2.00,RM,02032025RM125,0.0000,0.000000
FPBL,FLOWER POT BLUE,URBAN GARDEN,0.00,RM,02032025RM126,0.0000,0.000000
FPCB,FLOWER POT COFFEE BROWN,URBAN GARDEN,-1.00,RM,02032025RM1422,0.0000,0.000000
FPDG,FLOWER POT DARK GREY 816,URBAN GARDEN,-6.00,RM,02032025RM1252,0.0000,0.000000
FPLG,FLOWER POT LIME GREEN,URBAN GARDEN,-4.00,RM,02032025RM1446,0.0000,0.000000
FPO,FLOWER POT ORANGE,URBAN GARDEN,0.00,RM,02032025RM127,0.0000,0.000000
FPR,FLOWER POT RED,URBAN GARDEN,-4.00,RM,02032025RM1251,0.0000,0.000000
FPS,FLOWER POT SAND,URBAN GARDEN,0.00,RM,02032025RM128,0.0000,0.000000
FPTE,FLOWER POT TERRACOTA,URBAN GARDEN,0.00,RM,02032025RM129,0.0000,0.000000
FTBOATCG,FUEL TRAILERS BOAT GREEN CAMO,CUSTOM,0.00,RM,02032025RM130,0.0000,0.000000
FTBOATNB,FUEL TRAILERS BOAT NEL BEIGE,CUSTOM,0.00,RM,02032025RM131,0.0000,0.000000
GOSS,GOSCOR STEP TANK MAC YELLOW,CUSTOM,-70.00,RM,02032025RM132,0.0000,0.000000
GOSSN,GOSCOR STEP TANK NATURAL,CUSTOM,0.00,RM,02032025RM133,0.0000,0.000000
GOSSTSY,GOSCOR STEP TANK SECOND MAC YELLOW,SECONDS,0.00,RM,02032025RM134,0.0000,0.000000
H0.25EH,HORIZONTAL 250LT EXTRA HEAVY,TANKS HORIZONTAL,0.00,RM,02032025RM135,0.0000,0.000000
H0.25HDG,HORIZONTAL 250LT HEAVY DARK GREEN,TANKS HORIZONTAL,-1.00,RM,02032025RM136,0.0000,0.000000
H0.25HN,HORIZONTAL 250LT HEAVY NATURAL,TANKS HORIZONTAL,-2.00,RM,02032025RM137,0.0000,0.000000
H0.25HSN,H 250LT HEAVY SECONDS NATURAL,SECONDS,0.00,RM,02032025RM138,0.0000,0.000000
H0.25HY,HORIZONTAL 250LT HEAVY YELLOW,TANKS HORIZONTAL,-2.00,RM,02032025RM139,0.0000,0.000000
H0.25MB,HORIZONTAL 250LT MEDIUM BEIGE,TANKS HORIZONTAL,0.00,RM,02032025RM140,0.0000,0.000000
H0.25MBL,HORIZONTAL 250LT MEDIUM BLUE,TANKS HORIZONTAL,-1.00,RM,02032025RM141,0.0000,0.000000
H0.25MGR,HORIZONTAL 250LT MEDIUM GREY,TANKS HORIZONTAL,0.00,RM,02032025RM142,0.0000,0.000000
H0.25MN,HORIZONTAL 250LT MEDIUM NATURAL,TANKS HORIZONTAL,-6.00,RM,02032025RM143,0.0000,0.000000
H0.25MY,HORIZONTAL 250LT MEDIUM YELLOW,TANKS HORIZONTAL,-8.00,RM,02032025RM144,0.0000,0.000000
H0.25MYS,HORIZONTAL 250LT MEDIUM YELLOW SECONDS,SECONDS,0.00,RM,02032025RM145,0.0000,0.000000
H0.25WB,HORIZONTAL 250LT WATER BEIGE,TANKS HORIZONTAL,-3.00,RM,02032025RM146,0.0000,0.000000
H0.25WBL,HORIZONTAL 250LT WATER BLUE,TANKS HORIZONTAL,-2.00,RM,02032025RM147,0.0000,0.000000
H0.25WBLK,HORIZONTAL 250LT WATER BLACK,TANKS HORIZONTAL,-2.00,RM,02032025RM148,0.0000,0.000000
H0.25WCB,HORIZONTAL 250LT WATER COFFEE BROWN,TANKS HORIZONTAL,-7.00,RM,02032025RM149,0.0000,0.000000
H0.25WDG,HORIZONTAL 250LT WATER DARK GREEN,TANKS HORIZONTAL,-75.00,RM,02032025RM150,0.0000,0.000000
H0.25WGR,HORIZONTAL 250LT WATER GREY,TANKS HORIZONTAL,0.00,RM,02032025RM151,0.0000,0.000000
H0.25WN,HORIZONTAL 250LT WATER NATURAL,TANKS HORIZONTAL,-1.00,RM,02032025RM152,0.0000,0.000000
H0.25WO,HORIZONTAL 250LT WATER ORANGE,TANKS HORIZONTAL,0.00,RM,02032025RM153,0.0000,0.000000
H0.25WR,HORIZONTAL 250LT WATER RED,TANKS HORIZONTAL,-3.00,RM,02032025RM154,0.0000,0.000000
H0.25WSDG,H 250LT WATER SECONDS DARK GREEN,SECONDS,0.00,RM,02032025RM155,0.0000,0.000000
H0.25WSG,HORIZONTAL 250LT WATER SAGE GREEN,TANKS HORIZONTAL,0.00,RM,02032025RM156,0.0000,0.000000
H0.25WSSG,H 250LT WATER SECONDS SAGE GREEN,SECONDS,0.00,RM,02032025RM157,0.0000,0.000000
H0.25WY,HORIZONTAL 250LT WATER YELLOW,TANKS HORIZONTAL,-3.00,RM,02032025RM158,0.0000,0.000000
H0.5EHS,HORIZONTAL 500LT EH SECONDS *VOETSTOOTS*,SECONDS,0.00,RM,02032025RM159,0.0000,0.000000
H0.5H,HORIZONTAL 500LT HEAVY YELLOW,TANKS HORIZONTAL,-1.00,RM,02032025RM160,0.0000,0.000000
H0.5HBLK,HORIZONTAL 500LT HEAVY BLACK,TANKS HORIZONTAL,0.00,RM,02032025RM161,0.0000,0.000000
H0.5HGRPIG,HORIZONTAL 500LT HEAVY GREY PIGMENT,TANKS HORIZONTAL,-4.00,RM,02032025RM1426,0.0000,0.000000
H0.5HN,HORIZONTAL 500LT HEAVY NATURAL,TANKS HORIZONTAL,-16.00,RM,02032025RM162,0.0000,0.000000
H0.5HSBL,HORIZONTAL 500LT HEAVY SECONDS BLUE,SECONDS,0.00,RM,02032025RM163,0.0000,0.000000
H0.5HSN,HORIZONTAL 500LT HEAVY SECONDS NATURAL,SECONDS,0.00,RM,02032025RM164,0.0000,0.000000
H0.5HW,HORIZONTAL 500LT HEAVY WHITE,TANKS HORIZONTAL,0.00,RM,02032025RM165,0.0000,0.000000
H0.5MBL,HORIZONTAL 500LT MEDIUM BLUE,TANKS HORIZONTAL,0.00,RM,02032025RM166,0.0000,0.000000
H0.5MBLK,HORIZONTAL 500LT MEDIUM BLACK,TANKS HORIZONTAL,0.00,RM,02032025RM167,0.0000,0.000000
H0.5MGR,HORIZONTAL 500LT MEDIUM GREY,TANKS HORIZONTAL,0.00,RM,02032025RM168,0.0000,0.000000
H0.5MN,HORIZONTAL 500LT MEDIUM NATURAL,TANKS HORIZONTAL,-12.00,RM,02032025RM169,0.0000,0.000000
H0.5MSBL,HORIZONTAL 500LT MEDIUM SECONDS BLUE,SECONDS,0.00,RM,02032025RM170,0.0000,0.000000
H0.5MSG,HORIZONTAL 500LT MEDIUM SAGE GREEN,TANKS HORIZONTAL,0.00,RM,02032025RM171,0.0000,0.000000
H0.5MSY,HORIZONTAL 500LT MEDIUM SECOND YELLOW,SECONDS,0.00,RM,02032025RM172,0.0000,0.000000
H0.5MY,HORIZONTAL 500LT MEDIUM YELLOW,TANKS HORIZONTAL,-3.00,RM,02032025RM173,0.0000,0.000000
H0.5WB,HORIZONTAL 500LT WATER BEIGE,TANKS HORIZONTAL,-3.00,RM,02032025RM1440,0.0000,0.000000
H0.5WBL,HORIZONTAL 500LT WATER BLUE,TANKS HORIZONTAL,-28.00,RM,02032025RM174,0.0000,0.000000
H0.5WBLK,HORIZONTAL 500LT WATER BLACK,TANKS HORIZONTAL,0.00,RM,02032025RM175,0.0000,0.000000
H0.5WCB,HORIZONTAL 500LT WATER COFFEE BROWN,TANKS HORIZONTAL,-3.00,RM,02032025RM176,0.0000,0.000000
H0.5WDG,HORIZONTAL 500LT WATER DARK GREEN,TANKS HORIZONTAL,-108.00,RM,02032025RM177,0.0000,0.000000
H0.5WDGS,HORIZONTAL 500LT WATER SECOND DARK GREEN,SECONDS,0.00,RM,02032025RM178,0.0000,0.000000
H0.5WN,HORIZONTAL 500L WATER NATURAL,TANKS HORIZONTAL,-8.00,RM,02032025RM1281,0.0000,0.000000
H0.5WO,HORIZONTAL 500LT WATER ORANGE,TANKS HORIZONTAL,-24.00,RM,02032025RM179,0.0000,0.000000
H0.5WR,HORIZONTAL 500LT WATER RED,TANKS HORIZONTAL,-29.00,RM,02032025RM180,0.0000,0.000000
H0.5WRS,HORIZONTAL 500LT WATER SECOND RED,SECONDS,0.00,RM,02032025RM181,0.0000,0.000000
H0.5WSG,HORIZONTAL 500LT WATER SAGE GREEN,TANKS HORIZONTAL,-10.00,RM,02032025RM182,0.0000,0.000000
H0.5WSGS,HORIZONTAL 500LT WATER SECOND SAGE GREEN,SECONDS,-1.00,RM,02032025RM183,0.0000,0.000000
H0.5WY,HORIZONTAL 500LT WATER YELLOW,TANKS HORIZONTAL,-6.00,RM,02032025RM184,0.0000,0.000000
H0.7WO,HORIZONTAL FUEL TRAILERS 700L WATER ORANGE,CUSTOM,-20.00,RM,02032025RM1301,0.0000,0.000000
H0.7WR,HORIZONTAL FUEL TRAILERS 700L WATER RED,CUSTOM,-6.00,RM,02032025RM1393,0.0000,0.000000
H1.0EHDG,HORIZONTAL 1000LT EXTRA HEAVY DARK GREEN,TANKS HORIZONTAL,-19.00,RM,02032025RM185,0.0000,0.000000
H1.0HBL,HORIZONTAL 1000LT HEAVY BLUE,TANKS HORIZONTAL,0.00,RM,02032025RM186,0.0000,0.000000
H1.0HBLK,HORIZONTAL 1000LT HEAVY BLACK,TANKS HORIZONTAL,-2.00,RM,02032025RM187,0.0000,0.000000
H1.0HCB,HORIZONTAL 1000LT HEAVY COFFEE BROWN,TANKS HORIZONTAL,0.00,RM,02032025RM188,0.0000,0.000000
H1.0HDG,HEAVY 1000L DARK GREEN,TANKS HORIZONTAL,-1.00,RM,02032025RM1326,0.0000,0.000000
H1.0HN,HORIZONTAL 1000LT HEAVY NATURAL,TANKS HORIZONTAL,-9.00,RM,02032025RM189,0.0000,0.000000
H1.0HS,HORIZONTAL 1000LT HEAVY SECONDS,SECONDS,0.00,RM,02032025RM190,0.0000,0.000000
H1.0HSG,HORIZONTAL 1000LT HEAVY SAGE GREEN,TANKS HORIZONTAL,0.00,RM,02032025RM191,0.0000,0.000000
H1.0HY,HORIZONTAL 1000LT HEAVY YELLOW,TANKS HORIZONTAL,0.00,RM,02032025RM192,0.0000,0.000000
H1.0MB,HORIZONTAL 1000LT MEDIUM BEIGE,TANKS HORIZONTAL,-2.00,RM,02032025RM193,0.0000,0.000000
H1.0MBL,HORIZONTAL 1000LT MEDIUM BLUE,TANKS HORIZONTAL,0.00,RM,02032025RM194,0.0000,0.000000
H1.0MBLK,HORIZONTAL 1000LT MEDIUM BLACK,TANKS HORIZONTAL,0.00,RM,02032025RM195,0.0000,0.000000
H1.0MCB,HORIZONTAL 1000LT MEDIUM COFFEE BROWN,TANKS HORIZONTAL,0.00,RM,02032025RM196,0.0000,0.000000
H1.0MDG,HORIZONTAL 1000LT MEDIUM DARK GREEN,TANKS HORIZONTAL,-2.00,RM,02032025RM197,0.0000,0.000000
H1.0MMG,HORIZONTAL 1000LT MEDIUM MARBLE GREEN,TANKS HORIZONTAL,0.00,RM,02032025RM198,0.0000,0.000000
H1.0MN,HORIZONTAL 1000LT MEDIUM NATURAL,TANKS HORIZONTAL,-11.00,RM,02032025RM199,0.0000,0.000000
H1.0MNS,HORIZONTAL 1000LT MEDIUM NATURAL SECONDS,SECONDS,0.00,RM,02032025RM200,0.0000,0.000000
H1.0MNSH,HORIZONTAL 1000LT MED NATURAL SECONDHAND,SECONDS,0.00,RM,02032025RM201,0.0000,0.000000
H1.0MO,HORIZONTAL 1000LT MEDIUM ORANGE,TANKS HORIZONTAL,0.00,RM,02032025RM202,0.0000,0.000000
H1.0MR,HORIZONTAL 1000LT MEDIUM RED,TANKS HORIZONTAL,0.00,RM,02032025RM203,0.0000,0.000000
H1.0MS,HORIZONTAL 1000LT MEDIUM YELLOW SECONDS,SECONDS,0.00,RM,02032025RM204,0.0000,0.000000
H1.0MSG,HORIZONTAL 1000LT MEDIUM SAGE GREEN,TANKS HORIZONTAL,0.00,RM,02032025RM205,0.0000,0.000000
H1.0MSSG,HORIZONTAL 1000LT MEDIUM S/GREEN SECONDS,SECONDS,0.00,RM,02032025RM206,0.0000,0.000000
H1.0MY,HORIZONTAL 1000LT MEDIUM YELLOW,TANKS HORIZONTAL,-10.00,RM,02032025RM207,0.0000,0.000000
H1.0WB,HORIZONTAL 1000LT WATER BEIGE,TANKS HORIZONTAL,-5.00,RM,02032025RM208,0.0000,0.000000
H1.0WBL,HORIZONTAL 1000LT WATER BLUE,TANKS HORIZONTAL,-2.00,RM,02032025RM209,0.0000,0.000000
H1.0WBLK,HORIZONTAL 1000LT WATER BLACK,TANKS HORIZONTAL,-1.00,RM,02032025RM210,0.0000,0.000000
H1.0WCB,HORIZONTAL 1000LT WATER COFFEE BROWN,TANKS HORIZONTAL,-6.00,RM,02032025RM211,0.0000,0.000000
H1.0WDG,HORIZONTAL 1000LT WATER DARK GREEN,TANKS HORIZONTAL,-123.00,RM,02032025RM212,0.0000,0.000000
H1.0WDGS,HORIZONTAL 1000LT WATER DARK GREEN SECON,SECONDS,0.00,RM,02032025RM213,0.0000,0.000000
H1.0WGR,HORIZONTAL 1000LT WATER GREY,TANKS HORIZONTAL,-1.00,RM,02032025RM214,0.0000,0.000000
H1.0WLBL,HORIZONTAL 1000LT WATER LIGHT BLUE,TANKS HORIZONTAL,0.00,RM,02032025RM215,0.0000,0.000000
H1.0WN,HORIZONTAL 1000LT WATER NATURAL,TANKS HORIZONTAL,-1.00,RM,02032025RM216,0.0000,0.000000
H1.0WO,HORIZONTAL 1000LT WATER TROPICAL ORANGE,TANKS HORIZONTAL,-62.00,RM,02032025RM217,0.0000,0.000000
H1.0WRED,HORIZONTAL 1000LT WATER RED,TANKS HORIZONTAL,-38.00,RM,02032025RM218,0.0000,0.000000
H1.0WSBL,HORIZONTAL 1000LT WATER SECONDS BLUE,SECONDS,0.00,RM,02032025RM219,0.0000,0.000000
H1.0WSBLK,HORIZONTAL 1000LT WATER SECONDS BLACK,SECONDS,0.00,RM,02032025RM220,0.0000,0.000000
H1.0WSG,HORIZONTAL 1000LT WATER SAGE GREEN,TANKS HORIZONTAL,-10.00,RM,02032025RM221,0.0000,0.000000
H1.0WSJDG,HORIZONTAL 1000LT WATER SECOND J/D GREEN,SECONDS,0.00,RM,02032025RM222,0.0000,0.000000
H1.0WSR,HORIZONTAL 1000LT WATER SECONDS RED,SECONDS,0.00,RM,02032025RM223,0.0000,0.000000
H1.0WY,HORIZONTAL 1000LT WATER YELLOW,TANKS HORIZONTAL,-3.00,RM,02032025RM224,0.0000,0.000000
H2.5EHSG,HORIZONTAL 2500LT EXTRA HEAVY SAGE GREEN,TANKS HORIZONTAL,0.00,RM,02032025RM225,0.0000,0.000000
H2.5HBL,HORIZONTAL 2500LT HEAVY BLUE,TANKS HORIZONTAL,-1.00,RM,02032025RM1395,0.0000,0.000000
H2.5HBLK,HORIZONTAL 2500LT HEAVY BLACK,TANKS HORIZONTAL,0.00,RM,02032025RM226,0.0000,0.000000
H2.5HCB,HORIZONTAL 2500LT HEAVY COFFEE BROWN,TANKS HORIZONTAL,0.00,RM,02032025RM227,0.0000,0.000000
H2.5HDG,HORIZONTAL 2500LT HEAVY DARK GREEN,TANKS HORIZONTAL,0.00,RM,02032025RM228,0.0000,0.000000
H2.5HGR,HORIZONTAL 2500LT HEAVY GREY,TANKS HORIZONTAL,0.00,RM,02032025RM229,0.0000,0.000000
H2.5HN,HORIZONTAL 2500LT HEAVY NATURAL,TANKS HORIZONTAL,-1.00,RM,02032025RM230,0.0000,0.000000
H2.5HR,HORIZONTAL 2500LT HEAVY RED,TANKS HORIZONTAL,0.00,RM,02032025RM231,0.0000,0.000000
H2.5HSG,HORIZONTAL 2500LT HEAVY SAGE GREEN,TANKS HORIZONTAL,0.00,RM,02032025RM232,0.0000,0.000000
H2.5HW,HORIZONTAL 2500LT HEAVY WHITE,TANKS HORIZONTAL,0.00,RM,02032025RM233,0.0000,0.000000
H2.5HY,HORIZONTAL 2500LT HEAVY YELLOW,TANKS HORIZONTAL,0.00,RM,02032025RM234,0.0000,0.000000
H2.5MB,HORIZONTAL 2500LT MEDIUM BEIGE,TANKS HORIZONTAL,0.00,RM,02032025RM235,0.0000,0.000000
H2.5MBL,HORIZONTAL 2500LT MEDIUM BLUE,TANKS HORIZONTAL,-5.00,RM,02032025RM236,0.0000,0.000000
H2.5MBLK,HORIZONTAL 2500LT MEDIUM BLACK,TANKS HORIZONTAL,0.00,RM,02032025RM237,0.0000,0.000000
H2.5MDG,HORIZONTAL 2500LT MEDIUM DARK GREEN,TANKS HORIZONTAL,-1.00,RM,02032025RM1343,0.0000,0.000000
H2.5MGR,HORIZONTAL 2500LT MEDIUM GREY,TANKS HORIZONTAL,0.00,RM,02032025RM238,0.0000,0.000000
H2.5MN,HORIZONTAL 2500LT MEDIUM NATURAL,TANKS HORIZONTAL,-4.00,RM,02032025RM239,0.0000,0.000000
H2.5MO,HORIZONTAL 2500LT MEDIUM ORANGE,TANKS HORIZONTAL,-1.00,RM,02032025RM1371,0.0000,0.000000
H2.5MR,HORIZONTAL 2500LT MEDIUM RED,TANKS HORIZONTAL,0.00,RM,02032025RM240,0.0000,0.000000
H2.5MS,HORIZONTAL 2500LT MEDIUM SECONDS,SECONDS,0.00,RM,02032025RM241,0.0000,0.000000
H2.5MSG,HORIZONTAL 2500LT MEDIUM SAGE GREEN,TANKS HORIZONTAL,0.00,RM,02032025RM242,0.0000,0.000000
H2.5MY,HORIZONTAL 2500LT MEDIUM YELLOW,TANKS HORIZONTAL,-5.00,RM,02032025RM243,0.0000,0.000000
H2.5NL,HORIZONTAL 2500LT HEAVY NO LEGS BLACK,TANKS HORIZONTAL,-1.00,RM,02032025RM244,0.0000,0.000000
H2.5WB,HORIZONTAL 2500LT WATER BEIGE,TANKS HORIZONTAL,-8.00,RM,02032025RM245,0.0000,0.000000
H2.5WBL,HORIZONTAL 2500LT WATER BLUE,TANKS HORIZONTAL,-4.00,RM,02032025RM246,0.0000,0.000000
H2.5WBLK,HORIZONTAL 2500LT WATER BLACK,TANKS HORIZONTAL,0.00,RM,02032025RM247,0.0000,0.000000
H2.5WCB,HORIZONTAL 2500LT WATER COFFEE BROWN,TANKS HORIZONTAL,-17.00,RM,02032025RM248,0.0000,0.000000
H2.5WDG,HORIZONTAL 2500LT WATER DARK GREEN,TANKS HORIZONTAL,-59.00,RM,02032025RM249,0.0000,0.000000
H2.5WGR,HORIZONTAL 2500LT WATER GREY,TANKS HORIZONTAL,-6.00,RM,02032025RM250,0.0000,0.000000
H2.5WMP38169,HORIZONTAL 2500LT WATER MP38169,TANKS HORIZONTAL,-1.00,RM,02032025RM1447,0.0000,0.000000
H2.5WN,HORIZONTAL 2500LT WATER NATURAL,TANKS HORIZONTAL,0.00,RM,02032025RM251,0.0000,0.000000
H2.5WO,HORIZONTAL 2500LT WATER ORANGE,TANKS HORIZONTAL,-52.00,RM,02032025RM252,0.0000,0.000000
H2.5WOFT,HORIZONTAL FUEL TRAILERS 2500L WATER ORANGE WITH BLACK LINING,CUSTOM,-10.00,RM,02032025RM1454,0.0000,0.000000
H2.5WOS,HORIZONTAL 2500LT WATER ORANGE SECONDS,SECONDS,0.00,RM,02032025RM253,0.0000,0.000000
H2.5WR,HORIZONTAL 2500LT WATER RED,TANKS HORIZONTAL,-1.00,RM,02032025RM254,0.0000,0.000000
H2.5WS,HORIZONTAL 2500L WATER SECOND DARK GREEN,SECONDS,0.00,RM,02032025RM255,0.0000,0.000000
H2.5WSG,HORIZONTAL 2500LT WATER SAGE GREEN,TANKS HORIZONTAL,0.00,RM,02032025RM256,0.0000,0.000000
H2.5WSHSG,H 2500LT WATER SAGE GREEN SECOND HAND,SECONDS,0.00,RM,02032025RM257,0.0000,0.000000
H2.5WY,HORIZONTAL 2500LT WATER YELLOW,TANKS HORIZONTAL,-1.00,RM,02032025RM258,0.0000,0.000000
H2.5YNL,HORIZONTAL 2500LT HEAVY NO LEGS YELLOW,TANKS HORIZONTAL,0.00,RM,02032025RM259,0.0000,0.000000
H3.5HBL,HORIZONTAL 3500L HEAVY BLUE,TANKS HORIZONTAL,0.00,RM,02032025RM260,0.0000,0.000000
H3.5HGR,HORIZONTAL 3500LT HEAVY GREY 816,TANKS HORIZONTAL,0.00,RM,02032025RM1361,0.0000,0.000000
H3.5HN,HORIZONTAL 3500L HEAVY NATURAL,TANKS HORIZONTAL,0.00,RM,02032025RM261,0.0000,0.000000
H3.5MN,HORIZONTAL 3500L MEDIUM NATURAL,TANKS HORIZONTAL,0.00,RM,02032025RM262,0.0000,0.000000
H3.5WBL,HORIZONTAL 3500L WATER BLUE,TANKS HORIZONTAL,0.00,RM,02032025RM263,0.0000,0.000000
H3.5WBLK,HORIZONTAL 3500L WATER BLACK,TANKS HORIZONTAL,-3.00,RM,02032025RM264,0.0000,0.000000
H3.5WCB,HORIZONTAL 3500L WATER COFFEE BROWN,TANKS HORIZONTAL,0.00,RM,02032025RM265,0.0000,0.000000
H3.5WJDG,HORIZONTAL 3500L WATER JOHN DEERE GREEN,TANKS HORIZONTAL,0.00,RM,02032025RM266,0.0000,0.000000
H3.5WN,HORIZONTAL 3500L WATER NATURAL,TANKS HORIZONTAL,0.00,RM,02032025RM267,0.0000,0.000000
H6.5HBLK,HORIZONTAL 6500LT HEAVY BLACK,TANKS HORIZONTAL,-81.00,RM,02032025RM268,0.0000,0.000000
H6.5HBO,HORIZONTAL 6500LT HEAVY BRONZE OLIVE,TANKS HORIZONTAL,-1.00,RM,02032025RM1342,0.0000,0.000000
H6.5HCB,HORIZONTAL 6500LT HEAVY COFFEE BROWN,TANKS HORIZONTAL,0.00,RM,02032025RM269,0.0000,0.000000
H6.5HDG,HORIZONTAL 6500LT HEAVY DARK GREEN,TANKS HORIZONTAL,0.00,RM,02032025RM270,0.0000,0.000000
H6.5HN,HORIZONTAL 6500LT HEAVY NATURAL,TANKS HORIZONTAL,0.00,RM,02032025RM271,0.0000,0.000000
H6.5HSG,HORIZONTAL 6500LT HEAVY SAGE GREEN,TANKS HORIZONTAL,0.00,RM,02032025RM272,0.0000,0.000000
H6.5MBLK,HORIZONTAL 6500LT MEDIUM BLACK,TANKS HORIZONTAL,-4.00,RM,02032025RM273,0.0000,0.000000
H6.5MDG,HORIZONTAL 6500LT MEDIUM DARK GREEN,TANKS HORIZONTAL,-3.00,RM,02032025RM274,0.0000,0.000000
H6.5MSG,HORIZONTAL 6500LT MEDIUM SAGE GREEN,TANKS HORIZONTAL,0.00,RM,02032025RM275,0.0000,0.000000
H6.5WB,HORIZONTAL 6500LT WATER BEIGE,TANKS HORIZONTAL,0.00,RM,02032025RM276,0.0000,0.000000
H6.5WBL,HORIZONTAL 6500LT WATER BLUE,TANKS HORIZONTAL,-1.00,RM,02032025RM277,0.0000,0.000000
H6.5WBLK,HORIZONTAL 6500LT WATER BLACK,TANKS HORIZONTAL,-18.00,RM,02032025RM278,0.0000,0.000000
H6.5WDG,HORIZONTAL 6500LT WATER DARK GREEN,TANKS HORIZONTAL,-8.00,RM,02032025RM279,0.0000,0.000000
H6.5WGRP,HORIZONTAL 6500LT WATER GREY PIGMENT,TANKS HORIZONTAL,-2.00,RM,02032025RM280,0.0000,0.000000
H6.5WN,HORIZONTAL 6500LT WATER NATURAL,TANKS HORIZONTAL,-4.00,RM,02032025RM281,0.0000,0.000000
H6.5WO,HORIZONTAL 6500LT WATER ORANGE,TANKS HORIZONTAL,0.00,RM,02032025RM282,0.0000,0.000000
H6.5WR,HORIZONTAL 6500LT WATER RED,TANKS HORIZONTAL,-1.00,RM,02032025RM283,0.0000,0.000000
H6.5WSBLK,HORIZ 6500LT WATER SECONDS BLACK,SECONDS,0.00,RM,02032025RM284,0.0000,0.000000
H6.5WSG,HORIZONTAL 6500LT WATER SAGE GREEN,TANKS HORIZONTAL,0.00,RM,02032025RM285,0.0000,0.000000
HALFJACKB,HALF JACK WATER BEIGE,TANKS VERTICAL,-1.00,RM,02032025RM1320,0.0000,0.000000
HALFJACKCB,HALF JACK WATER COFFEE BROWN,TANKS VERTICAL,-7.00,RM,02032025RM286,0.0000,0.000000
HALFJACKHK,HALF JACK WATER HENRED KHAKI,TANKS VERTICAL,-2.00,RM,02032025RM287,0.0000,0.000000
HEAD01,TUFFY HEAD RED (FACE TO FACE),CUSTOM,-100.00,RM,02032025RM288,0.0000,0.000000
HEPCLB,HERO ELECTRIC PUMP COVER LARGE BEIGE,INDUSTRIAL,-24.00,RM,02032025RM289,0.0000,0.000000
HEPCLBO,HERO ELECTRIC PUMP COVER LRG BRONZE OLIVE,INDUSTRIAL,-1.00,RM,02032025RM1427,0.0000,0.000000
HEPCLCB,HERO ELECTRIC PUMP COVER LGE COFFEE BROW,INDUSTRIAL,-13.00,RM,02032025RM290,0.0000,0.000000
HEPCLDG,HERO ELECTRIC PUMP COVER LRG DARK GREEN,INDUSTRIAL,-17.00,RM,02032025RM291,0.0000,0.000000
HEPCLGR,HERO ELECTRIC PUMP COVER LRG GREY,INDUSTRIAL,-25.00,RM,02032025RM292,0.0000,0.000000
HEPCLHK,HERO ELECTRIC PUMP COVER LRG HENRED KHAKI,INDUSTRIAL,-1.00,RM,02032025RM1380,0.0000,0.000000
HEPCLP,HERO ELECTRIC PUMP COVER LARGE PURPLE,INDUSTRIAL,-1.00,RM,02032025RM1306,0.0000,0.000000
HEPCLR,HERO ELECTRIC PUMP COVER LARGE RED,INDUSTRIAL,-1.00,RM,02032025RM1438,0.0000,0.000000
HEPCLSG,HERO ELECTRIC PUMP COVER LRG SAGE GREEN,INDUSTRIAL,0.00,RM,02032025RM293,0.0000,0.000000
HEPCMBG,HERO ELECTRIC PUMP COVER MED BIRCH GREY,INDUSTRIAL,-1.00,RM,02032025RM1436,0.0000,0.000000
HEPCMBLK,HERO ELECTRIC PUMP COVER MED BLACK,INDUSTRIAL,-1.00,RM,02032025RM294,0.0000,0.000000
HEPCMBO,HERO ELECTRIC PUMP COVER MED BRONZE OLIVE,INDUSTRIAL,-19.00,RM,02032025RM1375,0.0000,0.000000
HEPCMCB,HERO ELECTRIC PUMP COVER MED COFFEE BROW,INDUSTRIAL,-127.00,RM,02032025RM295,0.0000,0.000000
HEPCMDGS,HERO ELECTRIC PUMP COVER MEDIUM DARK GREEN SECONDS,SECONDS,0.00,RM,02032025RM1283,0.0000,0.000000
HEPCMGR29708,HERO ELECTRIC PUMP COVER MED GREY 29708,INDUSTRIAL,-3.00,RM,02032025RM1433,0.0000,0.000000
HEPCMHK,HERO ELECTRIC PUMP COVER MED HENRED KHAKI,INDUSTRIAL,-1.00,RM,02032025RM1379,0.0000,0.000000
HEPCMLGR817,HERO ELECTRIC PUMP COVER MED LIGHT GREY 817,INDUSTRIAL,-1.00,RM,02032025RM1457,0.0000,0.000000
HEPCSB,HERO ELECTRIC PUMP COVER MED BEIGE,INDUSTRIAL,-395.00,RM,02032025RM296,0.0000,0.000000
HEPCSDG,HERO ELECTRIC PUMP COVER MED DARK GREEN,INDUSTRIAL,-233.00,RM,02032025RM297,0.0000,0.000000
HEPCSGR,HERO ELECTRIC PUMP COVER MED GREY,INDUSTRIAL,-365.00,RM,02032025RM298,0.0000,0.000000
HEPCSSG,HERO ELECTRIC PUMP COVER MED SAGE GREEN,INDUSTRIAL,0.00,RM,02032025RM299,0.0000,0.000000
HEW1.0CB,HORIZONTAL EASY WATER 1000L COFFEE BROWN,CUSTOM,0.00,RM,02032025RM300,0.0000,0.000000
HEW6.5CB,HORIZONTAL EASY WATER 6500LT COF BROWN,CUSTOM,0.00,RM,02032025RM301,0.0000,0.000000
HFBLK,HORSE FEEDER BLACK,INDUSTRIAL,0.00,RM,02032025RM302,0.0000,0.000000
HFCB,HORSE FEEDER COFFEE BROWN,INDUSTRIAL,0.00,RM,02032025RM303,0.0000,0.000000
HFDG,HORSE FEEDER DARK GREY,INDUSTRIAL,0.00,RM,02032025RM304,0.0000,0.000000
HFHK,HORSE FEEDER HENRED KHAKI,INDUSTRIAL,0.00,RM,02032025RM305,0.0000,0.000000
HFO,HORSE FEEDER ORANGE,INDUSTRIAL,0.00,RM,02032025RM306,0.0000,0.000000
HGWLRTBL,HGWL 750L RECTANGULAR TANK MAC BLUE,CUSTOM,0.00,RM,02032025RM307,0.0000,0.000000
HIN78.BS,78MM HINGE & BACK PLATE SET - BLACK,Fittings,0.00,RM,02032025RM1362,21.6100,0.000000
HIN78.WS,78MM HINGE & BACK PLATE SET - WHITE,Fittings,0.00,RM,02032025RM1363,21.6100,0.000000
HTBOLTM12BLK,HT BOLT M12X100 BLACK,Consumables,0.00,RM,02032025RM1082,0.0000,0.000000
HTBOLTM12X120GALV,HT M12 X 120 GALV BOLT,Fittings,160.00,RM,02032025RM1437,15.1300,2420.800000
HTFAN10X11,HITEC FURNITURE ANCHOR/NUT M10X11,Fittings,550.00,RM,02032025RM1287,1.8000,990.000000
HTHEXM14,XOX HT HEX SET SCREWS M16 X 35 GR 8.8,Consumables,0.00,RM,02032025RM1083,0.0000,0.000000
HTM10,HT HEX SET SCREWS M10 X50GR 8.8 PART THREAD,Consumables,0.00,RM,02032025RM1084,0.0000,0.000000
HTM10NUT,HT NUT HT M10 ZINC GR8,Fittings,0.00,RM,02032025RM1085,0.0000,0.000000
HTWASHM10,HT WASHER M10 ZINC DIN125,Fittings,0.00,RM,02032025RM1086,0.0000,0.000000
HUUD3.7WMG,URBAN UNDER DECK 3700 WATER MARBLE GREEN,URBAN GARDEN,0.00,RM,02032025RM308,0.0000,0.000000
INS.125,125MM ALLUMINIUM LID INSERT,Consumables,2.00,RM,02032025RM1398,2080.0800,4160.160000
INSER,INSERTS 8MM BRASS,Fittings,500.00,RM,02032025RM1087,4.3000,2150.000000
JF,JET FAN BLUE 305MM DIAMETER,CUSTOM,0.00,RM,02032025RM309,0.0000,0.000000
JFBL,JETTY FLOAT MAC BLUE,INDUSTRIAL,-143.00,RM,02032025RM310,0.0000,0.000000
JFBLKREC,JETTY FLOAT RECYCLED BLACK,INDUSTRIAL,0.00,RM,02032025RM311,0.0000,0.000000
KPCSBG,KAINOTOMIA BIRCH GREY,RAW MATERIAL,150.00,RM,02032025RM1470,29.0500,4357.500000
KPCSBLK,KAINOTOMIA BLACK UV,RAW MATERIAL,14999.00,RM,02032025RM1235,27.6300,414422.370000
KPCSBO,KAINOTOMIA BRONZE OLIVE,RAW MATERIAL,1025.00,RM,02032025RM1471,29.0500,29776.250000
KPCSCB,KAINOTOMIA COFFEE BROWN,RAW MATERIAL,5525.00,RM,02032025RM1236,30.9100,170777.750000
KPCSCGR29708,KAINOTOMIA CHARCOAL GREY 29708,RAW MATERIAL,1375.00,RM,02032025RM1472,29.0500,39943.750000
KPCSDG,KAINOTOMIA DARK GREEN,RAW MATERIAL,27250.00,RM,02032025RM1237,29.8500,813412.500000
KPCSDGR,KAINOTOMIA DARK GREY,RAW MATERIAL,32725.00,RM,02032025RM1238,29.4000,962115.000000
KPCSLG,KAINOTOMIA LIME GREEN,RAW MATERIAL,775.00,RM,02032025RM1473,29.0500,22513.750000
KPCSMB,KAINOTOMIA MAC BLUE,RAW MATERIAL,3000.00,RM,02032025RM1239,28.6000,85800.000000
KPCSMY,KAINOTOMIA MAC YELLOW,RAW MATERIAL,0.00,RM,02032025RM1240,0.0000,0.000000
KPCSN,KAINOTOMIA NATURAL,RAW MATERIAL,0.00,RM,02032025RM1328,0.0000,0.000000
KPCSNB,KAINOTOMIA NEL BEIGE,RAW MATERIAL,3150.00,RM,02032025RM1241,28.6200,90153.000000
KPCSR,KAINOTOMIA RED UV,RAW MATERIAL,0.00,RM,02032025RM1329,0.0000,0.000000
KPCSRBLK,KAINOTOMIA RECYCLED BLACK,RAW MATERIAL,310.90,RM,02032025RM1377,24.8000,7710.320000
KPCST,KAINOTOMIA TANGERINE,RAW MATERIAL,11025.00,RM,02032025RM1242,29.7400,327883.500000
L000.11,65MM LID - PLAIN,Fittings,0.00,RM,02032025RM1088,17.7700,0.000000
L000.8,65MM SEAL - STD,Fittings,0.00,RM,02032025RM1089,4.1500,0.000000
L125.0,125MM LID - VENTED + STD SEAL,Fittings,0.00,RM,02032025RM1090,0.0000,0.000000
L125.7,125MM LID - PLAIN,Fittings,-2.00,RM,02032025RM1289,46.7800,-93.560000
L125.E,125MM LID - PLAIN + ELBOW,Fittings,0.00,RM,02032025RM1091,62.5500,0.000000
L250.7,250MM SEAL - STD,Fittings,2314.00,RM,02032025RM1092,36.2700,83928.780000
L250.7D,250MM SEAL - DIESEL,Fittings,-2.00,RM,02032025RM1093,0.0000,0.000000
L250.C,250MM LID - VENTED,Fittings,1901.00,RM,02032025RM1094,90.4100,171869.410000
L250.CD,250MM LID - VENTED WITH CABLE (HERO),Fittings,373.00,RM,02032025RM1095,115.6300,43129.990000
L250.N/H,250MM LID - PLAIN,Fittings,-4.00,RM,02032025RM1096,90.7000,-362.800000
L250.S,250MM FILTER SCREEN,Fittings,-20.00,RM,02032025RM1097,0.0000,0.000000
L350.C,350MM LID - VENTED,Fittings,0.00,RM,02032025RM1098,110.6700,0.000000
L350.N/H,350MM LID PLAIN,Fittings,0.00,RM,02032025RM1100,117.2100,0.000000
L350.RWH,350MM LID - RAINWATER HARVESTING,Fittings,0.00,RM,02032025RM1099,127.1200,0.000000
L450.7,450MM SEAL - STD,Fittings,1681.00,RM,02032025RM1101,51.6400,86806.840000
L450.7D,450MM SEAL - DIESEL,Fittings,-2.00,RM,02032025RM1102,54.8200,-109.640000
L450.C,450MM LID - VENTED,Fittings,1488.00,RM,02032025RM1103,130.4400,194094.720000
L450.CC,450MM LID - VENTED WITH CABLE ASSEMBLY,Fittings,143.00,RM,02032025RM1104,160.9800,23020.140000
L450.COMBO,450MM LID - VENTED WITH FILTER SCREEN,Fittings,0.00,RM,02032025RM1105,274.5800,0.000000
L450.N/H,450MM LID - PLAIN,Fittings,0.00,RM,02032025RM1106,143.6900,0.000000
L450.N/HCOMBO,450MM LID - PLAIN WITH FILTER SCREEN,Fittings,-1.00,RM,02032025RM1107,216.6300,-216.630000
L450.S,450MM FILTER SCREEN,Fittings,0.00,RM,02032025RM1108,151.7400,0.000000
L480.C,480MM CLIP-0N LID & 2 E-CLIPS,Fittings,878.00,RM,02032025RM1109,39.3700,34566.860000
L480.COMBO,480MM CLIP - ON LID WITH FILTER SCREEN,Fittings,0.00,RM,02032025RM1110,184.1500,0.000000
L480.H,480MM HORN SET,Fittings,0.00,RM,02032025RM1111,24.5500,0.000000
LID,VEE PLASTICS 450MM SCREW LID BLACK,Fittings,4884.00,RM,02032025RM1112,23.1500,113064.600000
LID,VEE PLASTICS 450MM SCREW LID BLACK,Fittings,500.00,RM,02032025RM1474,24.0300,12015.000000
LPCB,LARGE PUMP COVER NEL BEIGE,POOL,-250.00,RM,02032025RM312,0.0000,0.000000
LPCBR,LARGE PUMP COVER BROWN PIGMENT,POOL,0.00,RM,02032025RM313,0.0000,0.000000
LPCBRS,LARGE PUMP COVER BROWN SECONDS,SECONDS,0.00,RM,02032025RM314,0.0000,0.000000
LPCCBR,LARGE PUMP COVER COFFEE BROWN,POOL,-156.00,RM,02032025RM315,0.0000,0.000000
LPCCGS,LARGE PUMP COVER CAPE GREEN SECONDS,SECONDS,0.00,RM,02032025RM316,0.0000,0.000000
LPCDG,LARGE PUMP COVER DARK GREEN,POOL,-136.00,RM,02032025RM317,0.0000,0.000000
LPCG,LARGE PUMP COVER GREEN PIGMENT,POOL,0.00,RM,02032025RM318,0.0000,0.000000
LPCGR,LARGE PUMP COVER GREY 816,POOL,-516.00,RM,02032025RM319,0.0000,0.000000
LPCGS,LARGE PUMP COVER GREEN SECONDS,SECONDS,0.00,RM,02032025RM320,0.0000,0.000000
LPCHB,LARGE PUMP COVER HERO NEL BEIGE,POOL,0.00,RM,02032025RM321,0.0000,0.000000
LPCHCBR,LARGE PUMP COVER HERO COFFEE BROWN,POOL,0.00,RM,02032025RM322,0.0000,0.000000
LPCHDG,LARGE PUMP COVER HERO DARK GREEN,POOL,-5.00,RM,02032025RM323,0.0000,0.000000
LPCHDGR,LARGE PUMP COVER HERO DARK GREY 816,POOL,0.00,RM,02032025RM324,0.0000,0.000000
LPCHSG,LARGE PUMP COVER HERO SAGE GREEN,POOL,0.00,RM,02032025RM325,0.0000,0.000000
LPCLBR,LARGE PUMP COVER LID BROWN,POOL,0.00,RM,02032025RM326,0.0000,0.000000
LPCOS,LARGE PUMP COVER ORANGE SECONDS,SECONDS,0.00,RM,02032025RM327,0.0000,0.000000
LPCR,LARGE PUMP COVER RED,POOL,0.00,RM,02032025RM328,0.0000,0.000000
LSTBL,LARGE STEP TANK 650L BLUE,INDUSTRIAL,0.00,RM,02032025RM329,0.0000,0.000000
LSTGR,LARGE STEP TANK 650L GREY 816,INDUSTRIAL,-10.00,RM,02032025RM1365,0.0000,0.000000
LSTN,LARGE STEP TANK 650L NATURAL,INDUSTRIAL,0.00,RM,02032025RM330,0.0000,0.000000
LSTO,LARGE STEP TANK 650L ORANGE,INDUSTRIAL,0.00,RM,02032025RM331,0.0000,0.000000
LSTR,LARGE STEP TANK 650L RED,INDUSTRIAL,-108.00,RM,02032025RM332,0.0000,0.000000
LSTRHP,LARGE STEP TANK 650L RED HIGH PRESSURE,INDUSTRIAL,-214.00,RM,02032025RM1307,0.0000,0.000000
LSTRMP,LARGE STEP TANK 650L RED MED PRESSURE,INDUSTRIAL,-2.00,RM,02032025RM1279,0.0000,0.000000
LSTS,LARGE STEP TANK 650L SECONDS,SECONDS,0.00,RM,02032025RM333,0.0000,0.000000
LSTSR,LARGE STEP TANK 650L SECONDS RED,SECONDS,0.00,RM,02032025RM334,0.0000,0.000000
LSTY,LARGE STEP TANK 650L YELLOW,INDUSTRIAL,-4.00,RM,02032025RM335,0.0000,0.000000
LYSISPEW,LYSIS ON MOULD WHITE PE PAINT STENCIL,Fittings,1.00,RM,02032025RM1402,2321.0000,2321.000000
LYSISPEY,LYSIS ON MOULD BRIGHT YELLOW PE PAINT,Fittings,1.00,RM,02032025RM1401,1439.4800,1439.480000
LYSISSPBLK,LYSIS STAMP PAD BLACK,Fittings,1.00,RM,02032025RM1403,928.4800,928.480000
LYSISSPW,LYSIS STAMP PAD WHITE,Fittings,1.00,RM,02032025RM1404,1044.4800,1044.480000
M12X70,XOX M12X70MM GALV BOLT HALF H.T,Fittings,0.00,RM,02032025RM1113,0.0000,0.000000
M4ACBLK,MANHOLES 4 AFRICA CHAMBER BLACK,CUSTOM,-1.00,RM,02032025RM1409,0.0000,0.000000
M4ALBLK,MANHOLES 4 AFRICA LID BLACK,CUSTOM,-1.00,RM,02032025RM1410,0.0000,0.000000
MACDS,DROP SAFE BOX,INDUSTRIAL,0.00,RM,02032025RM336,0.0000,0.000000
MBSBL,MONEY BOX SMALL BLUE,MONEYBOXES,-222.00,RM,02032025RM1260,0.0000,0.000000
MBSDG,MONEY BOX SMALL DARK GREEN,MONEYBOXES,-173.00,RM,02032025RM1261,0.0000,0.000000
MBSP,MONEY BOX SMALL PINK,MONEYBOXES,-143.00,RM,02032025RM1259,0.0000,0.000000
MBSR,MONEY BOX SMALL RED,MONEYBOXES,-152.00,RM,02032025RM1258,0.0000,0.000000
MBSY,MONEY BOX SMALL YELLOW,MONEYBOXES,-142.00,RM,02032025RM1262,0.0000,0.000000
MCCB,MOTOR COVER COFFEE BROWN,INDUSTRIAL,-3.00,RM,02032025RM337,0.0000,0.000000
MCDG,MOTOR COVER DARK GREEN,INDUSTRIAL,0.00,RM,02032025RM338,0.0000,0.000000
MCGR,MOTOR COVER GREY,INDUSTRIAL,-133.00,RM,02032025RM339,0.0000,0.000000
MISG,MOULD ON SPRAY GRAPHIC TRENSTAR,Fittings,0.00,RM,02032025RM1114,0.0000,0.000000
MORTZS0350A,MORTZ PIGMENT WHITE S0350A,PIGMENTS,0.00,RM,02032025RM1201,0.0000,0.000000
MORTZT0728A,MORTZ PIGMENT YELLOW T0728A,PIGMENTS,0.00,RM,02032025RM1202,0.0000,0.000000
MORTZU1536A,MORTZ PIGMENT ORANGE U1536A,PIGMENTS,0.00,RM,02032025RM1203,0.0000,0.000000
MORTZX0931A,MORTZ PIGMENT GREEN X0931A,PIGMENTS,0.00,RM,02032025RM1204,0.0000,0.000000
MORTZY0594A,MORTZ PIGMENT BROWN Y0594A,PIGMENTS,0.00,RM,02032025RM1205,0.0000,0.000000
MORTZY0630A,MORTZ PIGMENT BLACK Y0630A,PIGMENTS,0.00,RM,02032025RM1206,0.0000,0.000000
MOSG,ACD SPRAY FOR MOULD IN GRAPHIC,Fittings,0.00,RM,02032025RM1115,0.0000,0.000000
MOU01,MOULDS NEW,MOULDS,0.00,RM,,0.0000,0.000000
MP37379P,MERCURY PLASTICS GREY PIGMENT,PIGMENTS,10.00,RM,02032025RM1351,145.2200,1452.200000
MSC-CH-EG05X035,XOX MACH SCREW GALV M5X35,Consumables,0.00,RM,02032025RM1116,0.0000,0.000000
MSTN,MEDIUM STEP TANK 550L NATURAL,INDUSTRIAL,0.00,RM,02032025RM340,0.0000,0.000000
MTKBOATDG,MT KARMEL ENTERPRISES BOAT DARK GREEN,CUSTOM,0.00,RM,02032025RM341,0.0000,0.000000
MTKBOATMB,MT KARMEL ENTERPRISES BOAT MAC BLUE,CUSTOM,0.00,RM,02032025RM342,0.0000,0.000000
MTKBOATNB,MT KARMEL ENTERPRISES BOAT NEL BEIGE,CUSTOM,0.00,RM,02032025RM343,0.0000,0.000000
MTKBOATRO,MT KARMEL ENTERPRISES BOAT RECYCLED ORAN,CUSTOM,0.00,RM,02032025RM344,0.0000,0.000000
MTKBOATW,MT KARMEL ENTERPRISES BOAT WHITE,CUSTOM,0.00,RM,02032025RM345,0.0000,0.000000
NUT-HEG-M05,XOX HEX NUT GALV M5,Consumables,0.00,RM,02032025RM1117,0.0000,0.000000
NUT-HEG-M08,XOX HEX NUTS EI GALV M8,Fittings,0.00,RM,02032025RM1118,0.0000,0.000000
NUT-HEG-M12-GALV,NUT HT HEX M12 GALV,Fittings,3000.00,RM,02032025RM1300,1.2600,3780.000000
NUT-HEG-M12-GR8-BLK,HEX NUTS M12 DIN934 GR8 BLK,Consumables,38100.00,RM,02032025RM1119,1.0400,39624.000000
NUT-HEX-M05,NUT MS HEX M05 DIN555 GR5 BLK,Consumables,0.00,RM,02032025RM1345,0.1900,0.000000
NUT-HEX-M06,NUT MS HEX M06 DIN555 GR5 BLK,Consumables,600.00,RM,02032025RM1348,0.1700,102.000000
NUT-HEX-M10,XOX M10 GRADE 8 NUTS BLACK,Consumables,350.00,RM,02032025RM346,0.8300,290.500000
NUT-HEX-M10X030,XOX M10X30 NUT,Consumables,0.00,RM,02032025RM347,0.0000,0.000000
NUT-HEX-M14,NUT HT HEX M14 GR8 BLK,Consumables,100.00,RM,02032025RM1360,1.6600,166.000000
NUT-HT-HEX-M10,NUT HT HEX M10 GR8 ZINC PLT,Fittings,6100.00,RM,02032025RM1309,0.9700,5917.000000
NUT-HT-M16,NUT HT HEX M16 DIN934 GR8 BLK,Consumables,520.00,RM,02032025RM1293,2.0700,1076.400000
NUT-HT-M20,NUT HT HEX M20 DIN934 GR8 BLK,Consumables,330.00,RM,02032025RM1294,3.7900,1250.700000
ORDER NOTES,PO,DELIVERY CHARGES,0.00,RM,,0.0000,0.000000
OTBJDG,OP EN TOP BIN JD GREEN,OP EN TOP,0.00,RM,02032025RM349,0.0000,0.000000
OTBS,OP EN TOP BIN SPOUT YELLOW,OP EN TOP,-63.00,RM,02032025RM350,0.0000,0.000000
OTCLBLK,OP EN TOP CANOPY LID BLACK,OP EN TOP,0.00,RM,02032025RM351,0.0000,0.000000
OTCLBLKN,OP EN TOP CANOPY LID BLACK NEW,OP EN TOP,-400.00,RM,02032025RM352,0.0000,0.000000
OTCRJDG,OP EN TOP CANOPY ROOF JD GREEN,OP EN TOP,-80.00,RM,02032025RM353,0.0000,0.000000
OTCRJDN,OP EN TOP CANOPY ROOF NATURAL,OP EN TOP,-9.00,RM,02032025RM354,0.0000,0.000000
OTEY,OP EN TOP EXTENSION YELLOW,OP EN TOP,-201.00,RM,02032025RM355,0.0000,0.000000
OTFBY,OP EN TOP FERTILIZER BIN YELLOW,OP EN TOP,-73.00,RM,02032025RM356,0.0000,0.000000
PBROWN,XXPIGMENT - BROWN X28491,PIGMENTS,0.00,RM,02032025RM1207,0.0000,0.000000
PBRPB,POOL BACK REST PATH BLUE,POOL,0.00,RM,02032025RM1333,0.0000,0.000000
PCOMPMILLING,PLASTICOMP MILLING,RAW MATERIAL,372.50,RM,02032025RM1266,8.5000,3166.250000
PEBRECYCLE,PER BIN RECYCLING,RAW MATERIAL,54875.00,RM,02032025RM1243,6.4000,351200.000000
PEDCS,GASBREAK YELLOW,PED,-210.00,RM,02032025RM357,0.0000,0.000000
PEDCSB,GASBREAK BLUE,PED,-13.00,RM,02032025RM358,0.0000,0.000000
PEDDBY,JUNXION BOX YELLOW,PED,-260.00,RM,02032025RM359,0.0000,0.000000
PEDLBB,LARGE BOTTOM BLUE,PED,-29.00,RM,02032025RM360,0.0000,0.000000
PEDLBBS,LARGE BOTTOM BLUE (PED) SECONDS,SECONDS,0.00,RM,02032025RM361,0.0000,0.000000
PEDLBY,LARGE BOTTOM YELLOW,PED,-17.00,RM,02032025RM362,0.0000,0.000000
PEDLTB,LARGE TOP BLUE,PED,-30.00,RM,02032025RM363,0.0000,0.000000
PEDLTY,LARGE TOP YELLOW,PED,-14.00,RM,02032025RM364,0.0000,0.000000
PEDMBB,MEDIUM BOTTOM BLUE OLD MOULD,PED,-119.00,RM,02032025RM365,0.0000,0.000000
PEDMBBNM,MEDIUM BOTTOM BLUE NEW MOULD,PED,-14.00,RM,02032025RM366,0.0000,0.000000
PEDMBY,MEDIUM BOTTOM YELLOW OLD MOULD,PED,-274.00,RM,02032025RM367,0.0000,0.000000
PEDMBYS,MEDIUM BOTTOM YELLOW (PED) SECONDS,SECONDS,0.00,RM,02032025RM368,0.0000,0.000000
PEDMTB,MEDIUM TOP BLUE OLD MOULD,PED,-119.00,RM,02032025RM369,0.0000,0.000000
PEDMTBNM,MEDIUM TOP BLUE NEW MOULD,PED,-14.00,RM,02032025RM370,0.0000,0.000000
PEDMTY,MEDIUM TOP YELLOW OLD MOULD,PED,-273.00,RM,02032025RM371,0.0000,0.000000
PEDMTYS,MEDIUM TOP YELLOW (PED) SECONDS,SECONDS,0.00,RM,02032025RM372,0.0000,0.000000
PEDNMMBY,MEDIUM BOTTOM YELLOW NEW MOULD,PED,-87.00,RM,02032025RM373,0.0000,0.000000
PEDNMMTY,MEDIUM TOP YELLOW NEW MOULD,PED,-87.00,RM,02032025RM374,0.0000,0.000000
PEDSB01,SUMP BOTTOM YELLOW,PED,-114.00,RM,02032025RM375,0.0000,0.000000
PEDSBBL,SUMP BOTTOM BLUE,PED,-56.00,RM,02032025RM376,0.0000,0.000000
PEDSBBNM,SMALL BOTTOM BLUE NEW MOULD,PED,-35.00,RM,02032025RM1337,0.0000,0.000000
PEDSBY,SMALL BOTTOM YELLOW,PED,-285.00,RM,02032025RM377,0.0000,0.000000
PEDSBYNM,SMALL BOTTOM YELLOW NEW MOULD,PED,-126.00,RM,02032025RM1335,0.0000,0.000000
PEDSR01,SUMP RISER YELLOW,PED,-114.00,RM,02032025RM378,0.0000,0.000000
PEDSRBL,SUMP RISER BLUE,PED,-56.00,RM,02032025RM379,0.0000,0.000000
PEDSSBB,SMALL BOTTOM BLUE,PED,-69.00,RM,02032025RM380,0.0000,0.000000
PEDSSTB,SMALL TOP BLUE,PED,-69.00,RM,02032025RM381,0.0000,0.000000
PEDSTBNM,SMALL TOP BLUE NEW MOULD,PED,-35.00,RM,02032025RM1336,0.0000,0.000000
PEDSTY,SMALL TOP YELLOW,PED,-275.00,RM,02032025RM382,0.0000,0.000000
PEDSTYNM,SMALL TOP YELLOW NEW MOULD,PED,-130.00,RM,02032025RM1334,0.0000,0.000000
PEDWOC,OIL CHAMBER NATURAL,PED,-244.00,RM,02032025RM383,0.0000,0.000000
PEDWOST,OIL SANDTRAP NATURAL,PED,-72.00,RM,02032025RM384,0.0000,0.000000
PERB,PE RECOVERIES RECTANGLE BOX,INDUSTRIAL,0.00,RM,02032025RM385,0.0000,0.000000
PESRECYCLE,PER BOUGHT IN SCRAP RECYCLING,RAW MATERIAL,25331.00,RM,,6.2500,158318.750000
PIPECRADLEB,PIPE CRADLE BEIGE,INDUSTRIAL,-7.00,RM,02032025RM386,0.0000,0.000000
PIPECRADLEBLK,PIPE CRADLE BLACK,INDUSTRIAL,-4.00,RM,02032025RM1418,0.0000,0.000000
PIPECRADLECB,PIPE CRADLE COFFEE BROWN,INDUSTRIAL,-10.00,RM,02032025RM387,0.0000,0.000000
PIPECRADLEDG,PIPE CRADLE DARK GREEN,INDUSTRIAL,-1.00,RM,02032025RM1417,0.0000,0.000000
PIPECRADLEGR,PIPE CRADLE GREY,INDUSTRIAL,-5.00,RM,02032025RM388,0.0000,0.000000
PONDACB,POND ANGLE COFFEE BROWN,URBAN GARDEN,0.00,RM,02032025RM15,0.0000,0.000000
PONDOBLK,POND OVAL BLACK,URBAN GARDEN,-3.00,RM,02032025RM348,0.0000,0.000000
PONDRBL,POND ROUND MAC BLUE,URBAN GARDEN,-1.00,RM,02032025RM1435,0.0000,0.000000
PONDRBLK,POND ROUND BLACK,URBAN GARDEN,-1.00,RM,02032025RM1376,0.0000,0.000000
PONDRCB,POND ROUND COFFEE BROWN,URBAN GARDEN,-1.00,RM,02032025RM443,0.0000,0.000000
PONDWFBLK,POND WATER FEATURE BLACK,URBAN GARDEN,-1.00,RM,02032025RM389,0.0000,0.000000
PONDWFDG,POND WATER FEATURE DARK GREEN,URBAN GARDEN,-1.00,RM,02032025RM1439,0.0000,0.000000
POP-AS-3206,XOX POP RIVETS AS 3.2 X 0.6,Fittings,0.00,RM,02032025RM1120,0.0000,0.000000
POP-AS-3210,XOX POP RIVETS 3.2X10MM,Fittings,0.00,RM,02032025RM1121,0.0000,0.000000
POP-AS-4830,POP RIVETS 48 X 30 ST ALUMINIUM,Fittings,24500.00,RM,02032025RM1122,0.5900,14455.000000
RB,ROCK BOX,POOL,-251.00,RM,02032025RM390,0.0000,0.000000
RBECOL,ARMCO WATERFILLED BARRIER 17KG LIME,ROAD,0.00,RM,02032025RM391,0.0000,0.000000
RBECOR,ARMCO WATERFILLED BARRIER 17KG RED,ROAD,0.00,RM,02032025RM392,0.0000,0.000000
RBECOW,ARMCO WATERFILLED BARRIER 17KG WHITE,ROAD,0.00,RM,02032025RM393,0.0000,0.000000
RBECOY,ARMCO WATERFILLED BARRIER 17KG YELLOW,ROAD,-1110.00,RM,02032025RM394,0.0000,0.000000
RBGR816,ROCK BOX GREY 816,POOL,-5.00,RM,02032025RM1282,0.0000,0.000000
RBMM,ARMCO MONSTER MAN BARRIER YELLOW,ROAD,0.00,RM,02032025RM395,0.0000,0.000000
RBNSY,ARMCO NEW GENERATION WATER FILLED BARRIER 10KG YELLOW,ROAD,-3948.00,RM,02032025RM396,0.0000,0.000000
RBS,ROCK BOX SECONDS,SECONDS,0.00,RM,02032025RM397,0.0000,0.000000
RBSY,ARMCO STACKABLE BARRIER 28KG YELLOW,ROAD,0.00,RM,02032025RM1388,0.0000,0.000000
RBWFBL,ARMCO ROAD WATER FILLED BARRIER MINI MAC BLUE,ROAD,0.00,RM,02032025RM398,0.0000,0.000000
RBWFBLK,ARMCO ROAD WATER FILLED BARRIER MINI BLACK,ROAD,0.00,RM,02032025RM399,0.0000,0.000000
RBWFR,ARMCO ROAD WATER FILLED BARRIER MINI RED,ROAD,0.00,RM,02032025RM400,0.0000,0.000000
RBWFW,ARMCO ROAD WATER FILLED BARRIER MINI WHITE,ROAD,0.00,RM,02032025RM401,0.0000,0.000000
RBWFY,ARMCO ROAD WATER FILLED BARRIER MINI YELLOW,ROAD,-6.00,RM,02032025RM402,0.0000,0.000000
RC0.75LGS,750MM ROAD CONE LIME GREEN SECOND,SECONDS,0.00,RM,02032025RM403,0.0000,0.000000
RC0.75O,750MM ROAD CONE ORANGE,ROAD,0.00,RM,02032025RM404,0.0000,0.000000
RC0.75Y,750MM ROAD CONE YELLOW,ROAD,0.00,RM,02032025RM405,0.0000,0.000000
RC1.8BL,1.8M ROAD CONE BLUE,ROAD,-260.00,RM,02032025RM1255,0.0000,0.000000
RC1.8EBL,1.8M ECONO ROAD CONE MAC BLUE,ROAD,-1039.00,RM,02032025RM406,0.0000,0.000000
RC1.8EBLK,1.8M ECONO ROAD CONE BLACK,ROAD,-12.00,RM,02032025RM407,0.0000,0.000000
RC1.8EBLKS,1.8M ECONO ROAD CONE BLACK SECOND,SECONDS,0.00,RM,02032025RM408,0.0000,0.000000
RC1.8EBLS,1.8M ECONO ROAD CONE BLUE SECOND,SECONDS,0.00,RM,02032025RM409,0.0000,0.000000
RC1.8EDG,1.8M ECONO ROAD CONE DARK GREEN,ROAD,-14.00,RM,02032025RM410,0.0000,0.000000
RC1.8EL,1.8M ECONO ROAD CONE LIME,ROAD,-39.00,RM,02032025RM411,0.0000,0.000000
RC1.8EN,1.8M ECONO ROAD CONE NATURAL,ROAD,-143.00,RM,02032025RM417,0.0000,0.000000
RC1.8EO,1.8M ECONO ROAD CONE ORANGE,ROAD,-340.00,RM,02032025RM412,0.0000,0.000000
RC1.8EOS,1.8M ECONO ROAD CONE ORANGE SECOND,SECONDS,0.00,RM,02032025RM413,0.0000,0.000000
RC1.8EP,1.8M ECONO ROAD CONE PINK,ROAD,-62.00,RM,02032025RM414,0.0000,0.000000
RC1.8ER,1.8M ECONO ROAD CONE RED,ROAD,-594.00,RM,02032025RM415,0.0000,0.000000
RC1.8ERS,1.8M ECONO ROAD CONE RED SECOND,SECONDS,0.00,RM,02032025RM416,0.0000,0.000000
RC1.8EY,1.8M ECONO ROAD CONE YELLOW,ROAD,-125.00,RM,02032025RM418,0.0000,0.000000
RC1.8EYS,1.8M ECONO ROAD CONE YELLOW SECOND,SECONDS,0.00,RM,02032025RM419,0.0000,0.000000
RC1.8N,1.8M ROAD CONE NATURAL,ROAD,-20.00,RM,02032025RM1256,0.0000,0.000000
RC1.8O,1.8M ROAD CONE ORANGE,ROAD,-40.00,RM,02032025RM1257,0.0000,0.000000
RC1.8R,1.8M ROAD CONE RED,ROAD,-131.00,RM,02032025RM1253,0.0000,0.000000
RC1.8Y,1.8M ROAD CONE YELLOW,ROAD,-105.00,RM,02032025RM1254,0.0000,0.000000
RC1.9BL,1.9M ROAD CONE BLUE,ROAD,0.00,RM,02032025RM420,0.0000,0.000000
RC1.9BLK,1.9M ROAD CONE BLACK,ROAD,-3.00,RM,02032025RM1392,0.0000,0.000000
RC1.9N,1.9M ROAD CONE NATURAL,ROAD,0.00,RM,02032025RM421,0.0000,0.000000
RC1.9O,1.9M ROAD CONE ORANGE,ROAD,-1800.00,RM,02032025RM422,0.0000,0.000000
RC1.9Y,1.9M ROAD CONE YELLOW,ROAD,-1071.00,RM,02032025RM423,0.0000,0.000000
RC2.5Y,2.5M ROAD CONE YELLOW,ROAD,0.00,RM,02032025RM424,0.0000,0.000000
REPAIR01,REPAIRS,TANK REPAIRS,0.00,RM,,0.0000,0.000000
RESICHEM RESINATE,RESICHEM RESINATE 200,RAW MATERIAL,1.00,RM,02032025RM1331,61000.0000,61000.000000
RESICHEM RF1211,RESICHEM FOAM RF1211,RAW MATERIAL,1.00,RM,02032025RM1330,52756.0000,52756.000000
ROD-HT-M12,XOX THREADED ROD M12 EN8,Consumables,0.00,RM,02032025RM1123,0.0000,0.000000
ROD-HT-M12GR8,XOX THREADED ROD M12 GR8.8 ALPAL,Consumables,0.00,RM,02032025RM1124,0.0000,0.000000
ROTOQUIPCUBE,ROTOQUIP FITTINGS CUBE,Fittings,5.00,RM,02032025RM1126,695.5000,3477.500000
ROTOVETTIBL,ROTO VETTI COMPLETE SET MAC BLUE,ROTOVETTI,0.00,RM,02032025RM425,0.0000,0.000000
ROTOVETTIBLK,ROTO VETTI COMPLETE SET BLACK,ROTOVETTI,0.00,RM,02032025RM426,0.0000,0.000000
ROTOVETTIBLS,ROTO VETTI COMPLETE SET MAC BLUE SECOND,SECONDS,0.00,RM,02032025RM427,0.0000,0.000000
ROTOVETTIHK,ROTO VETTI COMPLETE SET HENRED KHAKI,ROTOVETTI,0.00,RM,02032025RM428,0.0000,0.000000
ROTOVETTILB,ROTO VETTI COMPLETE SET LIGHT BLUE,ROTOVETTI,0.00,RM,02032025RM429,0.0000,0.000000
ROTOVETTILG,ROTO VETTI COMPLETE SET LIME GREEN,ROTOVETTI,0.00,RM,02032025RM430,0.0000,0.000000
ROTOVETTILGS,ROTO VETTI COMPLETE SET LIME GRN SECONDS,SECONDS,0.00,RM,02032025RM431,0.0000,0.000000
ROTOVETTIO,ROTO VETTI COMPLETE SET ORANGE,ROTOVETTI,0.00,RM,02032025RM432,0.0000,0.000000
ROTOVETTIOS,ROTO VETTI COMPLETE SET ORANGE SECOND,SECONDS,0.00,RM,02032025RM433,0.0000,0.000000
ROTOVETTIP,ROTO VETTI COMPLETE SET PINK,ROTOVETTI,0.00,RM,02032025RM434,0.0000,0.000000
ROTOVETTIR,ROTO VETTI COMPLETE SET RED,ROTOVETTI,0.00,RM,02032025RM435,0.0000,0.000000
ROTOVETTISBLK,ROTO VETTI COMPLETE SET SECONDS BLACK,SECONDS,0.00,RM,02032025RM436,0.0000,0.000000
ROTOVETTISLB,ROTO VETTI COMPLETE SET SECONDS LIGHT BL,SECONDS,0.00,RM,02032025RM437,0.0000,0.000000
ROTOVETTISR,ROTO VETTI COMPLETE SET SECONDS RED,SECONDS,0.00,RM,02032025RM438,0.0000,0.000000
ROTOVETTIW,ROTO VETTI COMPLETE SET WHITE,ROTOVETTI,0.00,RM,02032025RM439,0.0000,0.000000
ROTOVETTIWS,ROTO VETTI COMPLETE SET WHITE SECONDS,SECONDS,0.00,RM,02032025RM440,0.0000,0.000000
ROTOVETTIY,ROTO VETTI COMPLETE SET YELLOW,ROTOVETTI,0.00,RM,02032025RM441,0.0000,0.000000
ROTOVETTIYS,ROTO VETTI COMPLETE SET YELLOW SECONDS,SECONDS,0.00,RM,02032025RM442,0.0000,0.000000
RULA12T,RULA 12 TON TANK GREY,RULA,0.00,RM,02032025RM444,0.0000,0.000000
RULA12TN,RULA 12 TON TANK NATURAL,RULA,-26.00,RM,02032025RM445,0.0000,0.000000
RULA1LT,RULA 1000LT PLANTER TANK LIGHT GREY,RULA,0.00,RM,02032025RM446,0.0000,0.000000
RULA1LTN,RULA 1000LT PLANTER TANK NATURAL,RULA,-4.00,RM,02032025RM447,0.0000,0.000000
RULA1LY,RULA 1000LT PLANTER TANK DB YELLOW,RULA,-8.00,RM,02032025RM448,0.0000,0.000000
RULA2LBLK,RULA 2000L BLACK,RULA,0.00,RM,02032025RM1357,0.0000,0.000000
RULA3.5LWIT4L,RULA 3500L WITH INSERT TO 4000L NATURAL,RULA,-2.00,RM,02032025RM1399,0.0000,0.000000
RULA350,RULA CAMELBACK 3500LT NATURAL,RULA,-10.00,RM,02032025RM449,0.0000,0.000000
RULA350GR,RULA CAMELBACK 3500LT GREY,RULA,0.00,RM,02032025RM450,0.0000,0.000000
RULA4.5LN,RULA 4500L NATURAL,RULA,0.00,RM,02032025RM1394,0.0000,0.000000
RULA4LT,RULA 4000LT TANK NATURAL,RULA,0.00,RM,02032025RM451,0.0000,0.000000
RULA4LTGRAN,RULA 4000LT GRANULAR TANK NATURAL,RULA,0.00,RM,02032025RM452,0.0000,0.000000
RULA5LWIT7.5LN,RULA 5000L WITH INSERT TO 7500L NATURAL,RULA,-4.00,RM,02032025RM1425,0.0000,0.000000
RULA6LT,RULA 6000LT TANK NATURAL,RULA,-9.00,RM,02032025RM453,0.0000,0.000000
RULA6LTBLK,RULA 6000LT TANK BLACK,RULA,0.00,RM,02032025RM454,0.0000,0.000000
RULAAIC,RULA AUGER INLET CHUTE NATURAL,RULA,0.00,RM,02032025RM455,0.0000,0.000000
RULAAICGR,RULA AUGER INLET CHUTE GREY,RULA,0.00,RM,02032025RM456,0.0000,0.000000
RULAM3500,RULA MIDDLE 3500LT TANK NATURAL,RULA,-2.00,RM,02032025RM457,0.0000,0.000000
RULASB,RULA SEED BIN 70L NATURAL,RULA,0.00,RM,02032025RM458,0.0000,0.000000
S2BBLK,STORM FILTER 2BAG BLACK,POOL,-489.00,RM,02032025RM1368,0.0000,0.000000
S2BBLK2025,STORM FILTER 2BAG BLACK 2025,POOL,0.00,RM,02032025RM1461,0.0000,0.000000
S2BGR,STORM FILTER 2BAG GREY 816,POOL,-130.00,RM,02032025RM1367,0.0000,0.000000
S2BGR2025,STORM FILTER 2BAG GREY 816 2025,POOL,0.00,RM,02032025RM1460,0.0000,0.000000
S3BBLK,STORM FILTER 3BAG BLACK,POOL,-837.00,RM,02032025RM1370,0.0000,0.000000
S3BBLK2025,STORM FILTER 3BAG BLACK 2025,POOL,-7.00,RM,02032025RM1463,0.0000,0.000000
S3BGR,STORM FILTER 3BAG GREY 816,POOL,-100.00,RM,02032025RM1369,0.0000,0.000000
S3BGR2025,STORM FILTER 3BAG GREY 816 2025,POOL,0.00,RM,02032025RM1462,0.0000,0.000000
SCRAPB01,SCRAP BOUGHT,RAW MATERIAL,21487.36,RM,02032025RM1275,12.1100,260211.929600
SCR-TEK,HT SELF DRILLING 12 X 30 HEX HEAD,Fittings,9900.00,RM,02032025RM1285,0.4400,4356.000000
SEPTIC,HORIZONTAL 2200LT SEPTIC (DIGESTER),TANKS HORIZONTAL,-70.00,RM,02032025RM459,0.0000,0.000000
SEPTICS,HORIZONTAL 2200LT SEPTIC SECONDS,SECONDS,0.00,RM,02032025RM460,0.0000,0.000000
SET-HTG-M05X040,XOX HT HEX SET SCREWS M5X40 GR8.8 EI GAL,Consumables,0.00,RM,02032025RM1127,0.0000,0.000000
SET-HTG-M12X060,XOX HT HEX SET SCREWS M12 X 60 GR 8.8 EI,Consumables,1300.00,RM,02032025RM1128,5.8000,7540.000000
SET-HT-M05X30,SET HT M05/30 DIN933 GR8.8 BLK,Consumables,0.00,RM,02032025RM1346,0.8000,0.000000
SET-HT-M06X030,XOX HT HEX SET SCREWS M6X30 GR8.8 FILTER,Consumables,0.00,RM,02032025RM1129,0.0000,0.000000
SET-HT-M06X30,SET HT M06 X 30 DIN933 GR8.8 BLK,Consumables,450.00,RM,02032025RM1349,0.7600,342.000000
SET-HT-M10X30,SET HT M10X30 DIN933 GR8.8 BLK,Consumables,300.00,RM,02032025RM1352,2.5500,765.000000
SET-HT-M10X50,SET HT M10X50 GR8.8 BLK,Consumables,200.00,RM,02032025RM1353,3.3500,670.000000
SET-HT-M10X60,SET HT M10X60 GR8.8 ZINC PLT,Fittings,5450.00,RM,02032025RM1308,4.3100,23489.500000
SET-HT-M12X50,SET HT M12X50 DIN933 GR8.8 BLK,Consumables,860.00,RM,02032025RM1291,4.8300,4153.800000
SET-HT-M12X50Z,SET HT M12 X 50 GR8.8 ZINC PLT,Fittings,0.00,RM,02032025RM1341,5.8000,0.000000
SET-HT-M14X030,XOX HT HEX SCREWS M14X30 GR8.8 BLACK,Consumables,0.00,RM,02032025RM1130,0.0000,0.000000
SET-HT-M16X030,SET HT M16X030 GR8.8 BLK,Consumables,100.00,RM,02032025RM1359,7.7400,774.000000
SET-HT-M16X070,SET HT M16X070 HEX SET SCREWS GR8.8 BLK,Consumables,50.00,RM,02032025RM1382,10.5000,525.000000
SET-HT-M16X120,XOX HT HEX SET SCREWS M16XM120 GR8.8,Consumables,0.00,RM,02032025RM1131,0.0000,0.000000
SET-HT-M20X70,SET HT M20X70 GR8.8 BLK,Consumables,210.00,RM,02032025RM1295,17.7500,3727.500000
SET-HT-M20X80,SET HT M20X80 GR8.8 BLK,Consumables,130.00,RM,02032025RM1292,25.0000,3250.000000
SETM12X30,SET H M12 X 30 DIN933 GR8.8 BLK,Consumables,20550.00,RM,02032025RM1290,3.8200,78501.000000
SLHAL2,PIPES & FITTINGS,STEWARTS & LLOYDS BRANCHES,-1.00,RM,,0.0000,0.000000
SLHALR,ALRODE,STEWARTS & LLOYDS BRANCHES,-1.00,RM,,0.0000,0.000000
SLHBLM,BLOEMFONTEIN,STEWARTS & LLOYDS BRANCHES,-1.00,RM,,0.0000,0.000000
SLHBOK,BOKSBURG,STEWARTS & LLOYDS BRANCHES,-2.00,RM,,0.0000,0.000000
SLHBOO,BOOYSENS,STEWARTS & LLOYDS BRANCHES,-2.00,RM,,0.0000,0.000000
SLHBRI,BRITS,STEWARTS & LLOYDS BRANCHES,-1.00,RM,,0.0000,0.000000
SLHEDE,EDENVALE,STEWARTS & LLOYDS BRANCHES,-28.00,RM,,0.0000,0.000000
SLHKIM,KIMBERLEY,STEWARTS & LLOYDS BRANCHES,-2.00,RM,,0.0000,0.000000
SLHKLE,KLERKSDORP,STEWARTS & LLOYDS BRANCHES,-1.00,RM,,0.0000,0.000000
SLHNEL,NESLPRUIT,STEWARTS & LLOYDS BRANCHES,-7.00,RM,,0.0000,0.000000
SLHPOL,POLOKWANE,STEWARTS & LLOYDS BRANCHES,-6.00,RM,,0.0000,0.000000
SLHPRE,PRETORIA,STEWARTS & LLOYDS BRANCHES,-4.00,RM,,0.0000,0.000000
SLHSPR,SPRINGS,STEWARTS & LLOYDS BRANCHES,-2.00,RM,,0.0000,0.000000
SLHVAN,VANDERBIJLPARK,STEWARTS & LLOYDS BRANCHES,-2.00,RM,,0.0000,0.000000
SLHVER,VEREENIGING,STEWARTS & LLOYDS BRANCHES,-4.00,RM,,0.0000,0.000000
SLHWIT,WITBANK,STEWARTS & LLOYDS BRANCHES,-6.00,RM,,0.0000,0.000000
SLHWYN,WYNBERG,STEWARTS & LLOYDS BRANCHES,-2.00,RM,,0.0000,0.000000
SLIMJACKB,SLIMJACK BEIGE,TANKS VERTICAL,-15.00,RM,02032025RM461,0.0000,0.000000
SLIMJACKBL,SLIMJACK BLUE,TANKS VERTICAL,0.00,RM,02032025RM462,0.0000,0.000000
SLIMJACKBLK,SLIMJACK BLACK,TANKS VERTICAL,0.00,RM,02032025RM463,0.0000,0.000000
SLIMJACKCB,SLIMJACK COFFEE BROWN,TANKS VERTICAL,-81.00,RM,02032025RM464,0.0000,0.000000
SLIMJACKCG,SLIMJACK CAPE GREEN,TANKS VERTICAL,0.00,RM,02032025RM465,0.0000,0.000000
SLIMJACKDG,SLIMJACK DARK GREEN,TANKS VERTICAL,-21.00,RM,02032025RM466,0.0000,0.000000
SLIMJACKGR,SLIMJACK GREY,TANKS VERTICAL,-12.00,RM,02032025RM467,0.0000,0.000000
SLIMJACKHGR,SLIMJACK HEAVY GREY,TANKS VERTICAL,0.00,RM,02032025RM468,0.0000,0.000000
SLIMJACKHN,SLIMJACK HEAVY NATURAL,TANKS VERTICAL,0.00,RM,02032025RM469,0.0000,0.000000
SLIMJACKJDG,SLIMJACK J/D GREEN,TANKS VERTICAL,0.00,RM,02032025RM470,0.0000,0.000000
SLIMJACKKG,SLIMJACK KHAKI GREEN,TANKS VERTICAL,0.00,RM,02032025RM471,0.0000,0.000000
SLIMJACKL,SLIMJACK LIME,TANKS VERTICAL,0.00,RM,02032025RM472,0.0000,0.000000
SLIMJACKMR,SLIMJACK RED MARBLE,TANKS VERTICAL,0.00,RM,02032025RM473,0.0000,0.000000
SLIMJACKO,SLIMJACK ORANGE,TANKS VERTICAL,0.00,RM,02032025RM474,0.0000,0.000000
SLIMJACKP,SLIMJACK PINK,TANKS VERTICAL,0.00,RM,02032025RM475,0.0000,0.000000
SLIMJACKR,SLIMJACK RED,TANKS VERTICAL,0.00,RM,02032025RM476,0.0000,0.000000
SLIMJACKSB,SLIMJACK SECONDS BEIGE,SECONDS,0.00,RM,02032025RM477,0.0000,0.000000
SLIMJACKSBL,SLIMJACK SECONDS BLUE,SECONDS,0.00,RM,02032025RM478,0.0000,0.000000
SLIMJACKSCARAB,SLIMJACK SCARAB DB SAGE GREEN,SCARAB,0.00,RM,02032025RM479,0.0000,0.000000
SLIMJACKSCB,SLIMJACK SECONDS COFFEE BROWN,SECONDS,0.00,RM,02032025RM480,0.0000,0.000000
SLIMJACKSDG,SLIMJACK SECONDS DARK GREEN,SECONDS,0.00,RM,02032025RM481,0.0000,0.000000
SLIMJACKSG,SLIMJACK SAGE GREEN,TANKS VERTICAL,0.00,RM,02032025RM482,0.0000,0.000000
SLIMJACKSGR,SLIMJACK SECONDS GREY,SECONDS,0.00,RM,02032025RM483,0.0000,0.000000
SLIMJACKSO,SLIMJACK SECONDS ORANGE,SECONDS,0.00,RM,02032025RM484,0.0000,0.000000
SLIMJACKSP,SLIMJACK SECONDS PINK,SECONDS,0.00,RM,02032025RM485,0.0000,0.000000
SLIMJACKSR,SLIMJACK SECONDS RED,SECONDS,0.00,RM,02032025RM486,0.0000,0.000000
SLIMJACKSS,SLIMJACK SANDSTONE SECONDS,SECONDS,0.00,RM,02032025RM487,0.0000,0.000000
SLIMJACKSSG,SLIMJACK SECONDS SAGE GREEN,SECONDS,0.00,RM,02032025RM488,0.0000,0.000000
SLIMJACKY,SLIMJACK YELLOW,TANKS VERTICAL,0.00,RM,02032025RM489,0.0000,0.000000
SLIMJILLB,SLIMJILL BEIGE,TANKS VERTICAL,-13.00,RM,02032025RM490,0.0000,0.000000
SLIMJILLBLK,SLIMJILL BLACK,TANKS VERTICAL,0.00,RM,02032025RM491,0.0000,0.000000
SLIMJILLBR,SLIMJILL BROWN,TANKS VERTICAL,0.00,RM,02032025RM492,0.0000,0.000000
SLIMJILLCB,SLIMJILL COFFEE BROWN,TANKS VERTICAL,-17.00,RM,02032025RM493,0.0000,0.000000
SLIMJILLDG,SLIMJILL DARK GREEN 7424,TANKS VERTICAL,-17.00,RM,02032025RM494,0.0000,0.000000
SLIMJILLGR,SLIMJILL GREY,TANKS VERTICAL,-11.00,RM,02032025RM495,0.0000,0.000000
SLIMJILLHK,SLIMJILL HENRED KHAKI,TANKS VERTICAL,0.00,RM,02032025RM1378,0.0000,0.000000
SLIMJILLJDG,SLIMJILL J/D GREEN,TANKS VERTICAL,0.00,RM,02032025RM496,0.0000,0.000000
SLIMJILLLG,SLIMJILL LIME GREEN,TANKS VERTICAL,0.00,RM,02032025RM497,0.0000,0.000000
SLIMJILLM,SLIMJILL MARBLE,TANKS VERTICAL,0.00,RM,02032025RM498,0.0000,0.000000
SLIMJILLMG,SLIMJILL MARBLE GREEN,TANKS VERTICAL,0.00,RM,02032025RM499,0.0000,0.000000
SLIMJILLP,SLIMJILL PINK,TANKS VERTICAL,0.00,RM,02032025RM500,0.0000,0.000000
SLIMJILLSB,SLIMJILL SECONDS BEIGE,SECONDS,0.00,RM,02032025RM501,0.0000,0.000000
SLIMJILLSBLK,SLIMJILL SECONDS BLACK,SECONDS,0.00,RM,02032025RM502,0.0000,0.000000
SLIMJILLSC,SLIMJILL SECONDS CHOCOLATE,SECONDS,0.00,RM,02032025RM503,0.0000,0.000000
SLIMJILLSCB,SLIMJILL SECONDS COFFEE BROWN,SECONDS,0.00,RM,02032025RM504,0.0000,0.000000
SLIMJILLSDG,SLIMJILL SECONDS DARK GREEN,SECONDS,0.00,RM,02032025RM505,0.0000,0.000000
SLIMJILLSG,SLIMJILL SAGE GREEN,TANKS VERTICAL,0.00,RM,02032025RM506,0.0000,0.000000
SLIMJILLSLG,SLIMJILL SECONDS LIME GREEN,SECONDS,0.00,RM,02032025RM507,0.0000,0.000000
SLIMJILLSMG,SLIMJILL SECONDS MARBLE GREEN,SECONDS,0.00,RM,02032025RM508,0.0000,0.000000
SLIMJILLSS,SLIMJILL SANDSTONE,TANKS VERTICAL,0.00,RM,02032025RM509,0.0000,0.000000
SLIMJILLSSG,SLIMJILL SECONDS SAGE GREEN,SECONDS,0.00,RM,02032025RM510,0.0000,0.000000
SLIMJILLSSS,SLIMJILL SECONDS SANDSTONE,SECONDS,0.00,RM,02032025RM511,0.0000,0.000000
SLIMJILLST,SLIMJILL SECONDS TERRACOTA,SECONDS,0.00,RM,02032025RM512,0.0000,0.000000
SLIMJILLT,SLIMJILL TERRACOTA,TANKS VERTICAL,0.00,RM,02032025RM513,0.0000,0.000000
SLIMJIMB,SLIMJIM BEIGE,TANKS VERTICAL,-38.00,RM,02032025RM1311,0.0000,0.000000
SLIMJIMBL,SLIMJIM MAC BLUE,TANKS VERTICAL,-1.00,RM,02032025RM1434,0.0000,0.000000
SLIMJIMBLK,SLIMJIM BLACK,TANKS VERTICAL,-1.00,RM,02032025RM1386,0.0000,0.000000
SLIMJIMCB,SLIMJIM COFFEE BROWN,TANKS VERTICAL,-29.00,RM,02032025RM1304,0.0000,0.000000
SLIMJIMDG,SLIMJIM DARK GREEN,TANKS VERTICAL,-14.00,RM,02032025RM1312,0.0000,0.000000
SLIMJIMGR,SLIMJIM GREY 816,TANKS VERTICAL,-32.00,RM,02032025RM1313,0.0000,0.000000
SLIMJIMHDG,SLIMJIM HEAVY DARK GREEN,TANKS VERTICAL,-6.00,RM,02032025RM1358,0.0000,0.000000
SLIMJIMHK,SLIMJIM HENRED KHAKI,TANKS VERTICAL,-1.00,RM,02032025RM1381,0.0000,0.000000
SLIMJIMMDG,SLIMJIM MEDIUM DARK GREEN,TANKS VERTICAL,0.00,RM,02032025RM1441,0.0000,0.000000
SLIMJOHNB,SLIMJOHN BEIGE,TANKS VERTICAL,-275.00,RM,02032025RM514,0.0000,0.000000
SLIMJOHNB916,SLIMJOHN BEIGE 916,TANKS VERTICAL,0.00,RM,02032025RM515,0.0000,0.000000
SLIMJOHNBG,SLIMJOHN BIRCH GREY,TANKS VERTICAL,-4.00,RM,02032025RM1411,0.0000,0.000000
SLIMJOHNBL,SLIMJOHN BLUE,TANKS VERTICAL,-1.00,RM,02032025RM516,0.0000,0.000000
SLIMJOHNBLK,SLIMJOHN BLACK,TANKS VERTICAL,0.00,RM,02032025RM517,0.0000,0.000000
SLIMJOHNBO,SLIMJOHN BRONZE OLIVE,TANKS VERTICAL,-10.00,RM,02032025RM518,0.0000,0.000000
SLIMJOHNBR,SLIMJOHN BROWN,TANKS VERTICAL,0.00,RM,02032025RM519,0.0000,0.000000
SLIMJOHNCBR,SLIMJOHN COFFEE BROWN,TANKS VERTICAL,-297.00,RM,02032025RM520,0.0000,0.000000
SLIMJOHNDG,SLIMJOHN DARK GREEN,TANKS VERTICAL,-200.00,RM,02032025RM521,0.0000,0.000000
SLIMJOHNGR29708,SLIMJOHN GREY 29708,TANKS VERTICAL,0.00,RM,02032025RM523,0.0000,0.000000
SLIMJOHNGR816,SLIMJOHN GREY 816,TANKS VERTICAL,-241.00,RM,02032025RM522,0.0000,0.000000
SLIMJOHNGRG,SLIMJOHN GRANITE GREY,TANKS VERTICAL,-4.00,RM,02032025RM1322,0.0000,0.000000
SLIMJOHNHK,SLIMJOHN HENRED KHAKI,TANKS VERTICAL,-2.00,RM,02032025RM524,0.0000,0.000000
SLIMJOHNI,SLIMJOHN IVORY,TANKS VERTICAL,-2.00,RM,02032025RM1420,0.0000,0.000000
SLIMJOHNJDG,SLIMJOHN J/D GREEN,TANKS VERTICAL,0.00,RM,02032025RM525,0.0000,0.000000
SLIMJOHNLG,SLIMJOHN LIME GREEN,TANKS VERTICAL,0.00,RM,02032025RM526,0.0000,0.000000
SLIMJOHNLGR817,SLIMJOHN LIGHT GREY 817,TANKS VERTICAL,-2.00,RM,02032025RM1464,0.0000,0.000000
SLIMJOHNM,SLIMJOHN MEDIUM YELLOW,TANKS VERTICAL,0.00,RM,02032025RM527,0.0000,0.000000
SLIMJOHNMDG,SLIMJOHN MEDIUM DARK GREEN,TANKS VERTICAL,0.00,RM,02032025RM528,0.0000,0.000000
SLIMJOHNN,SLIMJOHN NATURAL,TANKS VERTICAL,-5.00,RM,02032025RM1305,0.0000,0.000000
SLIMJOHNSB,SLIMJOHN SECOND BEIGE,SECONDS,0.00,RM,02032025RM529,0.0000,0.000000
SLIMJOHNSCBR,SLIMJOHN SECOND COFFEE BROWN,SECONDS,0.00,RM,02032025RM530,0.0000,0.000000
SLIMJOHNSG,SLIMJOHN SAGE GREEN,TANKS VERTICAL,0.00,RM,02032025RM531,0.0000,0.000000
SLIMJOHNSGR,SLIMJOHN SECOND GREY,SECONDS,0.00,RM,02032025RM532,0.0000,0.000000
SLIMJOHNSJDG,SLIMJOHN SECOND JD GREEN,SECONDS,0.00,RM,02032025RM533,0.0000,0.000000
SLIMJOHNSLG,SLIMJOHN SECOND LIME GREEN,SECONDS,0.00,RM,02032025RM534,0.0000,0.000000
SLIMJOHNSSG,SLIMJOHN SECOND SAGE GREEN,SECONDS,0.00,RM,02032025RM535,0.0000,0.000000
SLIMJOHNSTGR,SLIMJOHN STONE GRANITE,TANKS VERTICAL,-16.00,RM,02032025RM1286,0.0000,0.000000
SLIMJOHNY,SLIMJOHN YELLOW,TANKS VERTICAL,0.00,RM,02032025RM536,0.0000,0.000000
SPA01,JACUZZI SPA MANUFACTURE ONLY,CUSTOM,0.00,RM,,0.0000,0.000000
SPAGR,JACUZZI SPA GREY GRANITE,CUSTOM,0.00,RM,02032025RM537,0.0000,0.000000
SPCB,SMALL PUMP COVER BEIGE,POOL,-30.00,RM,02032025RM538,0.0000,0.000000
SPCBR,SMALL PUMP COVER BROWN PIGMENT,POOL,0.00,RM,02032025RM539,0.0000,0.000000
SPCBRS,SMALL PUMP COVER BROWN SECONDS,SECONDS,0.00,RM,02032025RM540,0.0000,0.000000
SPCCBLK,SMALL PUMP COVER BLACK,POOL,-2.00,RM,02032025RM541,0.0000,0.000000
SPCCBR,SMALL PUMP COVER COFFEE BROWN,POOL,-365.00,RM,02032025RM542,0.0000,0.000000
SPCDG,SMALL PUMP COVER DARK GREEN,POOL,-58.00,RM,02032025RM543,0.0000,0.000000
SPCEB,SMALL PUMP COVER EARTHCO NEL BEIGE,POOL,-390.00,RM,02032025RM544,0.0000,0.000000
SPCEDG,SMALL PUMP COVER EARTHCO DARK GREEN,POOL,-45.00,RM,02032025RM545,0.0000,0.000000
SPCEG,SMALL PUMP COVER EARTHCO GREY,POOL,-570.00,RM,02032025RM546,0.0000,0.000000
SPCG,SMALL PUMP COVER GREEN PIGMENT,POOL,0.00,RM,02032025RM547,0.0000,0.000000
SPCGR,SMALL PUMP COVER GREY 816,POOL,-580.00,RM,02032025RM548,0.0000,0.000000
SPCGRS,SMALL PUMP COVER GREY SECONDS,SECONDS,0.00,RM,02032025RM549,0.0000,0.000000
SPCGS,SMALL PUMP COVER DARK GREEN SECONDS,SECONDS,0.00,RM,02032025RM550,0.0000,0.000000
SPCHB,SMALL PUMP COVER HERO NEL BEIGE,POOL,0.00,RM,02032025RM551,0.0000,0.000000
SPCHBLK,SMALL PUMP COVER HERO BLACK,POOL,0.00,RM,02032025RM552,0.0000,0.000000
SPCHBLKS,SMALL PUMP COVER HERO BLACK SECONDS,SECONDS,0.00,RM,02032025RM553,0.0000,0.000000
SPCHBS,SMALL PUMP COVER HERO NEL BEIGE SECONDS,SECONDS,0.00,RM,02032025RM554,0.0000,0.000000
SPCHCBR,SMALL PUMP COVER HERO COFFEE BROWN,POOL,0.00,RM,02032025RM555,0.0000,0.000000
SPCHDG,SMALL PUMP COVER HERO DARK GREEN,POOL,0.00,RM,02032025RM556,0.0000,0.000000
SPCHGR,SMALL PUMP COVER HERO GREY 816,POOL,0.00,RM,02032025RM557,0.0000,0.000000
SPCHLGR,SMALL PUMP COVER HERO LIGHT GREY 817,POOL,0.00,RM,02032025RM558,0.0000,0.000000
SPCHSG,SMALL PUMP COVER HERO SAGE GREEN,POOL,0.00,RM,02032025RM559,0.0000,0.000000
SPCN,SMALL PUMP COVER NATURAL,POOL,0.00,RM,02032025RM560,0.0000,0.000000
SPCNS,SMALL PUMP COVER NATURAL SECONDS,SECONDS,0.00,RM,02032025RM561,0.0000,0.000000
SSRT,THEO METAL 19X1.5MM S/S TUBE 6M TRUCOPI,Fittings,32.00,RM,02032025RM1132,500.0000,16000.000000
STAKOMMY,STAKO MULTI PURPOSE MODIFIED 500L YELLOW,CUSTOM,0.00,RM,02032025RM562,0.0000,0.000000
STAKOMY,STAKO MULTI PURPOSE UNIT 500L YELLOW,CUSTOM,0.00,RM,02032025RM563,0.0000,0.000000
STAKOY1500,STAKO 1500L YELLOW TANK,CUSTOM,-2.00,RM,02032025RM1280,0.0000,0.000000
STAKOYP,STAKO FIREFIGHT TANK WITH BAFFLE YELLOW PLAIN,CUSTOM,-27.00,RM,02032025RM1356,0.0000,0.000000
STAKOYR,STAKO FIREFIGHT TANK WITH BAFFLE YELLOW RIBBED,CUSTOM,-15.00,RM,02032025RM564,0.0000,0.000000
STAN10,TANK STAND 10 000L,INDUSTRIAL,-4.00,RM,02032025RM1245,0.0000,0.000000
STICK,STICKERS WARRANTY,Fittings,10001.00,RM,02032025RM1133,1.4900,14901.490000
STICKAGRI1,STICKERS AGRINET LABEL ROUND HP,Fittings,0.00,RM,02032025RM1134,1.2000,0.000000
STICKAGRI2,STICKERS AGRINET LABEL ROUND LP,Fittings,0.00,RM,02032025RM1135,1.2000,0.000000
STICKAGRI3,STICKERS AGRINET LABEL STEP HP,Fittings,501.00,RM,02032025RM1136,2.2000,1102.200000
STICKAGRI4,STICKERS AGRINET LABEL STEP MP,Fittings,0.00,RM,02032025RM1137,1.2000,0.000000
STICKDIY,STICKERS DIY SMALL,Fittings,501.00,RM,02032025RM1138,13.9400,6983.940000
STICKDIYLRG,STICKERS DIY LARGE,Fittings,0.00,RM,02032025RM1139,14.3800,0.000000
STICKDJEMBE,STICKERS DJEMBE,Fittings,0.00,RM,02032025RM1140,1.2100,0.000000
STICKH,STICKERS HEAVY TANKS,Fittings,0.00,RM,02032025RM1141,0.3500,0.000000
STICKM,STICKERS MEDIUM TANKS,Fittings,0.00,RM,02032025RM1142,0.3500,0.000000
STICKS,STICKERS STEWARTS + LLOYDS SMALL,Fittings,0.00,RM,02032025RM1143,0.0000,0.000000
TANKS0.3,TANK STAND 0.3M 5000LT 300x300 RED OXIDE,INDUSTRIAL,-4.00,RM,02032025RM1451,0.0000,0.000000
TANKS0.6,TANK STAND 0.6M 5000LT 60x60 RED OXIDE,INDUSTRIAL,0.00,RM,02032025RM1246,0.0000,0.000000
TANKS0.6B,TANK STAND 0.6M 250LT 750 x750 RED OXIDE,INDUSTRIAL,0.00,RM,02032025RM1247,0.0000,0.000000
TANKS1.5,TANK STAND 1.5M 5000L,INDUSTRIAL,0.00,RM,02032025RM565,0.0000,0.000000
TANKS10.0,TANK STAND 3M 10 000L,INDUSTRIAL,0.00,RM,02032025RM1452,0.0000,0.000000
TANKS2.5,TANK STAND 3M 250LT - 2500LT,INDUSTRIAL,0.00,RM,02032025RM566,0.0000,0.000000
TANKS5.0,TANK STAND 3M 2500LT - 5000LT,INDUSTRIAL,-1.00,RM,02032025RM567,0.0000,0.000000
TANKSCADDY,TANK CADDY STAND,INDUSTRIAL,-1.00,RM,02032025RM1442,0.0000,0.000000
TANKSCON,TANK STAND CONICAL,INDUSTRIAL,-1.00,RM,02032025RM1248,506.0900,-506.090000
TAPBR,BROWN PLASTIC BIB TAP 20MM,Fittings,936.00,RM,02032025RM1144,22.4800,21041.280000
TC015.0,15MM MALE BULKHEAD FITTING,Fittings,0.00,RM,02032025RM1145,23.7800,0.000000
TC015.0D,15MM MALE BULKHEAD FITTING DIESEL,Fittings,0.00,RM,02032025RM1265,27.0300,0.000000
TC015.5,15MM FEMALE BULKHEAD FITTING,Fittings,0.00,RM,02032025RM1146,32.1900,0.000000
TC016.0,20/15MM FEMALE BULKHEAD FITTING 2-WAY,Fittings,30.00,RM,02032025RM1270,34.9600,1048.800000
TC020.0,20MM MALE BULKHEAD FITTING,Fittings,-21.00,RM,02032025RM1147,27.3900,-575.190000
TC025.0,25MM MALE BULKHEAD FITTING,Fittings,-14.00,RM,02032025RM1148,31.0200,-434.280000
TC025.12,20MM FEMALE BULKHEAD FITTING,Fittings,250.00,RM,02032025RM1149,26.6200,6655.000000
TC025.12Y,20MM FEMALE BULKHEAD FITTING YELLOW,Fittings,1226.00,RM,02032025RM1150,22.8200,27977.320000
TC025.B,20MM FEMALE BULKHEAD FITTING 2 - WAY,Fittings,0.00,RM,02032025RM1151,35.5800,0.000000
TC025.C,25MM FEMALE BULKHEAD FITTING 2-WAY,Fittings,-3.00,RM,02032025RM1269,37.3300,-111.990000
TC032.0,32MM MALE BULKHEAD FITTING,Fittings,0.00,RM,02032025RM1271,53.5000,0.000000
TC032.2,32MM FEMALE BULKHEAD FITTING,Fittings,1.00,RM,02032025RM1268,29.9800,29.980000
TC040.0,40MM MALE BULKHEAD FITTING,Fittings,462.00,RM,02032025RM1152,55.3500,25571.700000
TC040.0D,40MM MALE BULKHEAD FITTING DIESEL,Fittings,387.00,RM,02032025RM1153,63.1000,24419.700000
TC040.100,40MM MALE BULKHEAD FITTING CAP,Fittings,0.00,RM,02032025RM1154,10.1000,0.000000
TC040.6,40MM MALE BULKHEAD FITTING - HERO ROTO,Fittings,0.00,RM,02032025RM1155,55.2100,0.000000
TC040.6E,40MM MALE B/H/F + ELBOW -HERO ROTO,Fittings,90.00,RM,02032025RM1156,67.5700,6081.300000
TC040.7,40/25MM MALE BULKHEAD FITTING,Fittings,0.00,RM,02032025RM1157,55.2100,0.000000
TC040.8.1,40MM FEMALE B/H FITTING HEAVY DUTY,Fittings,0.00,RM,02032025RM1158,39.3500,0.000000
TC040.8.3,40MM FEMALE BULKHEAD FITTING,Fittings,586.00,RM,02032025RM1159,22.9300,13436.980000
TC040.8P,PINK FEMALE B/H FITTING,Fittings,0.00,RM,02032025RM1160,22.2600,0.000000
TC040.8Y,40MM FEMALE BULKHEAD FITTING YELLOW,Fittings,6823.00,RM,02032025RM1161,22.2600,151879.980000
TC040.B,40MM FEMALE BULKHEAD FITTING 2 - WAY,Fittings,0.00,RM,02032025RM1162,33.9700,0.000000
TC040.E,40MM MALE BULLKHEAD FITTING+ELBOW,Fittings,70.00,RM,02032025RM1163,67.5700,4729.900000
TC050.0,50/40MM MALE BULKHEAD FITTING,Fittings,14.00,RM,02032025RM1166,49.3700,691.180000
TC050.10,50MM FEMALE BULKHEAD FITTING,Fittings,1.00,RM,02032025RM1168,35.7000,35.700000
TC050.100,50MM MALE BULKHEAD FITTING CAP,Fittings,0.00,RM,02032025RM1167,12.7300,0.000000
TC050.D,50/40MM MALE B/H FITTING DIESEL,Fittings,40.00,RM,02032025RM1169,58.8000,2352.000000
TC050.E,50/40MM MALE BULKHEAD FITTING + ELBOW,Fittings,0.00,RM,02032025RM1170,81.1100,0.000000
TC050.EL/T,50/40MM MALE B/H/F LG. SERIES + ELBOW,Fittings,0.00,RM,02032025RM1171,84.1700,0.000000
TC050.LN,50/40MM MALE B/H FITTING LONG SERIES,Fittings,0.00,RM,02032025RM1172,0.0000,0.000000
TC075.0,75MM MALE BULKHEAD FITTING,Fittings,25.00,RM,02032025RM1173,89.6000,2240.000000
TC075.LN,75MM MALE BULKHEAD FITTING LONG SERIES,Fittings,0.00,RM,02032025RM1174,94.7600,0.000000
TC100.0,100MM MALE BULKHEAD FITTING,Fittings,3.00,RM,02032025RM1175,415.9300,1247.790000
TOTBLRGBLK,TOTAL BLASTING TANK LARGE BLACK,CUSTOM,-5.00,RM,02032025RM568,0.0000,0.000000
TOTBMEDBLK,TOTAL BLASTING TANK MEDIUM (3000L) BLACK,CUSTOM,-42.00,RM,02032025RM569,0.0000,0.000000
TOTBSMLBLK,TOTAL BLASTING TANK SMALL BLACK,CUSTOM,0.00,RM,02032025RM570,0.0000,0.000000
TOTEBBLK,TOTE BOX BLACK,INDUSTRIAL,0.00,RM,02032025RM571,0.0000,0.000000
TRENSLBBLK,TRENSTAR SQUARE LIQUID BASE BLACK,CUSTOM,0.00,RM,02032025RM572,0.0000,0.000000
TRENSLBGR,TRENSTAR SQUARE LIQUID BASE GREY,CUSTOM,0.00,RM,02032025RM573,0.0000,0.000000
TRENSLBGRS,TRENSTAR SQUARE LIQUID BASE GREY SECONDS,SECONDS,0.00,RM,02032025RM574,0.0000,0.000000
TRENSRINGB,TRENSTAR LIQUID RING BEAM YELLOW,CUSTOM,0.00,RM,02032025RM575,0.0000,0.000000
TRIPJB,TRIPLEJACK BEIGE,TANKS VERTICAL,-23.00,RM,02032025RM576,0.0000,0.000000
TRIPJBLK,TRIPLEJACK BLACK,TANKS VERTICAL,0.00,RM,02032025RM577,0.0000,0.000000
TRIPJBO,TRIPLEJACK BRONZE OLIVE,TANKS VERTICAL,-4.00,RM,02032025RM1366,0.0000,0.000000
TRIPJCB,TRIPLEJACK COFFEE BROWN,TANKS VERTICAL,-7.00,RM,02032025RM578,0.0000,0.000000
TRIPJDG,TRIPLEJACK DARK GREEN,TANKS VERTICAL,-9.00,RM,02032025RM579,0.0000,0.000000
TRIPJGR,TRIPLEJACK GREY,TANKS VERTICAL,-37.00,RM,02032025RM580,0.0000,0.000000
TRIPJGR816,TRIPLEJACK GREY 816,TANKS VERTICAL,0.00,RM,02032025RM1455,0.0000,0.000000
TRIPJLGR817,TRIPLEJACK LIGHT GREY 817,TANKS VERTICAL,-1.00,RM,02032025RM1465,0.0000,0.000000
TRIPJMDG,TRIPLEJACK MEDIUM DARK GREEN,TANKS VERTICAL,0.00,RM,02032025RM1444,0.0000,0.000000
TRIPJSG,TRIPLEJACK SAGE GREEN,TANKS VERTICAL,0.00,RM,02032025RM581,0.0000,0.000000
TRSPA,TRANSPORT BAND A,DELIVERY CHARGES,-57.00,RM,,0.0000,0.000000
TRSPB,TRANSPORT BAND B,DELIVERY CHARGES,-66.00,RM,,0.0000,0.000000
TRSPD,TRANSPORT BAND D,DELIVERY CHARGES,-39.00,RM,,0.0000,0.000000
TRUCO1A,TRUCO 1 290mm INSERT HALF,TRUCO,0.00,RM,02032025RM582,0.0000,0.000000
TRUCO1B,TRUCO 1 300MM INSERT HALF,TRUCO,0.00,RM,02032025RM583,0.0000,0.000000
TRUCO1BS,TRUCO 1 300MM INSERT HALF SECOND,SECONDS,0.00,RM,02032025RM584,0.0000,0.000000
TRUCO1C,TRUCO 1 350mm INSERT HALF,TRUCO,0.00,RM,02032025RM585,0.0000,0.000000
TRUCO1D,TRUCO 1 390mm INSERT HALF,TRUCO,0.00,RM,02032025RM586,0.0000,0.000000
TRUCO1E,TRUCO 1 400mm INSERT HALF,TRUCO,0.00,RM,02032025RM587,0.0000,0.000000
TRUCO1F,TRUCO 1 450mm INSERT HALF,TRUCO,0.00,RM,02032025RM588,0.0000,0.000000
TRUCO1FO,TRUCO 1 450mm INSERT HALF ORANGE,TRUCO,-80.00,RM,02032025RM589,0.0000,0.000000
TRUCO1G,TRUCO 1 490mm INSERT HALF,TRUCO,0.00,RM,02032025RM590,0.0000,0.000000
TRUCO1H,TRUCO 1 500mm INSERT HALF,TRUCO,0.00,RM,02032025RM591,0.0000,0.000000
TRUCO1I,TRUCO 1 567 mm INSERT HALF,TRUCO,0.00,RM,02032025RM592,0.0000,0.000000
TRUCO1J,TRUCO 1 490mm 15 mm THICK INSERT HALF,TRUCO,0.00,RM,02032025RM593,0.0000,0.000000
TRUCO1JF,TRUCO 1 640mm INSERT HALF,TRUCO,0.00,RM,02032025RM594,0.0000,0.000000
TRUCO1JO,TRUCO 1 490mm 15mm THCK INSERT HF ORANGE,TRUCO,-652.00,RM,02032025RM595,0.0000,0.000000
TRUCO1KF,TRUCO 1 580 mm INSERT HALF,TRUCO,0.00,RM,02032025RM596,0.0000,0.000000
TRUCO1LF,TRUCO 1 600 mm INSERT HALF,TRUCO,0.00,RM,02032025RM597,0.0000,0.000000
TRUCO2A,TRUCO 2 180mm INSERT HALF,TRUCO,0.00,RM,02032025RM598,0.0000,0.000000
TRUCO2B,TRUCO 2 200mm INSERT HALF,TRUCO,0.00,RM,02032025RM599,0.0000,0.000000
TRUCO2BS,TRUCO 2 200mm INSERT HALF SECOND,SECONDS,0.00,RM,02032025RM600,0.0000,0.000000
TRUCO2C,TRUCO 2 290mm INSERT HALF,TRUCO,0.00,RM,02032025RM601,0.0000,0.000000
TRUCO2D,TRUCO 2 300mm INSERT HALF,TRUCO,0.00,RM,02032025RM602,0.0000,0.000000
TRUCO2DS,TRUCO 2 300mm INSERT HALF SECOND,SECONDS,0.00,RM,02032025RM603,0.0000,0.000000
TRUCO2E,TRUCO 2 310mm INSERT HALF,TRUCO,0.00,RM,02032025RM604,0.0000,0.000000
TRUCO2F,TRUCO 2 355mm INSERT HALF,TRUCO,0.00,RM,02032025RM605,0.0000,0.000000
TRUCO3A,TRUCO 3 250mm INSERT HALF,TRUCO,0.00,RM,02032025RM606,0.0000,0.000000
TRUCO3B,TRUCO 3 390mm INSERT HALF,TRUCO,0.00,RM,02032025RM607,0.0000,0.000000
TRUCO4A,TRUCO 4 100mm INSERT HALF,TRUCO,0.00,RM,02032025RM608,0.0000,0.000000
TRUCO4AS,TRUCO 4 100mm INSERT HALF SECOND,SECONDS,0.00,RM,02032025RM609,0.0000,0.000000
TRUCO4B,TRUCO 4 150mm INSERT HALF,TRUCO,0.00,RM,02032025RM610,0.0000,0.000000
TRUCO4BS,TRUCO 4 150mm INSERT HALF SECOND,SECONDS,0.00,RM,02032025RM611,0.0000,0.000000
TRUCO4C,TRUCO 4 75mm INSERT HALF,TRUCO,0.00,RM,02032025RM612,0.0000,0.000000
TRUCO4D,TRUCO 4 160mm INSERT HALF,TRUCO,0.00,RM,02032025RM613,0.0000,0.000000
TRUCO4EF,TRUCO 4 130mm INSERT HALF FOAM FILLED,TRUCO,0.00,RM,02032025RM614,0.0000,0.000000
TRUCO5A,TRUCO 5 220mm INSERT HALF,TRUCO,0.00,RM,02032025RM615,0.0000,0.000000
TRUCO5B,TRUCO 5 350mm INSERT HALF,TRUCO,0.00,RM,02032025RM616,0.0000,0.000000
TRUCOFF,TRUCO FOAM FILLING RESICHEM,TRUCO,0.00,RM,,0.0000,0.000000
TRUCOFFP,TRUCO FOAM FILLING PELLET,TRUCO,0.00,RM,,0.0000,0.000000
TRUCOT.1050.420,TRUCO PIPE 1050 OD 420 ID ORANGE HALF,TRUCO,0.00,RM,02032025RM617,0.0000,0.000000
TRUCOT.1050.430,TRUCO PIPE 1050 OD 430 ID ORANGE HALF,TRUCO,0.00,RM,02032025RM618,0.0000,0.000000
TRUCOT.1050.450,TRUCO PIPE 1050 OD 450 ID ORANGE HALF,TRUCO,-120.00,RM,02032025RM1277,0.0000,0.000000
TRUCOT.1050.480,TRUCO PIPE 1050OD 480ID 15MM ORANGE HALF,TRUCO,0.00,RM,02032025RM619,0.0000,0.000000
TRUCOT.1050.490,TRUCO PIPE 1050OD 490ID 15MM ORANGE HALF,TRUCO,0.00,RM,02032025RM620,0.0000,0.000000
TRUCOT.1050.500,TRUCO PIPE 1050 OD 500 ID ORANGE HALF,TRUCO,0.00,RM,02032025RM621,0.0000,0.000000
TRUCOT.1050.560,TRUCO PIPE 1050 OD 560 ID ORANGE HALF,TRUCO,-40.00,RM,02032025RM1385,0.0000,0.000000
TRUCOT.400.110,TRUCO PIPE 400 OD 110 ID ORANGE HALF,TRUCO,-20.00,RM,02032025RM1350,0.0000,0.000000
TRUCOT.400.90,TRUCO PIPE 400 OD 90 ID ORANGE HALF,TRUCO,-16.00,RM,02032025RM1421,0.0000,0.000000
TRUCOT.605.110,TRUCO PIPE 605 OD 110 ID ORANGE HALF,TRUCO,-24.00,RM,02032025RM1319,0.0000,0.000000
TRUCOT.605.140,TRUCO PIPE 605 OD 140 ID ORANGE HALF,TRUCO,-40.00,RM,02032025RM1364,0.0000,0.000000
TRUCOT.605.160,TRUCO PIPE 605 OD 160 ID ORANGE HALF,TRUCO,-493.00,RM,02032025RM622,0.0000,0.000000
TRUCOT.605.180,TRUCO PIPE 605 OD 180 ID ORANGE HALF,TRUCO,-32.00,RM,02032025RM623,0.0000,0.000000
TRUCOT.605.200,TRUCO PIPE 605 OD 200 ID ORANGE HALF,TRUCO,-296.00,RM,02032025RM624,0.0000,0.000000
TRUCOT.605.225,TRUCO PIPE 605 OD 225 ID ORANGE HALF,TRUCO,0.00,RM,02032025RM1347,0.0000,0.000000
TRUCOT.820.225,TRUCO PIPE 820 OD 225 ID ORANGE HALF,TRUCO,-238.00,RM,02032025RM625,0.0000,0.000000
TRUCOT.820.250,TRUCO PIPE 820 OD 250 ID ORANGE HALF,TRUCO,-226.00,RM,02032025RM626,0.0000,0.000000
TRUCOT.820.280,TRUCO PIPE 820 OD 280 ID ORANGE HALF,TRUCO,-344.00,RM,02032025RM627,0.0000,0.000000
TRUCOT.820.310,TRUCO PIPE 820 OD 310 ID ORANGE HALF,TRUCO,-52.00,RM,02032025RM628,0.0000,0.000000
TRUCOT.820.355,TRUCO PIPE 820 OD 355 ID ORANGE HALF,TRUCO,-242.00,RM,02032025RM1303,0.0000,0.000000
TRUCOT.820.400,TRUCO PIPE 820 OD 400 ID ORANGE HALF,TRUCO,-210.00,RM,02032025RM629,0.0000,0.000000
TRUCOT400.60,TRUCO PIPE 400 OD 60 ID ORANGE HALF,TRUCO,-10.00,RM,02032025RM1445,0.0000,0.000000
TSITELE,TSI COMMUNICATIONS TELEBOOTH ORANGE,CUSTOM,0.00,RM,02032025RM630,556.0000,0.000000
TSW.015.BSP.W,15MM TORNADO SPINWELD FITTING WHITE,Fittings,0.00,RM,02032025RM1176,8.4500,0.000000
TSW.015.SG,SPINWELD 15MM TORNADO SPLASH GUARD,Fittings,0.00,RM,02032025RM1177,4.1600,0.000000
TSW.020.BSP.W,20MM TORNADO SPINWELD SPINWELD FITTING WHITE,Fittings,0.00,RM,02032025RM1178,9.5200,0.000000
TSW.02025.SG,SPINWELD 20/25MM TORNADO SPLASH GUARD,Fittings,0.00,RM,02032025RM1179,4.1600,0.000000
TSW.025.BSP.W,25MM TORNADO SPINWELD FITTING WHITE,Fittings,0.00,RM,02032025RM1180,9.5200,0.000000
TSW.032.BSP.W,32MM TORNADO SPINWELD FITTING WHITE,Fittings,0.00,RM,02032025RM1181,10.4900,0.000000
TSW.032.SG,SPINWELD 32MM TORNADO SPLASH GUARD,Fittings,0.00,RM,02032025RM1182,5.6200,0.000000
TSW.040.BSP.W,40MM TORNADO SPINWELD FITTING WHITE,Fittings,0.00,RM,02032025RM1183,11.3400,0.000000
TSW.040.SG,SPINWELD 40MM TORNADO SPLASH GUARD,Fittings,0.00,RM,02032025RM1184,5.6200,0.000000
TSW.050.BSP.W,50MM TORNADO SPINWELD FITTING WHITE,Fittings,0.00,RM,02032025RM1185,14.7700,0.000000
TSW.050.LS.BT.W,50MM TORNADO SPINWELD FITTING L.S WHITE,Fittings,0.00,RM,02032025RM1186,43.9300,0.000000
TSW.050.SG,SPINWELD 50MM TORNADO SPLASH GUARD,Fittings,0.00,RM,02032025RM1187,5.6200,0.000000
TUBER,FULLY TUBULAR RIVERTS 8 X 15 (FERULES),Fittings,0.00,RM,02032025RM1188,0.0000,0.000000
UJWFN,UJ WATER FILTER NATURAL WITH GREEN PIGMENT,CUSTOM,0.00,RM,02032025RM1340,0.0000,0.000000
USPARCTICGR816,URBAN SLIM ELECTRIC PUMP COVER GREY 816,URBAN WATER,-114.00,RM,02032025RM631,0.0000,0.000000
USPARCTICGREY,URBAN SLIM ELECTRIC PUMP COVER ARTIC GRE,URBAN WATER,-1.00,RM,02032025RM632,0.0000,0.000000
USPCB,URBAN SLIM ELECTRIC PUMP COVER COFFEE BR,URBAN WATER,-32.00,RM,02032025RM633,0.0000,0.000000
USPDG,URBAN SLIM ELECTRIC PUMP COVER DARK GRN,URBAN WATER,-111.00,RM,02032025RM634,0.0000,0.000000
USPMOCHA,URBAN SLIM ELECTRIC PUMP COVER MOCHA,URBAN WATER,0.00,RM,02032025RM635,0.0000,0.000000
USPNB,URBAN SLIM ELECTRIC PUMP COVER NEL BEIGE,URBAN WATER,-122.00,RM,02032025RM1267,0.0000,0.000000
USPSAVANNAH,URBAN SLIM ELECTRIC PUMP COVER SAVANNAH,URBAN WATER,0.00,RM,02032025RM636,0.0000,0.000000
V0.1WBL,VERTICAL 100LT WATER TANK BLUE,URBAN WATER,-11.00,RM,02032025RM1405,0.0000,0.000000
V0.1WDG,VERTICAL 100LT WATER TANK DARK GREEN,URBAN WATER,-14.00,RM,02032025RM1406,0.0000,0.000000
V0.1WN,VERTICAL 100LT WATER TANK NATURAL,URBAN WATER,-2.00,RM,02032025RM1458,0.0000,0.000000
V0.25EH,VERTICAL 250LT EXTRA HEAVY RED,TANKS VERTICAL,-1.00,RM,02032025RM637,0.0000,0.000000
V0.25EHBL,VERTICAL 250LT EXTRA HEAVY BLUE,TANKS VERTICAL,-1.00,RM,02032025RM638,0.0000,0.000000
V0.25EHBLK,VERTICAL 250LT EXTRA HEAVY BLACK,TANKS VERTICAL,-1.00,RM,02032025RM639,0.0000,0.000000
V0.25EHSSG,VERTICAL 250LT E/HEAVY SECOND SAGE GREEN,SECONDS,0.00,RM,02032025RM640,0.0000,0.000000
V0.25HBL,VERTICAL 250LT HEAVY BLUE,TANKS VERTICAL,-1.00,RM,02032025RM641,0.0000,0.000000
V0.25HDG,VERTICAL 250LT HEAVY DARK GREEN,TANKS VERTICAL,0.00,RM,02032025RM642,0.0000,0.000000
V0.25HN,VERTICAL 250LT HEAVY NATURAL,TANKS VERTICAL,0.00,RM,02032025RM643,0.0000,0.000000
V0.25HR,VERTICAL 250LT HEAVY RED,TANKS VERTICAL,-1.00,RM,02032025RM644,0.0000,0.000000
V0.25HSG,VERTICAL 250LT HEAVY SAGE GREEN,TANKS VERTICAL,0.00,RM,02032025RM645,0.0000,0.000000
V0.25HY,VERTICAL 250LT HEAVY YELLOW,TANKS VERTICAL,0.00,RM,02032025RM646,0.0000,0.000000
V0.25MN,VERTICAL 250LT MEDIUM NATURAL,TANKS VERTICAL,-4.00,RM,02032025RM647,0.0000,0.000000
V0.25MS,VERTICAL 250LT MEDIUM SECONDS YELLOW,SECONDS,0.00,RM,02032025RM648,0.0000,0.000000
V0.25MY,VERTICAL 250LT MEDIUM YELLOW,TANKS VERTICAL,0.00,RM,02032025RM649,0.0000,0.000000
V0.25WB,VERTICAL 250LT WATER BEIGE,TANKS VERTICAL,-4.00,RM,02032025RM650,0.0000,0.000000
V0.25WBG,VERTICAL 250LT WATER BIRCH GREY,TANKS VERTICAL,-1.00,RM,02032025RM651,0.0000,0.000000
V0.25WBL,VERTICAL 250LT WATER BLUE,TANKS VERTICAL,-40.00,RM,02032025RM652,0.0000,0.000000
V0.25WBLK,VERTICAL 250LT WATER BLACK,TANKS VERTICAL,0.00,RM,02032025RM653,0.0000,0.000000
V0.25WCB,VERTICAL 250LT WATER COFFEE BROWN,TANKS VERTICAL,-3.00,RM,02032025RM654,0.0000,0.000000
V0.25WDG,VERTICAL 250LT WATER DARK GREEN,TANKS VERTICAL,-109.00,RM,02032025RM655,0.0000,0.000000
V0.25WGR,VERTICAL 250 WATER GREY 816,TANKS VERTICAL,-1.00,RM,02032025RM1317,0.0000,0.000000
V0.25WJDG,VERTICAL 250LT WATER J/D GREEN,TANKS VERTICAL,0.00,RM,02032025RM656,0.0000,0.000000
V0.25WN,VERTICAL 250LT WATER NATURAL,TANKS VERTICAL,-2.00,RM,02032025RM657,0.0000,0.000000
V0.25WP,VERTICAL 250 WATER PINK,TANKS VERTICAL,-6.00,RM,02032025RM1316,0.0000,0.000000
V0.25WPB,VERTICAL 250LT WATER PATH BLUE,TANKS VERTICAL,0.00,RM,02032025RM658,0.0000,0.000000
V0.25WR,VERTICAL 250LT WATER RED,TANKS VERTICAL,0.00,RM,02032025RM1276,0.0000,0.000000
V0.25WSG,VERTICAL 250LT WATER SAGE GREEN,TANKS VERTICAL,0.00,RM,02032025RM659,0.0000,0.000000
V0.25WSGS,VERTICAL 250LT WATER SAGE GREEN SECONDS,SECONDS,0.00,RM,02032025RM660,0.0000,0.000000
V0.25WY,VERTICAL 250LT WATER YELLOW,TANKS VERTICAL,0.00,RM,02032025RM661,0.0000,0.000000
V0.25WYS,VERTICAL 250LT WATER YELLOW SECONDS,SECONDS,0.00,RM,02032025RM662,0.0000,0.000000
V0.5EHBL,VERTICAL 500LT EXTRA HEAVY BLUE,TANKS VERTICAL,-1.00,RM,02032025RM663,0.0000,0.000000
V0.5EHBLK,VERTICAL 500LT EXTRA HEAVY BLACK,TANKS VERTICAL,-2.00,RM,02032025RM664,0.0000,0.000000
V0.5EHCB,VERTICAL 500LT EXTRA HEAVY COFFEE BROWN,TANKS VERTICAL,-4.00,RM,02032025RM1383,0.0000,0.000000
V0.5EHDG,VERTICAL 500LT EXTRA HEAVY DARK GREEN,TANKS VERTICAL,0.00,RM,02032025RM665,0.0000,0.000000
V0.5EHN,VERTICAL 500LT EXTRA HEAVY NATURAL,TANKS VERTICAL,0.00,RM,02032025RM666,0.0000,0.000000
V0.5EHR,VERTICAL 500LT EXTRA HEAVY RED,TANKS VERTICAL,-1.00,RM,02032025RM667,0.0000,0.000000
V0.5EHSG,VERTICAL 500LT EXTRA HEAVY SAGE GREEN,TANKS VERTICAL,0.00,RM,02032025RM668,0.0000,0.000000
V0.5EHY,VERTICAL 500LT EXTRA HEAVY YELLOW,TANKS VERTICAL,0.00,RM,02032025RM669,0.0000,0.000000
V0.5HBL,VERTICAL 500LT HEAVY BLUE,TANKS VERTICAL,-2.00,RM,02032025RM670,0.0000,0.000000
V0.5HBLK,VERTICAL 500LT HEAVY BLACK,TANKS VERTICAL,-1.00,RM,02032025RM671,0.0000,0.000000
V0.5HCB,VERTICAL 500LT HEAVY COFFEE BROWN,TANKS VERTICAL,-1.00,RM,02032025RM672,0.0000,0.000000
V0.5HDG,VERTICAL 500LT HEAVY DARK GREEN,TANKS VERTICAL,-1.00,RM,02032025RM673,0.0000,0.000000
V0.5HGR,VERTICAL 500LT HEAVY GREY,TANKS VERTICAL,0.00,RM,02032025RM674,0.0000,0.000000
V0.5HN,VERTICAL 500LT HEAVY NATURAL,TANKS VERTICAL,-13.00,RM,02032025RM675,0.0000,0.000000
V0.5HR,VERTICAL 500LT HEAVY RED,TANKS VERTICAL,-1.00,RM,02032025RM676,0.0000,0.000000
V0.5HSG,VERTICAL 500LT HEAVY SAGE GREEN,TANKS VERTICAL,0.00,RM,02032025RM677,0.0000,0.000000
V0.5HSY,VERTICAL 500LT HEAVY SECONDS YELLOW,SECONDS,0.00,RM,02032025RM678,0.0000,0.000000
V0.5HY,VERTICAL 500LT HEAVY YELLOW,TANKS VERTICAL,-1.00,RM,02032025RM679,0.0000,0.000000
V0.5MCB,VERTICAL 500LT MEDIUM COFFEE BROWN,TANKS VERTICAL,0.00,RM,02032025RM680,0.0000,0.000000
V0.5MN,VERTICAL 500LT MEDIUM NATURAL,TANKS VERTICAL,-22.00,RM,02032025RM681,0.0000,0.000000
V0.5MS,VERTICAL 500LT MEDIUM SECONDS,SECONDS,0.00,RM,02032025RM682,0.0000,0.000000
V0.5MSG,VERTICAL 500L MEDIUM SAGE GREEN,TANKS VERTICAL,-1.00,RM,02032025RM1332,0.0000,0.000000
V0.5WB,VERTICAL 500LT WATER BEIGE,TANKS VERTICAL,-4.00,RM,02032025RM683,0.0000,0.000000
V0.5WBL,VERTICAL 500LT WATER BLUE,TANKS VERTICAL,-2.00,RM,02032025RM684,0.0000,0.000000
V0.5WBLKS,VERTICAL 500LT WATER BLACK SECONDS,SECONDS,0.00,RM,02032025RM685,0.0000,0.000000
V0.5WCB,VERTICAL 500LT WATER COFFEE BROWN,TANKS VERTICAL,-31.00,RM,02032025RM686,0.0000,0.000000
V0.5WDG,VERTICAL 500LT WATER DARK GREEN 7424,TANKS VERTICAL,-101.00,RM,02032025RM687,0.0000,0.000000
V0.5WGR,VERTICAL 500LT WATER GREY,TANKS VERTICAL,0.00,RM,02032025RM688,0.0000,0.000000
V0.5WHK,VERTICAL 500LT WATER HENRED KHAKI,TANKS VERTICAL,0.00,RM,02032025RM689,0.0000,0.000000
V0.5WN,VERTICAL 500LT WATER NATURAL,TANKS VERTICAL,-14.00,RM,02032025RM690,0.0000,0.000000
V0.5WSB,VERTICAL 500LT WATER SECONDS BEIGE,SECONDS,0.00,RM,02032025RM691,0.0000,0.000000
V0.5WSG,VERTICAL 500LT WATER SAGE GREEN,TANKS VERTICAL,0.00,RM,02032025RM692,0.0000,0.000000
V0.5WSGS,VERTICAL 500LT WATER SAGE GREEN SECONDS,SECONDS,0.00,RM,02032025RM693,0.0000,0.000000
V1.0EHBL,VERTICAL 1000LT EXTRA HEAVY BLUE,TANKS VERTICAL,-1.00,RM,02032025RM1429,0.0000,0.000000
V1.0EHBLK,VERTICAL 1000LT EXTRA HEAVY BLACK,TANKS VERTICAL,0.00,RM,02032025RM694,0.0000,0.000000
V1.0EHN,VERTICAL 1000LT EXTRA HEAVY NATURAL,TANKS VERTICAL,0.00,RM,02032025RM695,0.0000,0.000000
V1.0EHR,VERTICAL 1000LT EXTRA HEAVY RED,TANKS VERTICAL,-1.00,RM,02032025RM1428,0.0000,0.000000
V1.0HBL,VERTICAL 1000LT HEAVY BLUE,TANKS VERTICAL,-2.00,RM,02032025RM696,0.0000,0.000000
V1.0HBLK,VERTICAL 1000LT HEAVY BLACK,TANKS VERTICAL,-1.00,RM,02032025RM697,0.0000,0.000000
V1.0HDG,VERTICAL 1000LT HEAVY DARK GREEN,TANKS VERTICAL,0.00,RM,02032025RM698,0.0000,0.000000
V1.0HN,VERTICAL 1000LT HEAVY NATURAL,TANKS VERTICAL,-27.00,RM,02032025RM699,0.0000,0.000000
V1.0HR,VERTICAL 1000LT HEAVY RED,TANKS VERTICAL,0.00,RM,02032025RM700,0.0000,0.000000
V1.0HS,VERTICAL 1000LT HEAVY SECOND,SECONDS,0.00,RM,02032025RM701,0.0000,0.000000
V1.0HSG,VERTICAL 1000LT HEAVY SAGE GREEN,TANKS VERTICAL,0.00,RM,02032025RM702,0.0000,0.000000
V1.0HY,VERTICAL 1000LT HEAVY YELLOW,TANKS VERTICAL,0.00,RM,02032025RM703,0.0000,0.000000
V1.0MBL,VERTICAL 1000LT MEDIUM BLUE,TANKS VERTICAL,0.00,RM,02032025RM704,0.0000,0.000000
V1.0MBLK,VERTICAL 1000LT MEDIUM BLACK,TANKS VERTICAL,0.00,RM,02032025RM705,0.0000,0.000000
V1.0MCB,VERTICAL 1000LT MEDIUM COFFEE BROWN,TANKS VERTICAL,-1.00,RM,02032025RM1387,0.0000,0.000000
V1.0MDG,VERTICAL 1000LT MEDIUM DARK GREEN,TANKS VERTICAL,-7.00,RM,02032025RM706,0.0000,0.000000
V1.0MN,VERTICAL 1000LT MEDIUM NATURAL,TANKS VERTICAL,-40.00,RM,02032025RM707,0.0000,0.000000
V1.0MNS,VERTICAL 1000LT MEDIUM SECONDS NATURAL,SECONDS,0.00,RM,02032025RM708,0.0000,0.000000
V1.0MSBLK,VERTICAL 1000LT MEDIUM SECONDS BLACK,SECONDS,0.00,RM,02032025RM709,0.0000,0.000000
V1.0MSG,VERTICAL 1000LT MEDIUM SAGE GREEN,TANKS VERTICAL,0.00,RM,02032025RM710,0.0000,0.000000
V1.0MSSG,VERTICAL 1000LT MEDIUM SECOND SAGE GREEN,SECONDS,0.00,RM,02032025RM711,0.0000,0.000000
V1.0WB,VERTICAL 1000LT WATER BEIGE,TANKS VERTICAL,-41.00,RM,02032025RM712,0.0000,0.000000
V1.0WBL,VERTICAL 1000LT WATER BLUE,TANKS VERTICAL,0.00,RM,02032025RM713,0.0000,0.000000
V1.0WBLK,VERTICAL 1000LT WATER BLACK,TANKS VERTICAL,0.00,RM,02032025RM714,0.0000,0.000000
V1.0WBO,VERTICAL 1000LT WATER BRONZE OLIVE,TANKS VERTICAL,0.00,RM,02032025RM1443,0.0000,0.000000
V1.0WCB,VERTICAL 1000LT WATER COFFEE BROWN,TANKS VERTICAL,-38.00,RM,02032025RM715,0.0000,0.000000
V1.0WDG,VERTICAL 1000LT WATER DARK GREEN,TANKS VERTICAL,-653.00,RM,02032025RM716,0.0000,0.000000
V1.0WDGR,VERTICAL 1000LT WATER DARK GREY,TANKS VERTICAL,0.00,RM,02032025RM717,0.0000,0.000000
V1.0WDGS,VERTICAL 1000LT WATER SECONDS DARK GREEN,SECONDS,-1.00,RM,02032025RM718,0.0000,0.000000
V1.0WGR,VERTICAL 1000LT WATER GREY,TANKS VERTICAL,-10.00,RM,02032025RM719,0.0000,0.000000
V1.0WJDG,VERTICAL 1000LT WATER J/D GREEN,TANKS VERTICAL,0.00,RM,02032025RM720,0.0000,0.000000
V1.0WN,VERTICAL 1000LT WATER NATURAL,TANKS VERTICAL,0.00,RM,02032025RM721,0.0000,0.000000
V1.0WR,VERTICAL 1000LT WATER RED,TANKS VERTICAL,0.00,RM,02032025RM722,0.0000,0.000000
V1.0WSB,VERTICAL 1000LT WATER SECONDS BEIGE,SECONDS,0.00,RM,02032025RM723,0.0000,0.000000
V1.0WSBL,VERTICAL 1000LT WATER SECONDS BLUE,SECONDS,0.00,RM,02032025RM724,0.0000,0.000000
V1.0WSCB,VERTICAL 1000LT WATER SECONDS COFFEE BRN,SECONDS,0.00,RM,02032025RM725,0.0000,0.000000
V1.0WSG,VERTICAL 1000LT WATER SAGE GREEN,TANKS VERTICAL,0.00,RM,02032025RM726,0.0000,0.000000
V1.0WSJDG,VERTICAL 1000LT WATER SECONDS J/D GREEN,SECONDS,0.00,RM,02032025RM727,0.0000,0.000000
V1.0WSSG,VERTICAL 1000LT WATER SECONDS SAGE GREEN,SECONDS,0.00,RM,02032025RM728,0.0000,0.000000
V1.0WSY,VERTICAL 1000LT WATER SECONDS YELLOW,SECONDS,0.00,RM,02032025RM729,0.0000,0.000000
V1.0WW,VERTICAL 1000L WATER WHITE,TANKS VERTICAL,-2.00,RM,02032025RM1400,0.0000,0.000000
V1.0WY,VERTICAL 1000LT WATER YELLOW,TANKS VERTICAL,0.00,RM,02032025RM730,0.0000,0.000000
V1.5EHBL,VERTICAL 1500LT EXTRA HEAVY BLUE,TANKS VERTICAL,-3.00,RM,02032025RM1431,0.0000,0.000000
V1.5EHBLK,VERTICAL 1500LT EXTRA HEAVY BLACK,TANKS VERTICAL,-6.00,RM,02032025RM731,0.0000,0.000000
V1.5EHR,VERTICAL 1500LT EXTRA HEAVY RED,TANKS VERTICAL,-3.00,RM,02032025RM1430,0.0000,0.000000
V1.5EHSG,VERTICAL 1500LT EXTRA HEAVY SAGE GREEN,TANKS VERTICAL,0.00,RM,02032025RM732,0.0000,0.000000
V1.5EHSSG,VERTICAL 1500LT E/HEAVY SECONDS S/GREEN,SECONDS,0.00,RM,02032025RM733,0.0000,0.000000
V1.5HBL,VERTICAL 1500LT HEAVY BLUE,TANKS VERTICAL,0.00,RM,02032025RM734,0.0000,0.000000
V1.5HBLK,VERTICAL 1500LT HEAVY BLACK,TANKS VERTICAL,0.00,RM,02032025RM735,0.0000,0.000000
V1.5HDG,VERTICAL 1500LT HEAVY DARK GREEN,TANKS VERTICAL,0.00,RM,02032025RM736,0.0000,0.000000
V1.5HN,VERTICAL 1500LT HEAVY NATURAL,TANKS VERTICAL,-6.00,RM,02032025RM737,0.0000,0.000000
V1.5HSBLK,VERTICAL 1500LT HEAVY SECONDS BLACK,SECONDS,0.00,RM,02032025RM738,0.0000,0.000000
V1.5HSG,VERTICAL 1500LT HEAVY SAGE GREEN,TANKS VERTICAL,0.00,RM,02032025RM739,0.0000,0.000000
V1.5HSSG,VERTICAL 1500LT HEAVY SECONDS SAGE GREEN,SECONDS,0.00,RM,02032025RM740,0.0000,0.000000
V1.5HY,VERTICAL 1500LT HEAVY YELLOW,TANKS VERTICAL,0.00,RM,02032025RM741,0.0000,0.000000
V1.5MBLK,VERTICAL 1500LT MEDIUM BLACK,TANKS VERTICAL,0.00,RM,02032025RM742,0.0000,0.000000
V1.5MDG,VERTICAL 1500LT MEDIUM DARK GREEN,TANKS VERTICAL,-3.00,RM,02032025RM743,0.0000,0.000000
V1.5MN,VERTICAL 1500LT MEDIUM NATURAL,TANKS VERTICAL,-29.00,RM,02032025RM744,0.0000,0.000000
V1.5MSN,VERTICAL 1500LT MEDIUM SECONDS NATURAL,SECONDS,0.00,RM,02032025RM745,0.0000,0.000000
V1.5MSY,VERTICAL 1500LT MEDIUM SECONDS YELLOW,SECONDS,0.00,RM,02032025RM746,0.0000,0.000000
V1.5WB,VERTICAL 1500LT WATER BEIGE,TANKS VERTICAL,-1.00,RM,02032025RM747,0.0000,0.000000
V1.5WBL,VERTICAL 1500LT WATER BLUE,TANKS VERTICAL,0.00,RM,02032025RM748,0.0000,0.000000
V1.5WCB,VERTICAL 1500LT WATER COFFEE BROWN,TANKS VERTICAL,-9.00,RM,02032025RM749,0.0000,0.000000
V1.5WCBS,VERTICAL 1500LT WATER COFF BROWN SECONDS,SECONDS,-1.00,RM,02032025RM750,0.0000,0.000000
V1.5WDG,VERTICAL 1500LT WATER DARK GREEN,TANKS VERTICAL,-7.00,RM,02032025RM751,0.0000,0.000000
V1.5WDGS,VERTICAL 1500LT WATER DARK GREEN SECONDS,SECONDS,0.00,RM,02032025RM752,0.0000,0.000000
V1.5WGR,VERTICAL 1500LT WATER GREY,TANKS VERTICAL,0.00,RM,02032025RM753,0.0000,0.000000
V1.5WGRS,VERTICAL 1500LT WATER GREY SECONDS,SECONDS,0.00,RM,02032025RM754,0.0000,0.000000
V1.5WN,VERTICAL 1500LT WATER NATURAL,TANKS VERTICAL,0.00,RM,02032025RM755,0.0000,0.000000
V1.5WSG,VERTICAL 1500LT WATER SAGE GREEN,TANKS VERTICAL,0.00,RM,02032025RM756,0.0000,0.000000
V1.5WSGS,VERTICAL 1500LT WATER SAGE GREEN SECONDS,SECONDS,0.00,RM,02032025RM757,0.0000,0.000000
V10.0EH,VERTICAL 10 000LT EXTRA HEAVY,TANKS VERTICAL,0.00,RM,02032025RM758,0.0000,0.000000
V10.0EHSSG,V 10 000LT EXTRA HEAVY SECOND SAGE GREEN,SECONDS,0.00,RM,02032025RM759,0.0000,0.000000
V10.0HB,VERTICAL 10 000LT HEAVY BEIGE,TANKS VERTICAL,0.00,RM,02032025RM760,0.0000,0.000000
V10.0HBL,VERTICAL 10 000LT HEAVY BLUE,TANKS VERTICAL,0.00,RM,02032025RM761,0.0000,0.000000
V10.0HBO,VERTICAL 10 000L HEAVY BRONZE OLIVE,TANKS VERTICAL,-4.00,RM,02032025RM1315,0.0000,0.000000
V10.0HCB,VERTICAL 10000L HEAVY COFFEE BROWN,TANKS VERTICAL,-2.00,RM,02032025RM1415,0.0000,0.000000
V10.0HDG,VERTICAL 10 000LT HEAVY DARK GREEN,TANKS VERTICAL,-8.00,RM,02032025RM762,0.0000,0.000000
V10.0HGR,VERTICAL 10 000LT HEAVY GREY,TANKS VERTICAL,0.00,RM,02032025RM763,0.0000,0.000000
V10.0HJDG,VERTICAL 10 000LT HEAVY JOHN DEERE GREEN,TANKS VERTICAL,0.00,RM,02032025RM764,0.0000,0.000000
V10.0HN,VERTICAL 10 000LT HEAVY NATURAL,TANKS VERTICAL,-12.00,RM,02032025RM765,0.0000,0.000000
V10.0HS,VERTICAL 10 000LT HEAVY SECONDS,SECONDS,0.00,RM,02032025RM766,0.0000,0.000000
V10.0HSG,VERTICAL 10 000LT HEAVY SAGE GREEN,TANKS VERTICAL,0.00,RM,02032025RM767,0.0000,0.000000
V10.0MBL,VERTICAL 10 000LT MEDIUM BLUE,TANKS VERTICAL,-6.00,RM,02032025RM768,0.0000,0.000000
V10.0MDG,VERTICAL 10 000LT MEDIUM DARK GREEN,TANKS VERTICAL,-24.00,RM,02032025RM769,0.0000,0.000000
V10.0MHK,VERTICAL 10 000LT MEDIUM HENRED KHAKI,TANKS VERTICAL,0.00,RM,02032025RM770,0.0000,0.000000
V10.0MJDGS,VERTICAL 10000LT MEDIUM J/D GREEN SECOND,SECONDS,0.00,RM,02032025RM771,0.0000,0.000000
V10.0MJDGULTRA,VERTICAL 10 000LT MEDIUM J/D GREEN ULTRA,TANKS VERTICAL,0.00,RM,02032025RM772,0.0000,0.000000
V10.0MN,VERTICAL 10 000LT MEDIUM NATURAL,TANKS VERTICAL,-5.00,RM,02032025RM773,0.0000,0.000000
V10.0MR,VERTICAL 10 000LT MEDIUM RED,TANKS VERTICAL,0.00,RM,02032025RM774,0.0000,0.000000
V10.0MSG,VERTICAL 10 000LT MEDIUM SAGE GREEN,TANKS VERTICAL,-1.00,RM,02032025RM775,0.0000,0.000000
V10.0MSSG,V 10 000LT MEDIUM SECONDS SAGE GREEN,SECONDS,0.00,RM,02032025RM776,0.0000,0.000000
V10.0WB,VERTICAL 10 000LT WATER BEIGE,TANKS VERTICAL,-123.00,RM,02032025RM777,0.0000,0.000000
V10.0WBL,VERTICAL 10 000LT WATER BLUE,TANKS VERTICAL,-7.00,RM,02032025RM778,0.0000,0.000000
V10.0WBLK,VERTICAL 10 000LT WATER BLACK,TANKS VERTICAL,-3.00,RM,02032025RM779,0.0000,0.000000
V10.0WBO,VERTICAL 10 000L WATER BRONZE OLIVE,TANKS VERTICAL,-36.00,RM,02032025RM1323,0.0000,0.000000
V10.0WBR,VERTICAL 10 000LT WATER BROWN,TANKS VERTICAL,0.00,RM,02032025RM780,0.0000,0.000000
V10.0WBS,VERTICAL 10 000LT WATER BEIGE SECONDS,SECONDS,0.00,RM,02032025RM781,0.0000,0.000000
V10.0WCB,VERTICAL 10 000LT WATER COFFEE BROWN,TANKS VERTICAL,-72.00,RM,02032025RM782,0.0000,0.000000
V10.0WCG,VERTICAL 10 000LT WATER CAPE GREEN,TANKS VERTICAL,0.00,RM,02032025RM783,0.0000,0.000000
V10.0WCGR,VERTICAL 10 000LT WATER CHARCOAL GREY 29708,TANKS VERTICAL,-2.00,RM,02032025RM1384,0.0000,0.000000
V10.0WDG,VERTICAL 10 000LT WATER DARK GREEN,TANKS VERTICAL,-1198.00,RM,02032025RM784,0.0000,0.000000
V10.0WDGS,VERTICAL 10 000L WATER DARK GREEN SECOND,SECONDS,-3.00,RM,02032025RM1339,0.0000,0.000000
V10.0WGR,VERTICAL 10 000LT WATER GREY,TANKS VERTICAL,-194.00,RM,02032025RM785,0.0000,0.000000
V10.0WHK,VERTICAL 10 000LT WATER HENRED KHAKI,TANKS VERTICAL,0.00,RM,02032025RM786,0.0000,0.000000
V10.0WJDG,VERTICAL 10 000LT WATER J/D GREEN,TANKS VERTICAL,0.00,RM,02032025RM787,0.0000,0.000000
V10.0WN,VERTICAL 10 000LT WATER NATURAL,TANKS VERTICAL,-3.00,RM,02032025RM788,0.0000,0.000000
V10.0WPSG,VERTICAL 10 000LT WATER PIGMENT S/GREEN,TANKS VERTICAL,0.00,RM,02032025RM789,0.0000,0.000000
V10.0WR,VERTICAL 10 000LT WATER RED,TANKS VERTICAL,-1.00,RM,02032025RM790,0.0000,0.000000
V10.0WSG,VERTICAL 10 000LT WATER SAGE GREEN,TANKS VERTICAL,0.00,RM,02032025RM791,0.0000,0.000000
V10.0WSGSH,V 10 000LT WATER SAGE GREEN SECONDHAND,SECONDS,0.00,RM,02032025RM792,0.0000,0.000000
V10.0WSJDG,VERTICAL 10 000LT WATER SECONDS JD/GREEN,SECONDS,0.00,RM,02032025RM793,0.0000,0.000000
V10.0WSSG,VERTICAL 10 000LT WATER SECONDS S/GREEN,SECONDS,0.00,RM,02032025RM794,0.0000,0.000000
V10.0WY,VERTICAL 10 000LT WATER YELLOW,TANKS VERTICAL,0.00,RM,02032025RM795,0.0000,0.000000
V15.0EHY,VERTICAL 15 000LT EXTRA HEAVY YELLOW,TANKS VERTICAL,0.00,RM,02032025RM796,0.0000,0.000000
V15.0HBL,VERTICAL 15 000LT HEAVY BLUE,TANKS VERTICAL,0.00,RM,02032025RM797,0.0000,0.000000
V15.0HCB,VERTICAL 15000L HEAVY COFFEE BROWN,TANKS VERTICAL,-2.00,RM,02032025RM1414,0.0000,0.000000
V15.0HSG,VERTICAL 15 000LT HEAVY SAGE GREEN,TANKS VERTICAL,0.00,RM,02032025RM798,0.0000,0.000000
V15.0M,VERTICAL 15 000LT MEDIUM,TANKS VERTICAL,-2.00,RM,02032025RM799,21400.0000,-42800.000000
V15.0WB,VERTICAL 15 000LT WATER BEIGE,TANKS VERTICAL,-1.00,RM,02032025RM800,0.0000,0.000000
V15.0WBL,VERTICAL 15 000LT WATER BLUE,TANKS VERTICAL,0.00,RM,02032025RM801,0.0000,0.000000
V15.0WDG,VERTICAL 15 000LT WATER DARK GREEN,TANKS VERTICAL,-5.00,RM,02032025RM802,0.0000,0.000000
V15.0WGR,VERTICAL 15 000LT WATER GREY,TANKS VERTICAL,0.00,RM,02032025RM803,0.0000,0.000000
V2.0EH,VERTICAL 2000LT EXTRA HEAVY,TANKS VERTICAL,0.00,RM,02032025RM804,0.0000,0.000000
V2.0H,VERTICAL 2000LT HEAVY NATURAL,TANKS VERTICAL,0.00,RM,02032025RM805,0.0000,0.000000
V2.0MBL,VERTICAL 2000LT MEDIUM BLUE,TANKS VERTICAL,-1.00,RM,02032025RM806,0.0000,0.000000
V2.0MN,VERTICAL 2000LT MEDIUM NATURAL,TANKS VERTICAL,0.00,RM,02032025RM807,0.0000,0.000000
V2.0MSBL,VERTICAL 2000LT MEDIUM SECOND BLUE,SECONDS,0.00,RM,02032025RM808,0.0000,0.000000
V2.0MSG,VERTICAL 2000LT MEDIUM SAGE GREEN,TANKS VERTICAL,0.00,RM,02032025RM809,0.0000,0.000000
V2.0WB,VERTICAL 2000LT WATER BEIGE,TANKS VERTICAL,-27.00,RM,02032025RM810,0.0000,0.000000
V2.0WBO,VERTICAL 2000LT WATER BRONZE OLIVE,TANKS VERTICAL,-3.00,RM,02032025RM1469,0.0000,0.000000
V2.0WBS,VERTICAL 2000LT WATER BEIGE SECONDS,SECONDS,0.00,RM,02032025RM811,0.0000,0.000000
V2.0WCB,VERTICAL 2000LT WATER COFFEE BROWN,TANKS VERTICAL,-22.00,RM,02032025RM812,0.0000,0.000000
V2.0WCBS,VERTICAL 2000LT WATER COFFEE BROWN SECON,SECONDS,0.00,RM,02032025RM813,0.0000,0.000000
V2.0WDG,VERTICAL 2000LT WATER DARK GREEN,TANKS VERTICAL,-35.00,RM,02032025RM814,0.0000,0.000000
V2.0WDGS,VERTICAL 2000LT WATER DARK GREEN SECONDS,SECONDS,0.00,RM,02032025RM815,0.0000,0.000000
V2.0WGR,VERTICAL 2000LT WATER GREY 816,TANKS VERTICAL,-26.00,RM,02032025RM816,0.0000,0.000000
V2.0WJDG,VERTICAL 2000LT WATER J/D GREEN,TANKS VERTICAL,-1.00,RM,02032025RM817,0.0000,0.000000
V2.0WN,VERTICAL 2000LT WATER NATURAL,TANKS VERTICAL,-3.00,RM,02032025RM818,0.0000,0.000000
V2.0WSG,VERTICAL 2000LT WATER SAGE GREEN,TANKS VERTICAL,0.00,RM,02032025RM819,0.0000,0.000000
V2.0WSGS,VERTICAL 2000LT WATER SAGE GREEN SECONDS,SECONDS,0.00,RM,02032025RM820,0.0000,0.000000
V2.2EHBLK,2.2 EXTRA HEAVY,TANKS VERTICAL,0.00,RM,02032025RM1466,0.0000,0.000000
V2.2HDG,VERTICAL 2200L HEAVY DARK GREEN,TANKS VERTICAL,-2.00,RM,02032025RM1459,0.0000,0.000000
V2.2HN,VERTICAL 2200LT HEAVY NATURAL,TANKS VERTICAL,-1.00,RM,02032025RM1413,0.0000,0.000000
V2.2HNS,VERTICAL 2200LT HEAVY NATURAL SECONDS,SECONDS,0.00,RM,02032025RM821,0.0000,0.000000
V2.2MN,VERTICAL 2200L MEDIUM NATURAL,TANKS VERTICAL,0.00,RM,02032025RM1408,0.0000,0.000000
V2.2WB,VERTICAL 2200LT WATER BEIGE,TANKS VERTICAL,-2.00,RM,02032025RM822,0.0000,0.000000
V2.2WBL,VERTICAL 2200LT WATER BLUE,TANKS VERTICAL,0.00,RM,02032025RM823,0.0000,0.000000
V2.2WCB,VERTICAL 2200LT WATER COFFEE BROWN,TANKS VERTICAL,-11.00,RM,02032025RM824,0.0000,0.000000
V2.2WCBS,VERTICAL 2200LT WATER COFFEE BRW SECONDS,SECONDS,0.00,RM,02032025RM825,0.0000,0.000000
V2.2WDG,VERTICAL 2200LT WATER DARK GREEN,TANKS VERTICAL,-16.00,RM,02032025RM826,0.0000,0.000000
V2.2WGR,VERTICAL 2200LT WATER GREY,TANKS VERTICAL,-1.00,RM,02032025RM827,0.0000,0.000000
V2.2WGRS,VERTICAL 2200LT WATER GREY SECONDS,SECONDS,0.00,RM,02032025RM828,0.0000,0.000000
V2.2WN,VERTICAL 2200LT WATER NATURAL,TANKS VERTICAL,0.00,RM,02032025RM829,0.0000,0.000000
V2.2WS,VERTICAL 2200LT WATER BEIGE SECONDS,SECONDS,0.00,RM,02032025RM830,0.0000,0.000000
V2.2WSG,VERTICAL 2200LT WATER SAGE GREEN,TANKS VERTICAL,0.00,RM,02032025RM831,0.0000,0.000000
V2.5EHBLK,VERTICAL 2500LT EXTRA HEAVY BLACK,TANKS VERTICAL,-1.00,RM,02032025RM832,0.0000,0.000000
V2.5EHDG,VERTICAL 2500LT EXTRA HEAVY DARK GREEN,TANKS VERTICAL,0.00,RM,02032025RM833,0.0000,0.000000
V2.5EHN,VERTICAL 2500LT EXTRA HEAVY NATURAL,TANKS VERTICAL,0.00,RM,02032025RM834,0.0000,0.000000
V2.5EHSG,VERTICAL 2500LT EXTRA HEAVY SAGE GREEN,TANKS VERTICAL,0.00,RM,02032025RM835,0.0000,0.000000
V2.5EHY,VERTICAL 2500LT EXTRA HEAVY YELLOW,TANKS VERTICAL,0.00,RM,02032025RM836,0.0000,0.000000
V2.5HB,VERTICAL 2500LT HEAVY BEIGE,TANKS VERTICAL,0.00,RM,02032025RM837,0.0000,0.000000
V2.5HBL,VERTICAL 2500LT HEAVY BLUE,TANKS VERTICAL,0.00,RM,02032025RM838,0.0000,0.000000
V2.5HBLK,VERTICAL 2500LT HEAVY BLACK,TANKS VERTICAL,0.00,RM,02032025RM839,0.0000,0.000000
V2.5HCB,VERTICAL 2500LT HEAVY COFFEE BROWN,TANKS VERTICAL,-1.00,RM,02032025RM840,0.0000,0.000000
V2.5HDG,VERTICAL 2500LT HEAVY DARK GREEN,TANKS VERTICAL,-2.00,RM,02032025RM841,0.0000,0.000000
V2.5HGR,VERTICAL 2500LT HEAVY GREY 816,TANKS VERTICAL,-6.00,RM,02032025RM842,0.0000,0.000000
V2.5HN,VERTICAL 2500LT HEAVY NATURAL,TANKS VERTICAL,-12.00,RM,02032025RM843,0.0000,0.000000
V2.5HPB,VERTICAL 2500LT HEAVY PATH BLUE,TANKS VERTICAL,-6.00,RM,02032025RM1344,0.0000,0.000000
V2.5HSG,VERTICAL 2500LT HEAVY SAGE GREEN,TANKS VERTICAL,0.00,RM,02032025RM844,0.0000,0.000000
V2.5HSSG,VERTICAL 2500LT HEAVY SECONDS SAGE GREEN,SECONDS,0.00,RM,02032025RM845,0.0000,0.000000
V2.5HY,VERTICAL 2500LT HEAVY YELLOW,TANKS VERTICAL,0.00,RM,02032025RM846,0.0000,0.000000
V2.5MB,VERTICAL 2500LT MEDIUM BEIGE,TANKS VERTICAL,0.00,RM,02032025RM847,0.0000,0.000000
V2.5MBL,VERTICAL 2500LT MEDIUM BLUE,TANKS VERTICAL,-2.00,RM,02032025RM848,0.0000,0.000000
V2.5MBLK,VERTICAL 2500LT MEDIUM BLACK,TANKS VERTICAL,0.00,RM,02032025RM849,0.0000,0.000000
V2.5MDG,VERTICAL 2500LT MEDIUM DARK GREEN,TANKS VERTICAL,-3.00,RM,02032025RM850,0.0000,0.000000
V2.5MGR,VERTICAL 2500LT MEDIUM GREY 816,TANKS VERTICAL,-1.00,RM,02032025RM1453,0.0000,0.000000
V2.5MHK,VERTICAL 2500LT MEDIUM HENRED KHAKI,TANKS VERTICAL,0.00,RM,02032025RM851,0.0000,0.000000
V2.5MN,VERTICAL 2500LT MEDIUM NATURAL,TANKS VERTICAL,-71.00,RM,02032025RM852,0.0000,0.000000
V2.5MSBLK,VERTICAL 2500LT MEDIUM SECONDS BLACK,SECONDS,0.00,RM,02032025RM853,0.0000,0.000000
V2.5MSG,VERTICAL 2500LT MEDIUM SAGE GREEN,TANKS VERTICAL,0.00,RM,02032025RM854,0.0000,0.000000
V2.5MSN,VERTICAL 2500LT MEDIUM SECONDS NATURAL,SECONDS,0.00,RM,02032025RM855,0.0000,0.000000
V2.5MY,VERTICAL 2500LT MEDIUM YELLOW,TANKS VERTICAL,0.00,RM,02032025RM856,0.0000,0.000000
V2.5WB,VERTICAL 2500LT WATER BEIGE,TANKS VERTICAL,-156.00,RM,02032025RM857,0.0000,0.000000
V2.5WBL,VERTICAL 2500LT WATER BLUE,TANKS VERTICAL,-2.00,RM,02032025RM858,0.0000,0.000000
V2.5WBLK,VERTICAL 2500LT WATER BLACK,TANKS VERTICAL,0.00,RM,02032025RM859,0.0000,0.000000
V2.5WBO,VERTICAL 2500L WATER BRONZE OLIVE,TANKS VERTICAL,-229.00,RM,02032025RM1325,0.0000,0.000000
V2.5WBSH,VERTICAL 2500LT WATER BEIGE S/HAND,SECONDS,0.00,RM,02032025RM860,0.0000,0.000000
V2.5WCB,VERTICAL 2500LT WATER COFFEE BROWN,TANKS VERTICAL,-129.00,RM,02032025RM861,0.0000,0.000000
V2.5WCBS,V 2500LT WATER COFFEE BROWN SECONDS,SECONDS,-1.00,RM,02032025RM862,0.0000,0.000000
V2.5WCG,VERTICAL 2500LT WATER CAPE GREEN,TANKS VERTICAL,0.00,RM,02032025RM863,0.0000,0.000000
V2.5WCGR,VERTICAL 2500LT WATER CHARCOAL GREY 29708,TANKS VERTICAL,-1.00,RM,02032025RM1412,0.0000,0.000000
V2.5WDG,VERTICAL 2500LT WATER DARK GREEN,TANKS VERTICAL,-491.00,RM,02032025RM864,0.0000,0.000000
V2.5WDGR,VERTICAL 2500LT WATER DARK GREY (816),TANKS VERTICAL,-2.00,RM,02032025RM865,0.0000,0.000000
V2.5WDGS,VERTICAL 2500LT WATER DARK GREEN SECOND,SECONDS,-2.00,RM,02032025RM866,0.0000,0.000000
V2.5WGR,VERTICAL 2500LT WATER GREY,TANKS VERTICAL,-127.00,RM,02032025RM867,0.0000,0.000000
V2.5WGRS,VERTICAL 2500LT WATER GREY SECONDS,SECONDS,-2.00,RM,02032025RM868,0.0000,0.000000
V2.5WHK,VERTICAL 2500LT WATER HENRED KHAKI,TANKS VERTICAL,0.00,RM,02032025RM869,0.0000,0.000000
V2.5WJDG,VERTICAL 2500LT WATER J/D GREEN,TANKS VERTICAL,0.00,RM,02032025RM870,0.0000,0.000000
V2.5WN,VERTICAL 2500LT WATER NATURAL,TANKS VERTICAL,0.00,RM,02032025RM871,0.0000,0.000000
V2.5WR,VERTICAL 2500LT WATER RED,TANKS VERTICAL,0.00,RM,02032025RM872,0.0000,0.000000
V2.5WSB,VERTICAL 2500LT WATER SECONDS BEIGE,SECONDS,-1.00,RM,02032025RM873,0.0000,0.000000
V2.5WSBLK,VERTICAL 2500LT WATER SECONDS BLK,SECONDS,0.00,RM,02032025RM874,0.0000,0.000000
V2.5WSG,VERTICAL 2500LT WATER SAGE GREEN,TANKS VERTICAL,0.00,RM,02032025RM875,0.0000,0.000000
V2.5WSGSH,VERTICAL 2500LT WATER SAGE GREEN S/HAND,SECONDS,0.00,RM,02032025RM876,0.0000,0.000000
V2.5WSJDG,VERTICAL 2500LT WATER SECONDS J/D GREEN,SECONDS,0.00,RM,02032025RM877,0.0000,0.000000
V2.5WSSG,VERTICAL 2500LT WATER SECONDS SAGE GREEN,SECONDS,0.00,RM,02032025RM878,0.0000,0.000000
V2.5WSY,VERTICAL 2500LT WATER SECONDS YELLOW,SECONDS,0.00,RM,02032025RM879,0.0000,0.000000
V2.5WVBL,VERTICAL 2500LT WATER VODACOM BLUE,TANKS VERTICAL,-1.00,RM,02032025RM1424,0.0000,0.000000
V2.5WY,VERTICAL 2500LT WATER YELLOW,TANKS VERTICAL,0.00,RM,02032025RM880,0.0000,0.000000
V20.0HBL,VERTICAL 20 000LT HEAVY BLUE,TANKS VERTICAL,0.00,RM,02032025RM881,0.0000,0.000000
V20.0M,VERTICAL 20 000LT MEDIUM,TANKS VERTICAL,1.00,RM,02032025RM882,32000.0000,32000.000000
V20.0WBL,VERTICAL 20 000LT WATER BLUE,TANKS VERTICAL,0.00,RM,02032025RM883,0.0000,0.000000
V20.0WDG,VERTICAL 20 000LT WATER DARK GREEN,TANKS VERTICAL,-6.00,RM,02032025RM884,0.0000,0.000000
V5.5EH,VERTICAL 5500LT EXTRA HEAVY,TANKS VERTICAL,0.00,RM,02032025RM885,0.0000,0.000000
V5.5HBL,VERTICAL 5500LT HEAVY BLUE,TANKS VERTICAL,0.00,RM,02032025RM886,0.0000,0.000000
V5.5HDG,VERTICAL 5500LT HEAVY DARK GREEN,TANKS VERTICAL,0.00,RM,02032025RM887,0.0000,0.000000
V5.5HGR,VERTICAL 5500LT HEAVY GREY,TANKS VERTICAL,0.00,RM,02032025RM888,0.0000,0.000000
V5.5HJDG,VERTICAL 5500LT HEAVY JOHN DEERE GREEN,TANKS VERTICAL,0.00,RM,02032025RM889,0.0000,0.000000
V5.5HJDGULTRA,VERTICAL 5500LT HEAVY J/D GREEN ULTRASP,TANKS VERTICAL,0.00,RM,02032025RM890,0.0000,0.000000
V5.5HN,VERTICAL 5500LT HEAVY NATURAL,TANKS VERTICAL,-1.00,RM,02032025RM891,0.0000,0.000000
V5.5HS,VERTICAL 5500LT HEAVY SECONDS,SECONDS,0.00,RM,02032025RM892,0.0000,0.000000
V5.5MDG,VERTICAL 5500LT MEDIUM DARK GREEN,TANKS VERTICAL,0.00,RM,02032025RM893,0.0000,0.000000
V5.5MJDGULTRA,VERTICAL 5500LT MEDIUM J/D GREEN ULTRASP,TANKS VERTICAL,0.00,RM,02032025RM894,0.0000,0.000000
V5.5MN,VERTICAL 5500LT MEDIUM NATURAL,TANKS VERTICAL,0.00,RM,02032025RM895,0.0000,0.000000
V5.5MSG,VERTICAL 5500LT MEDIUM SAGE GREEN,TANKS VERTICAL,0.00,RM,02032025RM896,0.0000,0.000000
V5.5WB,VERTICAL 5500LT WATER BEIGE,TANKS VERTICAL,-3.00,RM,02032025RM897,0.0000,0.000000
V5.5WBL,VERTICAL 5500LT WATER BLUE,TANKS VERTICAL,0.00,RM,02032025RM898,0.0000,0.000000
V5.5WCB,VERTICAL 5500LT WATER COFFEE BROWN,TANKS VERTICAL,0.00,RM,02032025RM899,0.0000,0.000000
V5.5WDG,VERTICAL 5500LT WATER DARK GREEN,TANKS VERTICAL,-3.00,RM,02032025RM900,0.0000,0.000000
V5.5WGR,VERTICAL 5500LT WATER GREY,TANKS VERTICAL,-3.00,RM,02032025RM901,0.0000,0.000000
V5.5WGR29708,VERTICAL 5500LT WATER GREY 29708,TANKS VERTICAL,-1.00,RM,02032025RM1432,0.0000,0.000000
V5.5WR,VERTICAL 5500LT WATER RED,TANKS VERTICAL,0.00,RM,02032025RM902,0.0000,0.000000
V5.5WS,VERTICAL 5500LT WATER SECONDS,SECONDS,0.00,RM,02032025RM903,0.0000,0.000000
V5.5WSG,VERTICAL 5500LT WATER SAGE GREEN,TANKS VERTICAL,0.00,RM,02032025RM904,0.0000,0.000000
V5.5WY,VERTICAL 5500LT WATER YELLOW,TANKS VERTICAL,0.00,RM,02032025RM905,0.0000,0.000000
V8.0EH,VERTICAL 8000LT EXTRA HEAVY,TANKS VERTICAL,0.00,RM,02032025RM906,0.0000,0.000000
V8.0HBL,VERTICAL 8000LT HEAVY BLUE,TANKS VERTICAL,0.00,RM,02032025RM907,0.0000,0.000000
V8.0HDG,VERTICAL 8000LT HEAVY DARK GREEN,TANKS VERTICAL,-5.00,RM,02032025RM909,0.0000,0.000000
V8.0HS,VERTICAL 8000LT HEAVY SECONDS,SECONDS,0.00,RM,02032025RM908,0.0000,0.000000
V8.0MDG,VERTICAL 8000LT MEDIUM DARK GREEN,TANKS VERTICAL,-4.00,RM,02032025RM910,0.0000,0.000000
V8.0MS,VERTICAL 8000LT MEDIUM SECOND,SECONDS,0.00,RM,02032025RM911,0.0000,0.000000
V8.0MSG,VERTICAL 8000LT MEDIUM SAGE GREEN,TANKS VERTICAL,0.00,RM,02032025RM912,0.0000,0.000000
V8.0WB,VERTICAL 8000LT WATER BEIGE,TANKS VERTICAL,-1.00,RM,02032025RM913,0.0000,0.000000
V8.0WBL,VERTICAL 8000LT WATER BLUE,TANKS VERTICAL,-1.00,RM,02032025RM914,0.0000,0.000000
V8.0WCB,VERTICAL 8000LT WATER COFFEE BROWN,TANKS VERTICAL,-1.00,RM,02032025RM915,0.0000,0.000000
V8.0WDG,VERTICAL 8000LT WATER DARK GREEN,TANKS VERTICAL,-1.00,RM,02032025RM916,0.0000,0.000000
V8.0WDGS,VERTICAL 8000LT WATER DARK GREEN SECONDS,SECONDS,0.00,RM,02032025RM917,0.0000,0.000000
V8.0WGR,VERTICAL 8000LT WATER GREY,TANKS VERTICAL,-3.00,RM,02032025RM918,0.0000,0.000000
V8.0WN,VERTICAL 8000LT WATER NATURAL,TANKS VERTICAL,0.00,RM,02032025RM919,0.0000,0.000000
V8.0WSG,VERTICAL 8000LT WATER SAGE GREEN,TANKS VERTICAL,0.00,RM,02032025RM920,0.0000,0.000000
V8.0WSSG,VERTICAL 8000LT WATER SECONDS SAGE GREEN,SECONDS,0.00,RM,02032025RM921,0.0000,0.000000
VB10.0WB,VERTICAL 10 000LT BUDGET WATER BEIGE,TANKS VERTICAL,0.00,RM,02032025RM922,0.0000,0.000000
VB10.0WCB,VERTICAL 10000LT BUDGET WATER COFF BROWN,TANKS VERTICAL,0.00,RM,02032025RM923,0.0000,0.000000
VB10.0WCG,VERTICAL 10 000L BUDGET WATER CHARCOAL GREY 29708,TANKS VERTICAL,-1.00,RM,02032025RM1314,0.0000,0.000000
VB10.0WDG,VERTICAL 10000LT BUDGET WATER DARK GREEN,TANKS VERTICAL,-46.00,RM,02032025RM924,0.0000,0.000000
VB10.0WGR,VERTICAL 10000LT BUDGET WATER GREY,TANKS VERTICAL,-2.00,RM,02032025RM1355,0.0000,0.000000
VB10.0WJDG,VERTICAL 10 000LT BUDGET WATER J/D GREEN,TANKS VERTICAL,0.00,RM,02032025RM925,0.0000,0.000000
VB10.0WSG,VERTICAL 10 000LT BUDGET WATER SAGE GREE,TANKS VERTICAL,0.00,RM,02032025RM926,0.0000,0.000000
VB2.5WB,VERTICAL BUDGET 2500L WATER BEIGE,TANKS VERTICAL,0.00,RM,02032025RM927,0.0000,0.000000
VB2.5WCB,VERTICAL BUDGET 2500L WATER COFFEE BROWN,TANKS VERTICAL,-48.00,RM,02032025RM928,0.0000,0.000000
VB2.5WDG,VERTICAL BUDGET 2500L WATER DARK GREEN,TANKS VERTICAL,-47.00,RM,02032025RM929,0.0000,0.000000
VB2.5WG,VERTICAL BUDGET 2500L WATER GREY,TANKS VERTICAL,-1.00,RM,02032025RM930,0.0000,0.000000
VB2.5WG29708,VERTICAL BUDGET 2500L WATER GREY 29708,TANKS VERTICAL,0.00,RM,02032025RM931,0.0000,0.000000
VBD5.0WB,V 5000LT BUDGET DUMPIE WATER BEIGE,TANKS VERTICAL,-27.00,RM,02032025RM932,0.0000,0.000000
VBD5.0WB916,V 5000LT BUDGET DUMPIE WATER BEIGE 916,TANKS VERTICAL,0.00,RM,02032025RM933,0.0000,0.000000
VBD5.0WBL,V 5000LT BUDGET DUMPIE WATER BLUE,TANKS VERTICAL,0.00,RM,02032025RM934,0.0000,0.000000
VBD5.0WBLK,V 5000LT BUDGET DUMPIE WATER BLACK,TANKS VERTICAL,0.00,RM,02032025RM935,0.0000,0.000000
VBD5.0WBSH,V 5000LT BDGET DUMPIE WATER BEIGE S/HAND,SECONDS,0.00,RM,02032025RM936,0.0000,0.000000
VBD5.0WCB,V5000LT BUDGET DUMPIE WATER COFFEE BROWN,TANKS VERTICAL,-78.00,RM,02032025RM937,0.0000,0.000000
VBD5.0WDG,V 5000LT BUDGET DUMPIE WATER DARK GREEN,TANKS VERTICAL,-178.00,RM,02032025RM938,0.0000,0.000000
VBD5.0WGR,V 5000LT BUDGET DUMPIE WATER GREY,TANKS VERTICAL,-19.00,RM,02032025RM939,0.0000,0.000000
VBD5.0WHK,V5000LT BUDGET DUMPIE WATER HENRED KHAKI,TANKS VERTICAL,0.00,RM,02032025RM940,0.0000,0.000000
VBD5.0WJDG,V 5000LT BUDGET DUMPIE WATER J/D GREEN,TANKS VERTICAL,0.00,RM,02032025RM941,0.0000,0.000000
VBD5.0WR,V 5000LT BUDGET DUMPIE WATER RED,TANKS VERTICAL,0.00,RM,02032025RM942,0.0000,0.000000
VBD5.0WSB,V5000LT BUDGET DUMPIE WATER SECONDS BEIG,SECONDS,0.00,RM,02032025RM943,0.0000,0.000000
VBD5.0WSBLK,V 5000LT BUDGET DUMPIE WATER SECONDS BLK,SECONDS,0.00,RM,02032025RM944,0.0000,0.000000
VBD5.0WSCB,V5000LT BUDG DUMP WATER SECOND COF BRWN,SECONDS,0.00,RM,02032025RM945,0.0000,0.000000
VBD5.0WSDG,V5000 BUDGET DUMPIE WATER SECOND D/GREEN,SECONDS,0.00,RM,02032025RM946,0.0000,0.000000
VBD5.0WSG,V 5000LT BUDGET DUMPIE WATER SAGE GREEN,TANKS VERTICAL,0.00,RM,02032025RM947,0.0000,0.000000
VBD5.0WSGR,V 5000LT BUDGET DUMPIE WATER SECOND GREY,SECONDS,0.00,RM,02032025RM948,0.0000,0.000000
VBD5.0WSSG,V5000 BUDGET DUMPIE WATER SECOND S/GREEN,SECONDS,0.00,RM,02032025RM949,0.0000,0.000000
VBD5.0WY,V 5000LT BUDGET DUMPIE WATER YELLOW,TANKS VERTICAL,0.00,RM,02032025RM950,0.0000,0.000000
VD5.0EH,V DUMPIE 5000LT EXTRA HEAVY NATURAL,TANKS VERTICAL,0.00,RM,02032025RM951,0.0000,0.000000
VD5.0HBL,V DUMPIE 5000LT HEAVY BLUE,TANKS VERTICAL,-2.00,RM,02032025RM952,0.0000,0.000000
VD5.0HBLK,V DUMPIE 5000LT HEAVY BLACK,TANKS VERTICAL,-2.00,RM,02032025RM953,0.0000,0.000000
VD5.0HN,V DUMPIE 5000LT HEAVY NATURAL,TANKS VERTICAL,-7.00,RM,02032025RM954,0.0000,0.000000
VD5.0HSG,V DUMPIE 5000LT HEAVY SAGE GREEN,TANKS VERTICAL,0.00,RM,02032025RM955,0.0000,0.000000
VD5.0HSGR,V DUMPIE 5000LT HEAVY GREY SECONDS,SECONDS,0.00,RM,02032025RM956,0.0000,0.000000
VD5.0HY,V DUMPIE 5000LT HEAVY YELLOW,TANKS VERTICAL,-1.00,RM,02032025RM957,0.0000,0.000000
VD5.0M,V DUMPIE 5000LT MEDIUM BLUE,TANKS VERTICAL,-3.00,RM,02032025RM958,0.0000,0.000000
VD5.0MDG,V DUMPIE 5000LT MEDIUM DARK GREEN,TANKS VERTICAL,-7.00,RM,02032025RM959,0.0000,0.000000
VD5.0MN,V DUMPIE 5000LT MEDIUM NATURAL,TANKS VERTICAL,-36.00,RM,02032025RM960,0.0000,0.000000
VD5.0MNS,V DUMPIE 5000LT MEDIUM NATURAL SECONDS,SECONDS,0.00,RM,02032025RM961,0.0000,0.000000
VD5.0MSG,V DUMPIE 5000LT MEDIUM SAGE GREEN,TANKS VERTICAL,0.00,RM,02032025RM962,0.0000,0.000000
VD5.0WB,VERTICAL 5000LT DUMPIE BEIGE,TANKS VERTICAL,-322.00,RM,02032025RM963,0.0000,0.000000
VD5.0WBG,VERTICAL 5000LT DUMPIE BIRCH GREY,TANKS VERTICAL,-1.00,RM,02032025RM1456,0.0000,0.000000
VD5.0WBL,VERTICAL 5000LT DUMPIE BLUE,TANKS VERTICAL,-11.00,RM,02032025RM964,0.0000,0.000000
VD5.0WBLK,VERTICAL 5000LT DUMPIE BLACK,TANKS VERTICAL,-2.00,RM,02032025RM965,0.0000,0.000000
VD5.0WBLSTERI,VERTICAL 5000LT BLUE STERI TANK,TANKS VERTICAL,0.00,RM,02032025RM1069,0.0000,0.000000
VD5.0WBO,VERTICAL 5000LT DUMPIE BRONZE OLIVE,TANKS VERTICAL,-66.00,RM,02032025RM1324,0.0000,0.000000
VD5.0WBS,V 5000LT DUMPIE WATER SECONDS BEIGE,SECONDS,-1.00,RM,02032025RM966,0.0000,0.000000
VD5.0WCB,VERTICAL 5000LT DUMPIE COFFEE BROWN,TANKS VERTICAL,-300.00,RM,02032025RM967,0.0000,0.000000
VD5.0WCBS,VERTICAL 5000LT DUMPIE COFFEE BRWN SECON,SECONDS,-2.00,RM,02032025RM968,0.0000,0.000000
VD5.0WCG,VERTICAL 5000LT DUMPIE CHARCOAL GREY,TANKS VERTICAL,-2.00,RM,02032025RM969,0.0000,0.000000
VD5.0WDG,VERTICAL 5000LT DUMPIE DARK GREEN,TANKS VERTICAL,-1139.00,RM,02032025RM970,0.0000,0.000000
VD5.0WDGSH,VERTICAL 5000LT DUMPIE DARK GREEN S/HAND,SECONDS,0.00,RM,02032025RM971,0.0000,0.000000
VD5.0WGP,V 5000LT DUMPIE NATURAL WITH GREEN PIGM,TANKS VERTICAL,0.00,RM,02032025RM972,0.0000,0.000000
VD5.0WGR,VERTICAL 5000LT DUMPIE GREY,TANKS VERTICAL,-411.00,RM,02032025RM973,0.0000,0.000000
VD5.0WGRG,VERTICAL 5000LT DUMPIE GRANITE GREY,TANKS VERTICAL,-4.00,RM,02032025RM1321,0.0000,0.000000
VD5.0WJDG,VERTICAL 5000LT DUMPIE J/D GREEN,TANKS VERTICAL,0.00,RM,02032025RM974,0.0000,0.000000
VD5.0WJDGSH,VERTICAL 5000LT DUMPIE J/D GREEN S/HAND,SECONDS,0.00,RM,02032025RM975,0.0000,0.000000
VD5.0WN,VERTICAL 5000LT DUMPIE NATURAL,TANKS VERTICAL,0.00,RM,02032025RM976,0.0000,0.000000
VD5.0WP,VERTICAL 5000LT DUMPIE PINK,TANKS VERTICAL,0.00,RM,02032025RM977,0.0000,0.000000
VD5.0WPUR,VERTICAL 5000LT DUMPIE PURPLE,TANKS VERTICAL,-1.00,RM,02032025RM978,0.0000,0.000000
VD5.0WSDG,V5000LT DUMPIE WATER SECONDS DARK GREEN,SECONDS,-4.00,RM,02032025RM979,0.0000,0.000000
VD5.0WSG,VERTICAL 5000LT DUMPIE SAGE GREEN,TANKS VERTICAL,0.00,RM,02032025RM980,0.0000,0.000000
VD5.0WSGR,V5000LT DUMPIE WATER SECONDS GREY,SECONDS,-2.00,RM,02032025RM981,0.0000,0.000000
VD5.0WSGS,V 5000LT DUMPIE WATER SECOND SAGE GREEN,SECONDS,0.00,RM,02032025RM982,0.0000,0.000000
VD5.0WSJDG,V5000LT DUMPIE WATER SECONDS J/D GREEN,SECONDS,0.00,RM,02032025RM983,0.0000,0.000000
VD5.0WSN,V5000LT DUMPIE WATER SECONDS NATURAL,SECONDS,0.00,RM,02032025RM984,0.0000,0.000000
VD5.0WY,VERTICAL 5000LT DUMPIE YELLOW,TANKS VERTICAL,-1.00,RM,02032025RM985,0.0000,0.000000
VE0.25WDG,VERTICAL ECO 250LT WATER DARK GREEN,TANKS VERTICAL,0.00,RM,02032025RM986,0.0000,0.000000
VE5.0CB,VERTICAL EASY WATER 5000LT COFFEE BROWN,CUSTOM,0.00,RM,02032025RM987,0.0000,0.000000
VEW0.25B,VERTICAL EASY WATER 250LT COFFEE BROWN,CUSTOM,0.00,RM,02032025RM988,0.0000,0.000000
VEW0.5B,VERTICAL EASY WATER 500LT COFFEE BROWN,CUSTOM,-5.00,RM,02032025RM989,0.0000,0.000000
VEW1.0B,VERTICAL EASY WATER 1000LT COFFEE BROWN,CUSTOM,-2.00,RM,02032025RM990,0.0000,0.000000
VEW1.5B,VERTICAL EASY WATER 1500LT COFFEE BROWN,CUSTOM,-2.00,RM,02032025RM991,0.0000,0.000000
VEW10.0B,VERTICAL EASY WATER 10 000LT COFFEE BROW,CUSTOM,0.00,RM,02032025RM992,0.0000,0.000000
VEW2.5B,VERTICAL EASY WATER 2500LT COFFEE BROWN,CUSTOM,-5.00,RM,02032025RM993,0.0000,0.000000
VEW5.0CB,VERTICAL EASY WATER 5000LT COFFEE BROWN,CUSTOM,0.00,RM,02032025RM994,0.0000,0.000000
VEW5.5B,VERTICAL EASY WATER 5500LT COFFEE BROWN,CUSTOM,0.00,RM,02032025RM995,0.0000,0.000000
VEW8.0CB,VERTICAL EASY WATER 8000L COFFEE BROWN,CUSTOM,-4.00,RM,02032025RM996,0.0000,0.000000
VEWSLIMJILLCB,EASY WATER SLIMJILL COFFEE BROWN,CUSTOM,0.00,RM,02032025RM997,0.0000,0.000000
VH0.5WB,VERTICAL 500LT HERO WATER BEIGE,URBAN WATER,0.00,RM,02032025RM998,0.0000,0.000000
VH0.5WDG,VERTICAL 500LT HERO WATER DARK GREEN,URBAN WATER,0.00,RM,02032025RM999,0.0000,0.000000
VH0.5WGR,VERTICAL 500LT HERO WATER GREY,URBAN WATER,0.00,RM,02032025RM1000,0.0000,0.000000
VH0.5WSG,VERTICAL 500LT HERO WATER SAGE GREEN,URBAN WATER,0.00,RM,02032025RM1001,0.0000,0.000000
VH0.5WSGS,VERTICAL 500LT HERO WATER SAGE GR SECOND,SECONDS,0.00,RM,02032025RM1002,0.0000,0.000000
VH1.5WB,VERTICAL 1500LT HERO WATER BEIGE,URBAN WATER,0.00,RM,02032025RM1003,0.0000,0.000000
VH1.5WDG,VERTICAL 1500LT HERO WATER DARK GREEN,URBAN WATER,0.00,RM,02032025RM1004,0.0000,0.000000
VH1.5WDGS,V 1500LT HERO WATER DARK GREEN SECONDS,SECONDS,0.00,RM,02032025RM1005,0.0000,0.000000
VH1.5WO,VERTICAL 1500LT HERO WATER ORANGE,URBAN WATER,0.00,RM,02032025RM1006,0.0000,0.000000
VH1.5WSG,VERTICAL 1500LT HERO WATER SAGE GREEN,URBAN WATER,0.00,RM,02032025RM1007,0.0000,0.000000
VH10.0WB,VERTICAL 10 000LT HERO WATER BEIGE,URBAN WATER,0.00,RM,02032025RM1008,0.0000,0.000000
VH10.0WBL,VERTICAL 10 000LT HERO WATER BLUE,URBAN WATER,0.00,RM,02032025RM1009,0.0000,0.000000
VH10.0WDG,VERTICAL 10 000LT HERO WATER DARK GREEN,URBAN WATER,0.00,RM,02032025RM1010,0.0000,0.000000
VH10.0WGR,VERTICAL 10 000LT HERO WATER GREY,URBAN WATER,0.00,RM,02032025RM1011,0.0000,0.000000
VH10.0WHK,VERTICAL 10 000LT HERO WATER HENRED KHAK,URBAN WATER,0.00,RM,02032025RM1012,0.0000,0.000000
VH10.0WJDG,VERTICAL 10 000LT HERO WATER J/D GREEN,URBAN WATER,0.00,RM,02032025RM1013,0.0000,0.000000
VH10.0WR,VERTICAL 10 000LT HERO WATER RED,URBAN WATER,0.00,RM,02032025RM1014,0.0000,0.000000
VH10.0WSG,VERTICAL 10 000LT HERO WATER SAGE GREEN,URBAN WATER,-1.00,RM,02032025RM1015,0.0000,0.000000
VH5.0WB,VERTICAL 5000LT HERO WATER BEIGE,URBAN WATER,0.00,RM,02032025RM1017,0.0000,0.000000
VH5.0WCB,VERTICAL 5000LT HERO WATER COFFEE BROWN,URBAN WATER,0.00,RM,02032025RM1018,0.0000,0.000000
VH5.0WDG,VERTICAL 5000LT HERO WATER DARK GREEN,URBAN WATER,0.00,RM,02032025RM1019,0.0000,0.000000
VH5.0WGR,VERTICAL 5000LT HERO WATER GREY,URBAN WATER,0.00,RM,02032025RM1020,0.0000,0.000000
VH5.0WHK,VERTICAL 5000LT HERO WATER HENRED KHAKI,URBAN WATER,0.00,RM,02032025RM1021,0.0000,0.000000
VH5.0WS,VERTICAL 5000LT HERO WATER SECOND,SECONDS,0.00,RM,02032025RM1022,0.0000,0.000000
VH5.0WSG,VERTICAL 5000LT HERO WATER SAGE GREEN,URBAN WATER,-1.00,RM,02032025RM1023,0.0000,0.000000
VS0.25,VERTICAL SCARAB 250LT DB SAGE GREEN,SCARAB,0.00,RM,02032025RM1024,0.0000,0.000000
VS0.5,VERTICAL SCARAB 500LT DB SAGE GREEN,SCARAB,0.00,RM,02032025RM1025,0.0000,0.000000
VS0.5B,VERTICAL SCARAB 500LT DB NEL BEIGE,SCARAB,0.00,RM,02032025RM1026,0.0000,0.000000
VS0.5HK,VERTICAL SCARAB 500LT DB HENRED KHAKI,SCARAB,0.00,RM,02032025RM1027,0.0000,0.000000
VS1.0,VERTICAL SCARAB 1000LT DB SAGE GREEN,SCARAB,0.00,RM,02032025RM1028,0.0000,0.000000
VS1.5,VERTICAL SCARAB 1500LT DB SAGE GREEN,SCARAB,0.00,RM,02032025RM1029,0.0000,0.000000
VS1.5B,VERTICAL SCARAB 1500LT NEL BEIGE,SCARAB,0.00,RM,02032025RM1030,0.0000,0.000000
VS10.0,VERTICAL SCARAB 10 000LT DB SAGE GREEN,SCARAB,0.00,RM,02032025RM1031,0.0000,0.000000
VS10.0B,VERTICAL SCARAB 10 000LT DB NEL BEIGE,SCARAB,0.00,RM,02032025RM1032,0.0000,0.000000
VS10.0HK,VERTICAL SCARAB 10 000LT DB HENRED KHAKI,SCARAB,0.00,RM,02032025RM1033,0.0000,0.000000
VS2.5,VERTICAL SCARAB 2500LT DB SAGE GREEN,SCARAB,0.00,RM,02032025RM1034,0.0000,0.000000
VS2.5B,VERTICAL SCARAB 2500LT DB NELBEIGE,SCARAB,0.00,RM,02032025RM1035,0.0000,0.000000
VS2.5HK,VERTICAL SCARAB 2500LT DB HENRED KHAKI,SCARAB,0.00,RM,02032025RM1036,0.0000,0.000000
VS5.0,VERTICAL SCARAB 5000LT DB SAGE GREEN,SCARAB,0.00,RM,02032025RM1037,0.0000,0.000000
VS5.0DG,VERTICAL SCARAB 5000LT DARK GREEN,SCARAB,0.00,RM,02032025RM1038,0.0000,0.000000
VS5.0HK,VERTICAL SCARAB 5000LT DB HENRED KHAKI,SCARAB,0.00,RM,02032025RM1039,0.0000,0.000000
VS5.5,VERTICAL SCARAB 5500LT DB SAGE GREEN,SCARAB,0.00,RM,02032025RM1040,0.0000,0.000000
VS8.0,VERTICAL SCARAB 8000L DB SAGE GREEN,SCARAB,0.00,RM,02032025RM1041,0.0000,0.000000
VT5.0EH,V TALL 5000LT EXTRA HEAVY,TANKS VERTICAL,0.00,RM,02032025RM1042,0.0000,0.000000
VT5.0HDG,V TALL 5000LT HEAVY DARK GREEN,TANKS VERTICAL,-4.00,RM,02032025RM1043,0.0000,0.000000
VT5.0HN,V TALL 5000LT HEAVY NATURAL,TANKS VERTICAL,0.00,RM,02032025RM1044,0.0000,0.000000
VT5.0HSG,V TALL 5000LT HEAVY SAGE GREEN,TANKS VERTICAL,0.00,RM,02032025RM1045,0.0000,0.000000
VT5.0MBL,V TALL 5000LT MEDIUM BLUE,TANKS VERTICAL,0.00,RM,02032025RM1046,0.0000,0.000000
VT5.0MDG,V TALL 5000LT MEDIUM DARK GREEN,TANKS VERTICAL,0.00,RM,02032025RM1047,0.0000,0.000000
VT5.0MN,V TALL 5000LT MEDIUM NATURAL,TANKS VERTICAL,0.00,RM,02032025RM1048,0.0000,0.000000
VT5.0MSG,V TALL 5000LT MEDIUM SAGE GREEN,TANKS VERTICAL,0.00,RM,02032025RM1049,0.0000,0.000000
VT5.0WB,V TALL 5000LT WATER BEIGE,TANKS VERTICAL,0.00,RM,02032025RM1050,0.0000,0.000000
VT5.0WBL,V TALL 5000LT WATER BLUE,TANKS VERTICAL,0.00,RM,02032025RM1051,0.0000,0.000000
VT5.0WBLK,V TALL 5000LT WATER BLACK,TANKS VERTICAL,0.00,RM,02032025RM1052,0.0000,0.000000
VT5.0WCB,V TALL 5000LT WATER COFFEE BROWN,TANKS VERTICAL,0.00,RM,02032025RM1053,0.0000,0.000000
VT5.0WDG,V TALL 5000LT WATER DARK GREEN,TANKS VERTICAL,-7.00,RM,02032025RM1054,0.0000,0.000000
VT5.0WGR,V TALL 5000LT WATER GREY,TANKS VERTICAL,0.00,RM,02032025RM1055,0.0000,0.000000
VT5.0WJDG,V TALL 5000LT WATER J/D GREEN,TANKS VERTICAL,0.00,RM,02032025RM1056,0.0000,0.000000
VT5.0WN,V TALL 5000LT WATER NATURAL,TANKS VERTICAL,0.00,RM,02032025RM1057,0.0000,0.000000
VT5.0WSG,V TALL 5000LT WATER SAGE GREEN,TANKS VERTICAL,0.00,RM,02032025RM1058,0.0000,0.000000
VT5.0WY,V TALL 5000LT WATER YELLOW,TANKS VERTICAL,0.00,RM,02032025RM1059,0.0000,0.000000
VTANK,VEGTECH TANK 750L BROWN PIGMENT,CUSTOM,-44.00,RM,02032025RM1060,0.0000,0.000000
VTANKS,VEGTECH TANK 750L SECONDS,SECONDS,0.00,RM,02032025RM1061,0.0000,0.000000
VU2.5WDG,VERTICAL 2500LT URBAN WATER DARK GREEN,URBAN WATER,-1.00,RM,02032025RM1016,0.0000,0.000000
VU2.5WHK,URBAN SLIM 2500LT WATER HENRED KHAKI,TANKS VERTICAL,0.00,RM,02032025RM1468,0.0000,0.000000
VUS2.5WB,URBAN SLIM 2500LT WATER BEIGE,URBAN WATER,-7.00,RM,02032025RM1062,0.0000,0.000000
VUS2.5WBLK,URBAN SLIM 2500LT WATER BLACK,URBAN WATER,0.00,RM,02032025RM1063,0.0000,0.000000
VUS2.5WCB,URBAN SLIM 2500LT WATER COFFEE BROWN,URBAN WATER,-3.00,RM,02032025RM1064,0.0000,0.000000
VUS2.5WGR,URBAN SLIM 2500L WATER GREY,URBAN WATER,-2.00,RM,02032025RM1065,0.0000,0.000000
VUS5.0WB,URBAN SLIM 5000L WATER BEIGE,URBAN WATER,0.00,RM,02032025RM1066,0.0000,0.000000
VUS5.0WBO,URBAN SLIM 5000L WATER BRONZE OLIVE,URBAN WATER,-2.00,RM,02032025RM1416,0.0000,0.000000
VUS5.0WCB,URBAN SLIM 5000L WATER COFFEE BROWN,URBAN WATER,-3.00,RM,02032025RM1067,0.0000,0.000000
VUS5.0WGR,URBAN SLIM 5000L WATER GREY,URBAN WATER,-4.00,RM,02032025RM1068,0.0000,0.000000
WAS-BOD-G-51616,XOX BODY WASHERS EI GALV M5 x16 x1.6,Fittings,0.00,RM,02032025RM1189,0.0000,0.000000
WAS-BOD-G-51916,WASHERS M05 FLAT GALV 19X16,Fittings,25130.00,RM,02032025RM1190,0.2500,6282.500000
WAS-BON-M6X019,BONDED WASHERS M6X19,Fittings,10450.00,RM,02032025RM1191,0.1700,1776.500000
WAS-FLAT-M10,FLAT WASHER DIN125 M10 ZINC PLT,Fittings,12050.00,RM,02032025RM1310,0.2400,2892.000000
WAS-FLAT-M12-BLK,FLAT WASHER DIN125 M12 PLAIN/BLK,Consumables,10000.00,RM,02032025RM1296,0.3200,3200.000000
WAS-FLAT-M12-ZINC,FLAT WASHER DIN125 M12 ZINC PLT,Fittings,6270.00,RM,02032025RM1318,0.3900,2445.300000
Y5004,MERCURY PLASTICS YELLOW Y5004,PIGMENTS,0.00,RM,02032025RM1208,0.0000,0.000000
Y600.0,CABLE ASSEMBLY STD (450mm LID),Fittings,0.00,RM,02032025RM1192,28.2800,0.000000
Z001.V,175MM LID-VENTED + STD SEAL,Fittings,7.00,RM,02032025RM1193,87.9100,615.370000
Z004.1,160MM LID - VENTED + STD SEAL,Fittings,0.00,RM,02032025RM1194,82.4000,0.000000
Z010,40/20MM REDUCER,Fittings,0.00,RM,02032025RM1195,7.4900,0.000000
Z014.0,50/40MM REDUCER,Fittings,3100.00,RM,02032025RM1196,7.0900,21979.000000
Z014.4,40MM THUMB PLUG,Fittings,3650.00,RM,02032025RM1197,7.1000,25915.000000
Z014.V,50MM VENT WITH ST MESH,Fittings,0.00,RM,02032025RM1165,17.0900,0.000000
Z019,16X2 COUPLER,Fittings,0.00,RM,02032025RM1198,9.2400,0.000000
Z020,16X16 COUPLER,Fittings,0.00,RM,02032025RM1199,9.2400,0.000000
Z024.0,LABYRINTH VENT - BOLT ON,Fittings,0.00,RM,02032025RM1273,31.7800,0.000000
Z040.1,15MM FLOAT VALVE + 2 - WAY BH,Fittings,0.00,RM,02032025RM1298,275.1500,0.000000
Z040.2,25MM FLOAT VALVE + 2 - WAY BH,Fittings,0.00,RM,02032025RM1299,508.4200,0.000000
Z040.3,40MM FLOAT VALVE + 2 - WAY BH,Fittings,3.00,RM,02032025RM1274,530.6100,1591.830000
Z080,70MM OVERFLOW VENT - FLAT,Fittings,0.00,RM,02032025RM1200,34.1100,0.000000
Z110.C,GRAINFEEDER SET,Fittings,0.00,RM,02032025RM1272,52.0900,0.000000
