Document,ItemCode,Category,Trn,Description,Qty,Year_Mth_Week,Due_Date
QOH,2B,POOL,OH,FILTER 2BAG GREY 816,-584.0000,On Hand,02 Mar 2025
QOH,2BH,POOL,OH,FILTER 2BAG HERO CHARCOAL GREY 29708,0.0000,On Hand,02 Mar 2025
QOH,3B,POOL,OH,FILTER 3BAG GREY 816,-1240.0000,On Hand,02 Mar 2025
QOH,3BH,POOL,OH,FILTER 3BAG HERO CHARCOAL GREY 29708,0.0000,On Hand,02 Mar 2025
QOH,4B,POOL,OH,FILTER 4 BAG GREY 816,-305.0000,On Hand,02 Mar 2025
QOH,4BH,POOL,OH,FILTER 4BAG HERO CHARCOAL GREY 29708,0.0000,On Hand,02 Mar 2025
QOH,5B,POOL,OH,FILTER 5 BAG GREY 816,-91.0000,On Hand,02 Mar 2025
QOH,5BH,POOL,OH,FILTER 5BAG HERO CHARCOAL GREY 29708,0.0000,On Hand,02 Mar 2025
QOH,A6LP,CUSTOM,OH,AGRI 600LT TANK RED LOW PRESSURE,-32.0000,On Hand,02 Mar 2025
QOH,ACRAFTDG,CUSTOM,OH,ANGLE CRAFT MEDIUM DARK GREEN,0.0000,On Hand,02 Mar 2025
QOH,ACRAFTLDG,CUSTOM,OH,ANGLE CRAFT LARGE DARK GREEN,0.0000,On Hand,02 Mar 2025
QOH,ACRAFTLG,CUSTOM,OH,ANGLE CRAFT LARGE GREY 816,0.0000,On Hand,02 Mar 2025
QOH,ACRAFTMG,CUSTOM,OH,ANGLE CRAFT MEDIUM GREY 816,0.0000,On Hand,02 Mar 2025
QOH,APAL02,CUSTOM,OH,SQUAT PAN NATURAL,-200.0000,On Hand,02 Mar 2025
QOH,PONDACB,URBAN GARDEN,OH,POND ANGLE COFFEE BROWN,0.0000,On Hand,02 Mar 2025
QOH,APS120BL,CUSTOM,OH,AFRICAN PUMP SOL 120L TANK BLUE,0.0000,On Hand,02 Mar 2025
QOH,APS120BLK,CUSTOM,OH,AFRICAN PUMP SOL 120L TANK BLACK,-58.0000,On Hand,02 Mar 2025
QOH,APS120DG,CUSTOM,OH,AFRICAN PUMP SOL 120L TANK DARK GREEN,-12.0000,On Hand,02 Mar 2025
QOH,APS120O,CUSTOM,OH,AFRICAN PUMP SOL 120L TANK ORANGE,-30.0000,On Hand,02 Mar 2025
QOH,APS120R,CUSTOM,OH,AFRICAN PUMP SOL 120L TANK RED,-32.0000,On Hand,02 Mar 2025
QOH,ARMCOBB,ROAD,OH,ARMCO BOOSTER BOTTLE,-20.0000,On Hand,02 Mar 2025
QOH,BAD,CUSTOM,OH,BADGER TANK 3500L,0.0000,On Hand,02 Mar 2025
QOH,BAD1,CUSTOM,OH,BADGER 1000L DYNAMO FLAT FLAT GREY PIGM,-74.0000,On Hand,02 Mar 2025
QOH,BAD2,CUSTOM,OH,BADGER 1250L DYNAMO DOME FLAT GREY PIGM,-67.0000,On Hand,02 Mar 2025
QOH,BADH,CUSTOM,OH,BADGER TANK 3500L HEAVY,0.0000,On Hand,02 Mar 2025
QOH,BAFFLEMED,TANKS HORIZONTAL,OH,BAFFLE MEDIUM YELLOW 1000LT - 2500LT,0.0000,On Hand,02 Mar 2025
QOH,BAFFLEMEDBLK,TANKS HORIZONTAL,OH,BAFFLE MEDIUM BLACK 1000LT - 2500LT,5.0000,On Hand,02 Mar 2025
QOH,BAFFLEMEDN,TANKS HORIZONTAL,OH,BAFFLE MEDIUM NATURAL 1000LT - 2500LT,0.0000,On Hand,02 Mar 2025
QOH,BAFFLESML,TANKS HORIZONTAL,OH,BAFFLE SMALL 500 LT,-11.0000,On Hand,02 Mar 2025
QOH,BBBBL,BIKESAFE,OH,BICYCLE BOX BASE BLUE,0.0000,On Hand,02 Mar 2025
QOH,BBBBLK,BIKESAFE,OH,BICYCLE BOX BASE BLACK,0.0000,On Hand,02 Mar 2025
QOH,BBBP,BIKESAFE,OH,BICYCLE BOX BASE PINK,0.0000,On Hand,02 Mar 2025
QOH,BBBR,BIKESAFE,OH,BICYCLE BOX BASE RED,0.0000,On Hand,02 Mar 2025
QOH,BBBSEC,SECONDS,OH,BICYCLE BOX BASE SECONDS YELLOW,0.0000,On Hand,02 Mar 2025
QOH,BBBSG,BIKESAFE,OH,BICYCLE BOX BASE SPRINGBOK GREEN,0.0000,On Hand,02 Mar 2025
QOH,BBBY,BIKESAFE,OH,BICYCLE BOX BASE YELLOW,0.0000,On Hand,02 Mar 2025
QOH,BBLBL,BIKESAFE,OH,BICYCLE BOX LID BLUE,0.0000,On Hand,02 Mar 2025
QOH,BBLBLK,BIKESAFE,OH,BICYCLE BOX LID BLACK,0.0000,On Hand,02 Mar 2025
QOH,BBLP,BIKESAFE,OH,BICYCLE BOX LID PINK,0.0000,On Hand,02 Mar 2025
QOH,BBLR,BIKESAFE,OH,BICYCLE BOX LID RED,0.0000,On Hand,02 Mar 2025
QOH,BBLSEC,SECONDS,OH,BICYCLE BOX LID SECONDS BLACK,0.0000,On Hand,02 Mar 2025
QOH,BBLSG,BIKESAFE,OH,BICYCLE BOX LID SPRINBOK GREEN,0.0000,On Hand,02 Mar 2025
QOH,BBLY,BIKESAFE,OH,BICYCLE BOX LID YELLOW,0.0000,On Hand,02 Mar 2025
QOH,BBOXBL,BIKESAFE,OH,BICYCLE BOX COMPLETE BLUE,-1.0000,On Hand,02 Mar 2025
QOH,BBOXBLK,BIKESAFE,OH,BICYCLE BOX COMPLETE BLACK,-2.0000,On Hand,02 Mar 2025
QOH,BBOXP,BIKESAFE,OH,BICYCLE BOX COMPLETE PINK,0.0000,On Hand,02 Mar 2025
QOH,BBOXR,BIKESAFE,OH,BICYCLE BOX COMPLETE RED,0.0000,On Hand,02 Mar 2025
QOH,BBOXSEC,SECONDS,OH,BICYCLE BOX COMPLETE SECONDS,0.0000,On Hand,02 Mar 2025
QOH,BBOXSG,BIKESAFE,OH,BICYCLE BOX COMPLETE SPRINGBOK GREEN,0.0000,On Hand,02 Mar 2025
QOH,BBOXY,BIKESAFE,OH,BICYCLE BOX COMPLETE YELLOW,0.0000,On Hand,02 Mar 2025
QOH,BINSN,SECONDS,OH,BIN (OIL CHAMBER SECOND) NATURAL,0.0000,On Hand,02 Mar 2025
QOH,BODYBLRG,INDUSTRIAL,OH,BODY BOX TOP & BOTTOM LARGE,0.0000,On Hand,02 Mar 2025
QOH,BODYBLRGS,SECONDS,OH,BODY BOX TOP & BOTTOM LARGE SECONDS,0.0000,On Hand,02 Mar 2025
QOH,BODYBMED,INDUSTRIAL,OH,BODY BOX TOP & BOTTOM MEDIUM,0.0000,On Hand,02 Mar 2025
QOH,BODYBMEDS,SECONDS,OH,BODY BOX TOP & BOTTOM MEDIUM SECONDS,0.0000,On Hand,02 Mar 2025
QOH,BODYBSML,INDUSTRIAL,OH,BODY BOX TOP & BOTTOM SMALL,0.0000,On Hand,02 Mar 2025
QOH,BODYBSMLS,SECONDS,OH,BODY BOX TOP & BOTTOM SMALL SECONDS,0.0000,On Hand,02 Mar 2025
QOH,BT65,INDUSTRIAL,OH,BARROW TANK 65lt,0.0000,On Hand,02 Mar 2025
QOH,BTSJDG,SECONDS,OH,BARROW TANK SECOND J/D GREEN,0.0000,On Hand,02 Mar 2025
QOH,BULKBBLK,INDUSTRIAL,OH,BULK BIN BLACK NO WHEELS,0.0000,On Hand,02 Mar 2025
QOH,BULKBBLKW,INDUSTRIAL,OH,BULK BIN BLACK WITH WHEELS,0.0000,On Hand,02 Mar 2025
QOH,BUND0.25L,TANKS HORIZONTAL,OH,BUND 250L,0.0000,On Hand,02 Mar 2025
QOH,BUND0.50L,TANKS HORIZONTAL,OH,BUND 500L,0.0000,On Hand,02 Mar 2025
QOH,BUND1.0L,TANKS HORIZONTAL,OH,BUND FOR 1000L,0.0000,On Hand,02 Mar 2025
QOH,BUND1.5L,TANKS HORIZONTAL,OH,BUND FOR 1500L,0.0000,On Hand,02 Mar 2025
QOH,CARB,INDUSTRIAL,OH,CARROT BIN BLACK,-22.0000,On Hand,02 Mar 2025
QOH,CARBL,INDUSTRIAL,OH,CARROT BIN BLUE,0.0000,On Hand,02 Mar 2025
QOH,CB,INDUSTRIAL,OH,COMPOST BIN,0.0000,On Hand,02 Mar 2025
QOH,CB(EA),CUSTOM,OH,COCHRANE BALL HALF TANGERINE,-58.0000,On Hand,02 Mar 2025
QOH,CBF,INDUSTRIAL,OH,CARROTBIN FRAME,0.0000,On Hand,02 Mar 2025
QOH,DAWNCDGR,URBAN FURNITURE,OH,DAWN CHAIR DARK GREY 816,-23.0000,On Hand,02 Mar 2025
QOH,COMBICB,POOL,OH,COMBI BOX COMPLETE NEL BEIGE,-260.0000,On Hand,02 Mar 2025
QOH,COMBICBLK,POOL,OH,COMBI BOX COMPLETE BLACK,-35.0000,On Hand,02 Mar 2025
QOH,COMBICBR,POOL,OH,COMBI BOX COMPLETE BROWN PIGMENT,0.0000,On Hand,02 Mar 2025
QOH,COMBICBRS,SECONDS,OH,COMBI BOX COMPLETE BROWN SECONDS,0.0000,On Hand,02 Mar 2025
QOH,COMBICCBR,POOL,OH,COMBI BOX COMPLETE COFFEE BROWN,-250.0000,On Hand,02 Mar 2025
QOH,COMBICDG,POOL,OH,COMBI BOX COMPLETE DARK GREEN,0.0000,On Hand,02 Mar 2025
QOH,COMBICG,POOL,OH,COMBI BOX COMPLETE GREEN PIGMENT,0.0000,On Hand,02 Mar 2025
QOH,COMBICGR,POOL,OH,COMBI BOX COMPLETE GREY 816,-2114.0000,On Hand,02 Mar 2025
QOH,COMBICGRS,SECONDS,OH,COMBI BOX COMPLETE GREY SECONDS,0.0000,On Hand,02 Mar 2025
QOH,COMBICSG,POOL,OH,COMBI BOX COMPLETE SAGE GREEN,0.0000,On Hand,02 Mar 2025
QOH,CON01,INDUSTRIAL,OH,CONNICAL TANK 850L NATURAL,-3.0000,On Hand,02 Mar 2025
QOH,CONBL,INDUSTRIAL,OH,CONNICAL TANK 850L BLUE,0.0000,On Hand,02 Mar 2025
QOH,CONFBBL,INDUSTRIAL,OH,CONNICAL FLAT BOTTOM TANK 750L BLUE,0.0000,On Hand,02 Mar 2025
QOH,DCM01,INDUSTRIAL,OH,DUST COVER HALF,-20.0000,On Hand,02 Mar 2025
QOH,DCM01S,SECONDS,OH,DUST COVER HALF SECONDS,0.0000,On Hand,02 Mar 2025
QOH,DJEMBESBL,URBAN FURNITURE,OH,DJEMBE STOOL MAC BLUE,0.0000,On Hand,02 Mar 2025
QOH,DJEMBESCGR,URBAN FURNITURE,OH,DJEMBE STOOL CHARCOAL GREY 29708,0.0000,On Hand,02 Mar 2025
QOH,DJEMBESCP,URBAN FURNITURE,OH,DJEMBE STOOL CANCER PINK,0.0000,On Hand,02 Mar 2025
QOH,DJEMBESGR,URBAN FURNITURE,OH,DJEMBE STOOL GREY 816,-16.0000,On Hand,02 Mar 2025
QOH,DJEMBESJDG,URBAN FURNITURE,OH,DJEMBE STOOL JOHN DEERE GREEN,0.0000,On Hand,02 Mar 2025
QOH,DJEMBESL,URBAN FURNITURE,OH,DJEMBE STOOL LILAC,0.0000,On Hand,02 Mar 2025
QOH,DJEMBESPB,URBAN FURNITURE,OH,DJEMBE STOOL PATH BLUE,-2.0000,On Hand,02 Mar 2025
QOH,DJEMBESPLG,URBAN FURNITURE,OH,DJEMBE STOOL PASTEL LIME GREEN,0.0000,On Hand,02 Mar 2025
QOH,DJEMBESPP,URBAN FURNITURE,OH,DJEMBE STOOL PASTEL PINK,0.0000,On Hand,02 Mar 2025
QOH,DJEMBESPY,URBAN FURNITURE,OH,DJEMBE STOOL PASTEL YELLOW,0.0000,On Hand,02 Mar 2025
QOH,DJEMBESR,URBAN FURNITURE,OH,DJEMBE STOOL RED,0.0000,On Hand,02 Mar 2025
QOH,DJEMBESW,URBAN FURNITURE,OH,DJEMBE STOOL WHITE,-9.0000,On Hand,02 Mar 2025
QOH,DJEMBESY,URBAN FURNITURE,OH,DJEMBE STOOL YELLOW,0.0000,On Hand,02 Mar 2025
QOH,DJEMBETBL,URBAN FURNITURE,OH,DJEMBE TABLE BLUE,0.0000,On Hand,02 Mar 2025
QOH,DJEMBETCGR,URBAN FURNITURE,OH,DJEMBE TABLE CHARCOAL GREY 29708,0.0000,On Hand,02 Mar 2025
QOH,DJEMBETGR,URBAN FURNITURE,OH,DJEMBE TABLE GREY 816,-4.0000,On Hand,02 Mar 2025
QOH,DJEMBETHK,URBAN FURNITURE,OH,DJEMBE TABLE HENRED KHAKI,0.0000,On Hand,02 Mar 2025
QOH,DJEMBETJDG,URBAN FURNITURE,OH,DJEMBE TABLE JOHN DEERE GREEN,0.0000,On Hand,02 Mar 2025
QOH,DJEMBETM,URBAN FURNITURE,OH,DJEMBE TABLE MANGO,0.0000,On Hand,02 Mar 2025
QOH,DJEMBETPB,URBAN FURNITURE,OH,DJEMBE TABLE PATH BLUE,0.0000,On Hand,02 Mar 2025
QOH,DJEMBETR,URBAN FURNITURE,OH,DJEMBE TABLE RED,0.0000,On Hand,02 Mar 2025
QOH,DJEMBETW,URBAN FURNITURE,OH,DJEMBE TABLE WHITE,-3.0000,On Hand,02 Mar 2025
QOH,DOGK,INDUSTRIAL,OH,DOG KENNEL,0.0000,On Hand,02 Mar 2025
QOH,DRUMSTHRK,URBAN FURNITURE,OH,DJEMBE STOOL HENRED KHAKI,0.0000,On Hand,02 Mar 2025
QOH,DRUMSTHRKS,SECONDS,OH,DJEMBE STOOL SECONDS HENRED KHAKI,0.0000,On Hand,02 Mar 2025
QOH,DRUMTCP,URBAN FURNITURE,OH,DJEMBE TABLE CANCER PINK,0.0000,On Hand,02 Mar 2025
QOH,ECO19600,ISOSERVE,OH,ISOSERVE TANK SUMP BOTTOM RED,0.0000,On Hand,02 Mar 2025
QOH,ECO19611,ISOSERVE,OH,ISOSERVE TANK SUMP RISER RED,0.0000,On Hand,02 Mar 2025
QOH,ECO19612,ISOSERVE,OH,ISOSERVE SUMP 5 RED,0.0000,On Hand,02 Mar 2025
QOH,ECO19630,ISOSERVE,OH,ISOSERVE GAS BREAK CUT SQUARE RED,0.0000,On Hand,02 Mar 2025
QOH,ECO19630A,ISOSERVE,OH,ISOSERVE GAS BREAK CUT ROUND 445MM RED,0.0000,On Hand,02 Mar 2025
QOH,ECO19645,ISOSERVE,OH,ISOSERVE SPILL CONTAINMENT SUMP RED,0.0000,On Hand,02 Mar 2025
QOH,ECO19650,ISOSERVE,OH,ISOSERVE FILLER POD RED,0.0000,On Hand,02 Mar 2025
QOH,ECO6DS,ISOSERVE,OH,ISOSERVE DISPENSER SUMP 6 RED,0.0000,On Hand,02 Mar 2025
QOH,ELBW,CUSTOM,OH,K-FAB ELBOW,-3.0000,On Hand,02 Mar 2025
QOH,ELECTELE,CUSTOM,OH,ELECTRO TELECOMMS TELEBOOTH ORANGE,0.0000,On Hand,02 Mar 2025
QOH,FBC01,INDUSTRIAL,OH,FACTORY BARRIER CORNER YELLOW,0.0000,On Hand,02 Mar 2025
QOH,FBS01,INDUSTRIAL,OH,FACTORY BARRIER STRAIGHT BLACK,0.0000,On Hand,02 Mar 2025
QOH,FPB,URBAN GARDEN,OH,FLOWER POT BEIGE,-2.0000,On Hand,02 Mar 2025
QOH,FPBL,URBAN GARDEN,OH,FLOWER POT BLUE,0.0000,On Hand,02 Mar 2025
QOH,FPO,URBAN GARDEN,OH,FLOWER POT ORANGE,0.0000,On Hand,02 Mar 2025
QOH,FPS,URBAN GARDEN,OH,FLOWER POT SAND,0.0000,On Hand,02 Mar 2025
QOH,FPTE,URBAN GARDEN,OH,FLOWER POT TERRACOTA,0.0000,On Hand,02 Mar 2025
QOH,FTBOATCG,CUSTOM,OH,FUEL TRAILERS BOAT GREEN CAMO,0.0000,On Hand,02 Mar 2025
QOH,FTBOATNB,CUSTOM,OH,FUEL TRAILERS BOAT NEL BEIGE,0.0000,On Hand,02 Mar 2025
QOH,GOSS,CUSTOM,OH,GOSCOR STEP TANK MAC YELLOW,-70.0000,On Hand,02 Mar 2025
QOH,GOSSN,CUSTOM,OH,GOSCOR STEP TANK NATURAL,0.0000,On Hand,02 Mar 2025
QOH,GOSSTSY,SECONDS,OH,GOSCOR STEP TANK SECOND MAC YELLOW,0.0000,On Hand,02 Mar 2025
QOH,H0.25EH,TANKS HORIZONTAL,OH,HORIZONTAL 250LT EXTRA HEAVY,0.0000,On Hand,02 Mar 2025
QOH,H0.25HDG,TANKS HORIZONTAL,OH,HORIZONTAL 250LT HEAVY DARK GREEN,-1.0000,On Hand,02 Mar 2025
QOH,H0.25HN,TANKS HORIZONTAL,OH,HORIZONTAL 250LT HEAVY NATURAL,-2.0000,On Hand,02 Mar 2025
QOH,H0.25HSN,SECONDS,OH,H 250LT HEAVY SECONDS NATURAL,0.0000,On Hand,02 Mar 2025
QOH,H0.25HY,TANKS HORIZONTAL,OH,HORIZONTAL 250LT HEAVY YELLOW,-2.0000,On Hand,02 Mar 2025
QOH,H0.25MB,TANKS HORIZONTAL,OH,HORIZONTAL 250LT MEDIUM BEIGE,0.0000,On Hand,02 Mar 2025
QOH,H0.25MBL,TANKS HORIZONTAL,OH,HORIZONTAL 250LT MEDIUM BLUE,-1.0000,On Hand,02 Mar 2025
QOH,H0.25MGR,TANKS HORIZONTAL,OH,HORIZONTAL 250LT MEDIUM GREY,0.0000,On Hand,02 Mar 2025
QOH,H0.25MN,TANKS HORIZONTAL,OH,HORIZONTAL 250LT MEDIUM NATURAL,-6.0000,On Hand,02 Mar 2025
QOH,H0.25MY,TANKS HORIZONTAL,OH,HORIZONTAL 250LT MEDIUM YELLOW,-8.0000,On Hand,02 Mar 2025
QOH,H0.25MYS,SECONDS,OH,HORIZONTAL 250LT MEDIUM YELLOW SECONDS,0.0000,On Hand,02 Mar 2025
QOH,H0.25WB,TANKS HORIZONTAL,OH,HORIZONTAL 250LT WATER BEIGE,-3.0000,On Hand,02 Mar 2025
QOH,H0.25WBL,TANKS HORIZONTAL,OH,HORIZONTAL 250LT WATER BLUE,-2.0000,On Hand,02 Mar 2025
QOH,H0.25WBLK,TANKS HORIZONTAL,OH,HORIZONTAL 250LT WATER BLACK,-2.0000,On Hand,02 Mar 2025
QOH,H0.25WCB,TANKS HORIZONTAL,OH,HORIZONTAL 250LT WATER COFFEE BROWN,-7.0000,On Hand,02 Mar 2025
QOH,H0.25WDG,TANKS HORIZONTAL,OH,HORIZONTAL 250LT WATER DARK GREEN,-75.0000,On Hand,02 Mar 2025
QOH,H0.25WGR,TANKS HORIZONTAL,OH,HORIZONTAL 250LT WATER GREY,0.0000,On Hand,02 Mar 2025
QOH,H0.25WN,TANKS HORIZONTAL,OH,HORIZONTAL 250LT WATER NATURAL,-1.0000,On Hand,02 Mar 2025
QOH,H0.25WO,TANKS HORIZONTAL,OH,HORIZONTAL 250LT WATER ORANGE,0.0000,On Hand,02 Mar 2025
QOH,H0.25WR,TANKS HORIZONTAL,OH,HORIZONTAL 250LT WATER RED,-3.0000,On Hand,02 Mar 2025
QOH,H0.25WSDG,SECONDS,OH,H 250LT WATER SECONDS DARK GREEN,0.0000,On Hand,02 Mar 2025
QOH,H0.25WSG,TANKS HORIZONTAL,OH,HORIZONTAL 250LT WATER SAGE GREEN,0.0000,On Hand,02 Mar 2025
QOH,H0.25WSSG,SECONDS,OH,H 250LT WATER SECONDS SAGE GREEN,0.0000,On Hand,02 Mar 2025
QOH,H0.25WY,TANKS HORIZONTAL,OH,HORIZONTAL 250LT WATER YELLOW,-3.0000,On Hand,02 Mar 2025
QOH,H0.5EHS,SECONDS,OH,HORIZONTAL 500LT EH SECONDS *VOETSTOOTS*,0.0000,On Hand,02 Mar 2025
QOH,H0.5H,TANKS HORIZONTAL,OH,HORIZONTAL 500LT HEAVY YELLOW,-1.0000,On Hand,02 Mar 2025
QOH,H0.5HBLK,TANKS HORIZONTAL,OH,HORIZONTAL 500LT HEAVY BLACK,0.0000,On Hand,02 Mar 2025
QOH,H0.5HN,TANKS HORIZONTAL,OH,HORIZONTAL 500LT HEAVY NATURAL,-16.0000,On Hand,02 Mar 2025
QOH,H0.5HSBL,SECONDS,OH,HORIZONTAL 500LT HEAVY SECONDS BLUE,0.0000,On Hand,02 Mar 2025
QOH,H0.5HSN,SECONDS,OH,HORIZONTAL 500LT HEAVY SECONDS NATURAL,0.0000,On Hand,02 Mar 2025
QOH,H0.5HW,TANKS HORIZONTAL,OH,HORIZONTAL 500LT HEAVY WHITE,0.0000,On Hand,02 Mar 2025
QOH,H0.5MBL,TANKS HORIZONTAL,OH,HORIZONTAL 500LT MEDIUM BLUE,0.0000,On Hand,02 Mar 2025
QOH,H0.5MBLK,TANKS HORIZONTAL,OH,HORIZONTAL 500LT MEDIUM BLACK,0.0000,On Hand,02 Mar 2025
QOH,H0.5MGR,TANKS HORIZONTAL,OH,HORIZONTAL 500LT MEDIUM GREY,0.0000,On Hand,02 Mar 2025
QOH,H0.5MN,TANKS HORIZONTAL,OH,HORIZONTAL 500LT MEDIUM NATURAL,-12.0000,On Hand,02 Mar 2025
QOH,H0.5MSBL,SECONDS,OH,HORIZONTAL 500LT MEDIUM SECONDS BLUE,0.0000,On Hand,02 Mar 2025
QOH,H0.5MSG,TANKS HORIZONTAL,OH,HORIZONTAL 500LT MEDIUM SAGE GREEN,0.0000,On Hand,02 Mar 2025
QOH,H0.5MSY,SECONDS,OH,HORIZONTAL 500LT MEDIUM SECOND YELLOW,0.0000,On Hand,02 Mar 2025
QOH,H0.5MY,TANKS HORIZONTAL,OH,HORIZONTAL 500LT MEDIUM YELLOW,-3.0000,On Hand,02 Mar 2025
QOH,H0.5WBL,TANKS HORIZONTAL,OH,HORIZONTAL 500LT WATER BLUE,-28.0000,On Hand,02 Mar 2025
QOH,H0.5WBLK,TANKS HORIZONTAL,OH,HORIZONTAL 500LT WATER BLACK,0.0000,On Hand,02 Mar 2025
QOH,H0.5WCB,TANKS HORIZONTAL,OH,HORIZONTAL 500LT WATER COFFEE BROWN,-3.0000,On Hand,02 Mar 2025
QOH,H0.5WDG,TANKS HORIZONTAL,OH,HORIZONTAL 500LT WATER DARK GREEN,-108.0000,On Hand,02 Mar 2025
QOH,H0.5WDGS,SECONDS,OH,HORIZONTAL 500LT WATER SECOND DARK GREEN,0.0000,On Hand,02 Mar 2025
QOH,H0.5WO,TANKS HORIZONTAL,OH,HORIZONTAL 500LT WATER ORANGE,-24.0000,On Hand,02 Mar 2025
QOH,H0.5WR,TANKS HORIZONTAL,OH,HORIZONTAL 500LT WATER RED,-29.0000,On Hand,02 Mar 2025
QOH,H0.5WRS,SECONDS,OH,HORIZONTAL 500LT WATER SECOND RED,0.0000,On Hand,02 Mar 2025
QOH,H0.5WSG,TANKS HORIZONTAL,OH,HORIZONTAL 500LT WATER SAGE GREEN,-10.0000,On Hand,02 Mar 2025
QOH,H0.5WSGS,SECONDS,OH,HORIZONTAL 500LT WATER SECOND SAGE GREEN,-1.0000,On Hand,02 Mar 2025
QOH,H0.5WY,TANKS HORIZONTAL,OH,HORIZONTAL 500LT WATER YELLOW,-6.0000,On Hand,02 Mar 2025
QOH,H1.0EHDG,TANKS HORIZONTAL,OH,HORIZONTAL 1000LT EXTRA HEAVY DARK GREEN,-19.0000,On Hand,02 Mar 2025
QOH,H1.0HBL,TANKS HORIZONTAL,OH,HORIZONTAL 1000LT HEAVY BLUE,0.0000,On Hand,02 Mar 2025
QOH,H1.0HBLK,TANKS HORIZONTAL,OH,HORIZONTAL 1000LT HEAVY BLACK,-2.0000,On Hand,02 Mar 2025
QOH,H1.0HCB,TANKS HORIZONTAL,OH,HORIZONTAL 1000LT HEAVY COFFEE BROWN,0.0000,On Hand,02 Mar 2025
QOH,H1.0HN,TANKS HORIZONTAL,OH,HORIZONTAL 1000LT HEAVY NATURAL,-9.0000,On Hand,02 Mar 2025
QOH,H1.0HS,SECONDS,OH,HORIZONTAL 1000LT HEAVY SECONDS,0.0000,On Hand,02 Mar 2025
QOH,H1.0HSG,TANKS HORIZONTAL,OH,HORIZONTAL 1000LT HEAVY SAGE GREEN,0.0000,On Hand,02 Mar 2025
QOH,H1.0HY,TANKS HORIZONTAL,OH,HORIZONTAL 1000LT HEAVY YELLOW,0.0000,On Hand,02 Mar 2025
QOH,H1.0MB,TANKS HORIZONTAL,OH,HORIZONTAL 1000LT MEDIUM BEIGE,-2.0000,On Hand,02 Mar 2025
QOH,H1.0MBL,TANKS HORIZONTAL,OH,HORIZONTAL 1000LT MEDIUM BLUE,0.0000,On Hand,02 Mar 2025
QOH,H1.0MBLK,TANKS HORIZONTAL,OH,HORIZONTAL 1000LT MEDIUM BLACK,0.0000,On Hand,02 Mar 2025
QOH,H1.0MCB,TANKS HORIZONTAL,OH,HORIZONTAL 1000LT MEDIUM COFFEE BROWN,0.0000,On Hand,02 Mar 2025
QOH,H1.0MDG,TANKS HORIZONTAL,OH,HORIZONTAL 1000LT MEDIUM DARK GREEN,-2.0000,On Hand,02 Mar 2025
QOH,H1.0MMG,TANKS HORIZONTAL,OH,HORIZONTAL 1000LT MEDIUM MARBLE GREEN,0.0000,On Hand,02 Mar 2025
QOH,H1.0MN,TANKS HORIZONTAL,OH,HORIZONTAL 1000LT MEDIUM NATURAL,-11.0000,On Hand,02 Mar 2025
QOH,H1.0MNS,SECONDS,OH,HORIZONTAL 1000LT MEDIUM NATURAL SECONDS,0.0000,On Hand,02 Mar 2025
QOH,H1.0MNSH,SECONDS,OH,HORIZONTAL 1000LT MED NATURAL SECONDHAND,0.0000,On Hand,02 Mar 2025
QOH,H1.0MO,TANKS HORIZONTAL,OH,HORIZONTAL 1000LT MEDIUM ORANGE,0.0000,On Hand,02 Mar 2025
QOH,H1.0MR,TANKS HORIZONTAL,OH,HORIZONTAL 1000LT MEDIUM RED,0.0000,On Hand,02 Mar 2025
QOH,H1.0MS,SECONDS,OH,HORIZONTAL 1000LT MEDIUM YELLOW SECONDS,0.0000,On Hand,02 Mar 2025
QOH,H1.0MSG,TANKS HORIZONTAL,OH,HORIZONTAL 1000LT MEDIUM SAGE GREEN,0.0000,On Hand,02 Mar 2025
QOH,H1.0MSSG,SECONDS,OH,HORIZONTAL 1000LT MEDIUM S/GREEN SECONDS,0.0000,On Hand,02 Mar 2025
QOH,H1.0MY,TANKS HORIZONTAL,OH,HORIZONTAL 1000LT MEDIUM YELLOW,-10.0000,On Hand,02 Mar 2025
QOH,H1.0WB,TANKS HORIZONTAL,OH,HORIZONTAL 1000LT WATER BEIGE,-5.0000,On Hand,02 Mar 2025
QOH,H1.0WBL,TANKS HORIZONTAL,OH,HORIZONTAL 1000LT WATER BLUE,-2.0000,On Hand,02 Mar 2025
QOH,H1.0WBLK,TANKS HORIZONTAL,OH,HORIZONTAL 1000LT WATER BLACK,-1.0000,On Hand,02 Mar 2025
QOH,H1.0WCB,TANKS HORIZONTAL,OH,HORIZONTAL 1000LT WATER COFFEE BROWN,-6.0000,On Hand,02 Mar 2025
QOH,H1.0WDG,TANKS HORIZONTAL,OH,HORIZONTAL 1000LT WATER DARK GREEN,-123.0000,On Hand,02 Mar 2025
QOH,H1.0WDGS,SECONDS,OH,HORIZONTAL 1000LT WATER DARK GREEN SECON,0.0000,On Hand,02 Mar 2025
QOH,H1.0WGR,TANKS HORIZONTAL,OH,HORIZONTAL 1000LT WATER GREY,-1.0000,On Hand,02 Mar 2025
QOH,H1.0WLBL,TANKS HORIZONTAL,OH,HORIZONTAL 1000LT WATER LIGHT BLUE,0.0000,On Hand,02 Mar 2025
QOH,H1.0WN,TANKS HORIZONTAL,OH,HORIZONTAL 1000LT WATER NATURAL,-1.0000,On Hand,02 Mar 2025
QOH,H1.0WO,TANKS HORIZONTAL,OH,HORIZONTAL 1000LT WATER TROPICAL ORANGE,-62.0000,On Hand,02 Mar 2025
QOH,H1.0WRED,TANKS HORIZONTAL,OH,HORIZONTAL 1000LT WATER RED,-38.0000,On Hand,02 Mar 2025
QOH,H1.0WSBL,SECONDS,OH,HORIZONTAL 1000LT WATER SECONDS BLUE,0.0000,On Hand,02 Mar 2025
QOH,H1.0WSBLK,SECONDS,OH,HORIZONTAL 1000LT WATER SECONDS BLACK,0.0000,On Hand,02 Mar 2025
QOH,H1.0WSG,TANKS HORIZONTAL,OH,HORIZONTAL 1000LT WATER SAGE GREEN,-10.0000,On Hand,02 Mar 2025
QOH,H1.0WSJDG,SECONDS,OH,HORIZONTAL 1000LT WATER SECOND J/D GREEN,0.0000,On Hand,02 Mar 2025
QOH,H1.0WSR,SECONDS,OH,HORIZONTAL 1000LT WATER SECONDS RED,0.0000,On Hand,02 Mar 2025
QOH,H1.0WY,TANKS HORIZONTAL,OH,HORIZONTAL 1000LT WATER YELLOW,-3.0000,On Hand,02 Mar 2025
QOH,H2.5EHSG,TANKS HORIZONTAL,OH,HORIZONTAL 2500LT EXTRA HEAVY SAGE GREEN,0.0000,On Hand,02 Mar 2025
QOH,H2.5HBLK,TANKS HORIZONTAL,OH,HORIZONTAL 2500LT HEAVY BLACK,0.0000,On Hand,02 Mar 2025
QOH,H2.5HCB,TANKS HORIZONTAL,OH,HORIZONTAL 2500LT HEAVY COFFEE BROWN,0.0000,On Hand,02 Mar 2025
QOH,H2.5HDG,TANKS HORIZONTAL,OH,HORIZONTAL 2500LT HEAVY DARK GREEN,0.0000,On Hand,02 Mar 2025
QOH,H2.5HGR,TANKS HORIZONTAL,OH,HORIZONTAL 2500LT HEAVY GREY,0.0000,On Hand,02 Mar 2025
QOH,H2.5HN,TANKS HORIZONTAL,OH,HORIZONTAL 2500LT HEAVY NATURAL,-1.0000,On Hand,02 Mar 2025
QOH,H2.5HR,TANKS HORIZONTAL,OH,HORIZONTAL 2500LT HEAVY RED,0.0000,On Hand,02 Mar 2025
QOH,H2.5HSG,TANKS HORIZONTAL,OH,HORIZONTAL 2500LT HEAVY SAGE GREEN,0.0000,On Hand,02 Mar 2025
QOH,H2.5HW,TANKS HORIZONTAL,OH,HORIZONTAL 2500LT HEAVY WHITE,0.0000,On Hand,02 Mar 2025
QOH,H2.5HY,TANKS HORIZONTAL,OH,HORIZONTAL 2500LT HEAVY YELLOW,0.0000,On Hand,02 Mar 2025
QOH,H2.5MB,TANKS HORIZONTAL,OH,HORIZONTAL 2500LT MEDIUM BEIGE,0.0000,On Hand,02 Mar 2025
QOH,H2.5MBL,TANKS HORIZONTAL,OH,HORIZONTAL 2500LT MEDIUM BLUE,-5.0000,On Hand,02 Mar 2025
QOH,H2.5MBLK,TANKS HORIZONTAL,OH,HORIZONTAL 2500LT MEDIUM BLACK,0.0000,On Hand,02 Mar 2025
QOH,H2.5MGR,TANKS HORIZONTAL,OH,HORIZONTAL 2500LT MEDIUM GREY,0.0000,On Hand,02 Mar 2025
QOH,H2.5MN,TANKS HORIZONTAL,OH,HORIZONTAL 2500LT MEDIUM NATURAL,-4.0000,On Hand,02 Mar 2025
QOH,H2.5MR,TANKS HORIZONTAL,OH,HORIZONTAL 2500LT MEDIUM RED,0.0000,On Hand,02 Mar 2025
QOH,H2.5MS,SECONDS,OH,HORIZONTAL 2500LT MEDIUM SECONDS,0.0000,On Hand,02 Mar 2025
QOH,H2.5MSG,TANKS HORIZONTAL,OH,HORIZONTAL 2500LT MEDIUM SAGE GREEN,0.0000,On Hand,02 Mar 2025
QOH,H2.5MY,TANKS HORIZONTAL,OH,HORIZONTAL 2500LT MEDIUM YELLOW,-5.0000,On Hand,02 Mar 2025
QOH,H2.5NL,TANKS HORIZONTAL,OH,HORIZONTAL 2500LT HEAVY NO LEGS BLACK,-1.0000,On Hand,02 Mar 2025
QOH,H2.5WB,TANKS HORIZONTAL,OH,HORIZONTAL 2500LT WATER BEIGE,-8.0000,On Hand,02 Mar 2025
QOH,H2.5WBL,TANKS HORIZONTAL,OH,HORIZONTAL 2500LT WATER BLUE,-4.0000,On Hand,02 Mar 2025
QOH,H2.5WBLK,TANKS HORIZONTAL,OH,HORIZONTAL 2500LT WATER BLACK,0.0000,On Hand,02 Mar 2025
QOH,H2.5WCB,TANKS HORIZONTAL,OH,HORIZONTAL 2500LT WATER COFFEE BROWN,-17.0000,On Hand,02 Mar 2025
QOH,H2.5WDG,TANKS HORIZONTAL,OH,HORIZONTAL 2500LT WATER DARK GREEN,-59.0000,On Hand,02 Mar 2025
QOH,H2.5WGR,TANKS HORIZONTAL,OH,HORIZONTAL 2500LT WATER GREY,-6.0000,On Hand,02 Mar 2025
QOH,H2.5WN,TANKS HORIZONTAL,OH,HORIZONTAL 2500LT WATER NATURAL,0.0000,On Hand,02 Mar 2025
QOH,H2.5WO,TANKS HORIZONTAL,OH,HORIZONTAL 2500LT WATER ORANGE,-52.0000,On Hand,02 Mar 2025
QOH,H2.5WOS,SECONDS,OH,HORIZONTAL 2500LT WATER ORANGE SECONDS,0.0000,On Hand,02 Mar 2025
QOH,H2.5WR,TANKS HORIZONTAL,OH,HORIZONTAL 2500LT WATER RED,-1.0000,On Hand,02 Mar 2025
QOH,H2.5WS,SECONDS,OH,HORIZONTAL 2500L WATER SECOND DARK GREEN,0.0000,On Hand,02 Mar 2025
QOH,H2.5WSG,TANKS HORIZONTAL,OH,HORIZONTAL 2500LT WATER SAGE GREEN,0.0000,On Hand,02 Mar 2025
QOH,H2.5WSHSG,SECONDS,OH,H 2500LT WATER SAGE GREEN SECOND HAND,0.0000,On Hand,02 Mar 2025
QOH,H2.5WY,TANKS HORIZONTAL,OH,HORIZONTAL 2500LT WATER YELLOW,-1.0000,On Hand,02 Mar 2025
QOH,H2.5YNL,TANKS HORIZONTAL,OH,HORIZONTAL 2500LT HEAVY NO LEGS YELLOW,0.0000,On Hand,02 Mar 2025
QOH,H3.5HBL,TANKS HORIZONTAL,OH,HORIZONTAL 3500L HEAVY BLUE,0.0000,On Hand,02 Mar 2025
QOH,H3.5HN,TANKS HORIZONTAL,OH,HORIZONTAL 3500L HEAVY NATURAL,0.0000,On Hand,02 Mar 2025
QOH,H3.5MN,TANKS HORIZONTAL,OH,HORIZONTAL 3500L MEDIUM NATURAL,0.0000,On Hand,02 Mar 2025
QOH,H3.5WBL,TANKS HORIZONTAL,OH,HORIZONTAL 3500L WATER BLUE,0.0000,On Hand,02 Mar 2025
QOH,H3.5WBLK,TANKS HORIZONTAL,OH,HORIZONTAL 3500L WATER BLACK,-3.0000,On Hand,02 Mar 2025
QOH,H3.5WCB,TANKS HORIZONTAL,OH,HORIZONTAL 3500L WATER COFFEE BROWN,0.0000,On Hand,02 Mar 2025
QOH,H3.5WJDG,TANKS HORIZONTAL,OH,HORIZONTAL 3500L WATER JOHN DEERE GREEN,0.0000,On Hand,02 Mar 2025
QOH,H3.5WN,TANKS HORIZONTAL,OH,HORIZONTAL 3500L WATER NATURAL,0.0000,On Hand,02 Mar 2025
QOH,H6.5HBLK,TANKS HORIZONTAL,OH,HORIZONTAL 6500LT HEAVY BLACK,-81.0000,On Hand,02 Mar 2025
QOH,H6.5HCB,TANKS HORIZONTAL,OH,HORIZONTAL 6500LT HEAVY COFFEE BROWN,0.0000,On Hand,02 Mar 2025
QOH,H6.5HDG,TANKS HORIZONTAL,OH,HORIZONTAL 6500LT HEAVY DARK GREEN,0.0000,On Hand,02 Mar 2025
QOH,H6.5HN,TANKS HORIZONTAL,OH,HORIZONTAL 6500LT HEAVY NATURAL,0.0000,On Hand,02 Mar 2025
QOH,H6.5HSG,TANKS HORIZONTAL,OH,HORIZONTAL 6500LT HEAVY SAGE GREEN,0.0000,On Hand,02 Mar 2025
QOH,H6.5MBLK,TANKS HORIZONTAL,OH,HORIZONTAL 6500LT MEDIUM BLACK,-4.0000,On Hand,02 Mar 2025
QOH,H6.5MDG,TANKS HORIZONTAL,OH,HORIZONTAL 6500LT MEDIUM DARK GREEN,-3.0000,On Hand,02 Mar 2025
QOH,H6.5MSG,TANKS HORIZONTAL,OH,HORIZONTAL 6500LT MEDIUM SAGE GREEN,0.0000,On Hand,02 Mar 2025
QOH,H6.5WB,TANKS HORIZONTAL,OH,HORIZONTAL 6500LT WATER BEIGE,0.0000,On Hand,02 Mar 2025
QOH,H6.5WBL,TANKS HORIZONTAL,OH,HORIZONTAL 6500LT WATER BLUE,-1.0000,On Hand,02 Mar 2025
QOH,H6.5WBLK,TANKS HORIZONTAL,OH,HORIZONTAL 6500LT WATER BLACK,-18.0000,On Hand,02 Mar 2025
QOH,H6.5WDG,TANKS HORIZONTAL,OH,HORIZONTAL 6500LT WATER DARK GREEN,-8.0000,On Hand,02 Mar 2025
QOH,H6.5WGRP,TANKS HORIZONTAL,OH,HORIZONTAL 6500LT WATER GREY PIGMENT,-2.0000,On Hand,02 Mar 2025
QOH,H6.5WN,TANKS HORIZONTAL,OH,HORIZONTAL 6500LT WATER NATURAL,-4.0000,On Hand,02 Mar 2025
QOH,H6.5WO,TANKS HORIZONTAL,OH,HORIZONTAL 6500LT WATER ORANGE,0.0000,On Hand,02 Mar 2025
QOH,H6.5WR,TANKS HORIZONTAL,OH,HORIZONTAL 6500LT WATER RED,-1.0000,On Hand,02 Mar 2025
QOH,H6.5WSBLK,SECONDS,OH,HORIZ 6500LT WATER SECONDS BLACK,0.0000,On Hand,02 Mar 2025
QOH,H6.5WSG,TANKS HORIZONTAL,OH,HORIZONTAL 6500LT WATER SAGE GREEN,0.0000,On Hand,02 Mar 2025
QOH,HALFJACKCB,TANKS VERTICAL,OH,HALF JACK WATER COFFEE BROWN,-7.0000,On Hand,02 Mar 2025
QOH,HALFJACKHK,TANKS VERTICAL,OH,HALF JACK WATER HENRED KHAKI,-2.0000,On Hand,02 Mar 2025
QOH,HEAD01,CUSTOM,OH,TUFFY HEAD RED (FACE TO FACE),-100.0000,On Hand,02 Mar 2025
QOH,HEPCLB,INDUSTRIAL,OH,HERO ELECTRIC PUMP COVER LARGE BEIGE,-24.0000,On Hand,02 Mar 2025
QOH,HEPCLCB,INDUSTRIAL,OH,HERO ELECTRIC PUMP COVER LGE COFFEE BROW,-13.0000,On Hand,02 Mar 2025
QOH,HEPCLDG,INDUSTRIAL,OH,HERO ELECTRIC PUMP COVER LRG DARK GREEN,-17.0000,On Hand,02 Mar 2025
QOH,HEPCLGR,INDUSTRIAL,OH,HERO ELECTRIC PUMP COVER LRG GREY,-25.0000,On Hand,02 Mar 2025
QOH,HEPCLSG,INDUSTRIAL,OH,HERO ELECTRIC PUMP COVER LRG SAGE GREEN,0.0000,On Hand,02 Mar 2025
QOH,HEPCMBLK,INDUSTRIAL,OH,HERO ELECTRIC PUMP COVER MED BLACK,-1.0000,On Hand,02 Mar 2025
QOH,HEPCMCB,INDUSTRIAL,OH,HERO ELECTRIC PUMP COVER MED COFFEE BROW,-127.0000,On Hand,02 Mar 2025
QOH,HEPCSB,INDUSTRIAL,OH,HERO ELECTRIC PUMP COVER MED BEIGE,-395.0000,On Hand,02 Mar 2025
QOH,HEPCSDG,INDUSTRIAL,OH,HERO ELECTRIC PUMP COVER MED DARK GREEN,-233.0000,On Hand,02 Mar 2025
QOH,HEPCSGR,INDUSTRIAL,OH,HERO ELECTRIC PUMP COVER MED GREY,-365.0000,On Hand,02 Mar 2025
QOH,HEPCSSG,INDUSTRIAL,OH,HERO ELECTRIC PUMP COVER MED SAGE GREEN,0.0000,On Hand,02 Mar 2025
QOH,HEW1.0CB,CUSTOM,OH,HORIZONTAL EASY WATER 1000L COFFEE BROWN,0.0000,On Hand,02 Mar 2025
QOH,HEW6.5CB,CUSTOM,OH,HORIZONTAL EASY WATER 6500LT COF BROWN,0.0000,On Hand,02 Mar 2025
QOH,HFBLK,INDUSTRIAL,OH,HORSE FEEDER BLACK,0.0000,On Hand,02 Mar 2025
QOH,HFCB,INDUSTRIAL,OH,HORSE FEEDER COFFEE BROWN,0.0000,On Hand,02 Mar 2025
QOH,HFDG,INDUSTRIAL,OH,HORSE FEEDER DARK GREY,0.0000,On Hand,02 Mar 2025
QOH,HFHK,INDUSTRIAL,OH,HORSE FEEDER HENRED KHAKI,0.0000,On Hand,02 Mar 2025
QOH,HFO,INDUSTRIAL,OH,HORSE FEEDER ORANGE,0.0000,On Hand,02 Mar 2025
QOH,HGWLRTBL,CUSTOM,OH,HGWL 750L RECTANGULAR TANK MAC BLUE,0.0000,On Hand,02 Mar 2025
QOH,HUUD3.7WMG,URBAN GARDEN,OH,URBAN UNDER DECK 3700 WATER MARBLE GREEN,0.0000,On Hand,02 Mar 2025
QOH,JF,CUSTOM,OH,JET FAN BLUE 305MM DIAMETER,0.0000,On Hand,02 Mar 2025
QOH,JFBL,INDUSTRIAL,OH,JETTY FLOAT MAC BLUE,-143.0000,On Hand,02 Mar 2025
QOH,JFBLKREC,INDUSTRIAL,OH,JETTY FLOAT RECYCLED BLACK,0.0000,On Hand,02 Mar 2025
QOH,LPCB,POOL,OH,LARGE PUMP COVER NEL BEIGE,-250.0000,On Hand,02 Mar 2025
QOH,LPCBR,POOL,OH,LARGE PUMP COVER BROWN PIGMENT,0.0000,On Hand,02 Mar 2025
QOH,LPCBRS,SECONDS,OH,LARGE PUMP COVER BROWN SECONDS,0.0000,On Hand,02 Mar 2025
QOH,LPCCBR,POOL,OH,LARGE PUMP COVER COFFEE BROWN,-156.0000,On Hand,02 Mar 2025
QOH,LPCCGS,SECONDS,OH,LARGE PUMP COVER CAPE GREEN SECONDS,0.0000,On Hand,02 Mar 2025
QOH,LPCDG,POOL,OH,LARGE PUMP COVER DARK GREEN,-136.0000,On Hand,02 Mar 2025
QOH,LPCG,POOL,OH,LARGE PUMP COVER GREEN PIGMENT,0.0000,On Hand,02 Mar 2025
QOH,LPCGR,POOL,OH,LARGE PUMP COVER GREY 816,-516.0000,On Hand,02 Mar 2025
QOH,LPCGS,SECONDS,OH,LARGE PUMP COVER GREEN SECONDS,0.0000,On Hand,02 Mar 2025
QOH,LPCHB,POOL,OH,LARGE PUMP COVER HERO NEL BEIGE,0.0000,On Hand,02 Mar 2025
QOH,LPCHCBR,POOL,OH,LARGE PUMP COVER HERO COFFEE BROWN,0.0000,On Hand,02 Mar 2025
QOH,LPCHDG,POOL,OH,LARGE PUMP COVER HERO DARK GREEN,-5.0000,On Hand,02 Mar 2025
QOH,LPCHDGR,POOL,OH,LARGE PUMP COVER HERO DARK GREY 816,0.0000,On Hand,02 Mar 2025
QOH,LPCHSG,POOL,OH,LARGE PUMP COVER HERO SAGE GREEN,0.0000,On Hand,02 Mar 2025
QOH,LPCLBR,POOL,OH,LARGE PUMP COVER LID BROWN,0.0000,On Hand,02 Mar 2025
QOH,LPCOS,SECONDS,OH,LARGE PUMP COVER ORANGE SECONDS,0.0000,On Hand,02 Mar 2025
QOH,LPCR,POOL,OH,LARGE PUMP COVER RED,0.0000,On Hand,02 Mar 2025
QOH,LSTBL,INDUSTRIAL,OH,LARGE STEP TANK 650L BLUE,0.0000,On Hand,02 Mar 2025
QOH,LSTN,INDUSTRIAL,OH,LARGE STEP TANK 650L NATURAL,0.0000,On Hand,02 Mar 2025
QOH,LSTO,INDUSTRIAL,OH,LARGE STEP TANK 650L ORANGE,0.0000,On Hand,02 Mar 2025
QOH,LSTR,INDUSTRIAL,OH,LARGE STEP TANK 650L RED,-108.0000,On Hand,02 Mar 2025
QOH,LSTS,SECONDS,OH,LARGE STEP TANK 650L SECONDS,0.0000,On Hand,02 Mar 2025
QOH,LSTSR,SECONDS,OH,LARGE STEP TANK 650L SECONDS RED,0.0000,On Hand,02 Mar 2025
QOH,LSTY,INDUSTRIAL,OH,LARGE STEP TANK 650L YELLOW,-4.0000,On Hand,02 Mar 2025
QOH,MACDS,INDUSTRIAL,OH,DROP SAFE BOX,0.0000,On Hand,02 Mar 2025
QOH,MCCB,INDUSTRIAL,OH,MOTOR COVER COFFEE BROWN,-3.0000,On Hand,02 Mar 2025
QOH,MCDG,INDUSTRIAL,OH,MOTOR COVER DARK GREEN,0.0000,On Hand,02 Mar 2025
QOH,MCGR,INDUSTRIAL,OH,MOTOR COVER GREY,-133.0000,On Hand,02 Mar 2025
QOH,MSTN,INDUSTRIAL,OH,MEDIUM STEP TANK 550L NATURAL,0.0000,On Hand,02 Mar 2025
QOH,MTKBOATDG,CUSTOM,OH,MT KARMEL ENTERPRISES BOAT DARK GREEN,0.0000,On Hand,02 Mar 2025
QOH,MTKBOATMB,CUSTOM,OH,MT KARMEL ENTERPRISES BOAT MAC BLUE,0.0000,On Hand,02 Mar 2025
QOH,MTKBOATNB,CUSTOM,OH,MT KARMEL ENTERPRISES BOAT NEL BEIGE,0.0000,On Hand,02 Mar 2025
QOH,MTKBOATRO,CUSTOM,OH,MT KARMEL ENTERPRISES BOAT RECYCLED ORAN,0.0000,On Hand,02 Mar 2025
QOH,MTKBOATW,CUSTOM,OH,MT KARMEL ENTERPRISES BOAT WHITE,0.0000,On Hand,02 Mar 2025
QOH,NUT-HEX-M10,Consumables,OH,XOX M10 GRADE 8 NUTS BLACK,350.0000,On Hand,02 Mar 2025
QOH,NUT-HEX-M10X030,Consumables,OH,XOX M10X30 NUT,0.0000,On Hand,02 Mar 2025
QOH,PONDOBLK,URBAN GARDEN,OH,POND OVAL BLACK,-3.0000,On Hand,02 Mar 2025
QOH,OTBJDG,OP EN TOP,OH,OP EN TOP BIN JD GREEN,0.0000,On Hand,02 Mar 2025
QOH,OTBS,OP EN TOP,OH,OP EN TOP BIN SPOUT YELLOW,-63.0000,On Hand,02 Mar 2025
QOH,OTCLBLK,OP EN TOP,OH,OP EN TOP CANOPY LID BLACK,0.0000,On Hand,02 Mar 2025
QOH,OTCLBLKN,OP EN TOP,OH,OP EN TOP CANOPY LID BLACK NEW,-400.0000,On Hand,02 Mar 2025
QOH,OTCRJDG,OP EN TOP,OH,OP EN TOP CANOPY ROOF JD GREEN,-80.0000,On Hand,02 Mar 2025
QOH,OTCRJDN,OP EN TOP,OH,OP EN TOP CANOPY ROOF NATURAL,-9.0000,On Hand,02 Mar 2025
QOH,OTEY,OP EN TOP,OH,OP EN TOP EXTENSION YELLOW,-201.0000,On Hand,02 Mar 2025
QOH,OTFBY,OP EN TOP,OH,OP EN TOP FERTILIZER BIN YELLOW,-73.0000,On Hand,02 Mar 2025
QOH,PEDCS,PED,OH,GASBREAK YELLOW,-210.0000,On Hand,02 Mar 2025
QOH,PEDCSB,PED,OH,GASBREAK BLUE,-13.0000,On Hand,02 Mar 2025
QOH,PEDDBY,PED,OH,JUNXION BOX YELLOW,-260.0000,On Hand,02 Mar 2025
QOH,PEDLBB,PED,OH,LARGE BOTTOM BLUE,-29.0000,On Hand,02 Mar 2025
QOH,PEDLBBS,SECONDS,OH,LARGE BOTTOM BLUE (PED) SECONDS,0.0000,On Hand,02 Mar 2025
QOH,PEDLBY,PED,OH,LARGE BOTTOM YELLOW,-17.0000,On Hand,02 Mar 2025
QOH,PEDLTB,PED,OH,LARGE TOP BLUE,-30.0000,On Hand,02 Mar 2025
QOH,PEDLTY,PED,OH,LARGE TOP YELLOW,-14.0000,On Hand,02 Mar 2025
QOH,PEDMBB,PED,OH,MEDIUM BOTTOM BLUE OLD MOULD,-119.0000,On Hand,02 Mar 2025
QOH,PEDMBBNM,PED,OH,MEDIUM BOTTOM BLUE NEW MOULD,-14.0000,On Hand,02 Mar 2025
QOH,PEDMBY,PED,OH,MEDIUM BOTTOM YELLOW OLD MOULD,-274.0000,On Hand,02 Mar 2025
QOH,PEDMBYS,SECONDS,OH,MEDIUM BOTTOM YELLOW (PED) SECONDS,0.0000,On Hand,02 Mar 2025
QOH,PEDMTB,PED,OH,MEDIUM TOP BLUE OLD MOULD,-119.0000,On Hand,02 Mar 2025
QOH,PEDMTBNM,PED,OH,MEDIUM TOP BLUE NEW MOULD,-14.0000,On Hand,02 Mar 2025
QOH,PEDMTY,PED,OH,MEDIUM TOP YELLOW OLD MOULD,-273.0000,On Hand,02 Mar 2025
QOH,PEDMTYS,SECONDS,OH,MEDIUM TOP YELLOW (PED) SECONDS,0.0000,On Hand,02 Mar 2025
QOH,PEDNMMBY,PED,OH,MEDIUM BOTTOM YELLOW NEW MOULD,-87.0000,On Hand,02 Mar 2025
QOH,PEDNMMTY,PED,OH,MEDIUM TOP YELLOW NEW MOULD,-87.0000,On Hand,02 Mar 2025
QOH,PEDSB01,PED,OH,SUMP BOTTOM YELLOW,-114.0000,On Hand,02 Mar 2025
QOH,PEDSBBL,PED,OH,SUMP BOTTOM BLUE,-56.0000,On Hand,02 Mar 2025
QOH,PEDSBY,PED,OH,SMALL BOTTOM YELLOW,-285.0000,On Hand,02 Mar 2025
QOH,PEDSR01,PED,OH,SUMP RISER YELLOW,-114.0000,On Hand,02 Mar 2025
QOH,PEDSRBL,PED,OH,SUMP RISER BLUE,-56.0000,On Hand,02 Mar 2025
QOH,PEDSSBB,PED,OH,SMALL BOTTOM BLUE,-69.0000,On Hand,02 Mar 2025
QOH,PEDSSTB,PED,OH,SMALL TOP BLUE,-69.0000,On Hand,02 Mar 2025
QOH,PEDSTY,PED,OH,SMALL TOP YELLOW,-275.0000,On Hand,02 Mar 2025
QOH,PEDWOC,PED,OH,OIL CHAMBER NATURAL,-244.0000,On Hand,02 Mar 2025
QOH,PEDWOST,PED,OH,OIL SANDTRAP NATURAL,-72.0000,On Hand,02 Mar 2025
QOH,PERB,INDUSTRIAL,OH,PE RECOVERIES RECTANGLE BOX,0.0000,On Hand,02 Mar 2025
QOH,PIPECRADLEB,INDUSTRIAL,OH,PIPE CRADLE BEIGE,-7.0000,On Hand,02 Mar 2025
QOH,PIPECRADLECB,INDUSTRIAL,OH,PIPE CRADLE COFFEE BROWN,-10.0000,On Hand,02 Mar 2025
QOH,PIPECRADLEGR,INDUSTRIAL,OH,PIPE CRADLE GREY,-5.0000,On Hand,02 Mar 2025
QOH,PONDWFBLK,URBAN GARDEN,OH,POND WATER FEATURE BLACK,-1.0000,On Hand,02 Mar 2025
QOH,RB,POOL,OH,ROCK BOX,-251.0000,On Hand,02 Mar 2025
QOH,RBECOL,ROAD,OH,ARMCO WATERFILLED BARRIER 17KG LIME,0.0000,On Hand,02 Mar 2025
QOH,RBECOR,ROAD,OH,ARMCO WATERFILLED BARRIER 17KG RED,0.0000,On Hand,02 Mar 2025
QOH,RBECOW,ROAD,OH,ARMCO WATERFILLED BARRIER 17KG WHITE,0.0000,On Hand,02 Mar 2025
QOH,RBECOY,ROAD,OH,ARMCO WATERFILLED BARRIER 17KG YELLOW,-1110.0000,On Hand,02 Mar 2025
QOH,RBMM,ROAD,OH,ARMCO MONSTER MAN BARRIER YELLOW,0.0000,On Hand,02 Mar 2025
QOH,RBNSY,ROAD,OH,ARMCO NEW GENERATION WATER FILLED BARRIER 10KG YELLOW,-3948.0000,On Hand,02 Mar 2025
QOH,RBS,SECONDS,OH,ROCK BOX SECONDS,0.0000,On Hand,02 Mar 2025
QOH,RBWFBL,ROAD,OH,ARMCO ROAD WATER FILLED BARRIER MINI MAC BLUE,0.0000,On Hand,02 Mar 2025
QOH,RBWFBLK,ROAD,OH,ARMCO ROAD WATER FILLED BARRIER MINI BLACK,0.0000,On Hand,02 Mar 2025
QOH,RBWFR,ROAD,OH,ARMCO ROAD WATER FILLED BARRIER MINI RED,0.0000,On Hand,02 Mar 2025
QOH,RBWFW,ROAD,OH,ARMCO ROAD WATER FILLED BARRIER MINI WHITE,0.0000,On Hand,02 Mar 2025
QOH,RBWFY,ROAD,OH,ARMCO ROAD WATER FILLED BARRIER MINI YELLOW,-6.0000,On Hand,02 Mar 2025
QOH,RC0.75LGS,SECONDS,OH,750MM ROAD CONE LIME GREEN SECOND,0.0000,On Hand,02 Mar 2025
QOH,RC0.75O,ROAD,OH,750MM ROAD CONE ORANGE,0.0000,On Hand,02 Mar 2025
QOH,RC0.75Y,ROAD,OH,750MM ROAD CONE YELLOW,0.0000,On Hand,02 Mar 2025
QOH,RC1.8EBL,ROAD,OH,1.8M ECONO ROAD CONE MAC BLUE,-1039.0000,On Hand,02 Mar 2025
QOH,RC1.8EBLK,ROAD,OH,1.8M ECONO ROAD CONE BLACK,-12.0000,On Hand,02 Mar 2025
QOH,RC1.8EBLKS,SECONDS,OH,1.8M ECONO ROAD CONE BLACK SECOND,0.0000,On Hand,02 Mar 2025
QOH,RC1.8EBLS,SECONDS,OH,1.8M ECONO ROAD CONE BLUE SECOND,0.0000,On Hand,02 Mar 2025
QOH,RC1.8EDG,ROAD,OH,1.8M ECONO ROAD CONE DARK GREEN,-14.0000,On Hand,02 Mar 2025
QOH,RC1.8EL,ROAD,OH,1.8M ECONO ROAD CONE LIME,-39.0000,On Hand,02 Mar 2025
QOH,RC1.8EO,ROAD,OH,1.8M ECONO ROAD CONE ORANGE,-340.0000,On Hand,02 Mar 2025
QOH,RC1.8EOS,SECONDS,OH,1.8M ECONO ROAD CONE ORANGE SECOND,0.0000,On Hand,02 Mar 2025
QOH,RC1.8EP,ROAD,OH,1.8M ECONO ROAD CONE PINK,-62.0000,On Hand,02 Mar 2025
QOH,RC1.8ER,ROAD,OH,1.8M ECONO ROAD CONE RED,-594.0000,On Hand,02 Mar 2025
QOH,RC1.8ERS,SECONDS,OH,1.8M ECONO ROAD CONE RED SECOND,0.0000,On Hand,02 Mar 2025
QOH,RC1.8EN,ROAD,OH,1.8M ECONO ROAD CONE NATURAL,-143.0000,On Hand,02 Mar 2025
QOH,RC1.8EY,ROAD,OH,1.8M ECONO ROAD CONE YELLOW,-125.0000,On Hand,02 Mar 2025
QOH,RC1.8EYS,SECONDS,OH,1.8M ECONO ROAD CONE YELLOW SECOND,0.0000,On Hand,02 Mar 2025
QOH,RC1.9BL,ROAD,OH,1.9M ROAD CONE BLUE,0.0000,On Hand,02 Mar 2025
QOH,RC1.9N,ROAD,OH,1.9M ROAD CONE NATURAL,0.0000,On Hand,02 Mar 2025
QOH,RC1.9O,ROAD,OH,1.9M ROAD CONE ORANGE,-1800.0000,On Hand,02 Mar 2025
QOH,RC1.9Y,ROAD,OH,1.9M ROAD CONE YELLOW,-1071.0000,On Hand,02 Mar 2025
QOH,RC2.5Y,ROAD,OH,2.5M ROAD CONE YELLOW,0.0000,On Hand,02 Mar 2025
QOH,ROTOVETTIBL,ROTOVETTI,OH,ROTO VETTI COMPLETE SET MAC BLUE,0.0000,On Hand,02 Mar 2025
QOH,ROTOVETTIBLK,ROTOVETTI,OH,ROTO VETTI COMPLETE SET BLACK,0.0000,On Hand,02 Mar 2025
QOH,ROTOVETTIBLS,SECONDS,OH,ROTO VETTI COMPLETE SET MAC BLUE SECOND,0.0000,On Hand,02 Mar 2025
QOH,ROTOVETTIHK,ROTOVETTI,OH,ROTO VETTI COMPLETE SET HENRED KHAKI,0.0000,On Hand,02 Mar 2025
QOH,ROTOVETTILB,ROTOVETTI,OH,ROTO VETTI COMPLETE SET LIGHT BLUE,0.0000,On Hand,02 Mar 2025
QOH,ROTOVETTILG,ROTOVETTI,OH,ROTO VETTI COMPLETE SET LIME GREEN,0.0000,On Hand,02 Mar 2025
QOH,ROTOVETTILGS,SECONDS,OH,ROTO VETTI COMPLETE SET LIME GRN SECONDS,0.0000,On Hand,02 Mar 2025
QOH,ROTOVETTIO,ROTOVETTI,OH,ROTO VETTI COMPLETE SET ORANGE,0.0000,On Hand,02 Mar 2025
QOH,ROTOVETTIOS,SECONDS,OH,ROTO VETTI COMPLETE SET ORANGE SECOND,0.0000,On Hand,02 Mar 2025
QOH,ROTOVETTIP,ROTOVETTI,OH,ROTO VETTI COMPLETE SET PINK,0.0000,On Hand,02 Mar 2025
QOH,ROTOVETTIR,ROTOVETTI,OH,ROTO VETTI COMPLETE SET RED,0.0000,On Hand,02 Mar 2025
QOH,ROTOVETTISBLK,SECONDS,OH,ROTO VETTI COMPLETE SET SECONDS BLACK,0.0000,On Hand,02 Mar 2025
QOH,ROTOVETTISLB,SECONDS,OH,ROTO VETTI COMPLETE SET SECONDS LIGHT BL,0.0000,On Hand,02 Mar 2025
QOH,ROTOVETTISR,SECONDS,OH,ROTO VETTI COMPLETE SET SECONDS RED,0.0000,On Hand,02 Mar 2025
QOH,ROTOVETTIW,ROTOVETTI,OH,ROTO VETTI COMPLETE SET WHITE,0.0000,On Hand,02 Mar 2025
QOH,ROTOVETTIWS,SECONDS,OH,ROTO VETTI COMPLETE SET WHITE SECONDS,0.0000,On Hand,02 Mar 2025
QOH,ROTOVETTIY,ROTOVETTI,OH,ROTO VETTI COMPLETE SET YELLOW,0.0000,On Hand,02 Mar 2025
QOH,ROTOVETTIYS,SECONDS,OH,ROTO VETTI COMPLETE SET YELLOW SECONDS,0.0000,On Hand,02 Mar 2025
QOH,PONDRCB,URBAN GARDEN,OH,POND ROUND COFFEE BROWN,-1.0000,On Hand,02 Mar 2025
QOH,RULA12T,RULA,OH,RULA 12 TON TANK GREY,0.0000,On Hand,02 Mar 2025
QOH,RULA12TN,RULA,OH,RULA 12 TON TANK NATURAL,-26.0000,On Hand,02 Mar 2025
QOH,RULA1LT,RULA,OH,RULA 1000LT PLANTER TANK LIGHT GREY,0.0000,On Hand,02 Mar 2025
QOH,RULA1LTN,RULA,OH,RULA 1000LT PLANTER TANK NATURAL,-4.0000,On Hand,02 Mar 2025
QOH,RULA1LY,RULA,OH,RULA 1000LT PLANTER TANK DB YELLOW,-8.0000,On Hand,02 Mar 2025
QOH,RULA350,RULA,OH,RULA CAMELBACK 3500LT NATURAL,-10.0000,On Hand,02 Mar 2025
QOH,RULA350GR,RULA,OH,RULA CAMELBACK 3500LT GREY,0.0000,On Hand,02 Mar 2025
QOH,RULA4LT,RULA,OH,RULA 4000LT TANK NATURAL,0.0000,On Hand,02 Mar 2025
QOH,RULA4LTGRAN,RULA,OH,RULA 4000LT GRANULAR TANK NATURAL,0.0000,On Hand,02 Mar 2025
QOH,RULA6LT,RULA,OH,RULA 6000LT TANK NATURAL,-9.0000,On Hand,02 Mar 2025
QOH,RULA6LTBLK,RULA,OH,RULA 6000LT TANK BLACK,0.0000,On Hand,02 Mar 2025
QOH,RULAAIC,RULA,OH,RULA AUGER INLET CHUTE NATURAL,0.0000,On Hand,02 Mar 2025
QOH,RULAAICGR,RULA,OH,RULA AUGER INLET CHUTE GREY,0.0000,On Hand,02 Mar 2025
QOH,RULAM3500,RULA,OH,RULA MIDDLE 3500LT TANK NATURAL,-2.0000,On Hand,02 Mar 2025
QOH,RULASB,RULA,OH,RULA SEED BIN 70L NATURAL,0.0000,On Hand,02 Mar 2025
QOH,SEPTIC,TANKS HORIZONTAL,OH,HORIZONTAL 2200LT SEPTIC (DIGESTER),-70.0000,On Hand,02 Mar 2025
QOH,SEPTICS,SECONDS,OH,HORIZONTAL 2200LT SEPTIC SECONDS,0.0000,On Hand,02 Mar 2025
QOH,SLIMJACKB,TANKS VERTICAL,OH,SLIMJACK BEIGE,-15.0000,On Hand,02 Mar 2025
QOH,SLIMJACKBL,TANKS VERTICAL,OH,SLIMJACK BLUE,0.0000,On Hand,02 Mar 2025
QOH,SLIMJACKBLK,TANKS VERTICAL,OH,SLIMJACK BLACK,0.0000,On Hand,02 Mar 2025
QOH,SLIMJACKCB,TANKS VERTICAL,OH,SLIMJACK COFFEE BROWN,-81.0000,On Hand,02 Mar 2025
QOH,SLIMJACKCG,TANKS VERTICAL,OH,SLIMJACK CAPE GREEN,0.0000,On Hand,02 Mar 2025
QOH,SLIMJACKDG,TANKS VERTICAL,OH,SLIMJACK DARK GREEN,-21.0000,On Hand,02 Mar 2025
QOH,SLIMJACKGR,TANKS VERTICAL,OH,SLIMJACK GREY,-12.0000,On Hand,02 Mar 2025
QOH,SLIMJACKHGR,TANKS VERTICAL,OH,SLIMJACK HEAVY GREY,0.0000,On Hand,02 Mar 2025
QOH,SLIMJACKHN,TANKS VERTICAL,OH,SLIMJACK HEAVY NATURAL,0.0000,On Hand,02 Mar 2025
QOH,SLIMJACKJDG,TANKS VERTICAL,OH,SLIMJACK J/D GREEN,0.0000,On Hand,02 Mar 2025
QOH,SLIMJACKKG,TANKS VERTICAL,OH,SLIMJACK KHAKI GREEN,0.0000,On Hand,02 Mar 2025
QOH,SLIMJACKL,TANKS VERTICAL,OH,SLIMJACK LIME,0.0000,On Hand,02 Mar 2025
QOH,SLIMJACKMR,TANKS VERTICAL,OH,SLIMJACK RED MARBLE,0.0000,On Hand,02 Mar 2025
QOH,SLIMJACKO,TANKS VERTICAL,OH,SLIMJACK ORANGE,0.0000,On Hand,02 Mar 2025
QOH,SLIMJACKP,TANKS VERTICAL,OH,SLIMJACK PINK,0.0000,On Hand,02 Mar 2025
QOH,SLIMJACKR,TANKS VERTICAL,OH,SLIMJACK RED,0.0000,On Hand,02 Mar 2025
QOH,SLIMJACKSB,SECONDS,OH,SLIMJACK SECONDS BEIGE,0.0000,On Hand,02 Mar 2025
QOH,SLIMJACKSBL,SECONDS,OH,SLIMJACK SECONDS BLUE,0.0000,On Hand,02 Mar 2025
QOH,SLIMJACKSCARAB,SCARAB,OH,SLIMJACK SCARAB DB SAGE GREEN,0.0000,On Hand,02 Mar 2025
QOH,SLIMJACKSCB,SECONDS,OH,SLIMJACK SECONDS COFFEE BROWN,0.0000,On Hand,02 Mar 2025
QOH,SLIMJACKSDG,SECONDS,OH,SLIMJACK SECONDS DARK GREEN,0.0000,On Hand,02 Mar 2025
QOH,SLIMJACKSG,TANKS VERTICAL,OH,SLIMJACK SAGE GREEN,0.0000,On Hand,02 Mar 2025
QOH,SLIMJACKSGR,SECONDS,OH,SLIMJACK SECONDS GREY,0.0000,On Hand,02 Mar 2025
QOH,SLIMJACKSO,SECONDS,OH,SLIMJACK SECONDS ORANGE,0.0000,On Hand,02 Mar 2025
QOH,SLIMJACKSP,SECONDS,OH,SLIMJACK SECONDS PINK,0.0000,On Hand,02 Mar 2025
QOH,SLIMJACKSR,SECONDS,OH,SLIMJACK SECONDS RED,0.0000,On Hand,02 Mar 2025
QOH,SLIMJACKSS,SECONDS,OH,SLIMJACK SANDSTONE SECONDS,0.0000,On Hand,02 Mar 2025
QOH,SLIMJACKSSG,SECONDS,OH,SLIMJACK SECONDS SAGE GREEN,0.0000,On Hand,02 Mar 2025
QOH,SLIMJACKY,TANKS VERTICAL,OH,SLIMJACK YELLOW,0.0000,On Hand,02 Mar 2025
QOH,SLIMJILLB,TANKS VERTICAL,OH,SLIMJILL BEIGE,-13.0000,On Hand,02 Mar 2025
QOH,SLIMJILLBLK,TANKS VERTICAL,OH,SLIMJILL BLACK,0.0000,On Hand,02 Mar 2025
QOH,SLIMJILLBR,TANKS VERTICAL,OH,SLIMJILL BROWN,0.0000,On Hand,02 Mar 2025
QOH,SLIMJILLCB,TANKS VERTICAL,OH,SLIMJILL COFFEE BROWN,-17.0000,On Hand,02 Mar 2025
QOH,SLIMJILLDG,TANKS VERTICAL,OH,SLIMJILL DARK GREEN 7424,-17.0000,On Hand,02 Mar 2025
QOH,SLIMJILLGR,TANKS VERTICAL,OH,SLIMJILL GREY,-11.0000,On Hand,02 Mar 2025
QOH,SLIMJILLJDG,TANKS VERTICAL,OH,SLIMJILL J/D GREEN,0.0000,On Hand,02 Mar 2025
QOH,SLIMJILLLG,TANKS VERTICAL,OH,SLIMJILL LIME GREEN,0.0000,On Hand,02 Mar 2025
QOH,SLIMJILLM,TANKS VERTICAL,OH,SLIMJILL MARBLE,0.0000,On Hand,02 Mar 2025
QOH,SLIMJILLMG,TANKS VERTICAL,OH,SLIMJILL MARBLE GREEN,0.0000,On Hand,02 Mar 2025
QOH,SLIMJILLP,TANKS VERTICAL,OH,SLIMJILL PINK,0.0000,On Hand,02 Mar 2025
QOH,SLIMJILLSB,SECONDS,OH,SLIMJILL SECONDS BEIGE,0.0000,On Hand,02 Mar 2025
QOH,SLIMJILLSBLK,SECONDS,OH,SLIMJILL SECONDS BLACK,0.0000,On Hand,02 Mar 2025
QOH,SLIMJILLSC,SECONDS,OH,SLIMJILL SECONDS CHOCOLATE,0.0000,On Hand,02 Mar 2025
QOH,SLIMJILLSCB,SECONDS,OH,SLIMJILL SECONDS COFFEE BROWN,0.0000,On Hand,02 Mar 2025
QOH,SLIMJILLSDG,SECONDS,OH,SLIMJILL SECONDS DARK GREEN,0.0000,On Hand,02 Mar 2025
QOH,SLIMJILLSG,TANKS VERTICAL,OH,SLIMJILL SAGE GREEN,0.0000,On Hand,02 Mar 2025
QOH,SLIMJILLSLG,SECONDS,OH,SLIMJILL SECONDS LIME GREEN,0.0000,On Hand,02 Mar 2025
QOH,SLIMJILLSMG,SECONDS,OH,SLIMJILL SECONDS MARBLE GREEN,0.0000,On Hand,02 Mar 2025
QOH,SLIMJILLSS,TANKS VERTICAL,OH,SLIMJILL SANDSTONE,0.0000,On Hand,02 Mar 2025
QOH,SLIMJILLSSG,SECONDS,OH,SLIMJILL SECONDS SAGE GREEN,0.0000,On Hand,02 Mar 2025
QOH,SLIMJILLSSS,SECONDS,OH,SLIMJILL SECONDS SANDSTONE,0.0000,On Hand,02 Mar 2025
QOH,SLIMJILLST,SECONDS,OH,SLIMJILL SECONDS TERRACOTA,0.0000,On Hand,02 Mar 2025
QOH,SLIMJILLT,TANKS VERTICAL,OH,SLIMJILL TERRACOTA,0.0000,On Hand,02 Mar 2025
QOH,SLIMJOHNB,TANKS VERTICAL,OH,SLIMJOHN BEIGE,-275.0000,On Hand,02 Mar 2025
QOH,SLIMJOHNB916,TANKS VERTICAL,OH,SLIMJOHN BEIGE 916,0.0000,On Hand,02 Mar 2025
QOH,SLIMJOHNBL,TANKS VERTICAL,OH,SLIMJOHN BLUE,-1.0000,On Hand,02 Mar 2025
QOH,SLIMJOHNBLK,TANKS VERTICAL,OH,SLIMJOHN BLACK,0.0000,On Hand,02 Mar 2025
QOH,SLIMJOHNBO,TANKS VERTICAL,OH,SLIMJOHN BRONZE OLIVE,-10.0000,On Hand,02 Mar 2025
QOH,SLIMJOHNBR,TANKS VERTICAL,OH,SLIMJOHN BROWN,0.0000,On Hand,02 Mar 2025
QOH,SLIMJOHNCBR,TANKS VERTICAL,OH,SLIMJOHN COFFEE BROWN,-297.0000,On Hand,02 Mar 2025
QOH,SLIMJOHNDG,TANKS VERTICAL,OH,SLIMJOHN DARK GREEN,-200.0000,On Hand,02 Mar 2025
QOH,SLIMJOHNGR816,TANKS VERTICAL,OH,SLIMJOHN GREY 816,-241.0000,On Hand,02 Mar 2025
QOH,SLIMJOHNGR29708,TANKS VERTICAL,OH,SLIMJOHN GREY 29708,0.0000,On Hand,02 Mar 2025
QOH,SLIMJOHNHK,TANKS VERTICAL,OH,SLIMJOHN HENRED KHAKI,-2.0000,On Hand,02 Mar 2025
QOH,SLIMJOHNJDG,TANKS VERTICAL,OH,SLIMJOHN J/D GREEN,0.0000,On Hand,02 Mar 2025
QOH,SLIMJOHNLG,TANKS VERTICAL,OH,SLIMJOHN LIME GREEN,0.0000,On Hand,02 Mar 2025
QOH,SLIMJOHNM,TANKS VERTICAL,OH,SLIMJOHN MEDIUM YELLOW,0.0000,On Hand,02 Mar 2025
QOH,SLIMJOHNMDG,TANKS VERTICAL,OH,SLIMJOHN MEDIUM DARK GREEN,0.0000,On Hand,02 Mar 2025
QOH,SLIMJOHNSB,SECONDS,OH,SLIMJOHN SECOND BEIGE,0.0000,On Hand,02 Mar 2025
QOH,SLIMJOHNSCBR,SECONDS,OH,SLIMJOHN SECOND COFFEE BROWN,0.0000,On Hand,02 Mar 2025
QOH,SLIMJOHNSG,TANKS VERTICAL,OH,SLIMJOHN SAGE GREEN,0.0000,On Hand,02 Mar 2025
QOH,SLIMJOHNSGR,SECONDS,OH,SLIMJOHN SECOND GREY,0.0000,On Hand,02 Mar 2025
QOH,SLIMJOHNSJDG,SECONDS,OH,SLIMJOHN SECOND JD GREEN,0.0000,On Hand,02 Mar 2025
QOH,SLIMJOHNSLG,SECONDS,OH,SLIMJOHN SECOND LIME GREEN,0.0000,On Hand,02 Mar 2025
QOH,SLIMJOHNSSG,SECONDS,OH,SLIMJOHN SECOND SAGE GREEN,0.0000,On Hand,02 Mar 2025
QOH,SLIMJOHNY,TANKS VERTICAL,OH,SLIMJOHN YELLOW,0.0000,On Hand,02 Mar 2025
QOH,SPAGR,CUSTOM,OH,JACUZZI SPA GREY GRANITE,0.0000,On Hand,02 Mar 2025
QOH,SPCB,POOL,OH,SMALL PUMP COVER BEIGE,-30.0000,On Hand,02 Mar 2025
QOH,SPCBR,POOL,OH,SMALL PUMP COVER BROWN PIGMENT,0.0000,On Hand,02 Mar 2025
QOH,SPCBRS,SECONDS,OH,SMALL PUMP COVER BROWN SECONDS,0.0000,On Hand,02 Mar 2025
QOH,SPCCBLK,POOL,OH,SMALL PUMP COVER BLACK,-2.0000,On Hand,02 Mar 2025
QOH,SPCCBR,POOL,OH,SMALL PUMP COVER COFFEE BROWN,-365.0000,On Hand,02 Mar 2025
QOH,SPCDG,POOL,OH,SMALL PUMP COVER DARK GREEN,-58.0000,On Hand,02 Mar 2025
QOH,SPCEB,POOL,OH,SMALL PUMP COVER EARTHCO NEL BEIGE,-390.0000,On Hand,02 Mar 2025
QOH,SPCEDG,POOL,OH,SMALL PUMP COVER EARTHCO DARK GREEN,-45.0000,On Hand,02 Mar 2025
QOH,SPCEG,POOL,OH,SMALL PUMP COVER EARTHCO GREY,-570.0000,On Hand,02 Mar 2025
QOH,SPCG,POOL,OH,SMALL PUMP COVER GREEN PIGMENT,0.0000,On Hand,02 Mar 2025
QOH,SPCGR,POOL,OH,SMALL PUMP COVER GREY 816,-580.0000,On Hand,02 Mar 2025
QOH,SPCGRS,SECONDS,OH,SMALL PUMP COVER GREY SECONDS,0.0000,On Hand,02 Mar 2025
QOH,SPCGS,SECONDS,OH,SMALL PUMP COVER DARK GREEN SECONDS,0.0000,On Hand,02 Mar 2025
QOH,SPCHB,POOL,OH,SMALL PUMP COVER HERO NEL BEIGE,0.0000,On Hand,02 Mar 2025
QOH,SPCHBLK,POOL,OH,SMALL PUMP COVER HERO BLACK,0.0000,On Hand,02 Mar 2025
QOH,SPCHBLKS,SECONDS,OH,SMALL PUMP COVER HERO BLACK SECONDS,0.0000,On Hand,02 Mar 2025
QOH,SPCHBS,SECONDS,OH,SMALL PUMP COVER HERO NEL BEIGE SECONDS,0.0000,On Hand,02 Mar 2025
QOH,SPCHCBR,POOL,OH,SMALL PUMP COVER HERO COFFEE BROWN,0.0000,On Hand,02 Mar 2025
QOH,SPCHDG,POOL,OH,SMALL PUMP COVER HERO DARK GREEN,0.0000,On Hand,02 Mar 2025
QOH,SPCHGR,POOL,OH,SMALL PUMP COVER HERO GREY 816,0.0000,On Hand,02 Mar 2025
QOH,SPCHLGR,POOL,OH,SMALL PUMP COVER HERO LIGHT GREY 817,0.0000,On Hand,02 Mar 2025
QOH,SPCHSG,POOL,OH,SMALL PUMP COVER HERO SAGE GREEN,0.0000,On Hand,02 Mar 2025
QOH,SPCN,POOL,OH,SMALL PUMP COVER NATURAL,0.0000,On Hand,02 Mar 2025
QOH,SPCNS,SECONDS,OH,SMALL PUMP COVER NATURAL SECONDS,0.0000,On Hand,02 Mar 2025
QOH,STAKOMMY,CUSTOM,OH,STAKO MULTI PURPOSE MODIFIED 500L YELLOW,0.0000,On Hand,02 Mar 2025
QOH,STAKOMY,CUSTOM,OH,STAKO MULTI PURPOSE UNIT 500L YELLOW,0.0000,On Hand,02 Mar 2025
QOH,STAKOYR,CUSTOM,OH,STAKO FIREFIGHT TANK WITH BAFFLE YELLOW RIBBED,-15.0000,On Hand,02 Mar 2025
QOH,TANKS1.5,INDUSTRIAL,OH,TANK STAND 1.5M 5000L,0.0000,On Hand,02 Mar 2025
QOH,TANKS2.5,INDUSTRIAL,OH,TANK STAND 3M 250LT - 2500LT,0.0000,On Hand,02 Mar 2025
QOH,TANKS5.0,INDUSTRIAL,OH,TANK STAND 3M 2500LT - 5000LT,-1.0000,On Hand,02 Mar 2025
QOH,TOTBLRGBLK,CUSTOM,OH,TOTAL BLASTING TANK LARGE BLACK,-5.0000,On Hand,02 Mar 2025
QOH,TOTBMEDBLK,CUSTOM,OH,TOTAL BLASTING TANK MEDIUM (3000L) BLACK,-42.0000,On Hand,02 Mar 2025
QOH,TOTBSMLBLK,CUSTOM,OH,TOTAL BLASTING TANK SMALL BLACK,0.0000,On Hand,02 Mar 2025
QOH,TOTEBBLK,INDUSTRIAL,OH,TOTE BOX BLACK,0.0000,On Hand,02 Mar 2025
QOH,TRENSLBBLK,CUSTOM,OH,TRENSTAR SQUARE LIQUID BASE BLACK,0.0000,On Hand,02 Mar 2025
QOH,TRENSLBGR,CUSTOM,OH,TRENSTAR SQUARE LIQUID BASE GREY,0.0000,On Hand,02 Mar 2025
QOH,TRENSLBGRS,SECONDS,OH,TRENSTAR SQUARE LIQUID BASE GREY SECONDS,0.0000,On Hand,02 Mar 2025
QOH,TRENSRINGB,CUSTOM,OH,TRENSTAR LIQUID RING BEAM YELLOW,0.0000,On Hand,02 Mar 2025
QOH,TRIPJB,TANKS VERTICAL,OH,TRIPLEJACK BEIGE,-23.0000,On Hand,02 Mar 2025
QOH,TRIPJBLK,TANKS VERTICAL,OH,TRIPLEJACK BLACK,0.0000,On Hand,02 Mar 2025
QOH,TRIPJCB,TANKS VERTICAL,OH,TRIPLEJACK COFFEE BROWN,-7.0000,On Hand,02 Mar 2025
QOH,TRIPJDG,TANKS VERTICAL,OH,TRIPLEJACK DARK GREEN,-9.0000,On Hand,02 Mar 2025
QOH,TRIPJGR,TANKS VERTICAL,OH,TRIPLEJACK GREY,-37.0000,On Hand,02 Mar 2025
QOH,TRIPJSG,TANKS VERTICAL,OH,TRIPLEJACK SAGE GREEN,0.0000,On Hand,02 Mar 2025
QOH,TRUCO1A,TRUCO,OH,TRUCO 1 290mm INSERT HALF,0.0000,On Hand,02 Mar 2025
QOH,TRUCO1B,TRUCO,OH,TRUCO 1 300MM INSERT HALF,0.0000,On Hand,02 Mar 2025
QOH,TRUCO1BS,SECONDS,OH,TRUCO 1 300MM INSERT HALF SECOND,0.0000,On Hand,02 Mar 2025
QOH,TRUCO1C,TRUCO,OH,TRUCO 1 350mm INSERT HALF,0.0000,On Hand,02 Mar 2025
QOH,TRUCO1D,TRUCO,OH,TRUCO 1 390mm INSERT HALF,0.0000,On Hand,02 Mar 2025
QOH,TRUCO1E,TRUCO,OH,TRUCO 1 400mm INSERT HALF,0.0000,On Hand,02 Mar 2025
QOH,TRUCO1F,TRUCO,OH,TRUCO 1 450mm INSERT HALF,0.0000,On Hand,02 Mar 2025
QOH,TRUCO1FO,TRUCO,OH,TRUCO 1 450mm INSERT HALF ORANGE,-80.0000,On Hand,02 Mar 2025
QOH,TRUCO1G,TRUCO,OH,TRUCO 1 490mm INSERT HALF,0.0000,On Hand,02 Mar 2025
QOH,TRUCO1H,TRUCO,OH,TRUCO 1 500mm INSERT HALF,0.0000,On Hand,02 Mar 2025
QOH,TRUCO1I,TRUCO,OH,TRUCO 1 567 mm INSERT HALF,0.0000,On Hand,02 Mar 2025
QOH,TRUCO1J,TRUCO,OH,TRUCO 1 490mm 15 mm THICK INSERT HALF,0.0000,On Hand,02 Mar 2025
QOH,TRUCO1JF,TRUCO,OH,TRUCO 1 640mm INSERT HALF,0.0000,On Hand,02 Mar 2025
QOH,TRUCO1JO,TRUCO,OH,TRUCO 1 490mm 15mm THCK INSERT HF ORANGE,-652.0000,On Hand,02 Mar 2025
QOH,TRUCO1KF,TRUCO,OH,TRUCO 1 580 mm INSERT HALF,0.0000,On Hand,02 Mar 2025
QOH,TRUCO1LF,TRUCO,OH,TRUCO 1 600 mm INSERT HALF,0.0000,On Hand,02 Mar 2025
QOH,TRUCO2A,TRUCO,OH,TRUCO 2 180mm INSERT HALF,0.0000,On Hand,02 Mar 2025
QOH,TRUCO2B,TRUCO,OH,TRUCO 2 200mm INSERT HALF,0.0000,On Hand,02 Mar 2025
QOH,TRUCO2BS,SECONDS,OH,TRUCO 2 200mm INSERT HALF SECOND,0.0000,On Hand,02 Mar 2025
QOH,TRUCO2C,TRUCO,OH,TRUCO 2 290mm INSERT HALF,0.0000,On Hand,02 Mar 2025
QOH,TRUCO2D,TRUCO,OH,TRUCO 2 300mm INSERT HALF,0.0000,On Hand,02 Mar 2025
QOH,TRUCO2DS,SECONDS,OH,TRUCO 2 300mm INSERT HALF SECOND,0.0000,On Hand,02 Mar 2025
QOH,TRUCO2E,TRUCO,OH,TRUCO 2 310mm INSERT HALF,0.0000,On Hand,02 Mar 2025
QOH,TRUCO2F,TRUCO,OH,TRUCO 2 355mm INSERT HALF,0.0000,On Hand,02 Mar 2025
QOH,TRUCO3A,TRUCO,OH,TRUCO 3 250mm INSERT HALF,0.0000,On Hand,02 Mar 2025
QOH,TRUCO3B,TRUCO,OH,TRUCO 3 390mm INSERT HALF,0.0000,On Hand,02 Mar 2025
QOH,TRUCO4A,TRUCO,OH,TRUCO 4 100mm INSERT HALF,0.0000,On Hand,02 Mar 2025
QOH,TRUCO4AS,SECONDS,OH,TRUCO 4 100mm INSERT HALF SECOND,0.0000,On Hand,02 Mar 2025
QOH,TRUCO4B,TRUCO,OH,TRUCO 4 150mm INSERT HALF,0.0000,On Hand,02 Mar 2025
QOH,TRUCO4BS,SECONDS,OH,TRUCO 4 150mm INSERT HALF SECOND,0.0000,On Hand,02 Mar 2025
QOH,TRUCO4C,TRUCO,OH,TRUCO 4 75mm INSERT HALF,0.0000,On Hand,02 Mar 2025
QOH,TRUCO4D,TRUCO,OH,TRUCO 4 160mm INSERT HALF,0.0000,On Hand,02 Mar 2025
QOH,TRUCO4EF,TRUCO,OH,TRUCO 4 130mm INSERT HALF FOAM FILLED,0.0000,On Hand,02 Mar 2025
QOH,TRUCO5A,TRUCO,OH,TRUCO 5 220mm INSERT HALF,0.0000,On Hand,02 Mar 2025
QOH,TRUCO5B,TRUCO,OH,TRUCO 5 350mm INSERT HALF,0.0000,On Hand,02 Mar 2025
QOH,TRUCOT.1050.420,TRUCO,OH,TRUCO PIPE 1050 OD 420 ID ORANGE HALF,0.0000,On Hand,02 Mar 2025
QOH,TRUCOT.1050.430,TRUCO,OH,TRUCO PIPE 1050 OD 430 ID ORANGE HALF,0.0000,On Hand,02 Mar 2025
QOH,TRUCOT.1050.480,TRUCO,OH,TRUCO PIPE 1050OD 480ID 15MM ORANGE HALF,0.0000,On Hand,02 Mar 2025
QOH,TRUCOT.1050.490,TRUCO,OH,TRUCO PIPE 1050OD 490ID 15MM ORANGE HALF,0.0000,On Hand,02 Mar 2025
QOH,TRUCOT.1050.500,TRUCO,OH,TRUCO PIPE 1050 OD 500 ID ORANGE HALF,0.0000,On Hand,02 Mar 2025
QOH,TRUCOT.605.160,TRUCO,OH,TRUCO PIPE 605 OD 160 ID ORANGE HALF,-493.0000,On Hand,02 Mar 2025
QOH,TRUCOT.605.180,TRUCO,OH,TRUCO PIPE 605 OD 180 ID ORANGE HALF,-32.0000,On Hand,02 Mar 2025
QOH,TRUCOT.605.200,TRUCO,OH,TRUCO PIPE 605 OD 200 ID ORANGE HALF,-296.0000,On Hand,02 Mar 2025
QOH,TRUCOT.820.225,TRUCO,OH,TRUCO PIPE 820 OD 225 ID ORANGE HALF,-238.0000,On Hand,02 Mar 2025
QOH,TRUCOT.820.250,TRUCO,OH,TRUCO PIPE 820 OD 250 ID ORANGE HALF,-226.0000,On Hand,02 Mar 2025
QOH,TRUCOT.820.280,TRUCO,OH,TRUCO PIPE 820 OD 280 ID ORANGE HALF,-344.0000,On Hand,02 Mar 2025
QOH,TRUCOT.820.310,TRUCO,OH,TRUCO PIPE 820 OD 310 ID ORANGE HALF,-52.0000,On Hand,02 Mar 2025
QOH,TRUCOT.820.400,TRUCO,OH,TRUCO PIPE 820 OD 400 ID ORANGE HALF,-210.0000,On Hand,02 Mar 2025
QOH,TSITELE,CUSTOM,OH,TSI COMMUNICATIONS TELEBOOTH ORANGE,0.0000,On Hand,02 Mar 2025
QOH,USPARCTICGR816,URBAN WATER,OH,URBAN SLIM ELECTRIC PUMP COVER GREY 816,-114.0000,On Hand,02 Mar 2025
QOH,USPARCTICGREY,URBAN WATER,OH,URBAN SLIM ELECTRIC PUMP COVER ARTIC GRE,-1.0000,On Hand,02 Mar 2025
QOH,USPCB,URBAN WATER,OH,URBAN SLIM ELECTRIC PUMP COVER COFFEE BR,-32.0000,On Hand,02 Mar 2025
QOH,USPDG,URBAN WATER,OH,URBAN SLIM ELECTRIC PUMP COVER DARK GRN,-111.0000,On Hand,02 Mar 2025
QOH,USPMOCHA,URBAN WATER,OH,URBAN SLIM ELECTRIC PUMP COVER MOCHA,0.0000,On Hand,02 Mar 2025
QOH,USPSAVANNAH,URBAN WATER,OH,URBAN SLIM ELECTRIC PUMP COVER SAVANNAH,0.0000,On Hand,02 Mar 2025
QOH,V0.25EH,TANKS VERTICAL,OH,VERTICAL 250LT EXTRA HEAVY RED,-1.0000,On Hand,02 Mar 2025
QOH,V0.25EHBL,TANKS VERTICAL,OH,VERTICAL 250LT EXTRA HEAVY BLUE,-1.0000,On Hand,02 Mar 2025
QOH,V0.25EHBLK,TANKS VERTICAL,OH,VERTICAL 250LT EXTRA HEAVY BLACK,-1.0000,On Hand,02 Mar 2025
QOH,V0.25EHSSG,SECONDS,OH,VERTICAL 250LT E/HEAVY SECOND SAGE GREEN,0.0000,On Hand,02 Mar 2025
QOH,V0.25HBL,TANKS VERTICAL,OH,VERTICAL 250LT HEAVY BLUE,-1.0000,On Hand,02 Mar 2025
QOH,V0.25HDG,TANKS VERTICAL,OH,VERTICAL 250LT HEAVY DARK GREEN,0.0000,On Hand,02 Mar 2025
QOH,V0.25HN,TANKS VERTICAL,OH,VERTICAL 250LT HEAVY NATURAL,0.0000,On Hand,02 Mar 2025
QOH,V0.25HR,TANKS VERTICAL,OH,VERTICAL 250LT HEAVY RED,-1.0000,On Hand,02 Mar 2025
QOH,V0.25HSG,TANKS VERTICAL,OH,VERTICAL 250LT HEAVY SAGE GREEN,0.0000,On Hand,02 Mar 2025
QOH,V0.25HY,TANKS VERTICAL,OH,VERTICAL 250LT HEAVY YELLOW,0.0000,On Hand,02 Mar 2025
QOH,V0.25MN,TANKS VERTICAL,OH,VERTICAL 250LT MEDIUM NATURAL,-4.0000,On Hand,02 Mar 2025
QOH,V0.25MS,SECONDS,OH,VERTICAL 250LT MEDIUM SECONDS YELLOW,0.0000,On Hand,02 Mar 2025
QOH,V0.25MY,TANKS VERTICAL,OH,VERTICAL 250LT MEDIUM YELLOW,0.0000,On Hand,02 Mar 2025
QOH,V0.25WB,TANKS VERTICAL,OH,VERTICAL 250LT WATER BEIGE,-4.0000,On Hand,02 Mar 2025
QOH,V0.25WBG,TANKS VERTICAL,OH,VERTICAL 250LT WATER BIRCH GREY,-1.0000,On Hand,02 Mar 2025
QOH,V0.25WBL,TANKS VERTICAL,OH,VERTICAL 250LT WATER BLUE,-40.0000,On Hand,02 Mar 2025
QOH,V0.25WBLK,TANKS VERTICAL,OH,VERTICAL 250LT WATER BLACK,0.0000,On Hand,02 Mar 2025
QOH,V0.25WCB,TANKS VERTICAL,OH,VERTICAL 250LT WATER COFFEE BROWN,-3.0000,On Hand,02 Mar 2025
QOH,V0.25WDG,TANKS VERTICAL,OH,VERTICAL 250LT WATER DARK GREEN,-109.0000,On Hand,02 Mar 2025
QOH,V0.25WJDG,TANKS VERTICAL,OH,VERTICAL 250LT WATER J/D GREEN,0.0000,On Hand,02 Mar 2025
QOH,V0.25WN,TANKS VERTICAL,OH,VERTICAL 250LT WATER NATURAL,-2.0000,On Hand,02 Mar 2025
QOH,V0.25WPB,TANKS VERTICAL,OH,VERTICAL 250LT WATER PATH BLUE,0.0000,On Hand,02 Mar 2025
QOH,V0.25WSG,TANKS VERTICAL,OH,VERTICAL 250LT WATER SAGE GREEN,0.0000,On Hand,02 Mar 2025
QOH,V0.25WSGS,SECONDS,OH,VERTICAL 250LT WATER SAGE GREEN SECONDS,0.0000,On Hand,02 Mar 2025
QOH,V0.25WY,TANKS VERTICAL,OH,VERTICAL 250LT WATER YELLOW,0.0000,On Hand,02 Mar 2025
QOH,V0.25WYS,SECONDS,OH,VERTICAL 250LT WATER YELLOW SECONDS,0.0000,On Hand,02 Mar 2025
QOH,V0.5EHBL,TANKS VERTICAL,OH,VERTICAL 500LT EXTRA HEAVY BLUE,-1.0000,On Hand,02 Mar 2025
QOH,V0.5EHBLK,TANKS VERTICAL,OH,VERTICAL 500LT EXTRA HEAVY BLACK,-2.0000,On Hand,02 Mar 2025
QOH,V0.5EHDG,TANKS VERTICAL,OH,VERTICAL 500LT EXTRA HEAVY DARK GREEN,0.0000,On Hand,02 Mar 2025
QOH,V0.5EHN,TANKS VERTICAL,OH,VERTICAL 500LT EXTRA HEAVY NATURAL,0.0000,On Hand,02 Mar 2025
QOH,V0.5EHR,TANKS VERTICAL,OH,VERTICAL 500LT EXTRA HEAVY RED,-1.0000,On Hand,02 Mar 2025
QOH,V0.5EHSG,TANKS VERTICAL,OH,VERTICAL 500LT EXTRA HEAVY SAGE GREEN,0.0000,On Hand,02 Mar 2025
QOH,V0.5EHY,TANKS VERTICAL,OH,VERTICAL 500LT EXTRA HEAVY YELLOW,0.0000,On Hand,02 Mar 2025
QOH,V0.5HBL,TANKS VERTICAL,OH,VERTICAL 500LT HEAVY BLUE,-2.0000,On Hand,02 Mar 2025
QOH,V0.5HBLK,TANKS VERTICAL,OH,VERTICAL 500LT HEAVY BLACK,-1.0000,On Hand,02 Mar 2025
QOH,V0.5HCB,TANKS VERTICAL,OH,VERTICAL 500LT HEAVY COFFEE BROWN,-1.0000,On Hand,02 Mar 2025
QOH,V0.5HDG,TANKS VERTICAL,OH,VERTICAL 500LT HEAVY DARK GREEN,-1.0000,On Hand,02 Mar 2025
QOH,V0.5HGR,TANKS VERTICAL,OH,VERTICAL 500LT HEAVY GREY,0.0000,On Hand,02 Mar 2025
QOH,V0.5HN,TANKS VERTICAL,OH,VERTICAL 500LT HEAVY NATURAL,-13.0000,On Hand,02 Mar 2025
QOH,V0.5HR,TANKS VERTICAL,OH,VERTICAL 500LT HEAVY RED,-1.0000,On Hand,02 Mar 2025
QOH,V0.5HSG,TANKS VERTICAL,OH,VERTICAL 500LT HEAVY SAGE GREEN,0.0000,On Hand,02 Mar 2025
QOH,V0.5HSY,SECONDS,OH,VERTICAL 500LT HEAVY SECONDS YELLOW,0.0000,On Hand,02 Mar 2025
QOH,V0.5HY,TANKS VERTICAL,OH,VERTICAL 500LT HEAVY YELLOW,-1.0000,On Hand,02 Mar 2025
QOH,V0.5MCB,TANKS VERTICAL,OH,VERTICAL 500LT MEDIUM COFFEE BROWN,0.0000,On Hand,02 Mar 2025
QOH,V0.5MN,TANKS VERTICAL,OH,VERTICAL 500LT MEDIUM NATURAL,-22.0000,On Hand,02 Mar 2025
QOH,V0.5MS,SECONDS,OH,VERTICAL 500LT MEDIUM SECONDS,0.0000,On Hand,02 Mar 2025
QOH,V0.5WB,TANKS VERTICAL,OH,VERTICAL 500LT WATER BEIGE,-4.0000,On Hand,02 Mar 2025
QOH,V0.5WBL,TANKS VERTICAL,OH,VERTICAL 500LT WATER BLUE,-2.0000,On Hand,02 Mar 2025
QOH,V0.5WBLKS,SECONDS,OH,VERTICAL 500LT WATER BLACK SECONDS,0.0000,On Hand,02 Mar 2025
QOH,V0.5WCB,TANKS VERTICAL,OH,VERTICAL 500LT WATER COFFEE BROWN,-31.0000,On Hand,02 Mar 2025
QOH,V0.5WDG,TANKS VERTICAL,OH,VERTICAL 500LT WATER DARK GREEN 7424,-101.0000,On Hand,02 Mar 2025
QOH,V0.5WGR,TANKS VERTICAL,OH,VERTICAL 500LT WATER GREY,0.0000,On Hand,02 Mar 2025
QOH,V0.5WHK,TANKS VERTICAL,OH,VERTICAL 500LT WATER HENRED KHAKI,0.0000,On Hand,02 Mar 2025
QOH,V0.5WN,TANKS VERTICAL,OH,VERTICAL 500LT WATER NATURAL,-14.0000,On Hand,02 Mar 2025
QOH,V0.5WSB,SECONDS,OH,VERTICAL 500LT WATER SECONDS BEIGE,0.0000,On Hand,02 Mar 2025
QOH,V0.5WSG,TANKS VERTICAL,OH,VERTICAL 500LT WATER SAGE GREEN,0.0000,On Hand,02 Mar 2025
QOH,V0.5WSGS,SECONDS,OH,VERTICAL 500LT WATER SAGE GREEN SECONDS,0.0000,On Hand,02 Mar 2025
QOH,V1.0EHBLK,TANKS VERTICAL,OH,VERTICAL 1000LT EXTRA HEAVY BLACK,0.0000,On Hand,02 Mar 2025
QOH,V1.0EHN,TANKS VERTICAL,OH,VERTICAL 1000LT EXTRA HEAVY NATURAL,0.0000,On Hand,02 Mar 2025
QOH,V1.0HBL,TANKS VERTICAL,OH,VERTICAL 1000LT HEAVY BLUE,-2.0000,On Hand,02 Mar 2025
QOH,V1.0HBLK,TANKS VERTICAL,OH,VERTICAL 1000LT HEAVY BLACK,-1.0000,On Hand,02 Mar 2025
QOH,V1.0HDG,TANKS VERTICAL,OH,VERTICAL 1000LT HEAVY DARK GREEN,0.0000,On Hand,02 Mar 2025
QOH,V1.0HN,TANKS VERTICAL,OH,VERTICAL 1000LT HEAVY NATURAL,-27.0000,On Hand,02 Mar 2025
QOH,V1.0HR,TANKS VERTICAL,OH,VERTICAL 1000LT HEAVY RED,0.0000,On Hand,02 Mar 2025
QOH,V1.0HS,SECONDS,OH,VERTICAL 1000LT HEAVY SECOND,0.0000,On Hand,02 Mar 2025
QOH,V1.0HSG,TANKS VERTICAL,OH,VERTICAL 1000LT HEAVY SAGE GREEN,0.0000,On Hand,02 Mar 2025
QOH,V1.0HY,TANKS VERTICAL,OH,VERTICAL 1000LT HEAVY YELLOW,0.0000,On Hand,02 Mar 2025
QOH,V1.0MBL,TANKS VERTICAL,OH,VERTICAL 1000LT MEDIUM BLUE,0.0000,On Hand,02 Mar 2025
QOH,V1.0MBLK,TANKS VERTICAL,OH,VERTICAL 1000LT MEDIUM BLACK,0.0000,On Hand,02 Mar 2025
QOH,V1.0MDG,TANKS VERTICAL,OH,VERTICAL 1000LT MEDIUM DARK GREEN,-7.0000,On Hand,02 Mar 2025
QOH,V1.0MN,TANKS VERTICAL,OH,VERTICAL 1000LT MEDIUM NATURAL,-40.0000,On Hand,02 Mar 2025
QOH,V1.0MNS,SECONDS,OH,VERTICAL 1000LT MEDIUM SECONDS NATURAL,0.0000,On Hand,02 Mar 2025
QOH,V1.0MSBLK,SECONDS,OH,VERTICAL 1000LT MEDIUM SECONDS BLACK,0.0000,On Hand,02 Mar 2025
QOH,V1.0MSG,TANKS VERTICAL,OH,VERTICAL 1000LT MEDIUM SAGE GREEN,0.0000,On Hand,02 Mar 2025
QOH,V1.0MSSG,SECONDS,OH,VERTICAL 1000LT MEDIUM SECOND SAGE GREEN,0.0000,On Hand,02 Mar 2025
QOH,V1.0WB,TANKS VERTICAL,OH,VERTICAL 1000LT WATER BEIGE,-41.0000,On Hand,02 Mar 2025
QOH,V1.0WBL,TANKS VERTICAL,OH,VERTICAL 1000LT WATER BLUE,0.0000,On Hand,02 Mar 2025
QOH,V1.0WBLK,TANKS VERTICAL,OH,VERTICAL 1000LT WATER BLACK,0.0000,On Hand,02 Mar 2025
QOH,V1.0WCB,TANKS VERTICAL,OH,VERTICAL 1000LT WATER COFFEE BROWN,-38.0000,On Hand,02 Mar 2025
QOH,V1.0WDG,TANKS VERTICAL,OH,VERTICAL 1000LT WATER DARK GREEN,-653.0000,On Hand,02 Mar 2025
QOH,V1.0WDGR,TANKS VERTICAL,OH,VERTICAL 1000LT WATER DARK GREY,0.0000,On Hand,02 Mar 2025
QOH,V1.0WDGS,SECONDS,OH,VERTICAL 1000LT WATER SECONDS DARK GREEN,-1.0000,On Hand,02 Mar 2025
QOH,V1.0WGR,TANKS VERTICAL,OH,VERTICAL 1000LT WATER GREY,-10.0000,On Hand,02 Mar 2025
QOH,V1.0WJDG,TANKS VERTICAL,OH,VERTICAL 1000LT WATER J/D GREEN,0.0000,On Hand,02 Mar 2025
QOH,V1.0WN,TANKS VERTICAL,OH,VERTICAL 1000LT WATER NATURAL,0.0000,On Hand,02 Mar 2025
QOH,V1.0WR,TANKS VERTICAL,OH,VERTICAL 1000LT WATER RED,0.0000,On Hand,02 Mar 2025
QOH,V1.0WSB,SECONDS,OH,VERTICAL 1000LT WATER SECONDS BEIGE,0.0000,On Hand,02 Mar 2025
QOH,V1.0WSBL,SECONDS,OH,VERTICAL 1000LT WATER SECONDS BLUE,0.0000,On Hand,02 Mar 2025
QOH,V1.0WSCB,SECONDS,OH,VERTICAL 1000LT WATER SECONDS COFFEE BRN,0.0000,On Hand,02 Mar 2025
QOH,V1.0WSG,TANKS VERTICAL,OH,VERTICAL 1000LT WATER SAGE GREEN,0.0000,On Hand,02 Mar 2025
QOH,V1.0WSJDG,SECONDS,OH,VERTICAL 1000LT WATER SECONDS J/D GREEN,0.0000,On Hand,02 Mar 2025
QOH,V1.0WSSG,SECONDS,OH,VERTICAL 1000LT WATER SECONDS SAGE GREEN,0.0000,On Hand,02 Mar 2025
QOH,V1.0WSY,SECONDS,OH,VERTICAL 1000LT WATER SECONDS YELLOW,0.0000,On Hand,02 Mar 2025
QOH,V1.0WY,TANKS VERTICAL,OH,VERTICAL 1000LT WATER YELLOW,0.0000,On Hand,02 Mar 2025
QOH,V1.5EHBLK,TANKS VERTICAL,OH,VERTICAL 1500LT EXTRA HEAVY BLACK,-6.0000,On Hand,02 Mar 2025
QOH,V1.5EHSG,TANKS VERTICAL,OH,VERTICAL 1500LT EXTRA HEAVY SAGE GREEN,0.0000,On Hand,02 Mar 2025
QOH,V1.5EHSSG,SECONDS,OH,VERTICAL 1500LT E/HEAVY SECONDS S/GREEN,0.0000,On Hand,02 Mar 2025
QOH,V1.5HBL,TANKS VERTICAL,OH,VERTICAL 1500LT HEAVY BLUE,0.0000,On Hand,02 Mar 2025
QOH,V1.5HBLK,TANKS VERTICAL,OH,VERTICAL 1500LT HEAVY BLACK,0.0000,On Hand,02 Mar 2025
QOH,V1.5HDG,TANKS VERTICAL,OH,VERTICAL 1500LT HEAVY DARK GREEN,0.0000,On Hand,02 Mar 2025
QOH,V1.5HN,TANKS VERTICAL,OH,VERTICAL 1500LT HEAVY NATURAL,-6.0000,On Hand,02 Mar 2025
QOH,V1.5HSBLK,SECONDS,OH,VERTICAL 1500LT HEAVY SECONDS BLACK,0.0000,On Hand,02 Mar 2025
QOH,V1.5HSG,TANKS VERTICAL,OH,VERTICAL 1500LT HEAVY SAGE GREEN,0.0000,On Hand,02 Mar 2025
QOH,V1.5HSSG,SECONDS,OH,VERTICAL 1500LT HEAVY SECONDS SAGE GREEN,0.0000,On Hand,02 Mar 2025
QOH,V1.5HY,TANKS VERTICAL,OH,VERTICAL 1500LT HEAVY YELLOW,0.0000,On Hand,02 Mar 2025
QOH,V1.5MBLK,TANKS VERTICAL,OH,VERTICAL 1500LT MEDIUM BLACK,0.0000,On Hand,02 Mar 2025
QOH,V1.5MDG,TANKS VERTICAL,OH,VERTICAL 1500LT MEDIUM DARK GREEN,-3.0000,On Hand,02 Mar 2025
QOH,V1.5MN,TANKS VERTICAL,OH,VERTICAL 1500LT MEDIUM NATURAL,-29.0000,On Hand,02 Mar 2025
QOH,V1.5MSN,SECONDS,OH,VERTICAL 1500LT MEDIUM SECONDS NATURAL,0.0000,On Hand,02 Mar 2025
QOH,V1.5MSY,SECONDS,OH,VERTICAL 1500LT MEDIUM SECONDS YELLOW,0.0000,On Hand,02 Mar 2025
QOH,V1.5WB,TANKS VERTICAL,OH,VERTICAL 1500LT WATER BEIGE,-1.0000,On Hand,02 Mar 2025
QOH,V1.5WBL,TANKS VERTICAL,OH,VERTICAL 1500LT WATER BLUE,0.0000,On Hand,02 Mar 2025
QOH,V1.5WCB,TANKS VERTICAL,OH,VERTICAL 1500LT WATER COFFEE BROWN,-9.0000,On Hand,02 Mar 2025
QOH,V1.5WCBS,SECONDS,OH,VERTICAL 1500LT WATER COFF BROWN SECONDS,-1.0000,On Hand,02 Mar 2025
QOH,V1.5WDG,TANKS VERTICAL,OH,VERTICAL 1500LT WATER DARK GREEN,-7.0000,On Hand,02 Mar 2025
QOH,V1.5WDGS,SECONDS,OH,VERTICAL 1500LT WATER DARK GREEN SECONDS,0.0000,On Hand,02 Mar 2025
QOH,V1.5WGR,TANKS VERTICAL,OH,VERTICAL 1500LT WATER GREY,0.0000,On Hand,02 Mar 2025
QOH,V1.5WGRS,SECONDS,OH,VERTICAL 1500LT WATER GREY SECONDS,0.0000,On Hand,02 Mar 2025
QOH,V1.5WN,TANKS VERTICAL,OH,VERTICAL 1500LT WATER NATURAL,0.0000,On Hand,02 Mar 2025
QOH,V1.5WSG,TANKS VERTICAL,OH,VERTICAL 1500LT WATER SAGE GREEN,0.0000,On Hand,02 Mar 2025
QOH,V1.5WSGS,SECONDS,OH,VERTICAL 1500LT WATER SAGE GREEN SECONDS,0.0000,On Hand,02 Mar 2025
QOH,V10.0EH,TANKS VERTICAL,OH,VERTICAL 10 000LT EXTRA HEAVY,0.0000,On Hand,02 Mar 2025
QOH,V10.0EHSSG,SECONDS,OH,V 10 000LT EXTRA HEAVY SECOND SAGE GREEN,0.0000,On Hand,02 Mar 2025
QOH,V10.0HB,TANKS VERTICAL,OH,VERTICAL 10 000LT HEAVY BEIGE,0.0000,On Hand,02 Mar 2025
QOH,V10.0HBL,TANKS VERTICAL,OH,VERTICAL 10 000LT HEAVY BLUE,0.0000,On Hand,02 Mar 2025
QOH,V10.0HDG,TANKS VERTICAL,OH,VERTICAL 10 000LT HEAVY DARK GREEN,-8.0000,On Hand,02 Mar 2025
QOH,V10.0HGR,TANKS VERTICAL,OH,VERTICAL 10 000LT HEAVY GREY,0.0000,On Hand,02 Mar 2025
QOH,V10.0HJDG,TANKS VERTICAL,OH,VERTICAL 10 000LT HEAVY JOHN DEERE GREEN,0.0000,On Hand,02 Mar 2025
QOH,V10.0HN,TANKS VERTICAL,OH,VERTICAL 10 000LT HEAVY NATURAL,-12.0000,On Hand,02 Mar 2025
QOH,V10.0HS,SECONDS,OH,VERTICAL 10 000LT HEAVY SECONDS,0.0000,On Hand,02 Mar 2025
QOH,V10.0HSG,TANKS VERTICAL,OH,VERTICAL 10 000LT HEAVY SAGE GREEN,0.0000,On Hand,02 Mar 2025
QOH,V10.0MBL,TANKS VERTICAL,OH,VERTICAL 10 000LT MEDIUM BLUE,-6.0000,On Hand,02 Mar 2025
QOH,V10.0MDG,TANKS VERTICAL,OH,VERTICAL 10 000LT MEDIUM DARK GREEN,-24.0000,On Hand,02 Mar 2025
QOH,V10.0MHK,TANKS VERTICAL,OH,VERTICAL 10 000LT MEDIUM HENRED KHAKI,0.0000,On Hand,02 Mar 2025
QOH,V10.0MJDGS,SECONDS,OH,VERTICAL 10000LT MEDIUM J/D GREEN SECOND,0.0000,On Hand,02 Mar 2025
QOH,V10.0MJDGULTRA,TANKS VERTICAL,OH,VERTICAL 10 000LT MEDIUM J/D GREEN ULTRA,0.0000,On Hand,02 Mar 2025
QOH,V10.0MN,TANKS VERTICAL,OH,VERTICAL 10 000LT MEDIUM NATURAL,-5.0000,On Hand,02 Mar 2025
QOH,V10.0MR,TANKS VERTICAL,OH,VERTICAL 10 000LT MEDIUM RED,0.0000,On Hand,02 Mar 2025
QOH,V10.0MSG,TANKS VERTICAL,OH,VERTICAL 10 000LT MEDIUM SAGE GREEN,-1.0000,On Hand,02 Mar 2025
QOH,V10.0MSSG,SECONDS,OH,V 10 000LT MEDIUM SECONDS SAGE GREEN,0.0000,On Hand,02 Mar 2025
QOH,V10.0WB,TANKS VERTICAL,OH,VERTICAL 10 000LT WATER BEIGE,-123.0000,On Hand,02 Mar 2025
QOH,V10.0WBL,TANKS VERTICAL,OH,VERTICAL 10 000LT WATER BLUE,-7.0000,On Hand,02 Mar 2025
QOH,V10.0WBLK,TANKS VERTICAL,OH,VERTICAL 10 000LT WATER BLACK,-3.0000,On Hand,02 Mar 2025
QOH,V10.0WBR,TANKS VERTICAL,OH,VERTICAL 10 000LT WATER BROWN,0.0000,On Hand,02 Mar 2025
QOH,V10.0WBS,SECONDS,OH,VERTICAL 10 000LT WATER BEIGE SECONDS,0.0000,On Hand,02 Mar 2025
QOH,V10.0WCB,TANKS VERTICAL,OH,VERTICAL 10 000LT WATER COFFEE BROWN,-72.0000,On Hand,02 Mar 2025
QOH,V10.0WCG,TANKS VERTICAL,OH,VERTICAL 10 000LT WATER CAPE GREEN,0.0000,On Hand,02 Mar 2025
QOH,V10.0WDG,TANKS VERTICAL,OH,VERTICAL 10 000LT WATER DARK GREEN,-1198.0000,On Hand,02 Mar 2025
QOH,V10.0WGR,TANKS VERTICAL,OH,VERTICAL 10 000LT WATER GREY,-194.0000,On Hand,02 Mar 2025
QOH,V10.0WHK,TANKS VERTICAL,OH,VERTICAL 10 000LT WATER HENRED KHAKI,0.0000,On Hand,02 Mar 2025
QOH,V10.0WJDG,TANKS VERTICAL,OH,VERTICAL 10 000LT WATER J/D GREEN,0.0000,On Hand,02 Mar 2025
QOH,V10.0WN,TANKS VERTICAL,OH,VERTICAL 10 000LT WATER NATURAL,-3.0000,On Hand,02 Mar 2025
QOH,V10.0WPSG,TANKS VERTICAL,OH,VERTICAL 10 000LT WATER PIGMENT S/GREEN,0.0000,On Hand,02 Mar 2025
QOH,V10.0WR,TANKS VERTICAL,OH,VERTICAL 10 000LT WATER RED,-1.0000,On Hand,02 Mar 2025
QOH,V10.0WSG,TANKS VERTICAL,OH,VERTICAL 10 000LT WATER SAGE GREEN,0.0000,On Hand,02 Mar 2025
QOH,V10.0WSGSH,SECONDS,OH,V 10 000LT WATER SAGE GREEN SECONDHAND,0.0000,On Hand,02 Mar 2025
QOH,V10.0WSJDG,SECONDS,OH,VERTICAL 10 000LT WATER SECONDS JD/GREEN,0.0000,On Hand,02 Mar 2025
QOH,V10.0WSSG,SECONDS,OH,VERTICAL 10 000LT WATER SECONDS S/GREEN,0.0000,On Hand,02 Mar 2025
QOH,V10.0WY,TANKS VERTICAL,OH,VERTICAL 10 000LT WATER YELLOW,0.0000,On Hand,02 Mar 2025
QOH,V15.0EHY,TANKS VERTICAL,OH,VERTICAL 15 000LT EXTRA HEAVY YELLOW,0.0000,On Hand,02 Mar 2025
QOH,V15.0HBL,TANKS VERTICAL,OH,VERTICAL 15 000LT HEAVY BLUE,0.0000,On Hand,02 Mar 2025
QOH,V15.0HSG,TANKS VERTICAL,OH,VERTICAL 15 000LT HEAVY SAGE GREEN,0.0000,On Hand,02 Mar 2025
QOH,V15.0M,TANKS VERTICAL,OH,VERTICAL 15 000LT MEDIUM,-2.0000,On Hand,02 Mar 2025
QOH,V15.0WB,TANKS VERTICAL,OH,VERTICAL 15 000LT WATER BEIGE,-1.0000,On Hand,02 Mar 2025
QOH,V15.0WBL,TANKS VERTICAL,OH,VERTICAL 15 000LT WATER BLUE,0.0000,On Hand,02 Mar 2025
QOH,V15.0WDG,TANKS VERTICAL,OH,VERTICAL 15 000LT WATER DARK GREEN,-5.0000,On Hand,02 Mar 2025
QOH,V15.0WGR,TANKS VERTICAL,OH,VERTICAL 15 000LT WATER GREY,0.0000,On Hand,02 Mar 2025
QOH,V2.0EH,TANKS VERTICAL,OH,VERTICAL 2000LT EXTRA HEAVY,0.0000,On Hand,02 Mar 2025
QOH,V2.0H,TANKS VERTICAL,OH,VERTICAL 2000LT HEAVY NATURAL,0.0000,On Hand,02 Mar 2025
QOH,V2.0MBL,TANKS VERTICAL,OH,VERTICAL 2000LT MEDIUM BLUE,-1.0000,On Hand,02 Mar 2025
QOH,V2.0MN,TANKS VERTICAL,OH,VERTICAL 2000LT MEDIUM NATURAL,0.0000,On Hand,02 Mar 2025
QOH,V2.0MSBL,SECONDS,OH,VERTICAL 2000LT MEDIUM SECOND BLUE,0.0000,On Hand,02 Mar 2025
QOH,V2.0MSG,TANKS VERTICAL,OH,VERTICAL 2000LT MEDIUM SAGE GREEN,0.0000,On Hand,02 Mar 2025
QOH,V2.0WB,TANKS VERTICAL,OH,VERTICAL 2000LT WATER BEIGE,-27.0000,On Hand,02 Mar 2025
QOH,V2.0WBS,SECONDS,OH,VERTICAL 2000LT WATER BEIGE SECONDS,0.0000,On Hand,02 Mar 2025
QOH,V2.0WCB,TANKS VERTICAL,OH,VERTICAL 2000LT WATER COFFEE BROWN,-22.0000,On Hand,02 Mar 2025
QOH,V2.0WCBS,SECONDS,OH,VERTICAL 2000LT WATER COFFEE BROWN SECON,0.0000,On Hand,02 Mar 2025
QOH,V2.0WDG,TANKS VERTICAL,OH,VERTICAL 2000LT WATER DARK GREEN,-35.0000,On Hand,02 Mar 2025
QOH,V2.0WDGS,SECONDS,OH,VERTICAL 2000LT WATER DARK GREEN SECONDS,0.0000,On Hand,02 Mar 2025
QOH,V2.0WGR,TANKS VERTICAL,OH,VERTICAL 2000LT WATER GREY 816,-26.0000,On Hand,02 Mar 2025
QOH,V2.0WJDG,TANKS VERTICAL,OH,VERTICAL 2000LT WATER J/D GREEN,-1.0000,On Hand,02 Mar 2025
QOH,V2.0WN,TANKS VERTICAL,OH,VERTICAL 2000LT WATER NATURAL,-3.0000,On Hand,02 Mar 2025
QOH,V2.0WSG,TANKS VERTICAL,OH,VERTICAL 2000LT WATER SAGE GREEN,0.0000,On Hand,02 Mar 2025
QOH,V2.0WSGS,SECONDS,OH,VERTICAL 2000LT WATER SAGE GREEN SECONDS,0.0000,On Hand,02 Mar 2025
QOH,V2.2HNS,SECONDS,OH,VERTICAL 2200LT HEAVY NATURAL SECONDS,0.0000,On Hand,02 Mar 2025
QOH,V2.2WB,TANKS VERTICAL,OH,VERTICAL 2200LT WATER BEIGE,-2.0000,On Hand,02 Mar 2025
QOH,V2.2WBL,TANKS VERTICAL,OH,VERTICAL 2200LT WATER BLUE,0.0000,On Hand,02 Mar 2025
QOH,V2.2WCB,TANKS VERTICAL,OH,VERTICAL 2200LT WATER COFFEE BROWN,-11.0000,On Hand,02 Mar 2025
QOH,V2.2WCBS,SECONDS,OH,VERTICAL 2200LT WATER COFFEE BRW SECONDS,0.0000,On Hand,02 Mar 2025
QOH,V2.2WDG,TANKS VERTICAL,OH,VERTICAL 2200LT WATER DARK GREEN,-16.0000,On Hand,02 Mar 2025
QOH,V2.2WGR,TANKS VERTICAL,OH,VERTICAL 2200LT WATER GREY,-1.0000,On Hand,02 Mar 2025
QOH,V2.2WGRS,SECONDS,OH,VERTICAL 2200LT WATER GREY SECONDS,0.0000,On Hand,02 Mar 2025
QOH,V2.2WN,TANKS VERTICAL,OH,VERTICAL 2200LT WATER NATURAL,0.0000,On Hand,02 Mar 2025
QOH,V2.2WS,SECONDS,OH,VERTICAL 2200LT WATER BEIGE SECONDS,0.0000,On Hand,02 Mar 2025
QOH,V2.2WSG,TANKS VERTICAL,OH,VERTICAL 2200LT WATER SAGE GREEN,0.0000,On Hand,02 Mar 2025
QOH,V2.5EHBLK,TANKS VERTICAL,OH,VERTICAL 2500LT EXTRA HEAVY BLACK,-1.0000,On Hand,02 Mar 2025
QOH,V2.5EHDG,TANKS VERTICAL,OH,VERTICAL 2500LT EXTRA HEAVY DARK GREEN,0.0000,On Hand,02 Mar 2025
QOH,V2.5EHN,TANKS VERTICAL,OH,VERTICAL 2500LT EXTRA HEAVY NATURAL,0.0000,On Hand,02 Mar 2025
QOH,V2.5EHSG,TANKS VERTICAL,OH,VERTICAL 2500LT EXTRA HEAVY SAGE GREEN,0.0000,On Hand,02 Mar 2025
QOH,V2.5EHY,TANKS VERTICAL,OH,VERTICAL 2500LT EXTRA HEAVY YELLOW,0.0000,On Hand,02 Mar 2025
QOH,V2.5HB,TANKS VERTICAL,OH,VERTICAL 2500LT HEAVY BEIGE,0.0000,On Hand,02 Mar 2025
QOH,V2.5HBL,TANKS VERTICAL,OH,VERTICAL 2500LT HEAVY BLUE,0.0000,On Hand,02 Mar 2025
QOH,V2.5HBLK,TANKS VERTICAL,OH,VERTICAL 2500LT HEAVY BLACK,0.0000,On Hand,02 Mar 2025
QOH,V2.5HCB,TANKS VERTICAL,OH,VERTICAL 2500LT HEAVY COFFEE BROWN,-1.0000,On Hand,02 Mar 2025
QOH,V2.5HDG,TANKS VERTICAL,OH,VERTICAL 2500LT HEAVY DARK GREEN,-2.0000,On Hand,02 Mar 2025
QOH,V2.5HGR,TANKS VERTICAL,OH,VERTICAL 2500LT HEAVY GREY 816,-6.0000,On Hand,02 Mar 2025
QOH,V2.5HN,TANKS VERTICAL,OH,VERTICAL 2500LT HEAVY NATURAL,-12.0000,On Hand,02 Mar 2025
QOH,V2.5HSG,TANKS VERTICAL,OH,VERTICAL 2500LT HEAVY SAGE GREEN,0.0000,On Hand,02 Mar 2025
QOH,V2.5HSSG,SECONDS,OH,VERTICAL 2500LT HEAVY SECONDS SAGE GREEN,0.0000,On Hand,02 Mar 2025
QOH,V2.5HY,TANKS VERTICAL,OH,VERTICAL 2500LT HEAVY YELLOW,0.0000,On Hand,02 Mar 2025
QOH,V2.5MB,TANKS VERTICAL,OH,VERTICAL 2500LT MEDIUM BEIGE,0.0000,On Hand,02 Mar 2025
QOH,V2.5MBL,TANKS VERTICAL,OH,VERTICAL 2500LT MEDIUM BLUE,-2.0000,On Hand,02 Mar 2025
QOH,V2.5MBLK,TANKS VERTICAL,OH,VERTICAL 2500LT MEDIUM BLACK,0.0000,On Hand,02 Mar 2025
QOH,V2.5MDG,TANKS VERTICAL,OH,VERTICAL 2500LT MEDIUM DARK GREEN,-3.0000,On Hand,02 Mar 2025
QOH,V2.5MHK,TANKS VERTICAL,OH,VERTICAL 2500LT MEDIUM HENRED KHAKI,0.0000,On Hand,02 Mar 2025
QOH,V2.5MN,TANKS VERTICAL,OH,VERTICAL 2500LT MEDIUM NATURAL,-71.0000,On Hand,02 Mar 2025
QOH,V2.5MSBLK,SECONDS,OH,VERTICAL 2500LT MEDIUM SECONDS BLACK,0.0000,On Hand,02 Mar 2025
QOH,V2.5MSG,TANKS VERTICAL,OH,VERTICAL 2500LT MEDIUM SAGE GREEN,0.0000,On Hand,02 Mar 2025
QOH,V2.5MSN,SECONDS,OH,VERTICAL 2500LT MEDIUM SECONDS NATURAL,0.0000,On Hand,02 Mar 2025
QOH,V2.5MY,TANKS VERTICAL,OH,VERTICAL 2500LT MEDIUM YELLOW,0.0000,On Hand,02 Mar 2025
QOH,V2.5WB,TANKS VERTICAL,OH,VERTICAL 2500LT WATER BEIGE,-156.0000,On Hand,02 Mar 2025
QOH,V2.5WBL,TANKS VERTICAL,OH,VERTICAL 2500LT WATER BLUE,-2.0000,On Hand,02 Mar 2025
QOH,V2.5WBLK,TANKS VERTICAL,OH,VERTICAL 2500LT WATER BLACK,0.0000,On Hand,02 Mar 2025
QOH,V2.5WBSH,SECONDS,OH,VERTICAL 2500LT WATER BEIGE S/HAND,0.0000,On Hand,02 Mar 2025
QOH,V2.5WCB,TANKS VERTICAL,OH,VERTICAL 2500LT WATER COFFEE BROWN,-129.0000,On Hand,02 Mar 2025
QOH,V2.5WCBS,SECONDS,OH,V 2500LT WATER COFFEE BROWN SECONDS,-1.0000,On Hand,02 Mar 2025
QOH,V2.5WCG,TANKS VERTICAL,OH,VERTICAL 2500LT WATER CAPE GREEN,0.0000,On Hand,02 Mar 2025
QOH,V2.5WDG,TANKS VERTICAL,OH,VERTICAL 2500LT WATER DARK GREEN,-491.0000,On Hand,02 Mar 2025
QOH,V2.5WDGR,TANKS VERTICAL,OH,VERTICAL 2500LT WATER DARK GREY (816),-2.0000,On Hand,02 Mar 2025
QOH,V2.5WDGS,SECONDS,OH,VERTICAL 2500LT WATER DARK GREEN SECOND,-2.0000,On Hand,02 Mar 2025
QOH,V2.5WGR,TANKS VERTICAL,OH,VERTICAL 2500LT WATER GREY,-127.0000,On Hand,02 Mar 2025
QOH,V2.5WGRS,SECONDS,OH,VERTICAL 2500LT WATER GREY SECONDS,-2.0000,On Hand,02 Mar 2025
QOH,V2.5WHK,TANKS VERTICAL,OH,VERTICAL 2500LT WATER HENRED KHAKI,0.0000,On Hand,02 Mar 2025
QOH,V2.5WJDG,TANKS VERTICAL,OH,VERTICAL 2500LT WATER J/D GREEN,0.0000,On Hand,02 Mar 2025
QOH,V2.5WN,TANKS VERTICAL,OH,VERTICAL 2500LT WATER NATURAL,0.0000,On Hand,02 Mar 2025
QOH,V2.5WR,TANKS VERTICAL,OH,VERTICAL 2500LT WATER RED,0.0000,On Hand,02 Mar 2025
QOH,V2.5WSB,SECONDS,OH,VERTICAL 2500LT WATER SECONDS BEIGE,-1.0000,On Hand,02 Mar 2025
QOH,V2.5WSBLK,SECONDS,OH,VERTICAL 2500LT WATER SECONDS BLK,0.0000,On Hand,02 Mar 2025
QOH,V2.5WSG,TANKS VERTICAL,OH,VERTICAL 2500LT WATER SAGE GREEN,0.0000,On Hand,02 Mar 2025
QOH,V2.5WSGSH,SECONDS,OH,VERTICAL 2500LT WATER SAGE GREEN S/HAND,0.0000,On Hand,02 Mar 2025
QOH,V2.5WSJDG,SECONDS,OH,VERTICAL 2500LT WATER SECONDS J/D GREEN,0.0000,On Hand,02 Mar 2025
QOH,V2.5WSSG,SECONDS,OH,VERTICAL 2500LT WATER SECONDS SAGE GREEN,0.0000,On Hand,02 Mar 2025
QOH,V2.5WSY,SECONDS,OH,VERTICAL 2500LT WATER SECONDS YELLOW,0.0000,On Hand,02 Mar 2025
QOH,V2.5WY,TANKS VERTICAL,OH,VERTICAL 2500LT WATER YELLOW,0.0000,On Hand,02 Mar 2025
QOH,V20.0HBL,TANKS VERTICAL,OH,VERTICAL 20 000LT HEAVY BLUE,0.0000,On Hand,02 Mar 2025
QOH,V20.0M,TANKS VERTICAL,OH,VERTICAL 20 000LT MEDIUM,1.0000,On Hand,02 Mar 2025
QOH,V20.0WBL,TANKS VERTICAL,OH,VERTICAL 20 000LT WATER BLUE,0.0000,On Hand,02 Mar 2025
QOH,V20.0WDG,TANKS VERTICAL,OH,VERTICAL 20 000LT WATER DARK GREEN,-6.0000,On Hand,02 Mar 2025
QOH,V5.5EH,TANKS VERTICAL,OH,VERTICAL 5500LT EXTRA HEAVY,0.0000,On Hand,02 Mar 2025
QOH,V5.5HBL,TANKS VERTICAL,OH,VERTICAL 5500LT HEAVY BLUE,0.0000,On Hand,02 Mar 2025
QOH,V5.5HDG,TANKS VERTICAL,OH,VERTICAL 5500LT HEAVY DARK GREEN,0.0000,On Hand,02 Mar 2025
QOH,V5.5HGR,TANKS VERTICAL,OH,VERTICAL 5500LT HEAVY GREY,0.0000,On Hand,02 Mar 2025
QOH,V5.5HJDG,TANKS VERTICAL,OH,VERTICAL 5500LT HEAVY JOHN DEERE GREEN,0.0000,On Hand,02 Mar 2025
QOH,V5.5HJDGULTRA,TANKS VERTICAL,OH,VERTICAL 5500LT HEAVY J/D GREEN ULTRASP,0.0000,On Hand,02 Mar 2025
QOH,V5.5HN,TANKS VERTICAL,OH,VERTICAL 5500LT HEAVY NATURAL,-1.0000,On Hand,02 Mar 2025
QOH,V5.5HS,SECONDS,OH,VERTICAL 5500LT HEAVY SECONDS,0.0000,On Hand,02 Mar 2025
QOH,V5.5MDG,TANKS VERTICAL,OH,VERTICAL 5500LT MEDIUM DARK GREEN,0.0000,On Hand,02 Mar 2025
QOH,V5.5MJDGULTRA,TANKS VERTICAL,OH,VERTICAL 5500LT MEDIUM J/D GREEN ULTRASP,0.0000,On Hand,02 Mar 2025
QOH,V5.5MN,TANKS VERTICAL,OH,VERTICAL 5500LT MEDIUM NATURAL,0.0000,On Hand,02 Mar 2025
QOH,V5.5MSG,TANKS VERTICAL,OH,VERTICAL 5500LT MEDIUM SAGE GREEN,0.0000,On Hand,02 Mar 2025
QOH,V5.5WB,TANKS VERTICAL,OH,VERTICAL 5500LT WATER BEIGE,-3.0000,On Hand,02 Mar 2025
QOH,V5.5WBL,TANKS VERTICAL,OH,VERTICAL 5500LT WATER BLUE,0.0000,On Hand,02 Mar 2025
QOH,V5.5WCB,TANKS VERTICAL,OH,VERTICAL 5500LT WATER COFFEE BROWN,0.0000,On Hand,02 Mar 2025
QOH,V5.5WDG,TANKS VERTICAL,OH,VERTICAL 5500LT WATER DARK GREEN,-3.0000,On Hand,02 Mar 2025
QOH,V5.5WGR,TANKS VERTICAL,OH,VERTICAL 5500LT WATER GREY,-3.0000,On Hand,02 Mar 2025
QOH,V5.5WR,TANKS VERTICAL,OH,VERTICAL 5500LT WATER RED,0.0000,On Hand,02 Mar 2025
QOH,V5.5WS,SECONDS,OH,VERTICAL 5500LT WATER SECONDS,0.0000,On Hand,02 Mar 2025
QOH,V5.5WSG,TANKS VERTICAL,OH,VERTICAL 5500LT WATER SAGE GREEN,0.0000,On Hand,02 Mar 2025
QOH,V5.5WY,TANKS VERTICAL,OH,VERTICAL 5500LT WATER YELLOW,0.0000,On Hand,02 Mar 2025
QOH,V8.0EH,TANKS VERTICAL,OH,VERTICAL 8000LT EXTRA HEAVY,0.0000,On Hand,02 Mar 2025
QOH,V8.0HBL,TANKS VERTICAL,OH,VERTICAL 8000LT HEAVY BLUE,0.0000,On Hand,02 Mar 2025
QOH,V8.0HS,SECONDS,OH,VERTICAL 8000LT HEAVY SECONDS,0.0000,On Hand,02 Mar 2025
QOH,V8.0HDG,TANKS VERTICAL,OH,VERTICAL 8000LT HEAVY DARK GREEN,-5.0000,On Hand,02 Mar 2025
QOH,V8.0MDG,TANKS VERTICAL,OH,VERTICAL 8000LT MEDIUM DARK GREEN,-4.0000,On Hand,02 Mar 2025
QOH,V8.0MS,SECONDS,OH,VERTICAL 8000LT MEDIUM SECOND,0.0000,On Hand,02 Mar 2025
QOH,V8.0MSG,TANKS VERTICAL,OH,VERTICAL 8000LT MEDIUM SAGE GREEN,0.0000,On Hand,02 Mar 2025
QOH,V8.0WB,TANKS VERTICAL,OH,VERTICAL 8000LT WATER BEIGE,-1.0000,On Hand,02 Mar 2025
QOH,V8.0WBL,TANKS VERTICAL,OH,VERTICAL 8000LT WATER BLUE,-1.0000,On Hand,02 Mar 2025
QOH,V8.0WCB,TANKS VERTICAL,OH,VERTICAL 8000LT WATER COFFEE BROWN,-1.0000,On Hand,02 Mar 2025
QOH,V8.0WDG,TANKS VERTICAL,OH,VERTICAL 8000LT WATER DARK GREEN,-1.0000,On Hand,02 Mar 2025
QOH,V8.0WDGS,SECONDS,OH,VERTICAL 8000LT WATER DARK GREEN SECONDS,0.0000,On Hand,02 Mar 2025
QOH,V8.0WGR,TANKS VERTICAL,OH,VERTICAL 8000LT WATER GREY,-3.0000,On Hand,02 Mar 2025
QOH,V8.0WN,TANKS VERTICAL,OH,VERTICAL 8000LT WATER NATURAL,0.0000,On Hand,02 Mar 2025
QOH,V8.0WSG,TANKS VERTICAL,OH,VERTICAL 8000LT WATER SAGE GREEN,0.0000,On Hand,02 Mar 2025
QOH,V8.0WSSG,SECONDS,OH,VERTICAL 8000LT WATER SECONDS SAGE GREEN,0.0000,On Hand,02 Mar 2025
QOH,VB10.0WB,TANKS VERTICAL,OH,VERTICAL 10 000LT BUDGET WATER BEIGE,0.0000,On Hand,02 Mar 2025
QOH,VB10.0WCB,TANKS VERTICAL,OH,VERTICAL 10000LT BUDGET WATER COFF BROWN,0.0000,On Hand,02 Mar 2025
QOH,VB10.0WDG,TANKS VERTICAL,OH,VERTICAL 10000LT BUDGET WATER DARK GREEN,-46.0000,On Hand,02 Mar 2025
QOH,VB10.0WJDG,TANKS VERTICAL,OH,VERTICAL 10 000LT BUDGET WATER J/D GREEN,0.0000,On Hand,02 Mar 2025
QOH,VB10.0WSG,TANKS VERTICAL,OH,VERTICAL 10 000LT BUDGET WATER SAGE GREE,0.0000,On Hand,02 Mar 2025
QOH,VB2.5WB,TANKS VERTICAL,OH,VERTICAL BUDGET 2500L WATER BEIGE,0.0000,On Hand,02 Mar 2025
QOH,VB2.5WCB,TANKS VERTICAL,OH,VERTICAL BUDGET 2500L WATER COFFEE BROWN,-48.0000,On Hand,02 Mar 2025
QOH,VB2.5WDG,TANKS VERTICAL,OH,VERTICAL BUDGET 2500L WATER DARK GREEN,-47.0000,On Hand,02 Mar 2025
QOH,VB2.5WG,TANKS VERTICAL,OH,VERTICAL BUDGET 2500L WATER GREY,-1.0000,On Hand,02 Mar 2025
QOH,VB2.5WG29708,TANKS VERTICAL,OH,VERTICAL BUDGET 2500L WATER GREY 29708,0.0000,On Hand,02 Mar 2025
QOH,VBD5.0WB,TANKS VERTICAL,OH,V 5000LT BUDGET DUMPIE WATER BEIGE,-27.0000,On Hand,02 Mar 2025
QOH,VBD5.0WB916,TANKS VERTICAL,OH,V 5000LT BUDGET DUMPIE WATER BEIGE 916,0.0000,On Hand,02 Mar 2025
QOH,VBD5.0WBL,TANKS VERTICAL,OH,V 5000LT BUDGET DUMPIE WATER BLUE,0.0000,On Hand,02 Mar 2025
QOH,VBD5.0WBLK,TANKS VERTICAL,OH,V 5000LT BUDGET DUMPIE WATER BLACK,0.0000,On Hand,02 Mar 2025
QOH,VBD5.0WBSH,SECONDS,OH,V 5000LT BDGET DUMPIE WATER BEIGE S/HAND,0.0000,On Hand,02 Mar 2025
QOH,VBD5.0WCB,TANKS VERTICAL,OH,V5000LT BUDGET DUMPIE WATER COFFEE BROWN,-78.0000,On Hand,02 Mar 2025
QOH,VBD5.0WDG,TANKS VERTICAL,OH,V 5000LT BUDGET DUMPIE WATER DARK GREEN,-178.0000,On Hand,02 Mar 2025
QOH,VBD5.0WGR,TANKS VERTICAL,OH,V 5000LT BUDGET DUMPIE WATER GREY,-19.0000,On Hand,02 Mar 2025
QOH,VBD5.0WHK,TANKS VERTICAL,OH,V5000LT BUDGET DUMPIE WATER HENRED KHAKI,0.0000,On Hand,02 Mar 2025
QOH,VBD5.0WJDG,TANKS VERTICAL,OH,V 5000LT BUDGET DUMPIE WATER J/D GREEN,0.0000,On Hand,02 Mar 2025
QOH,VBD5.0WR,TANKS VERTICAL,OH,V 5000LT BUDGET DUMPIE WATER RED,0.0000,On Hand,02 Mar 2025
QOH,VBD5.0WSB,SECONDS,OH,V5000LT BUDGET DUMPIE WATER SECONDS BEIG,0.0000,On Hand,02 Mar 2025
QOH,VBD5.0WSBLK,SECONDS,OH,V 5000LT BUDGET DUMPIE WATER SECONDS BLK,0.0000,On Hand,02 Mar 2025
QOH,VBD5.0WSCB,SECONDS,OH,V5000LT BUDG DUMP WATER SECOND COF BRWN,0.0000,On Hand,02 Mar 2025
QOH,VBD5.0WSDG,SECONDS,OH,V5000 BUDGET DUMPIE WATER SECOND D/GREEN,0.0000,On Hand,02 Mar 2025
QOH,VBD5.0WSG,TANKS VERTICAL,OH,V 5000LT BUDGET DUMPIE WATER SAGE GREEN,0.0000,On Hand,02 Mar 2025
QOH,VBD5.0WSGR,SECONDS,OH,V 5000LT BUDGET DUMPIE WATER SECOND GREY,0.0000,On Hand,02 Mar 2025
QOH,VBD5.0WSSG,SECONDS,OH,V5000 BUDGET DUMPIE WATER SECOND S/GREEN,0.0000,On Hand,02 Mar 2025
QOH,VBD5.0WY,TANKS VERTICAL,OH,V 5000LT BUDGET DUMPIE WATER YELLOW,0.0000,On Hand,02 Mar 2025
QOH,VD5.0EH,TANKS VERTICAL,OH,V DUMPIE 5000LT EXTRA HEAVY NATURAL,0.0000,On Hand,02 Mar 2025
QOH,VD5.0HBL,TANKS VERTICAL,OH,V DUMPIE 5000LT HEAVY BLUE,-2.0000,On Hand,02 Mar 2025
QOH,VD5.0HBLK,TANKS VERTICAL,OH,V DUMPIE 5000LT HEAVY BLACK,-2.0000,On Hand,02 Mar 2025
QOH,VD5.0HN,TANKS VERTICAL,OH,V DUMPIE 5000LT HEAVY NATURAL,-7.0000,On Hand,02 Mar 2025
QOH,VD5.0HSG,TANKS VERTICAL,OH,V DUMPIE 5000LT HEAVY SAGE GREEN,0.0000,On Hand,02 Mar 2025
QOH,VD5.0HSGR,SECONDS,OH,V DUMPIE 5000LT HEAVY GREY SECONDS,0.0000,On Hand,02 Mar 2025
QOH,VD5.0HY,TANKS VERTICAL,OH,V DUMPIE 5000LT HEAVY YELLOW,-1.0000,On Hand,02 Mar 2025
QOH,VD5.0M,TANKS VERTICAL,OH,V DUMPIE 5000LT MEDIUM BLUE,-3.0000,On Hand,02 Mar 2025
QOH,VD5.0MDG,TANKS VERTICAL,OH,V DUMPIE 5000LT MEDIUM DARK GREEN,-7.0000,On Hand,02 Mar 2025
QOH,VD5.0MN,TANKS VERTICAL,OH,V DUMPIE 5000LT MEDIUM NATURAL,-36.0000,On Hand,02 Mar 2025
QOH,VD5.0MNS,SECONDS,OH,V DUMPIE 5000LT MEDIUM NATURAL SECONDS,0.0000,On Hand,02 Mar 2025
QOH,VD5.0MSG,TANKS VERTICAL,OH,V DUMPIE 5000LT MEDIUM SAGE GREEN,0.0000,On Hand,02 Mar 2025
QOH,VD5.0WB,TANKS VERTICAL,OH,VERTICAL 5000LT DUMPIE BEIGE,-322.0000,On Hand,02 Mar 2025
QOH,VD5.0WBL,TANKS VERTICAL,OH,VERTICAL 5000LT DUMPIE BLUE,-11.0000,On Hand,02 Mar 2025
QOH,VD5.0WBLK,TANKS VERTICAL,OH,VERTICAL 5000LT DUMPIE BLACK,-2.0000,On Hand,02 Mar 2025
QOH,VD5.0WBS,SECONDS,OH,V 5000LT DUMPIE WATER SECONDS BEIGE,-1.0000,On Hand,02 Mar 2025
QOH,VD5.0WCB,TANKS VERTICAL,OH,VERTICAL 5000LT DUMPIE COFFEE BROWN,-300.0000,On Hand,02 Mar 2025
QOH,VD5.0WCBS,SECONDS,OH,VERTICAL 5000LT DUMPIE COFFEE BRWN SECON,-2.0000,On Hand,02 Mar 2025
QOH,VD5.0WCG,TANKS VERTICAL,OH,VERTICAL 5000LT DUMPIE CHARCOAL GREY,-2.0000,On Hand,02 Mar 2025
QOH,VD5.0WDG,TANKS VERTICAL,OH,VERTICAL 5000LT DUMPIE DARK GREEN,-1139.0000,On Hand,02 Mar 2025
QOH,VD5.0WDGSH,SECONDS,OH,VERTICAL 5000LT DUMPIE DARK GREEN S/HAND,0.0000,On Hand,02 Mar 2025
QOH,VD5.0WGP,TANKS VERTICAL,OH,V 5000LT DUMPIE NATURAL WITH GREEN PIGM,0.0000,On Hand,02 Mar 2025
QOH,VD5.0WGR,TANKS VERTICAL,OH,VERTICAL 5000LT DUMPIE GREY,-411.0000,On Hand,02 Mar 2025
QOH,VD5.0WJDG,TANKS VERTICAL,OH,VERTICAL 5000LT DUMPIE J/D GREEN,0.0000,On Hand,02 Mar 2025
QOH,VD5.0WJDGSH,SECONDS,OH,VERTICAL 5000LT DUMPIE J/D GREEN S/HAND,0.0000,On Hand,02 Mar 2025
QOH,VD5.0WN,TANKS VERTICAL,OH,VERTICAL 5000LT DUMPIE NATURAL,0.0000,On Hand,02 Mar 2025
QOH,VD5.0WP,TANKS VERTICAL,OH,VERTICAL 5000LT DUMPIE PINK,0.0000,On Hand,02 Mar 2025
QOH,VD5.0WPUR,TANKS VERTICAL,OH,VERTICAL 5000LT DUMPIE PURPLE,-1.0000,On Hand,02 Mar 2025
QOH,VD5.0WSDG,SECONDS,OH,V5000LT DUMPIE WATER SECONDS DARK GREEN,-4.0000,On Hand,02 Mar 2025
QOH,VD5.0WSG,TANKS VERTICAL,OH,VERTICAL 5000LT DUMPIE SAGE GREEN,0.0000,On Hand,02 Mar 2025
QOH,VD5.0WSGR,SECONDS,OH,V5000LT DUMPIE WATER SECONDS GREY,-2.0000,On Hand,02 Mar 2025
QOH,VD5.0WSGS,SECONDS,OH,V 5000LT DUMPIE WATER SECOND SAGE GREEN,0.0000,On Hand,02 Mar 2025
QOH,VD5.0WSJDG,SECONDS,OH,V5000LT DUMPIE WATER SECONDS J/D GREEN,0.0000,On Hand,02 Mar 2025
QOH,VD5.0WSN,SECONDS,OH,V5000LT DUMPIE WATER SECONDS NATURAL,0.0000,On Hand,02 Mar 2025
QOH,VD5.0WY,TANKS VERTICAL,OH,VERTICAL 5000LT DUMPIE YELLOW,-1.0000,On Hand,02 Mar 2025
QOH,VE0.25WDG,TANKS VERTICAL,OH,VERTICAL ECO 250LT WATER DARK GREEN,0.0000,On Hand,02 Mar 2025
QOH,VE5.0CB,CUSTOM,OH,VERTICAL EASY WATER 5000LT COFFEE BROWN,0.0000,On Hand,02 Mar 2025
QOH,VEW0.25B,CUSTOM,OH,VERTICAL EASY WATER 250LT COFFEE BROWN,0.0000,On Hand,02 Mar 2025
QOH,VEW0.5B,CUSTOM,OH,VERTICAL EASY WATER 500LT COFFEE BROWN,-5.0000,On Hand,02 Mar 2025
QOH,VEW1.0B,CUSTOM,OH,VERTICAL EASY WATER 1000LT COFFEE BROWN,-2.0000,On Hand,02 Mar 2025
QOH,VEW1.5B,CUSTOM,OH,VERTICAL EASY WATER 1500LT COFFEE BROWN,-2.0000,On Hand,02 Mar 2025
QOH,VEW10.0B,CUSTOM,OH,VERTICAL EASY WATER 10 000LT COFFEE BROW,0.0000,On Hand,02 Mar 2025
QOH,VEW2.5B,CUSTOM,OH,VERTICAL EASY WATER 2500LT COFFEE BROWN,-5.0000,On Hand,02 Mar 2025
QOH,VEW5.0CB,CUSTOM,OH,VERTICAL EASY WATER 5000LT COFFEE BROWN,0.0000,On Hand,02 Mar 2025
QOH,VEW5.5B,CUSTOM,OH,VERTICAL EASY WATER 5500LT COFFEE BROWN,0.0000,On Hand,02 Mar 2025
QOH,VEW8.0CB,CUSTOM,OH,VERTICAL EASY WATER 8000L COFFEE BROWN,-4.0000,On Hand,02 Mar 2025
QOH,VEWSLIMJILLCB,CUSTOM,OH,EASY WATER SLIMJILL COFFEE BROWN,0.0000,On Hand,02 Mar 2025
QOH,VH0.5WB,URBAN WATER,OH,VERTICAL 500LT HERO WATER BEIGE,0.0000,On Hand,02 Mar 2025
QOH,VH0.5WDG,URBAN WATER,OH,VERTICAL 500LT HERO WATER DARK GREEN,0.0000,On Hand,02 Mar 2025
QOH,VH0.5WGR,URBAN WATER,OH,VERTICAL 500LT HERO WATER GREY,0.0000,On Hand,02 Mar 2025
QOH,VH0.5WSG,URBAN WATER,OH,VERTICAL 500LT HERO WATER SAGE GREEN,0.0000,On Hand,02 Mar 2025
QOH,VH0.5WSGS,SECONDS,OH,VERTICAL 500LT HERO WATER SAGE GR SECOND,0.0000,On Hand,02 Mar 2025
QOH,VH1.5WB,URBAN WATER,OH,VERTICAL 1500LT HERO WATER BEIGE,0.0000,On Hand,02 Mar 2025
QOH,VH1.5WDG,URBAN WATER,OH,VERTICAL 1500LT HERO WATER DARK GREEN,0.0000,On Hand,02 Mar 2025
QOH,VH1.5WDGS,SECONDS,OH,V 1500LT HERO WATER DARK GREEN SECONDS,0.0000,On Hand,02 Mar 2025
QOH,VH1.5WO,URBAN WATER,OH,VERTICAL 1500LT HERO WATER ORANGE,0.0000,On Hand,02 Mar 2025
QOH,VH1.5WSG,URBAN WATER,OH,VERTICAL 1500LT HERO WATER SAGE GREEN,0.0000,On Hand,02 Mar 2025
QOH,VH10.0WB,URBAN WATER,OH,VERTICAL 10 000LT HERO WATER BEIGE,0.0000,On Hand,02 Mar 2025
QOH,VH10.0WBL,URBAN WATER,OH,VERTICAL 10 000LT HERO WATER BLUE,0.0000,On Hand,02 Mar 2025
QOH,VH10.0WDG,URBAN WATER,OH,VERTICAL 10 000LT HERO WATER DARK GREEN,0.0000,On Hand,02 Mar 2025
QOH,VH10.0WGR,URBAN WATER,OH,VERTICAL 10 000LT HERO WATER GREY,0.0000,On Hand,02 Mar 2025
QOH,VH10.0WHK,URBAN WATER,OH,VERTICAL 10 000LT HERO WATER HENRED KHAK,0.0000,On Hand,02 Mar 2025
QOH,VH10.0WJDG,URBAN WATER,OH,VERTICAL 10 000LT HERO WATER J/D GREEN,0.0000,On Hand,02 Mar 2025
QOH,VH10.0WR,URBAN WATER,OH,VERTICAL 10 000LT HERO WATER RED,0.0000,On Hand,02 Mar 2025
QOH,VH10.0WSG,URBAN WATER,OH,VERTICAL 10 000LT HERO WATER SAGE GREEN,-1.0000,On Hand,02 Mar 2025
QOH,VU2.5WDG,URBAN WATER,OH,VERTICAL 2500LT URBAN WATER DARK GREEN,-1.0000,On Hand,02 Mar 2025
QOH,VH5.0WB,URBAN WATER,OH,VERTICAL 5000LT HERO WATER BEIGE,0.0000,On Hand,02 Mar 2025
QOH,VH5.0WCB,URBAN WATER,OH,VERTICAL 5000LT HERO WATER COFFEE BROWN,0.0000,On Hand,02 Mar 2025
QOH,VH5.0WDG,URBAN WATER,OH,VERTICAL 5000LT HERO WATER DARK GREEN,0.0000,On Hand,02 Mar 2025
QOH,VH5.0WGR,URBAN WATER,OH,VERTICAL 5000LT HERO WATER GREY,0.0000,On Hand,02 Mar 2025
QOH,VH5.0WHK,URBAN WATER,OH,VERTICAL 5000LT HERO WATER HENRED KHAKI,0.0000,On Hand,02 Mar 2025
QOH,VH5.0WS,SECONDS,OH,VERTICAL 5000LT HERO WATER SECOND,0.0000,On Hand,02 Mar 2025
QOH,VH5.0WSG,URBAN WATER,OH,VERTICAL 5000LT HERO WATER SAGE GREEN,-1.0000,On Hand,02 Mar 2025
QOH,VS0.25,SCARAB,OH,VERTICAL SCARAB 250LT DB SAGE GREEN,0.0000,On Hand,02 Mar 2025
QOH,VS0.5,SCARAB,OH,VERTICAL SCARAB 500LT DB SAGE GREEN,0.0000,On Hand,02 Mar 2025
QOH,VS0.5B,SCARAB,OH,VERTICAL SCARAB 500LT DB NEL BEIGE,0.0000,On Hand,02 Mar 2025
QOH,VS0.5HK,SCARAB,OH,VERTICAL SCARAB 500LT DB HENRED KHAKI,0.0000,On Hand,02 Mar 2025
QOH,VS1.0,SCARAB,OH,VERTICAL SCARAB 1000LT DB SAGE GREEN,0.0000,On Hand,02 Mar 2025
QOH,VS1.5,SCARAB,OH,VERTICAL SCARAB 1500LT DB SAGE GREEN,0.0000,On Hand,02 Mar 2025
QOH,VS1.5B,SCARAB,OH,VERTICAL SCARAB 1500LT NEL BEIGE,0.0000,On Hand,02 Mar 2025
QOH,VS10.0,SCARAB,OH,VERTICAL SCARAB 10 000LT DB SAGE GREEN,0.0000,On Hand,02 Mar 2025
QOH,VS10.0B,SCARAB,OH,VERTICAL SCARAB 10 000LT DB NEL BEIGE,0.0000,On Hand,02 Mar 2025
QOH,VS10.0HK,SCARAB,OH,VERTICAL SCARAB 10 000LT DB HENRED KHAKI,0.0000,On Hand,02 Mar 2025
QOH,VS2.5,SCARAB,OH,VERTICAL SCARAB 2500LT DB SAGE GREEN,0.0000,On Hand,02 Mar 2025
QOH,VS2.5B,SCARAB,OH,VERTICAL SCARAB 2500LT DB NELBEIGE,0.0000,On Hand,02 Mar 2025
QOH,VS2.5HK,SCARAB,OH,VERTICAL SCARAB 2500LT DB HENRED KHAKI,0.0000,On Hand,02 Mar 2025
QOH,VS5.0,SCARAB,OH,VERTICAL SCARAB 5000LT DB SAGE GREEN,0.0000,On Hand,02 Mar 2025
QOH,VS5.0DG,SCARAB,OH,VERTICAL SCARAB 5000LT DARK GREEN,0.0000,On Hand,02 Mar 2025
QOH,VS5.0HK,SCARAB,OH,VERTICAL SCARAB 5000LT DB HENRED KHAKI,0.0000,On Hand,02 Mar 2025
QOH,VS5.5,SCARAB,OH,VERTICAL SCARAB 5500LT DB SAGE GREEN,0.0000,On Hand,02 Mar 2025
QOH,VS8.0,SCARAB,OH,VERTICAL SCARAB 8000L DB SAGE GREEN,0.0000,On Hand,02 Mar 2025
QOH,VT5.0EH,TANKS VERTICAL,OH,V TALL 5000LT EXTRA HEAVY,0.0000,On Hand,02 Mar 2025
QOH,VT5.0HDG,TANKS VERTICAL,OH,V TALL 5000LT HEAVY DARK GREEN,-4.0000,On Hand,02 Mar 2025
QOH,VT5.0HN,TANKS VERTICAL,OH,V TALL 5000LT HEAVY NATURAL,0.0000,On Hand,02 Mar 2025
QOH,VT5.0HSG,TANKS VERTICAL,OH,V TALL 5000LT HEAVY SAGE GREEN,0.0000,On Hand,02 Mar 2025
QOH,VT5.0MBL,TANKS VERTICAL,OH,V TALL 5000LT MEDIUM BLUE,0.0000,On Hand,02 Mar 2025
QOH,VT5.0MDG,TANKS VERTICAL,OH,V TALL 5000LT MEDIUM DARK GREEN,0.0000,On Hand,02 Mar 2025
QOH,VT5.0MN,TANKS VERTICAL,OH,V TALL 5000LT MEDIUM NATURAL,0.0000,On Hand,02 Mar 2025
QOH,VT5.0MSG,TANKS VERTICAL,OH,V TALL 5000LT MEDIUM SAGE GREEN,0.0000,On Hand,02 Mar 2025
QOH,VT5.0WB,TANKS VERTICAL,OH,V TALL 5000LT WATER BEIGE,0.0000,On Hand,02 Mar 2025
QOH,VT5.0WBL,TANKS VERTICAL,OH,V TALL 5000LT WATER BLUE,0.0000,On Hand,02 Mar 2025
QOH,VT5.0WBLK,TANKS VERTICAL,OH,V TALL 5000LT WATER BLACK,0.0000,On Hand,02 Mar 2025
QOH,VT5.0WCB,TANKS VERTICAL,OH,V TALL 5000LT WATER COFFEE BROWN,0.0000,On Hand,02 Mar 2025
QOH,VT5.0WDG,TANKS VERTICAL,OH,V TALL 5000LT WATER DARK GREEN,-7.0000,On Hand,02 Mar 2025
QOH,VT5.0WGR,TANKS VERTICAL,OH,V TALL 5000LT WATER GREY,0.0000,On Hand,02 Mar 2025
QOH,VT5.0WJDG,TANKS VERTICAL,OH,V TALL 5000LT WATER J/D GREEN,0.0000,On Hand,02 Mar 2025
QOH,VT5.0WN,TANKS VERTICAL,OH,V TALL 5000LT WATER NATURAL,0.0000,On Hand,02 Mar 2025
QOH,VT5.0WSG,TANKS VERTICAL,OH,V TALL 5000LT WATER SAGE GREEN,0.0000,On Hand,02 Mar 2025
QOH,VT5.0WY,TANKS VERTICAL,OH,V TALL 5000LT WATER YELLOW,0.0000,On Hand,02 Mar 2025
QOH,VTANK,CUSTOM,OH,VEGTECH TANK 750L BROWN PIGMENT,-44.0000,On Hand,02 Mar 2025
QOH,VTANKS,SECONDS,OH,VEGTECH TANK 750L SECONDS,0.0000,On Hand,02 Mar 2025
QOH,VUS2.5WB,URBAN WATER,OH,URBAN SLIM 2500LT WATER BEIGE,-7.0000,On Hand,02 Mar 2025
QOH,VUS2.5WBLK,URBAN WATER,OH,URBAN SLIM 2500LT WATER BLACK,0.0000,On Hand,02 Mar 2025
QOH,VUS2.5WCB,URBAN WATER,OH,URBAN SLIM 2500LT WATER COFFEE BROWN,-3.0000,On Hand,02 Mar 2025
QOH,VUS2.5WGR,URBAN WATER,OH,URBAN SLIM 2500L WATER GREY,-2.0000,On Hand,02 Mar 2025
QOH,VUS5.0WB,URBAN WATER,OH,URBAN SLIM 5000L WATER BEIGE,0.0000,On Hand,02 Mar 2025
QOH,VUS5.0WCB,URBAN WATER,OH,URBAN SLIM 5000L WATER COFFEE BROWN,-3.0000,On Hand,02 Mar 2025
QOH,VUS5.0WGR,URBAN WATER,OH,URBAN SLIM 5000L WATER GREY,-4.0000,On Hand,02 Mar 2025
QOH,VD5.0WBLSTERI,TANKS VERTICAL,OH,VERTICAL 5000LT BLUE STERI TANK,0.0000,On Hand,02 Mar 2025
QOH,APSLID,Fittings,OH,AFRICAN PUMP SOLUTIONS LID,0.0000,On Hand,02 Mar 2025
QOH,BLT-HTG-M08X070,Fittings,OH,XOX HT BOLTS M8X70 G8.8 EI GALV,0.0000,On Hand,02 Mar 2025
QOH,BLT-HTG-M08X150,Fittings,OH,XOX HT BOLTS M8X150 G8.8 EI GALV,0.0000,On Hand,02 Mar 2025
QOH,BLT-HTG-M12X060,Fittings,OH,HT BOLTS M12 X 60 GR . 8.8 EL GALV,0.0000,On Hand,02 Mar 2025
QOH,BLT-HTG-M12X070,Fittings,OH,XOX HT BOLTS M12X70 GR8.8 EI GALV TRUCO,0.0000,On Hand,02 Mar 2025
QOH,BLT-HTG-M12X080,Fittings,OH,XOX HT BOLTS M12X80 GR8.8 EI GALV TRUCO,0.0000,On Hand,02 Mar 2025
QOH,BLT-HTG-M12X150,Fittings,OH,XOX HT BOLTS M12X150 GR8.8 EI GALV TRUCO,1280.0000,On Hand,02 Mar 2025
QOH,BLT-HT-M10X060,Consumables,OH,XOX HT BOLT M10 X 6 GR8.8,0.0000,On Hand,02 Mar 2025
QOH,BLT-HT-M12X050,Consumables,OH,XOX M12 X 50 BOLT GR 8.8 BODY BOX,0.0000,On Hand,02 Mar 2025
QOH,BO114F,Fittings,OH,1 1/2 (25MM) SPINWELD FLUSH,5500.0000,On Hand,02 Mar 2025
QOH,ECO.Z014.1.1,Fittings,OH,ECO 50/40MM REDUCER,3530.0000,On Hand,02 Mar 2025
QOH,ENGM6X15.5X11,Fittings,OH,ENG&IND M6X15.5 X 11 HEX CLOSED END KNURL 6MM BRASS INSERTS,41500.0000,On Hand,02 Mar 2025
QOH,HTBOLTM12BLK,Consumables,OH,HT BOLT M12X100 BLACK,0.0000,On Hand,02 Mar 2025
QOH,HTHEXM14,Consumables,OH,XOX HT HEX SET SCREWS M16 X 35 GR 8.8,0.0000,On Hand,02 Mar 2025
QOH,HTM10,Consumables,OH,HT HEX SET SCREWS M10 X50GR 8.8 PART THREAD,0.0000,On Hand,02 Mar 2025
QOH,HTM10NUT,Fittings,OH,HT NUT HT M10 ZINC GR8,0.0000,On Hand,02 Mar 2025
QOH,HTWASHM10,Fittings,OH,HT WASHER M10 ZINC DIN125,0.0000,On Hand,02 Mar 2025
QOH,INSER,Fittings,OH,INSERTS 8MM BRASS,500.0000,On Hand,02 Mar 2025
QOH,L000.11,Fittings,OH,65MM LID - PLAIN,0.0000,On Hand,02 Mar 2025
QOH,L000.8,Fittings,OH,65MM SEAL - STD,0.0000,On Hand,02 Mar 2025
QOH,L125.0,Fittings,OH,125MM LID - VENTED + STD SEAL,0.0000,On Hand,02 Mar 2025
QOH,L125.E,Fittings,OH,125MM LID - PLAIN + ELBOW,0.0000,On Hand,02 Mar 2025
QOH,L250.7,Fittings,OH,250MM SEAL - STD,2314.0000,On Hand,02 Mar 2025
QOH,L250.7D,Fittings,OH,250MM SEAL - DIESEL,-2.0000,On Hand,02 Mar 2025
QOH,L250.C,Fittings,OH,250MM LID - VENTED,1901.0000,On Hand,02 Mar 2025
QOH,L250.CD,Fittings,OH,250MM LID - VENTED WITH CABLE (HERO),373.0000,On Hand,02 Mar 2025
QOH,L250.N/H,Fittings,OH,250MM LID - PLAIN,-4.0000,On Hand,02 Mar 2025
QOH,L250.S,Fittings,OH,250MM FILTER SCREEN,-20.0000,On Hand,02 Mar 2025
QOH,L350.C,Fittings,OH,350MM LID - VENTED,0.0000,On Hand,02 Mar 2025
QOH,L350.RWH,Fittings,OH,350MM LID - RAINWATER HARVESTING,0.0000,On Hand,02 Mar 2025
QOH,L350.N/H,Fittings,OH,350MM LID PLAIN,0.0000,On Hand,02 Mar 2025
QOH,L450.7,Fittings,OH,450MM SEAL - STD,1681.0000,On Hand,02 Mar 2025
QOH,L450.7D,Fittings,OH,450MM SEAL - DIESEL,-2.0000,On Hand,02 Mar 2025
QOH,L450.C,Fittings,OH,450MM LID - VENTED,1488.0000,On Hand,02 Mar 2025
QOH,L450.CC,Fittings,OH,450MM LID - VENTED WITH CABLE ASSEMBLY,143.0000,On Hand,02 Mar 2025
QOH,L450.COMBO,Fittings,OH,450MM LID - VENTED WITH FILTER SCREEN,0.0000,On Hand,02 Mar 2025
QOH,L450.N/H,Fittings,OH,450MM LID - PLAIN,0.0000,On Hand,02 Mar 2025
QOH,L450.N/HCOMBO,Fittings,OH,450MM LID - PLAIN WITH FILTER SCREEN,-1.0000,On Hand,02 Mar 2025
QOH,L450.S,Fittings,OH,450MM FILTER SCREEN,0.0000,On Hand,02 Mar 2025
QOH,L480.C,Fittings,OH,480MM CLIP-0N LID & 2 E-CLIPS,878.0000,On Hand,02 Mar 2025
QOH,L480.COMBO,Fittings,OH,480MM CLIP - ON LID WITH FILTER SCREEN,0.0000,On Hand,02 Mar 2025
QOH,L480.H,Fittings,OH,480MM HORN SET,0.0000,On Hand,02 Mar 2025
QOH,LID,Fittings,OH,VEE PLASTICS 450MM SCREW LID BLACK,4884.0000,On Hand,02 Mar 2025
QOH,M12X70,Fittings,OH,XOX M12X70MM GALV BOLT HALF H.T,0.0000,On Hand,02 Mar 2025
QOH,MISG,Fittings,OH,MOULD ON SPRAY GRAPHIC TRENSTAR,0.0000,On Hand,02 Mar 2025
QOH,MOSG,Fittings,OH,ACD SPRAY FOR MOULD IN GRAPHIC,0.0000,On Hand,02 Mar 2025
QOH,MSC-CH-EG05X035,Consumables,OH,XOX MACH SCREW GALV M5X35,0.0000,On Hand,02 Mar 2025
QOH,NUT-HEG-M05,Consumables,OH,XOX HEX NUT GALV M5,0.0000,On Hand,02 Mar 2025
QOH,NUT-HEG-M08,Fittings,OH,XOX HEX NUTS EI GALV M8,0.0000,On Hand,02 Mar 2025
QOH,NUT-HEG-M12-GR8-BLK,Consumables,OH,HEX NUTS M12 DIN934 GR8 BLK,38100.0000,On Hand,02 Mar 2025
QOH,POP-AS-3206,Fittings,OH,XOX POP RIVETS AS 3.2 X 0.6,0.0000,On Hand,02 Mar 2025
QOH,POP-AS-3210,Fittings,OH,XOX POP RIVETS 3.2X10MM,0.0000,On Hand,02 Mar 2025
QOH,POP-AS-4830,Fittings,OH,POP RIVETS 48 X 30 ST ALUMINIUM,24500.0000,On Hand,02 Mar 2025
QOH,ROD-HT-M12,Consumables,OH,XOX THREADED ROD M12 EN8,0.0000,On Hand,02 Mar 2025
QOH,ROD-HT-M12GR8,Consumables,OH,XOX THREADED ROD M12 GR8.8 ALPAL,0.0000,On Hand,02 Mar 2025
QOH,BB.355.0,Fittings,OH,355MM CLIP-LOCK BAFFLE BALL SET,210.0000,On Hand,02 Mar 2025
QOH,ROTOQUIPCUBE,Fittings,OH,ROTOQUIP FITTINGS CUBE,5.0000,On Hand,02 Mar 2025
QOH,SET-HTG-M05X040,Consumables,OH,XOX HT HEX SET SCREWS M5X40 GR8.8 EI GAL,0.0000,On Hand,02 Mar 2025
QOH,SET-HTG-M12X060,Consumables,OH,XOX HT HEX SET SCREWS M12 X 60 GR 8.8 EI,1300.0000,On Hand,02 Mar 2025
QOH,SET-HT-M06X030,Consumables,OH,XOX HT HEX SET SCREWS M6X30 GR8.8 FILTER,0.0000,On Hand,02 Mar 2025
QOH,SET-HT-M14X030,Consumables,OH,XOX HT HEX SCREWS M14X30 GR8.8 BLACK,0.0000,On Hand,02 Mar 2025
QOH,SET-HT-M16X120,Consumables,OH,XOX HT HEX SET SCREWS M16XM120 GR8.8,0.0000,On Hand,02 Mar 2025
QOH,SSRT,Fittings,OH,THEO METAL 19X1.5MM S/S TUBE 6M TRUCOPI,32.0000,On Hand,02 Mar 2025
QOH,STICK,Fittings,OH,STICKERS WARRANTY,10001.0000,On Hand,02 Mar 2025
QOH,STICKAGRI1,Fittings,OH,STICKERS AGRINET LABEL ROUND HP,0.0000,On Hand,02 Mar 2025
QOH,STICKAGRI2,Fittings,OH,STICKERS AGRINET LABEL ROUND LP,0.0000,On Hand,02 Mar 2025
QOH,STICKAGRI3,Fittings,OH,STICKERS AGRINET LABEL STEP HP,501.0000,On Hand,02 Mar 2025
QOH,STICKAGRI4,Fittings,OH,STICKERS AGRINET LABEL STEP MP,0.0000,On Hand,02 Mar 2025
QOH,STICKDIY,Fittings,OH,STICKERS DIY SMALL,501.0000,On Hand,02 Mar 2025
QOH,STICKDIYLRG,Fittings,OH,STICKERS DIY LARGE,0.0000,On Hand,02 Mar 2025
QOH,STICKDJEMBE,Fittings,OH,STICKERS DJEMBE,0.0000,On Hand,02 Mar 2025
QOH,STICKH,Fittings,OH,STICKERS HEAVY TANKS,0.0000,On Hand,02 Mar 2025
QOH,STICKM,Fittings,OH,STICKERS MEDIUM TANKS,0.0000,On Hand,02 Mar 2025
QOH,STICKS,Fittings,OH,STICKERS STEWARTS + LLOYDS SMALL,0.0000,On Hand,02 Mar 2025
QOH,TAPBR,Fittings,OH,BROWN PLASTIC BIB TAP 20MM,936.0000,On Hand,02 Mar 2025
QOH,TC015.0,Fittings,OH,15MM MALE BULKHEAD FITTING,0.0000,On Hand,02 Mar 2025
QOH,TC015.5,Fittings,OH,15MM FEMALE BULKHEAD FITTING,0.0000,On Hand,02 Mar 2025
QOH,TC020.0,Fittings,OH,20MM MALE BULKHEAD FITTING,-21.0000,On Hand,02 Mar 2025
QOH,TC025.0,Fittings,OH,25MM MALE BULKHEAD FITTING,-14.0000,On Hand,02 Mar 2025
QOH,TC025.12,Fittings,OH,20MM FEMALE BULKHEAD FITTING,250.0000,On Hand,02 Mar 2025
QOH,TC025.12Y,Fittings,OH,20MM FEMALE BULKHEAD FITTING YELLOW,1226.0000,On Hand,02 Mar 2025
QOH,TC025.B,Fittings,OH,20MM FEMALE BULKHEAD FITTING 2 - WAY,0.0000,On Hand,02 Mar 2025
QOH,TC040.0,Fittings,OH,40MM MALE BULKHEAD FITTING,462.0000,On Hand,02 Mar 2025
QOH,TC040.0D,Fittings,OH,40MM MALE BULKHEAD FITTING DIESEL,387.0000,On Hand,02 Mar 2025
QOH,TC040.100,Fittings,OH,40MM MALE BULKHEAD FITTING CAP,0.0000,On Hand,02 Mar 2025
QOH,TC040.6,Fittings,OH,40MM MALE BULKHEAD FITTING - HERO ROTO,0.0000,On Hand,02 Mar 2025
QOH,TC040.6E,Fittings,OH,40MM MALE B/H/F + ELBOW -HERO ROTO,90.0000,On Hand,02 Mar 2025
QOH,TC040.7,Fittings,OH,40/25MM MALE BULKHEAD FITTING,0.0000,On Hand,02 Mar 2025
QOH,TC040.8.1,Fittings,OH,40MM FEMALE B/H FITTING HEAVY DUTY,0.0000,On Hand,02 Mar 2025
QOH,TC040.8.3,Fittings,OH,40MM FEMALE BULKHEAD FITTING,586.0000,On Hand,02 Mar 2025
QOH,TC040.8P,Fittings,OH,PINK FEMALE B/H FITTING,0.0000,On Hand,02 Mar 2025
QOH,TC040.8Y,Fittings,OH,40MM FEMALE BULKHEAD FITTING YELLOW,6823.0000,On Hand,02 Mar 2025
QOH,TC040.B,Fittings,OH,40MM FEMALE BULKHEAD FITTING 2 - WAY,0.0000,On Hand,02 Mar 2025
QOH,TC040.E,Fittings,OH,40MM MALE BULLKHEAD FITTING+ELBOW,70.0000,On Hand,02 Mar 2025
QOH,ECO.TC040.8.3,Fittings,OH,ECO 40MM FEMALE BULKHEAD FITTING,9239.0000,On Hand,02 Mar 2025
QOH,Z014.V,Fittings,OH,50MM VENT WITH ST MESH,0.0000,On Hand,02 Mar 2025
QOH,TC050.0,Fittings,OH,50/40MM MALE BULKHEAD FITTING,14.0000,On Hand,02 Mar 2025
QOH,TC050.100,Fittings,OH,50MM MALE BULKHEAD FITTING CAP,0.0000,On Hand,02 Mar 2025
QOH,TC050.10,Fittings,OH,50MM FEMALE BULKHEAD FITTING,1.0000,On Hand,02 Mar 2025
QOH,TC050.D,Fittings,OH,50/40MM MALE B/H FITTING DIESEL,40.0000,On Hand,02 Mar 2025
QOH,TC050.E,Fittings,OH,50/40MM MALE BULKHEAD FITTING + ELBOW,0.0000,On Hand,02 Mar 2025
QOH,TC050.EL/T,Fittings,OH,50/40MM MALE B/H/F LG. SERIES + ELBOW,0.0000,On Hand,02 Mar 2025
QOH,TC050.LN,Fittings,OH,50/40MM MALE B/H FITTING LONG SERIES,0.0000,On Hand,02 Mar 2025
QOH,TC075.0,Fittings,OH,75MM MALE BULKHEAD FITTING,25.0000,On Hand,02 Mar 2025
QOH,TC075.LN,Fittings,OH,75MM MALE BULKHEAD FITTING LONG SERIES,0.0000,On Hand,02 Mar 2025
QOH,TC100.0,Fittings,OH,100MM MALE BULKHEAD FITTING,3.0000,On Hand,02 Mar 2025
QOH,TSW.015.BSP.W,Fittings,OH,15MM TORNADO SPINWELD FITTING WHITE,0.0000,On Hand,02 Mar 2025
QOH,TSW.015.SG,Fittings,OH,SPINWELD 15MM TORNADO SPLASH GUARD,0.0000,On Hand,02 Mar 2025
QOH,TSW.020.BSP.W,Fittings,OH,20MM TORNADO SPINWELD SPINWELD FITTING WHITE,0.0000,On Hand,02 Mar 2025
QOH,TSW.02025.SG,Fittings,OH,SPINWELD 20/25MM TORNADO SPLASH GUARD,0.0000,On Hand,02 Mar 2025
QOH,TSW.025.BSP.W,Fittings,OH,25MM TORNADO SPINWELD FITTING WHITE,0.0000,On Hand,02 Mar 2025
QOH,TSW.032.BSP.W,Fittings,OH,32MM TORNADO SPINWELD FITTING WHITE,0.0000,On Hand,02 Mar 2025
QOH,TSW.032.SG,Fittings,OH,SPINWELD 32MM TORNADO SPLASH GUARD,0.0000,On Hand,02 Mar 2025
QOH,TSW.040.BSP.W,Fittings,OH,40MM TORNADO SPINWELD FITTING WHITE,0.0000,On Hand,02 Mar 2025
QOH,TSW.040.SG,Fittings,OH,SPINWELD 40MM TORNADO SPLASH GUARD,0.0000,On Hand,02 Mar 2025
QOH,TSW.050.BSP.W,Fittings,OH,50MM TORNADO SPINWELD FITTING WHITE,0.0000,On Hand,02 Mar 2025
QOH,TSW.050.LS.BT.W,Fittings,OH,50MM TORNADO SPINWELD FITTING L.S WHITE,0.0000,On Hand,02 Mar 2025
QOH,TSW.050.SG,Fittings,OH,SPINWELD 50MM TORNADO SPLASH GUARD,0.0000,On Hand,02 Mar 2025
QOH,TUBER,Fittings,OH,FULLY TUBULAR RIVERTS 8 X 15 (FERULES),0.0000,On Hand,02 Mar 2025
QOH,WAS-BOD-G-51616,Fittings,OH,XOX BODY WASHERS EI GALV M5 x16 x1.6,0.0000,On Hand,02 Mar 2025
QOH,WAS-BOD-G-51916,Fittings,OH,WASHERS M05 FLAT GALV 19X16,25130.0000,On Hand,02 Mar 2025
QOH,WAS-BON-M6X019,Fittings,OH,BONDED WASHERS M6X19,10450.0000,On Hand,02 Mar 2025
QOH,Y600.0,Fittings,OH,CABLE ASSEMBLY STD (450mm LID),0.0000,On Hand,02 Mar 2025
QOH,Z001.V,Fittings,OH,175MM LID-VENTED + STD SEAL,7.0000,On Hand,02 Mar 2025
QOH,Z004.1,Fittings,OH,160MM LID - VENTED + STD SEAL,0.0000,On Hand,02 Mar 2025
QOH,Z010,Fittings,OH,40/20MM REDUCER,0.0000,On Hand,02 Mar 2025
QOH,Z014.0,Fittings,OH,50/40MM REDUCER,3100.0000,On Hand,02 Mar 2025
QOH,Z014.4,Fittings,OH,40MM THUMB PLUG,3650.0000,On Hand,02 Mar 2025
QOH,Z019,Fittings,OH,16X2 COUPLER,0.0000,On Hand,02 Mar 2025
QOH,Z020,Fittings,OH,16X16 COUPLER,0.0000,On Hand,02 Mar 2025
QOH,Z080,Fittings,OH,70MM OVERFLOW VENT - FLAT,0.0000,On Hand,02 Mar 2025
QOH,MORTZS0350A,PIGMENTS,OH,MORTZ PIGMENT WHITE S0350A,0.0000,On Hand,02 Mar 2025
QOH,MORTZT0728A,PIGMENTS,OH,MORTZ PIGMENT YELLOW T0728A,0.0000,On Hand,02 Mar 2025
QOH,MORTZU1536A,PIGMENTS,OH,MORTZ PIGMENT ORANGE U1536A,0.0000,On Hand,02 Mar 2025
QOH,MORTZX0931A,PIGMENTS,OH,MORTZ PIGMENT GREEN X0931A,0.0000,On Hand,02 Mar 2025
QOH,MORTZY0594A,PIGMENTS,OH,MORTZ PIGMENT BROWN Y0594A,0.0000,On Hand,02 Mar 2025
QOH,MORTZY0630A,PIGMENTS,OH,MORTZ PIGMENT BLACK Y0630A,0.0000,On Hand,02 Mar 2025
QOH,PBROWN,PIGMENTS,OH,XXPIGMENT - BROWN X28491,0.0000,On Hand,02 Mar 2025
QOH,Y5004,PIGMENTS,OH,MERCURY PLASTICS YELLOW Y5004,0.0000,On Hand,02 Mar 2025
QOH,ACDB,RAW MATERIAL,OH,ACD H359 NEL BEIGE,68500.0000,On Hand,02 Mar 2025
QOH,ACDB916,RAW MATERIAL,OH,ACD H359 BEIGE 916,0.0000,On Hand,02 Mar 2025
QOH,ACDBG,RAW MATERIAL,OH,ACD H359 BIRCH GREY,200.0000,On Hand,02 Mar 2025
QOH,ACDBLK,RAW MATERIAL,OH,ACD H509 BLACK 20 UV,183500.0000,On Hand,02 Mar 2025
QOH,ACDBO,RAW MATERIAL,OH,ACD H359 BRONZE OLIVE,18125.0000,On Hand,02 Mar 2025
QOH,ACDCB,RAW MATERIAL,OH,ACD H359 COFFEE BROWN,66000.0000,On Hand,02 Mar 2025
QOH,ACDCGR,RAW MATERIAL,OH,ACD H359 CHARCOAL GREY 29708,1000.0000,On Hand,02 Mar 2025
QOH,ACDDGR,RAW MATERIAL,OH,ACD H359 DARK GREY 816,146000.0000,On Hand,02 Mar 2025
QOH,ACDDRKG,RAW MATERIAL,OH,ACD H359 DARK GREEN,231000.0000,On Hand,02 Mar 2025
QOH,ACDFOAM,RAW MATERIAL,OH,ACD H100 FOAM MATERMIX 10,3.0000,On Hand,02 Mar 2025
QOH,ACDGR,RAW MATERIAL,OH,ACD H359 JOHN DEERE GREEN 33403,2000.0000,On Hand,02 Mar 2025
QOH,ACDHRK,RAW MATERIAL,OH,ACD HENRED KHAKI,700.0000,On Hand,02 Mar 2025
QOH,ACDLG,RAW MATERIAL,OH,ACD H359 LIME GREEN,250.0000,On Hand,02 Mar 2025
QOH,ACDLGR,RAW MATERIAL,OH,ACD H359 LIGHT GREY 817,2100.0000,On Hand,02 Mar 2025
QOH,ACDMB,RAW MATERIAL,OH,ACD H359 MAC BLUE,29500.0000,On Hand,02 Mar 2025
QOH,ACDYM,RAW MATERIAL,OH,ACD H359 MAC YELLOW,0.0000,On Hand,02 Mar 2025
QOH,ACDN,RAW MATERIAL,OH,ACD H359 NATURAL UV,57000.0000,On Hand,02 Mar 2025
QOH,ACDPINK,RAW MATERIAL,OH,ACD H359 CANCER PINK,0.0000,On Hand,02 Mar 2025
QOH,ACDPUR,RAW MATERIAL,OH,ACD H359 PURPLE,0.0000,On Hand,02 Mar 2025
QOH,ACDRED,RAW MATERIAL,OH,ACD H359 RED 256,20000.0000,On Hand,02 Mar 2025
QOH,ACDSG,RAW MATERIAL,OH,ACD H359 SAGE GREEN,0.0000,On Hand,02 Mar 2025
QOH,ACDTANG,RAW MATERIAL,OH,ACD H359 TANGERINE,118500.0000,On Hand,02 Mar 2025
QOH,ACDW,RAW MATERIAL,OH,ACD H359 WHITE 05,150.0000,On Hand,02 Mar 2025
QOH,ACDYRB,RAW MATERIAL,OH,ACD H359 YELLOW RB,87000.0000,On Hand,02 Mar 2025
QOH,ACDZS,RAW MATERIAL,OH,ACD ZINC STERATE,60.0000,On Hand,02 Mar 2025
QOH,DWTMCGR,RAW MATERIAL,OH,DREAMWEAVER MARBLE CEMENT GREY,0.0000,On Hand,02 Mar 2025
QOH,KPCSBLK,RAW MATERIAL,OH,KAINOTOMIA BLACK UV,14999.0000,On Hand,02 Mar 2025
QOH,KPCSCB,RAW MATERIAL,OH,KAINOTOMIA COFFEE BROWN,5525.0000,On Hand,02 Mar 2025
QOH,KPCSDG,RAW MATERIAL,OH,KAINOTOMIA DARK GREEN,27250.0000,On Hand,02 Mar 2025
QOH,KPCSDGR,RAW MATERIAL,OH,KAINOTOMIA DARK GREY,32725.0000,On Hand,02 Mar 2025
QOH,KPCSMB,RAW MATERIAL,OH,KAINOTOMIA MAC BLUE,3000.0000,On Hand,02 Mar 2025
QOH,KPCSMY,RAW MATERIAL,OH,KAINOTOMIA MAC YELLOW,0.0000,On Hand,02 Mar 2025
QOH,KPCSNB,RAW MATERIAL,OH,KAINOTOMIA NEL BEIGE,3150.0000,On Hand,02 Mar 2025
QOH,KPCST,RAW MATERIAL,OH,KAINOTOMIA TANGERINE,11025.0000,On Hand,02 Mar 2025
QOH,PEBRECYCLE,RAW MATERIAL,OH,PER BIN RECYCLING,54875.0000,On Hand,02 Mar 2025
QOH,ACDFOAMPEL,RAW MATERIAL,OH,ACD FOAM PELLET 1-SHOT,6051.0000,On Hand,02 Mar 2025
QOH,STAN10,INDUSTRIAL,OH,TANK STAND 10 000L,-4.0000,On Hand,02 Mar 2025
QOH,TANKS0.6,INDUSTRIAL,OH,TANK STAND 0.6M 5000LT 60x60 RED OXIDE,0.0000,On Hand,02 Mar 2025
QOH,TANKS0.6B,INDUSTRIAL,OH,TANK STAND 0.6M 250LT 750 x750 RED OXIDE,0.0000,On Hand,02 Mar 2025
QOH,TANKSCON,INDUSTRIAL,OH,TANK STAND CONICAL,-1.0000,On Hand,02 Mar 2025
QOH,DAWNCW05,URBAN FURNITURE,OH,DAWN CHAIR WHITE 05,-9.0000,On Hand,02 Mar 2025
QOH,DAWNTW05,URBAN FURNITURE,OH,DAWN COFFEE TABLE WHITE 05,-3.0000,On Hand,02 Mar 2025
QOH,FPR,URBAN GARDEN,OH,FLOWER POT RED,-4.0000,On Hand,02 Mar 2025
QOH,FPDG,URBAN GARDEN,OH,FLOWER POT DARK GREY 816,-6.0000,On Hand,02 Mar 2025
QOH,RC1.8R,ROAD,OH,1.8M ROAD CONE RED,-131.0000,On Hand,02 Mar 2025
QOH,RC1.8Y,ROAD,OH,1.8M ROAD CONE YELLOW,-105.0000,On Hand,02 Mar 2025
QOH,RC1.8BL,ROAD,OH,1.8M ROAD CONE BLUE,-260.0000,On Hand,02 Mar 2025
QOH,RC1.8N,ROAD,OH,1.8M ROAD CONE NATURAL,-20.0000,On Hand,02 Mar 2025
QOH,RC1.8O,ROAD,OH,1.8M ROAD CONE ORANGE,-40.0000,On Hand,02 Mar 2025
QOH,MBSR,MONEYBOXES,OH,MONEY BOX SMALL RED,-152.0000,On Hand,02 Mar 2025
QOH,MBSP,MONEYBOXES,OH,MONEY BOX SMALL PINK,-143.0000,On Hand,02 Mar 2025
QOH,MBSBL,MONEYBOXES,OH,MONEY BOX SMALL BLUE,-222.0000,On Hand,02 Mar 2025
QOH,MBSDG,MONEYBOXES,OH,MONEY BOX SMALL DARK GREEN,-173.0000,On Hand,02 Mar 2025
QOH,MBSY,MONEYBOXES,OH,MONEY BOX SMALL YELLOW,-142.0000,On Hand,02 Mar 2025
QOH,ACDP32320,PIGMENTS,OH,ACD DARK GREEN 208 PIGMENT,10.0000,On Hand,02 Mar 2025
QOH,ECO.TC0050.10,Fittings,OH,ECO 50MM FEMALE BULKHEAD FITTING,0.0000,On Hand,02 Mar 2025
QOH,TC015.0D,Fittings,OH,15MM MALE BULKHEAD FITTING DIESEL,0.0000,On Hand,02 Mar 2025
QOH,PCOMPMILLING,RAW MATERIAL,OH,PLASTICOMP MILLING,372.5000,On Hand,02 Mar 2025
QOH,USPNB,URBAN WATER,OH,URBAN SLIM ELECTRIC PUMP COVER NEL BEIGE,-122.0000,On Hand,02 Mar 2025
QOH,TC032.2,Fittings,OH,32MM FEMALE BULKHEAD FITTING,1.0000,On Hand,02 Mar 2025
QOH,TC025.C,Fittings,OH,25MM FEMALE BULKHEAD FITTING 2-WAY,-3.0000,On Hand,02 Mar 2025
QOH,TC016.0,Fittings,OH,20/15MM FEMALE BULKHEAD FITTING 2-WAY,30.0000,On Hand,02 Mar 2025
QOH,TC032.0,Fittings,OH,32MM MALE BULKHEAD FITTING,0.0000,On Hand,02 Mar 2025
QOH,Z110.C,Fittings,OH,GRAINFEEDER SET,0.0000,On Hand,02 Mar 2025
QOH,Z024.0,Fittings,OH,LABYRINTH VENT - BOLT ON,0.0000,On Hand,02 Mar 2025
QOH,Z040.3,Fittings,OH,40MM FLOAT VALVE + 2 - WAY BH,3.0000,On Hand,02 Mar 2025
QOH,SCRAPB01,RAW MATERIAL,OH,SCRAP BOUGHT,21487.3600,On Hand,02 Mar 2025
QOH,V0.25WR,TANKS VERTICAL,OH,VERTICAL 250LT WATER RED,0.0000,On Hand,02 Mar 2025
QOH,TRUCOT.1050.450,TRUCO,OH,TRUCO PIPE 1050 OD 450 ID ORANGE HALF,-120.0000,On Hand,02 Mar 2025
QOH,ACDY18UV,RAW MATERIAL,OH,ACD H359 HERO YELLOW 18 UV REBLEND,17675.0000,On Hand,02 Mar 2025
QOH,LSTRMP,INDUSTRIAL,OH,LARGE STEP TANK 650L RED MED PRESSURE,-2.0000,On Hand,02 Mar 2025
QOH,STAKOY1500,CUSTOM,OH,STAKO 1500L YELLOW TANK,-2.0000,On Hand,02 Mar 2025
QOH,H0.5WN,TANKS HORIZONTAL,OH,HORIZONTAL 500L WATER NATURAL,-8.0000,On Hand,02 Mar 2025
QOH,RBGR816,POOL,OH,ROCK BOX GREY 816,-5.0000,On Hand,02 Mar 2025
QOH,HEPCMDGS,SECONDS,OH,HERO ELECTRIC PUMP COVER MEDIUM DARK GREEN SECONDS,0.0000,On Hand,02 Mar 2025
QOH,CTS,Fittings,OH,POOL FILTER STEEL RINGS,4250.0000,On Hand,02 Mar 2025
QOH,SCR-TEK,Fittings,OH,HT SELF DRILLING 12 X 30 HEX HEAD,9900.0000,On Hand,02 Mar 2025
QOH,SLIMJOHNSTGR,TANKS VERTICAL,OH,SLIMJOHN STONE GRANITE,-16.0000,On Hand,02 Mar 2025
QOH,HTFAN10X11,Fittings,OH,HITEC FURNITURE ANCHOR/NUT M10X11,550.0000,On Hand,02 Mar 2025
QOH,AGRI310100,Fittings,OH,GP LAWN BALL VALVE 100MM,0.0000,On Hand,02 Mar 2025
QOH,L125.7,Fittings,OH,125MM LID - PLAIN,-2.0000,On Hand,02 Mar 2025
QOH,SETM12X30,Consumables,OH,SET H M12 X 30 DIN933 GR8.8 BLK,20550.0000,On Hand,02 Mar 2025
QOH,SET-HT-M12X50,Consumables,OH,SET HT M12X50 DIN933 GR8.8 BLK,860.0000,On Hand,02 Mar 2025
QOH,SET-HT-M20X80,Consumables,OH,SET HT M20X80 GR8.8 BLK,130.0000,On Hand,02 Mar 2025
QOH,NUT-HT-M16,Consumables,OH,NUT HT HEX M16 DIN934 GR8 BLK,520.0000,On Hand,02 Mar 2025
QOH,NUT-HT-M20,Consumables,OH,NUT HT HEX M20 DIN934 GR8 BLK,330.0000,On Hand,02 Mar 2025
QOH,SET-HT-M20X70,Consumables,OH,SET HT M20X70 GR8.8 BLK,210.0000,On Hand,02 Mar 2025
QOH,WAS-FLAT-M12-BLK,Consumables,OH,FLAT WASHER DIN125 M12 PLAIN/BLK,10000.0000,On Hand,02 Mar 2025
QOH,BOLTM8,Fittings,OH,BOLTS M8X150 GR8.8 GALV PART THREAD,0.0000,On Hand,02 Mar 2025
QOH,Z040.1,Fittings,OH,15MM FLOAT VALVE + 2 - WAY BH,0.0000,On Hand,02 Mar 2025
QOH,Z040.2,Fittings,OH,25MM FLOAT VALVE + 2 - WAY BH,0.0000,On Hand,02 Mar 2025
QOH,NUT-HEG-M12-GALV,Fittings,OH,NUT HT HEX M12 GALV,3000.0000,On Hand,02 Mar 2025
QOH,H0.7WO,CUSTOM,OH,HORIZONTAL FUEL TRAILERS 700L WATER ORANGE,-20.0000,On Hand,02 Mar 2025
QOH,A6HP,CUSTOM,OH,AGRI 600LT TANK RED HIGH PRESSURE,-118.0000,On Hand,02 Mar 2025
QOH,TRUCOT.820.355,TRUCO,OH,TRUCO PIPE 820 OD 355 ID ORANGE HALF,-242.0000,On Hand,02 Mar 2025
QOH,SLIMJIMCB,TANKS VERTICAL,OH,SLIMJIM COFFEE BROWN,-29.0000,On Hand,02 Mar 2025
QOH,SLIMJOHNN,TANKS VERTICAL,OH,SLIMJOHN NATURAL,-5.0000,On Hand,02 Mar 2025
QOH,HEPCLP,INDUSTRIAL,OH,HERO ELECTRIC PUMP COVER LARGE PURPLE,-1.0000,On Hand,02 Mar 2025
QOH,LSTRHP,INDUSTRIAL,OH,LARGE STEP TANK 650L RED HIGH PRESSURE,-214.0000,On Hand,02 Mar 2025
QOH,SET-HT-M10X60,Fittings,OH,SET HT M10X60 GR8.8 ZINC PLT,5450.0000,On Hand,02 Mar 2025
QOH,NUT-HT-HEX-M10,Fittings,OH,NUT HT HEX M10 GR8 ZINC PLT,6100.0000,On Hand,02 Mar 2025
QOH,WAS-FLAT-M10,Fittings,OH,FLAT WASHER DIN125 M10 ZINC PLT,12050.0000,On Hand,02 Mar 2025
QOH,SLIMJIMB,TANKS VERTICAL,OH,SLIMJIM BEIGE,-38.0000,On Hand,02 Mar 2025
QOH,SLIMJIMDG,TANKS VERTICAL,OH,SLIMJIM DARK GREEN,-14.0000,On Hand,02 Mar 2025
QOH,SLIMJIMGR,TANKS VERTICAL,OH,SLIMJIM GREY 816,-32.0000,On Hand,02 Mar 2025
QOH,VB10.0WCG,TANKS VERTICAL,OH,VERTICAL 10 000L BUDGET WATER CHARCOAL GREY 29708,-1.0000,On Hand,02 Mar 2025
QOH,V10.0HBO,TANKS VERTICAL,OH,VERTICAL 10 000L HEAVY BRONZE OLIVE,-4.0000,On Hand,02 Mar 2025
QOH,V0.25WP,TANKS VERTICAL,OH,VERTICAL 250 WATER PINK,-6.0000,On Hand,02 Mar 2025
QOH,V0.25WGR,TANKS VERTICAL,OH,VERTICAL 250 WATER GREY 816,-1.0000,On Hand,02 Mar 2025
QOH,WAS-FLAT-M12-ZINC,Fittings,OH,FLAT WASHER DIN125 M12 ZINC PLT,6270.0000,On Hand,02 Mar 2025
QOH,TRUCOT.605.110,TRUCO,OH,TRUCO PIPE 605 OD 110 ID ORANGE HALF,-24.0000,On Hand,02 Mar 2025
QOH,HALFJACKB,TANKS VERTICAL,OH,HALF JACK WATER BEIGE,-1.0000,On Hand,02 Mar 2025
QOH,VD5.0WGRG,TANKS VERTICAL,OH,VERTICAL 5000LT DUMPIE GRANITE GREY,-4.0000,On Hand,02 Mar 2025
QOH,SLIMJOHNGRG,TANKS VERTICAL,OH,SLIMJOHN GRANITE GREY,-4.0000,On Hand,02 Mar 2025
QOH,V10.0WBO,TANKS VERTICAL,OH,VERTICAL 10 000L WATER BRONZE OLIVE,-36.0000,On Hand,02 Mar 2025
QOH,VD5.0WBO,TANKS VERTICAL,OH,VERTICAL 5000LT DUMPIE BRONZE OLIVE,-66.0000,On Hand,02 Mar 2025
QOH,V2.5WBO,TANKS VERTICAL,OH,VERTICAL 2500L WATER BRONZE OLIVE,-229.0000,On Hand,02 Mar 2025
QOH,H1.0HDG,TANKS HORIZONTAL,OH,HEAVY 1000L DARK GREEN,-1.0000,On Hand,02 Mar 2025
QOH,COMBILCB,POOL,OH,COMBI BOX COMPLETE LID COFFEE BROWN,-3.0000,On Hand,02 Mar 2025
QOH,KPCSN,RAW MATERIAL,OH,KAINOTOMIA NATURAL,0.0000,On Hand,02 Mar 2025
QOH,KPCSR,RAW MATERIAL,OH,KAINOTOMIA RED UV,0.0000,On Hand,02 Mar 2025
QOH,RESICHEM RF1211,RAW MATERIAL,OH,RESICHEM FOAM RF1211,1.0000,On Hand,02 Mar 2025
QOH,RESICHEM RESINATE,RAW MATERIAL,OH,RESICHEM RESINATE 200,1.0000,On Hand,02 Mar 2025
QOH,V0.5MSG,TANKS VERTICAL,OH,VERTICAL 500L MEDIUM SAGE GREEN,-1.0000,On Hand,02 Mar 2025
QOH,PBRPB,POOL,OH,POOL BACK REST PATH BLUE,0.0000,On Hand,02 Mar 2025
QOH,PEDSTYNM,PED,OH,SMALL TOP YELLOW NEW MOULD,-130.0000,On Hand,02 Mar 2025
QOH,PEDSBYNM,PED,OH,SMALL BOTTOM YELLOW NEW MOULD,-126.0000,On Hand,02 Mar 2025
QOH,PEDSTBNM,PED,OH,SMALL TOP BLUE NEW MOULD,-35.0000,On Hand,02 Mar 2025
QOH,PEDSBBNM,PED,OH,SMALL BOTTOM BLUE NEW MOULD,-35.0000,On Hand,02 Mar 2025
QOH,COMBILGR,POOL,OH,COMBI BOX COMPLETE LID GREY,-1.0000,On Hand,02 Mar 2025
QOH,V10.0WDGS,SECONDS,OH,VERTICAL 10 000L WATER DARK GREEN SECOND,-3.0000,On Hand,02 Mar 2025
QOH,UJWFN,CUSTOM,OH,UJ WATER FILTER NATURAL WITH GREEN PIGMENT,0.0000,On Hand,02 Mar 2025
QOH,SET-HT-M12X50Z,Fittings,OH,SET HT M12 X 50 GR8.8 ZINC PLT,0.0000,On Hand,02 Mar 2025
QOH,H6.5HBO,TANKS HORIZONTAL,OH,HORIZONTAL 6500LT HEAVY BRONZE OLIVE,-1.0000,On Hand,02 Mar 2025
QOH,H2.5MDG,TANKS HORIZONTAL,OH,HORIZONTAL 2500LT MEDIUM DARK GREEN,-1.0000,On Hand,02 Mar 2025
QOH,V2.5HPB,TANKS VERTICAL,OH,VERTICAL 2500LT HEAVY PATH BLUE,-6.0000,On Hand,02 Mar 2025
QOH,NUT-HEX-M05,Consumables,OH,NUT MS HEX M05 DIN555 GR5 BLK,0.0000,On Hand,02 Mar 2025
QOH,SET-HT-M05X30,Consumables,OH,SET HT M05/30 DIN933 GR8.8 BLK,0.0000,On Hand,02 Mar 2025
QOH,TRUCOT.605.225,TRUCO,OH,TRUCO PIPE 605 OD 225 ID ORANGE HALF,0.0000,On Hand,02 Mar 2025
QOH,NUT-HEX-M06,Consumables,OH,NUT MS HEX M06 DIN555 GR5 BLK,600.0000,On Hand,02 Mar 2025
QOH,SET-HT-M06X30,Consumables,OH,SET HT M06 X 30 DIN933 GR8.8 BLK,450.0000,On Hand,02 Mar 2025
QOH,TRUCOT.400.110,TRUCO,OH,TRUCO PIPE 400 OD 110 ID ORANGE HALF,-20.0000,On Hand,02 Mar 2025
QOH,MP37379P,PIGMENTS,OH,MERCURY PLASTICS GREY PIGMENT,10.0000,On Hand,02 Mar 2025
QOH,SET-HT-M10X30,Consumables,OH,SET HT M10X30 DIN933 GR8.8 BLK,300.0000,On Hand,02 Mar 2025
QOH,SET-HT-M10X50,Consumables,OH,SET HT M10X50 GR8.8 BLK,200.0000,On Hand,02 Mar 2025
QOH,ACDYDS,RAW MATERIAL,OH,ACD FPH3597155 18 DARK YELLOW SPECIAL,10000.0000,On Hand,02 Mar 2025
QOH,VB10.0WGR,TANKS VERTICAL,OH,VERTICAL 10000LT BUDGET WATER GREY,-2.0000,On Hand,02 Mar 2025
QOH,STAKOYP,CUSTOM,OH,STAKO FIREFIGHT TANK WITH BAFFLE YELLOW PLAIN,-27.0000,On Hand,02 Mar 2025
QOH,RULA2LBLK,RULA,OH,RULA 2000L BLACK,0.0000,On Hand,02 Mar 2025
QOH,SLIMJIMHDG,TANKS VERTICAL,OH,SLIMJIM HEAVY DARK GREEN,-6.0000,On Hand,02 Mar 2025
QOH,SET-HT-M16X030,Consumables,OH,SET HT M16X030 GR8.8 BLK,100.0000,On Hand,02 Mar 2025
QOH,NUT-HEX-M14,Consumables,OH,NUT HT HEX M14 GR8 BLK,100.0000,On Hand,02 Mar 2025
QOH,H3.5HGR,TANKS HORIZONTAL,OH,HORIZONTAL 3500LT HEAVY GREY 816,0.0000,On Hand,02 Mar 2025
QOH,HIN78.BS,Fittings,OH,78MM HINGE & BACK PLATE SET - BLACK,0.0000,On Hand,02 Mar 2025
QOH,HIN78.WS,Fittings,OH,78MM HINGE & BACK PLATE SET - WHITE,0.0000,On Hand,02 Mar 2025
QOH,TRUCOT.605.140,TRUCO,OH,TRUCO PIPE 605 OD 140 ID ORANGE HALF,-40.0000,On Hand,02 Mar 2025
QOH,LSTGR,INDUSTRIAL,OH,LARGE STEP TANK 650L GREY 816,-10.0000,On Hand,02 Mar 2025
QOH,TRIPJBO,TANKS VERTICAL,OH,TRIPLEJACK BRONZE OLIVE,-4.0000,On Hand,02 Mar 2025
QOH,S2BGR,POOL,OH,STORM FILTER 2BAG GREY 816,-130.0000,On Hand,02 Mar 2025
QOH,S2BBLK,POOL,OH,STORM FILTER 2BAG BLACK,-489.0000,On Hand,02 Mar 2025
QOH,S3BGR,POOL,OH,STORM FILTER 3BAG GREY 816,-100.0000,On Hand,02 Mar 2025
QOH,S3BBLK,POOL,OH,STORM FILTER 3BAG BLACK,-837.0000,On Hand,02 Mar 2025
QOH,H2.5MO,TANKS HORIZONTAL,OH,HORIZONTAL 2500LT MEDIUM ORANGE,-1.0000,On Hand,02 Mar 2025
QOH,4BB,POOL,OH,FILTER 4 BAG BLACK,-240.0000,On Hand,02 Mar 2025
QOH,5BB,POOL,OH,FILTER 5 BAG BLACK,-35.0000,On Hand,02 Mar 2025
QOH,BAD3,CUSTOM,OH,BADGER 700L TANK GREY PIGM,-8.0000,On Hand,02 Mar 2025
QOH,HEPCMBO,INDUSTRIAL,OH,HERO ELECTRIC PUMP COVER MED BRONZE OLIVE,-19.0000,On Hand,02 Mar 2025
QOH,PONDRBLK,URBAN GARDEN,OH,POND ROUND BLACK,-1.0000,On Hand,02 Mar 2025
QOH,KPCSRBLK,RAW MATERIAL,OH,KAINOTOMIA RECYCLED BLACK,310.9000,On Hand,02 Mar 2025
QOH,SLIMJILLHK,TANKS VERTICAL,OH,SLIMJILL HENRED KHAKI,0.0000,On Hand,02 Mar 2025
QOH,HEPCMHK,INDUSTRIAL,OH,HERO ELECTRIC PUMP COVER MED HENRED KHAKI,-1.0000,On Hand,02 Mar 2025
QOH,HEPCLHK,INDUSTRIAL,OH,HERO ELECTRIC PUMP COVER LRG HENRED KHAKI,-1.0000,On Hand,02 Mar 2025
QOH,SLIMJIMHK,TANKS VERTICAL,OH,SLIMJIM HENRED KHAKI,-1.0000,On Hand,02 Mar 2025
QOH,SET-HT-M16X070,Consumables,OH,SET HT M16X070 HEX SET SCREWS GR8.8 BLK,50.0000,On Hand,02 Mar 2025
QOH,V0.5EHCB,TANKS VERTICAL,OH,VERTICAL 500LT EXTRA HEAVY COFFEE BROWN,-4.0000,On Hand,02 Mar 2025
QOH,V10.0WCGR,TANKS VERTICAL,OH,VERTICAL 10 000LT WATER CHARCOAL GREY 29708,-2.0000,On Hand,02 Mar 2025
QOH,TRUCOT.1050.560,TRUCO,OH,TRUCO PIPE 1050 OD 560 ID ORANGE HALF,-40.0000,On Hand,02 Mar 2025
QOH,SLIMJIMBLK,TANKS VERTICAL,OH,SLIMJIM BLACK,-1.0000,On Hand,02 Mar 2025
QOH,V1.0MCB,TANKS VERTICAL,OH,VERTICAL 1000LT MEDIUM COFFEE BROWN,-1.0000,On Hand,02 Mar 2025
QOH,RBSY,ROAD,OH,ARMCO STACKABLE BARRIER 28KG YELLOW,0.0000,On Hand,02 Mar 2025
QOH,DAWNTDGR,URBAN FURNITURE,OH,DAWN COFFEE TABLE DARK GREY 816,-10.0000,On Hand,02 Mar 2025
QOH,DAWNTLGR,URBAN FURNITURE,OH,DAWN COFFEE TABLE LIGHT GREY 817,-2.0000,On Hand,02 Mar 2025
QOH,DAWNCLGR,URBAN FURNITURE,OH,DAWN CHAIR LIGHT GREY 817,-5.0000,On Hand,02 Mar 2025
QOH,RC1.9BLK,ROAD,OH,1.9M ROAD CONE BLACK,-3.0000,On Hand,02 Mar 2025
QOH,H0.7WR,CUSTOM,OH,HORIZONTAL FUEL TRAILERS 700L WATER RED,-6.0000,On Hand,02 Mar 2025
QOH,RULA4.5LN,RULA,OH,RULA 4500L NATURAL,0.0000,On Hand,02 Mar 2025
QOH,H2.5HBL,TANKS HORIZONTAL,OH,HORIZONTAL 2500LT HEAVY BLUE,-1.0000,On Hand,02 Mar 2025
QOH,BAD1MP38169,CUSTOM,OH,BADGER 1000L DYNAMO FLAT MP38169,-4.0000,On Hand,02 Mar 2025
QOH,BAD2MP38169,CUSTOM,OH,BADGER 1250L DYNAMO DOME MP38169,-4.0000,On Hand,02 Mar 2025
QOH,INS.125,Consumables,OH,125MM ALLUMINIUM LID INSERT,2.0000,On Hand,02 Mar 2025
QOH,RULA3.5LWIT4L,RULA,OH,RULA 3500L WITH INSERT TO 4000L NATURAL,-2.0000,On Hand,02 Mar 2025
QOH,V1.0WW,TANKS VERTICAL,OH,VERTICAL 1000L WATER WHITE,-2.0000,On Hand,02 Mar 2025
QOH,LYSISPEY,Fittings,OH,LYSIS ON MOULD BRIGHT YELLOW PE PAINT,1.0000,On Hand,02 Mar 2025
QOH,LYSISPEW,Fittings,OH,LYSIS ON MOULD WHITE PE PAINT STENCIL,1.0000,On Hand,02 Mar 2025
QOH,LYSISSPBLK,Fittings,OH,LYSIS STAMP PAD BLACK,1.0000,On Hand,02 Mar 2025
QOH,LYSISSPW,Fittings,OH,LYSIS STAMP PAD WHITE,1.0000,On Hand,02 Mar 2025
QOH,V0.1WBL,URBAN WATER,OH,VERTICAL 100LT WATER TANK BLUE,-11.0000,On Hand,02 Mar 2025
QOH,V0.1WDG,URBAN WATER,OH,VERTICAL 100LT WATER TANK DARK GREEN,-14.0000,On Hand,02 Mar 2025
QOH,BOLT-HT-M12X200,Fittings,OH,BOLT M12 X 200 HT GALV,0.0000,On Hand,02 Mar 2025
QOH,V2.2MN,TANKS VERTICAL,OH,VERTICAL 2200L MEDIUM NATURAL,0.0000,On Hand,02 Mar 2025
QOH,M4ACBLK,CUSTOM,OH,MANHOLES 4 AFRICA CHAMBER BLACK,-1.0000,On Hand,02 Mar 2025
QOH,M4ALBLK,CUSTOM,OH,MANHOLES 4 AFRICA LID BLACK,-1.0000,On Hand,02 Mar 2025
QOH,SLIMJOHNBG,TANKS VERTICAL,OH,SLIMJOHN BIRCH GREY,-4.0000,On Hand,02 Mar 2025
QOH,V2.5WCGR,TANKS VERTICAL,OH,VERTICAL 2500LT WATER CHARCOAL GREY 29708,-1.0000,On Hand,02 Mar 2025
QOH,V2.2HN,TANKS VERTICAL,OH,VERTICAL 2200LT HEAVY NATURAL,-1.0000,On Hand,02 Mar 2025
QOH,V15.0HCB,TANKS VERTICAL,OH,VERTICAL 15000L HEAVY COFFEE BROWN,-2.0000,On Hand,02 Mar 2025
QOH,V10.0HCB,TANKS VERTICAL,OH,VERTICAL 10000L HEAVY COFFEE BROWN,-2.0000,On Hand,02 Mar 2025
QOH,VUS5.0WBO,URBAN WATER,OH,URBAN SLIM 5000L WATER BRONZE OLIVE,-2.0000,On Hand,02 Mar 2025
QOH,PIPECRADLEDG,INDUSTRIAL,OH,PIPE CRADLE DARK GREEN,-1.0000,On Hand,02 Mar 2025
QOH,PIPECRADLEBLK,INDUSTRIAL,OH,PIPE CRADLE BLACK,-4.0000,On Hand,02 Mar 2025
QOH,ACDI,RAW MATERIAL,OH,ACD IVORY,100.0000,On Hand,02 Mar 2025
QOH,SLIMJOHNI,TANKS VERTICAL,OH,SLIMJOHN IVORY,-2.0000,On Hand,02 Mar 2025
QOH,TRUCOT.400.90,TRUCO,OH,TRUCO PIPE 400 OD 90 ID ORANGE HALF,-16.0000,On Hand,02 Mar 2025
QOH,FPCB,URBAN GARDEN,OH,FLOWER POT COFFEE BROWN,-1.0000,On Hand,02 Mar 2025
QOH,ACDVBL,RAW MATERIAL,OH,ACD H359 VODACOM BLUE,100.0000,On Hand,02 Mar 2025
QOH,V2.5WVBL,TANKS VERTICAL,OH,VERTICAL 2500LT WATER VODACOM BLUE,-1.0000,On Hand,02 Mar 2025
QOH,RULA5LWIT7.5LN,RULA,OH,RULA 5000L WITH INSERT TO 7500L NATURAL,-4.0000,On Hand,02 Mar 2025
QOH,H0.5HGRPIG,TANKS HORIZONTAL,OH,HORIZONTAL 500LT HEAVY GREY PIGMENT,-4.0000,On Hand,02 Mar 2025
QOH,HEPCLBO,INDUSTRIAL,OH,HERO ELECTRIC PUMP COVER LRG BRONZE OLIVE,-1.0000,On Hand,02 Mar 2025
QOH,V1.0EHR,TANKS VERTICAL,OH,VERTICAL 1000LT EXTRA HEAVY RED,-1.0000,On Hand,02 Mar 2025
QOH,V1.0EHBL,TANKS VERTICAL,OH,VERTICAL 1000LT EXTRA HEAVY BLUE,-1.0000,On Hand,02 Mar 2025
QOH,V1.5EHR,TANKS VERTICAL,OH,VERTICAL 1500LT EXTRA HEAVY RED,-3.0000,On Hand,02 Mar 2025
QOH,V1.5EHBL,TANKS VERTICAL,OH,VERTICAL 1500LT EXTRA HEAVY BLUE,-3.0000,On Hand,02 Mar 2025
QOH,V5.5WGR29708,TANKS VERTICAL,OH,VERTICAL 5500LT WATER GREY 29708,-1.0000,On Hand,02 Mar 2025
QOH,HEPCMGR29708,INDUSTRIAL,OH,HERO ELECTRIC PUMP COVER MED GREY 29708,-3.0000,On Hand,02 Mar 2025
QOH,SLIMJIMBL,TANKS VERTICAL,OH,SLIMJIM MAC BLUE,-1.0000,On Hand,02 Mar 2025
QOH,PONDRBL,URBAN GARDEN,OH,POND ROUND MAC BLUE,-1.0000,On Hand,02 Mar 2025
QOH,HEPCMBG,INDUSTRIAL,OH,HERO ELECTRIC PUMP COVER MED BIRCH GREY,-1.0000,On Hand,02 Mar 2025
QOH,HTBOLTM12X120GALV,Fittings,OH,HT M12 X 120 GALV BOLT,160.0000,On Hand,02 Mar 2025
QOH,HEPCLR,INDUSTRIAL,OH,HERO ELECTRIC PUMP COVER LARGE RED,-1.0000,On Hand,02 Mar 2025
QOH,PONDWFDG,URBAN GARDEN,OH,POND WATER FEATURE DARK GREEN,-1.0000,On Hand,02 Mar 2025
QOH,H0.5WB,TANKS HORIZONTAL,OH,HORIZONTAL 500LT WATER BEIGE,-3.0000,On Hand,02 Mar 2025
QOH,SLIMJIMMDG,TANKS VERTICAL,OH,SLIMJIM MEDIUM DARK GREEN,0.0000,On Hand,02 Mar 2025
QOH,TANKSCADDY,INDUSTRIAL,OH,TANK CADDY STAND,-1.0000,On Hand,02 Mar 2025
QOH,V1.0WBO,TANKS VERTICAL,OH,VERTICAL 1000LT WATER BRONZE OLIVE,0.0000,On Hand,02 Mar 2025
QOH,TRIPJMDG,TANKS VERTICAL,OH,TRIPLEJACK MEDIUM DARK GREEN,0.0000,On Hand,02 Mar 2025
QOH,TRUCOT400.60,TRUCO,OH,TRUCO PIPE 400 OD 60 ID ORANGE HALF,-10.0000,On Hand,02 Mar 2025
QOH,FPLG,URBAN GARDEN,OH,FLOWER POT LIME GREEN,-4.0000,On Hand,02 Mar 2025
QOH,H2.5WMP38169,TANKS HORIZONTAL,OH,HORIZONTAL 2500LT WATER MP38169,-1.0000,On Hand,02 Mar 2025
QOH,BOLTM12X120ZPLATE,Fittings,OH,BOLT M12 X 120 HT Z/PLT,160.0000,On Hand,02 Mar 2025
QOH,CB4FT,CUSTOM,OH,COCHRANE 4FT BALL HALF TANGERINE,-708.0000,On Hand,02 Mar 2025
QOH,CB5FT,CUSTOM,OH,COCHRANE 5FT BALL HALF TANGERINE,-8.0000,On Hand,02 Mar 2025
QOH,TANKS0.3,INDUSTRIAL,OH,TANK STAND 0.3M 5000LT 300x300 RED OXIDE,-4.0000,On Hand,02 Mar 2025
QOH,TANKS10.0,INDUSTRIAL,OH,TANK STAND 3M 10 000L,0.0000,On Hand,02 Mar 2025
QOH,V2.5MGR,TANKS VERTICAL,OH,VERTICAL 2500LT MEDIUM GREY 816,-1.0000,On Hand,02 Mar 2025
QOH,H2.5WOFT,CUSTOM,OH,HORIZONTAL FUEL TRAILERS 2500L WATER ORANGE WITH BLACK LINING,-10.0000,On Hand,02 Mar 2025
QOH,TRIPJGR816,TANKS VERTICAL,OH,TRIPLEJACK GREY 816,0.0000,On Hand,02 Mar 2025
QOH,VD5.0WBG,TANKS VERTICAL,OH,VERTICAL 5000LT DUMPIE BIRCH GREY,-1.0000,On Hand,02 Mar 2025
QOH,HEPCMLGR817,INDUSTRIAL,OH,HERO ELECTRIC PUMP COVER MED LIGHT GREY 817,-1.0000,On Hand,02 Mar 2025
QOH,V0.1WN,URBAN WATER,OH,VERTICAL 100LT WATER TANK NATURAL,-2.0000,On Hand,02 Mar 2025
QOH,V2.2HDG,TANKS VERTICAL,OH,VERTICAL 2200L HEAVY DARK GREEN,-2.0000,On Hand,02 Mar 2025
QOH,S2BGR2025,POOL,OH,STORM FILTER 2BAG GREY 816 2025,0.0000,On Hand,02 Mar 2025
QOH,S2BBLK2025,POOL,OH,STORM FILTER 2BAG BLACK 2025,0.0000,On Hand,02 Mar 2025
QOH,S3BGR2025,POOL,OH,STORM FILTER 3BAG GREY 816 2025,0.0000,On Hand,02 Mar 2025
QOH,S3BBLK2025,POOL,OH,STORM FILTER 3BAG BLACK 2025,-7.0000,On Hand,02 Mar 2025
QOH,SLIMJOHNLGR817,TANKS VERTICAL,OH,SLIMJOHN LIGHT GREY 817,-2.0000,On Hand,02 Mar 2025
QOH,TRIPJLGR817,TANKS VERTICAL,OH,TRIPLEJACK LIGHT GREY 817,-1.0000,On Hand,02 Mar 2025
QOH,V2.2EHBLK,TANKS VERTICAL,OH,2.2 EXTRA HEAVY,0.0000,On Hand,02 Mar 2025
QOH,APS120Y,CUSTOM,OH,AFRICAN PUMP SOL 120L TANK YELLOW,-6.0000,On Hand,02 Mar 2025
QOH,VU2.5WHK,TANKS VERTICAL,OH,URBAN SLIM 2500LT WATER HENRED KHAKI,0.0000,On Hand,02 Mar 2025
QOH,V2.0WBO,TANKS VERTICAL,OH,VERTICAL 2000LT WATER BRONZE OLIVE,-3.0000,On Hand,02 Mar 2025
QOH,KPCSBG,RAW MATERIAL,OH,KAINOTOMIA BIRCH GREY,150.0000,On Hand,02 Mar 2025
QOH,KPCSBO,RAW MATERIAL,OH,KAINOTOMIA BRONZE OLIVE,1025.0000,On Hand,02 Mar 2025
QOH,KPCSCGR29708,RAW MATERIAL,OH,KAINOTOMIA CHARCOAL GREY 29708,1375.0000,On Hand,02 Mar 2025
QOH,KPCSLG,RAW MATERIAL,OH,KAINOTOMIA LIME GREEN,775.0000,On Hand,02 Mar 2025
MIN,2B,POOL,Min,FILTER 2BAG GREY 816,0.0000,Min Level,02 Mar 2025
MIN,2BH,POOL,Min,FILTER 2BAG HERO CHARCOAL GREY 29708,0.0000,Min Level,02 Mar 2025
MIN,3B,POOL,Min,FILTER 3BAG GREY 816,0.0000,Min Level,02 Mar 2025
MIN,3BH,POOL,Min,FILTER 3BAG HERO CHARCOAL GREY 29708,0.0000,Min Level,02 Mar 2025
MIN,4B,POOL,Min,FILTER 4 BAG GREY 816,0.0000,Min Level,02 Mar 2025
MIN,4BH,POOL,Min,FILTER 4BAG HERO CHARCOAL GREY 29708,0.0000,Min Level,02 Mar 2025
MIN,5B,POOL,Min,FILTER 5 BAG GREY 816,0.0000,Min Level,02 Mar 2025
MIN,5BH,POOL,Min,FILTER 5BAG HERO CHARCOAL GREY 29708,0.0000,Min Level,02 Mar 2025
MIN,A6LP,CUSTOM,Min,AGRI 600LT TANK RED LOW PRESSURE,0.0000,Min Level,02 Mar 2025
MIN,ACRAFTDG,CUSTOM,Min,ANGLE CRAFT MEDIUM DARK GREEN,0.0000,Min Level,02 Mar 2025
MIN,ACRAFTLDG,CUSTOM,Min,ANGLE CRAFT LARGE DARK GREEN,0.0000,Min Level,02 Mar 2025
MIN,ACRAFTLG,CUSTOM,Min,ANGLE CRAFT LARGE GREY 816,0.0000,Min Level,02 Mar 2025
MIN,ACRAFTMG,CUSTOM,Min,ANGLE CRAFT MEDIUM GREY 816,0.0000,Min Level,02 Mar 2025
MIN,APAL02,CUSTOM,Min,SQUAT PAN NATURAL,0.0000,Min Level,02 Mar 2025
MIN,PONDACB,URBAN GARDEN,Min,POND ANGLE COFFEE BROWN,0.0000,Min Level,02 Mar 2025
MIN,APS120BL,CUSTOM,Min,AFRICAN PUMP SOL 120L TANK BLUE,0.0000,Min Level,02 Mar 2025
MIN,APS120BLK,CUSTOM,Min,AFRICAN PUMP SOL 120L TANK BLACK,0.0000,Min Level,02 Mar 2025
MIN,APS120DG,CUSTOM,Min,AFRICAN PUMP SOL 120L TANK DARK GREEN,0.0000,Min Level,02 Mar 2025
MIN,APS120O,CUSTOM,Min,AFRICAN PUMP SOL 120L TANK ORANGE,0.0000,Min Level,02 Mar 2025
MIN,APS120R,CUSTOM,Min,AFRICAN PUMP SOL 120L TANK RED,0.0000,Min Level,02 Mar 2025
MIN,ARMCOBB,ROAD,Min,ARMCO BOOSTER BOTTLE,0.0000,Min Level,02 Mar 2025
MIN,BAD,CUSTOM,Min,BADGER TANK 3500L,0.0000,Min Level,02 Mar 2025
MIN,BAD1,CUSTOM,Min,BADGER 1000L DYNAMO FLAT FLAT GREY PIGM,0.0000,Min Level,02 Mar 2025
MIN,BAD2,CUSTOM,Min,BADGER 1250L DYNAMO DOME FLAT GREY PIGM,0.0000,Min Level,02 Mar 2025
MIN,BADH,CUSTOM,Min,BADGER TANK 3500L HEAVY,0.0000,Min Level,02 Mar 2025
MIN,BAFFLEMED,TANKS HORIZONTAL,Min,BAFFLE MEDIUM YELLOW 1000LT - 2500LT,0.0000,Min Level,02 Mar 2025
MIN,BAFFLEMEDBLK,TANKS HORIZONTAL,Min,BAFFLE MEDIUM BLACK 1000LT - 2500LT,0.0000,Min Level,02 Mar 2025
MIN,BAFFLEMEDN,TANKS HORIZONTAL,Min,BAFFLE MEDIUM NATURAL 1000LT - 2500LT,0.0000,Min Level,02 Mar 2025
MIN,BAFFLESML,TANKS HORIZONTAL,Min,BAFFLE SMALL 500 LT,0.0000,Min Level,02 Mar 2025
MIN,BBBBL,BIKESAFE,Min,BICYCLE BOX BASE BLUE,0.0000,Min Level,02 Mar 2025
MIN,BBBBLK,BIKESAFE,Min,BICYCLE BOX BASE BLACK,0.0000,Min Level,02 Mar 2025
MIN,BBBP,BIKESAFE,Min,BICYCLE BOX BASE PINK,0.0000,Min Level,02 Mar 2025
MIN,BBBR,BIKESAFE,Min,BICYCLE BOX BASE RED,0.0000,Min Level,02 Mar 2025
MIN,BBBSEC,SECONDS,Min,BICYCLE BOX BASE SECONDS YELLOW,0.0000,Min Level,02 Mar 2025
MIN,BBBSG,BIKESAFE,Min,BICYCLE BOX BASE SPRINGBOK GREEN,0.0000,Min Level,02 Mar 2025
MIN,BBBY,BIKESAFE,Min,BICYCLE BOX BASE YELLOW,0.0000,Min Level,02 Mar 2025
MIN,BBLBL,BIKESAFE,Min,BICYCLE BOX LID BLUE,0.0000,Min Level,02 Mar 2025
MIN,BBLBLK,BIKESAFE,Min,BICYCLE BOX LID BLACK,0.0000,Min Level,02 Mar 2025
MIN,BBLP,BIKESAFE,Min,BICYCLE BOX LID PINK,0.0000,Min Level,02 Mar 2025
MIN,BBLR,BIKESAFE,Min,BICYCLE BOX LID RED,0.0000,Min Level,02 Mar 2025
MIN,BBLSEC,SECONDS,Min,BICYCLE BOX LID SECONDS BLACK,0.0000,Min Level,02 Mar 2025
MIN,BBLSG,BIKESAFE,Min,BICYCLE BOX LID SPRINBOK GREEN,0.0000,Min Level,02 Mar 2025
MIN,BBLY,BIKESAFE,Min,BICYCLE BOX LID YELLOW,0.0000,Min Level,02 Mar 2025
MIN,BBOXBL,BIKESAFE,Min,BICYCLE BOX COMPLETE BLUE,0.0000,Min Level,02 Mar 2025
MIN,BBOXBLK,BIKESAFE,Min,BICYCLE BOX COMPLETE BLACK,0.0000,Min Level,02 Mar 2025
MIN,BBOXP,BIKESAFE,Min,BICYCLE BOX COMPLETE PINK,0.0000,Min Level,02 Mar 2025
MIN,BBOXR,BIKESAFE,Min,BICYCLE BOX COMPLETE RED,0.0000,Min Level,02 Mar 2025
MIN,BBOXSEC,SECONDS,Min,BICYCLE BOX COMPLETE SECONDS,0.0000,Min Level,02 Mar 2025
MIN,BBOXSG,BIKESAFE,Min,BICYCLE BOX COMPLETE SPRINGBOK GREEN,0.0000,Min Level,02 Mar 2025
MIN,BBOXY,BIKESAFE,Min,BICYCLE BOX COMPLETE YELLOW,0.0000,Min Level,02 Mar 2025
MIN,BINSN,SECONDS,Min,BIN (OIL CHAMBER SECOND) NATURAL,0.0000,Min Level,02 Mar 2025
MIN,BODYBLRG,INDUSTRIAL,Min,BODY BOX TOP & BOTTOM LARGE,0.0000,Min Level,02 Mar 2025
MIN,BODYBLRGS,SECONDS,Min,BODY BOX TOP & BOTTOM LARGE SECONDS,0.0000,Min Level,02 Mar 2025
MIN,BODYBMED,INDUSTRIAL,Min,BODY BOX TOP & BOTTOM MEDIUM,0.0000,Min Level,02 Mar 2025
MIN,BODYBMEDS,SECONDS,Min,BODY BOX TOP & BOTTOM MEDIUM SECONDS,0.0000,Min Level,02 Mar 2025
MIN,BODYBSML,INDUSTRIAL,Min,BODY BOX TOP & BOTTOM SMALL,0.0000,Min Level,02 Mar 2025
MIN,BODYBSMLS,SECONDS,Min,BODY BOX TOP & BOTTOM SMALL SECONDS,0.0000,Min Level,02 Mar 2025
MIN,BT65,INDUSTRIAL,Min,BARROW TANK 65lt,0.0000,Min Level,02 Mar 2025
MIN,BTSJDG,SECONDS,Min,BARROW TANK SECOND J/D GREEN,0.0000,Min Level,02 Mar 2025
MIN,BULKBBLK,INDUSTRIAL,Min,BULK BIN BLACK NO WHEELS,0.0000,Min Level,02 Mar 2025
MIN,BULKBBLKW,INDUSTRIAL,Min,BULK BIN BLACK WITH WHEELS,0.0000,Min Level,02 Mar 2025
MIN,BUND0.25L,TANKS HORIZONTAL,Min,BUND 250L,0.0000,Min Level,02 Mar 2025
MIN,BUND0.50L,TANKS HORIZONTAL,Min,BUND 500L,0.0000,Min Level,02 Mar 2025
MIN,BUND1.0L,TANKS HORIZONTAL,Min,BUND FOR 1000L,0.0000,Min Level,02 Mar 2025
MIN,BUND1.5L,TANKS HORIZONTAL,Min,BUND FOR 1500L,0.0000,Min Level,02 Mar 2025
MIN,CARB,INDUSTRIAL,Min,CARROT BIN BLACK,0.0000,Min Level,02 Mar 2025
MIN,CARBL,INDUSTRIAL,Min,CARROT BIN BLUE,0.0000,Min Level,02 Mar 2025
MIN,CB,INDUSTRIAL,Min,COMPOST BIN,0.0000,Min Level,02 Mar 2025
MIN,CB(EA),CUSTOM,Min,COCHRANE BALL HALF TANGERINE,0.0000,Min Level,02 Mar 2025
MIN,CBF,INDUSTRIAL,Min,CARROTBIN FRAME,0.0000,Min Level,02 Mar 2025
MIN,DAWNCDGR,URBAN FURNITURE,Min,DAWN CHAIR DARK GREY 816,0.0000,Min Level,02 Mar 2025
MIN,COMBICB,POOL,Min,COMBI BOX COMPLETE NEL BEIGE,0.0000,Min Level,02 Mar 2025
MIN,COMBICBLK,POOL,Min,COMBI BOX COMPLETE BLACK,0.0000,Min Level,02 Mar 2025
MIN,COMBICBR,POOL,Min,COMBI BOX COMPLETE BROWN PIGMENT,0.0000,Min Level,02 Mar 2025
MIN,COMBICBRS,SECONDS,Min,COMBI BOX COMPLETE BROWN SECONDS,0.0000,Min Level,02 Mar 2025
MIN,COMBICCBR,POOL,Min,COMBI BOX COMPLETE COFFEE BROWN,0.0000,Min Level,02 Mar 2025
MIN,COMBICDG,POOL,Min,COMBI BOX COMPLETE DARK GREEN,0.0000,Min Level,02 Mar 2025
MIN,COMBICG,POOL,Min,COMBI BOX COMPLETE GREEN PIGMENT,0.0000,Min Level,02 Mar 2025
MIN,COMBICGR,POOL,Min,COMBI BOX COMPLETE GREY 816,0.0000,Min Level,02 Mar 2025
MIN,COMBICGRS,SECONDS,Min,COMBI BOX COMPLETE GREY SECONDS,0.0000,Min Level,02 Mar 2025
MIN,COMBICSG,POOL,Min,COMBI BOX COMPLETE SAGE GREEN,0.0000,Min Level,02 Mar 2025
MIN,CON01,INDUSTRIAL,Min,CONNICAL TANK 850L NATURAL,0.0000,Min Level,02 Mar 2025
MIN,CONBL,INDUSTRIAL,Min,CONNICAL TANK 850L BLUE,0.0000,Min Level,02 Mar 2025
MIN,CONFBBL,INDUSTRIAL,Min,CONNICAL FLAT BOTTOM TANK 750L BLUE,0.0000,Min Level,02 Mar 2025
MIN,DCM01,INDUSTRIAL,Min,DUST COVER HALF,0.0000,Min Level,02 Mar 2025
MIN,DCM01S,SECONDS,Min,DUST COVER HALF SECONDS,0.0000,Min Level,02 Mar 2025
MIN,DJEMBESBL,URBAN FURNITURE,Min,DJEMBE STOOL MAC BLUE,0.0000,Min Level,02 Mar 2025
MIN,DJEMBESCGR,URBAN FURNITURE,Min,DJEMBE STOOL CHARCOAL GREY 29708,0.0000,Min Level,02 Mar 2025
MIN,DJEMBESCP,URBAN FURNITURE,Min,DJEMBE STOOL CANCER PINK,0.0000,Min Level,02 Mar 2025
MIN,DJEMBESGR,URBAN FURNITURE,Min,DJEMBE STOOL GREY 816,0.0000,Min Level,02 Mar 2025
MIN,DJEMBESJDG,URBAN FURNITURE,Min,DJEMBE STOOL JOHN DEERE GREEN,0.0000,Min Level,02 Mar 2025
MIN,DJEMBESL,URBAN FURNITURE,Min,DJEMBE STOOL LILAC,0.0000,Min Level,02 Mar 2025
MIN,DJEMBESPB,URBAN FURNITURE,Min,DJEMBE STOOL PATH BLUE,0.0000,Min Level,02 Mar 2025
MIN,DJEMBESPLG,URBAN FURNITURE,Min,DJEMBE STOOL PASTEL LIME GREEN,0.0000,Min Level,02 Mar 2025
MIN,DJEMBESPP,URBAN FURNITURE,Min,DJEMBE STOOL PASTEL PINK,0.0000,Min Level,02 Mar 2025
MIN,DJEMBESPY,URBAN FURNITURE,Min,DJEMBE STOOL PASTEL YELLOW,0.0000,Min Level,02 Mar 2025
MIN,DJEMBESR,URBAN FURNITURE,Min,DJEMBE STOOL RED,0.0000,Min Level,02 Mar 2025
MIN,DJEMBESW,URBAN FURNITURE,Min,DJEMBE STOOL WHITE,0.0000,Min Level,02 Mar 2025
MIN,DJEMBESY,URBAN FURNITURE,Min,DJEMBE STOOL YELLOW,0.0000,Min Level,02 Mar 2025
MIN,DJEMBETBL,URBAN FURNITURE,Min,DJEMBE TABLE BLUE,0.0000,Min Level,02 Mar 2025
MIN,DJEMBETCGR,URBAN FURNITURE,Min,DJEMBE TABLE CHARCOAL GREY 29708,0.0000,Min Level,02 Mar 2025
MIN,DJEMBETGR,URBAN FURNITURE,Min,DJEMBE TABLE GREY 816,0.0000,Min Level,02 Mar 2025
MIN,DJEMBETHK,URBAN FURNITURE,Min,DJEMBE TABLE HENRED KHAKI,0.0000,Min Level,02 Mar 2025
MIN,DJEMBETJDG,URBAN FURNITURE,Min,DJEMBE TABLE JOHN DEERE GREEN,0.0000,Min Level,02 Mar 2025
MIN,DJEMBETM,URBAN FURNITURE,Min,DJEMBE TABLE MANGO,0.0000,Min Level,02 Mar 2025
MIN,DJEMBETPB,URBAN FURNITURE,Min,DJEMBE TABLE PATH BLUE,0.0000,Min Level,02 Mar 2025
MIN,DJEMBETR,URBAN FURNITURE,Min,DJEMBE TABLE RED,0.0000,Min Level,02 Mar 2025
MIN,DJEMBETW,URBAN FURNITURE,Min,DJEMBE TABLE WHITE,0.0000,Min Level,02 Mar 2025
MIN,DOGK,INDUSTRIAL,Min,DOG KENNEL,0.0000,Min Level,02 Mar 2025
MIN,DRUMSTHRK,URBAN FURNITURE,Min,DJEMBE STOOL HENRED KHAKI,0.0000,Min Level,02 Mar 2025
MIN,DRUMSTHRKS,SECONDS,Min,DJEMBE STOOL SECONDS HENRED KHAKI,0.0000,Min Level,02 Mar 2025
MIN,DRUMTCP,URBAN FURNITURE,Min,DJEMBE TABLE CANCER PINK,0.0000,Min Level,02 Mar 2025
MIN,ECO19600,ISOSERVE,Min,ISOSERVE TANK SUMP BOTTOM RED,0.0000,Min Level,02 Mar 2025
MIN,ECO19611,ISOSERVE,Min,ISOSERVE TANK SUMP RISER RED,0.0000,Min Level,02 Mar 2025
MIN,ECO19612,ISOSERVE,Min,ISOSERVE SUMP 5 RED,0.0000,Min Level,02 Mar 2025
MIN,ECO19630,ISOSERVE,Min,ISOSERVE GAS BREAK CUT SQUARE RED,0.0000,Min Level,02 Mar 2025
MIN,ECO19630A,ISOSERVE,Min,ISOSERVE GAS BREAK CUT ROUND 445MM RED,0.0000,Min Level,02 Mar 2025
MIN,ECO19645,ISOSERVE,Min,ISOSERVE SPILL CONTAINMENT SUMP RED,0.0000,Min Level,02 Mar 2025
MIN,ECO19650,ISOSERVE,Min,ISOSERVE FILLER POD RED,0.0000,Min Level,02 Mar 2025
MIN,ECO6DS,ISOSERVE,Min,ISOSERVE DISPENSER SUMP 6 RED,0.0000,Min Level,02 Mar 2025
MIN,ELBW,CUSTOM,Min,K-FAB ELBOW,0.0000,Min Level,02 Mar 2025
MIN,ELECTELE,CUSTOM,Min,ELECTRO TELECOMMS TELEBOOTH ORANGE,0.0000,Min Level,02 Mar 2025
MIN,FBC01,INDUSTRIAL,Min,FACTORY BARRIER CORNER YELLOW,0.0000,Min Level,02 Mar 2025
MIN,FBS01,INDUSTRIAL,Min,FACTORY BARRIER STRAIGHT BLACK,0.0000,Min Level,02 Mar 2025
MIN,FPB,URBAN GARDEN,Min,FLOWER POT BEIGE,0.0000,Min Level,02 Mar 2025
MIN,FPBL,URBAN GARDEN,Min,FLOWER POT BLUE,0.0000,Min Level,02 Mar 2025
MIN,FPO,URBAN GARDEN,Min,FLOWER POT ORANGE,0.0000,Min Level,02 Mar 2025
MIN,FPS,URBAN GARDEN,Min,FLOWER POT SAND,0.0000,Min Level,02 Mar 2025
MIN,FPTE,URBAN GARDEN,Min,FLOWER POT TERRACOTA,0.0000,Min Level,02 Mar 2025
MIN,FTBOATCG,CUSTOM,Min,FUEL TRAILERS BOAT GREEN CAMO,0.0000,Min Level,02 Mar 2025
MIN,FTBOATNB,CUSTOM,Min,FUEL TRAILERS BOAT NEL BEIGE,0.0000,Min Level,02 Mar 2025
MIN,GOSS,CUSTOM,Min,GOSCOR STEP TANK MAC YELLOW,0.0000,Min Level,02 Mar 2025
MIN,GOSSN,CUSTOM,Min,GOSCOR STEP TANK NATURAL,0.0000,Min Level,02 Mar 2025
MIN,GOSSTSY,SECONDS,Min,GOSCOR STEP TANK SECOND MAC YELLOW,0.0000,Min Level,02 Mar 2025
MIN,H0.25EH,TANKS HORIZONTAL,Min,HORIZONTAL 250LT EXTRA HEAVY,0.0000,Min Level,02 Mar 2025
MIN,H0.25HDG,TANKS HORIZONTAL,Min,HORIZONTAL 250LT HEAVY DARK GREEN,0.0000,Min Level,02 Mar 2025
MIN,H0.25HN,TANKS HORIZONTAL,Min,HORIZONTAL 250LT HEAVY NATURAL,0.0000,Min Level,02 Mar 2025
MIN,H0.25HSN,SECONDS,Min,H 250LT HEAVY SECONDS NATURAL,0.0000,Min Level,02 Mar 2025
MIN,H0.25HY,TANKS HORIZONTAL,Min,HORIZONTAL 250LT HEAVY YELLOW,0.0000,Min Level,02 Mar 2025
MIN,H0.25MB,TANKS HORIZONTAL,Min,HORIZONTAL 250LT MEDIUM BEIGE,0.0000,Min Level,02 Mar 2025
MIN,H0.25MBL,TANKS HORIZONTAL,Min,HORIZONTAL 250LT MEDIUM BLUE,0.0000,Min Level,02 Mar 2025
MIN,H0.25MGR,TANKS HORIZONTAL,Min,HORIZONTAL 250LT MEDIUM GREY,0.0000,Min Level,02 Mar 2025
MIN,H0.25MN,TANKS HORIZONTAL,Min,HORIZONTAL 250LT MEDIUM NATURAL,0.0000,Min Level,02 Mar 2025
MIN,H0.25MY,TANKS HORIZONTAL,Min,HORIZONTAL 250LT MEDIUM YELLOW,0.0000,Min Level,02 Mar 2025
MIN,H0.25MYS,SECONDS,Min,HORIZONTAL 250LT MEDIUM YELLOW SECONDS,0.0000,Min Level,02 Mar 2025
MIN,H0.25WB,TANKS HORIZONTAL,Min,HORIZONTAL 250LT WATER BEIGE,0.0000,Min Level,02 Mar 2025
MIN,H0.25WBL,TANKS HORIZONTAL,Min,HORIZONTAL 250LT WATER BLUE,0.0000,Min Level,02 Mar 2025
MIN,H0.25WBLK,TANKS HORIZONTAL,Min,HORIZONTAL 250LT WATER BLACK,0.0000,Min Level,02 Mar 2025
MIN,H0.25WCB,TANKS HORIZONTAL,Min,HORIZONTAL 250LT WATER COFFEE BROWN,0.0000,Min Level,02 Mar 2025
MIN,H0.25WDG,TANKS HORIZONTAL,Min,HORIZONTAL 250LT WATER DARK GREEN,0.0000,Min Level,02 Mar 2025
MIN,H0.25WGR,TANKS HORIZONTAL,Min,HORIZONTAL 250LT WATER GREY,0.0000,Min Level,02 Mar 2025
MIN,H0.25WN,TANKS HORIZONTAL,Min,HORIZONTAL 250LT WATER NATURAL,0.0000,Min Level,02 Mar 2025
MIN,H0.25WO,TANKS HORIZONTAL,Min,HORIZONTAL 250LT WATER ORANGE,0.0000,Min Level,02 Mar 2025
MIN,H0.25WR,TANKS HORIZONTAL,Min,HORIZONTAL 250LT WATER RED,0.0000,Min Level,02 Mar 2025
MIN,H0.25WSDG,SECONDS,Min,H 250LT WATER SECONDS DARK GREEN,0.0000,Min Level,02 Mar 2025
MIN,H0.25WSG,TANKS HORIZONTAL,Min,HORIZONTAL 250LT WATER SAGE GREEN,0.0000,Min Level,02 Mar 2025
MIN,H0.25WSSG,SECONDS,Min,H 250LT WATER SECONDS SAGE GREEN,0.0000,Min Level,02 Mar 2025
MIN,H0.25WY,TANKS HORIZONTAL,Min,HORIZONTAL 250LT WATER YELLOW,0.0000,Min Level,02 Mar 2025
MIN,H0.5EHS,SECONDS,Min,HORIZONTAL 500LT EH SECONDS *VOETSTOOTS*,0.0000,Min Level,02 Mar 2025
MIN,H0.5H,TANKS HORIZONTAL,Min,HORIZONTAL 500LT HEAVY YELLOW,0.0000,Min Level,02 Mar 2025
MIN,H0.5HBLK,TANKS HORIZONTAL,Min,HORIZONTAL 500LT HEAVY BLACK,0.0000,Min Level,02 Mar 2025
MIN,H0.5HN,TANKS HORIZONTAL,Min,HORIZONTAL 500LT HEAVY NATURAL,0.0000,Min Level,02 Mar 2025
MIN,H0.5HSBL,SECONDS,Min,HORIZONTAL 500LT HEAVY SECONDS BLUE,0.0000,Min Level,02 Mar 2025
MIN,H0.5HSN,SECONDS,Min,HORIZONTAL 500LT HEAVY SECONDS NATURAL,0.0000,Min Level,02 Mar 2025
MIN,H0.5HW,TANKS HORIZONTAL,Min,HORIZONTAL 500LT HEAVY WHITE,0.0000,Min Level,02 Mar 2025
MIN,H0.5MBL,TANKS HORIZONTAL,Min,HORIZONTAL 500LT MEDIUM BLUE,0.0000,Min Level,02 Mar 2025
MIN,H0.5MBLK,TANKS HORIZONTAL,Min,HORIZONTAL 500LT MEDIUM BLACK,0.0000,Min Level,02 Mar 2025
MIN,H0.5MGR,TANKS HORIZONTAL,Min,HORIZONTAL 500LT MEDIUM GREY,0.0000,Min Level,02 Mar 2025
MIN,H0.5MN,TANKS HORIZONTAL,Min,HORIZONTAL 500LT MEDIUM NATURAL,0.0000,Min Level,02 Mar 2025
MIN,H0.5MSBL,SECONDS,Min,HORIZONTAL 500LT MEDIUM SECONDS BLUE,0.0000,Min Level,02 Mar 2025
MIN,H0.5MSG,TANKS HORIZONTAL,Min,HORIZONTAL 500LT MEDIUM SAGE GREEN,0.0000,Min Level,02 Mar 2025
MIN,H0.5MSY,SECONDS,Min,HORIZONTAL 500LT MEDIUM SECOND YELLOW,0.0000,Min Level,02 Mar 2025
MIN,H0.5MY,TANKS HORIZONTAL,Min,HORIZONTAL 500LT MEDIUM YELLOW,0.0000,Min Level,02 Mar 2025
MIN,H0.5WBL,TANKS HORIZONTAL,Min,HORIZONTAL 500LT WATER BLUE,0.0000,Min Level,02 Mar 2025
MIN,H0.5WBLK,TANKS HORIZONTAL,Min,HORIZONTAL 500LT WATER BLACK,0.0000,Min Level,02 Mar 2025
MIN,H0.5WCB,TANKS HORIZONTAL,Min,HORIZONTAL 500LT WATER COFFEE BROWN,0.0000,Min Level,02 Mar 2025
MIN,H0.5WDG,TANKS HORIZONTAL,Min,HORIZONTAL 500LT WATER DARK GREEN,0.0000,Min Level,02 Mar 2025
MIN,H0.5WDGS,SECONDS,Min,HORIZONTAL 500LT WATER SECOND DARK GREEN,0.0000,Min Level,02 Mar 2025
MIN,H0.5WO,TANKS HORIZONTAL,Min,HORIZONTAL 500LT WATER ORANGE,0.0000,Min Level,02 Mar 2025
MIN,H0.5WR,TANKS HORIZONTAL,Min,HORIZONTAL 500LT WATER RED,0.0000,Min Level,02 Mar 2025
MIN,H0.5WRS,SECONDS,Min,HORIZONTAL 500LT WATER SECOND RED,0.0000,Min Level,02 Mar 2025
MIN,H0.5WSG,TANKS HORIZONTAL,Min,HORIZONTAL 500LT WATER SAGE GREEN,0.0000,Min Level,02 Mar 2025
MIN,H0.5WSGS,SECONDS,Min,HORIZONTAL 500LT WATER SECOND SAGE GREEN,0.0000,Min Level,02 Mar 2025
MIN,H0.5WY,TANKS HORIZONTAL,Min,HORIZONTAL 500LT WATER YELLOW,0.0000,Min Level,02 Mar 2025
MIN,H1.0EHDG,TANKS HORIZONTAL,Min,HORIZONTAL 1000LT EXTRA HEAVY DARK GREEN,0.0000,Min Level,02 Mar 2025
MIN,H1.0HBL,TANKS HORIZONTAL,Min,HORIZONTAL 1000LT HEAVY BLUE,0.0000,Min Level,02 Mar 2025
MIN,H1.0HBLK,TANKS HORIZONTAL,Min,HORIZONTAL 1000LT HEAVY BLACK,0.0000,Min Level,02 Mar 2025
MIN,H1.0HCB,TANKS HORIZONTAL,Min,HORIZONTAL 1000LT HEAVY COFFEE BROWN,0.0000,Min Level,02 Mar 2025
MIN,H1.0HN,TANKS HORIZONTAL,Min,HORIZONTAL 1000LT HEAVY NATURAL,0.0000,Min Level,02 Mar 2025
MIN,H1.0HS,SECONDS,Min,HORIZONTAL 1000LT HEAVY SECONDS,0.0000,Min Level,02 Mar 2025
MIN,H1.0HSG,TANKS HORIZONTAL,Min,HORIZONTAL 1000LT HEAVY SAGE GREEN,0.0000,Min Level,02 Mar 2025
MIN,H1.0HY,TANKS HORIZONTAL,Min,HORIZONTAL 1000LT HEAVY YELLOW,0.0000,Min Level,02 Mar 2025
MIN,H1.0MB,TANKS HORIZONTAL,Min,HORIZONTAL 1000LT MEDIUM BEIGE,0.0000,Min Level,02 Mar 2025
MIN,H1.0MBL,TANKS HORIZONTAL,Min,HORIZONTAL 1000LT MEDIUM BLUE,0.0000,Min Level,02 Mar 2025
MIN,H1.0MBLK,TANKS HORIZONTAL,Min,HORIZONTAL 1000LT MEDIUM BLACK,0.0000,Min Level,02 Mar 2025
MIN,H1.0MCB,TANKS HORIZONTAL,Min,HORIZONTAL 1000LT MEDIUM COFFEE BROWN,0.0000,Min Level,02 Mar 2025
MIN,H1.0MDG,TANKS HORIZONTAL,Min,HORIZONTAL 1000LT MEDIUM DARK GREEN,0.0000,Min Level,02 Mar 2025
MIN,H1.0MMG,TANKS HORIZONTAL,Min,HORIZONTAL 1000LT MEDIUM MARBLE GREEN,0.0000,Min Level,02 Mar 2025
MIN,H1.0MN,TANKS HORIZONTAL,Min,HORIZONTAL 1000LT MEDIUM NATURAL,0.0000,Min Level,02 Mar 2025
MIN,H1.0MNS,SECONDS,Min,HORIZONTAL 1000LT MEDIUM NATURAL SECONDS,0.0000,Min Level,02 Mar 2025
MIN,H1.0MNSH,SECONDS,Min,HORIZONTAL 1000LT MED NATURAL SECONDHAND,0.0000,Min Level,02 Mar 2025
MIN,H1.0MO,TANKS HORIZONTAL,Min,HORIZONTAL 1000LT MEDIUM ORANGE,0.0000,Min Level,02 Mar 2025
MIN,H1.0MR,TANKS HORIZONTAL,Min,HORIZONTAL 1000LT MEDIUM RED,0.0000,Min Level,02 Mar 2025
MIN,H1.0MS,SECONDS,Min,HORIZONTAL 1000LT MEDIUM YELLOW SECONDS,0.0000,Min Level,02 Mar 2025
MIN,H1.0MSG,TANKS HORIZONTAL,Min,HORIZONTAL 1000LT MEDIUM SAGE GREEN,0.0000,Min Level,02 Mar 2025
MIN,H1.0MSSG,SECONDS,Min,HORIZONTAL 1000LT MEDIUM S/GREEN SECONDS,0.0000,Min Level,02 Mar 2025
MIN,H1.0MY,TANKS HORIZONTAL,Min,HORIZONTAL 1000LT MEDIUM YELLOW,0.0000,Min Level,02 Mar 2025
MIN,H1.0WB,TANKS HORIZONTAL,Min,HORIZONTAL 1000LT WATER BEIGE,0.0000,Min Level,02 Mar 2025
MIN,H1.0WBL,TANKS HORIZONTAL,Min,HORIZONTAL 1000LT WATER BLUE,0.0000,Min Level,02 Mar 2025
MIN,H1.0WBLK,TANKS HORIZONTAL,Min,HORIZONTAL 1000LT WATER BLACK,0.0000,Min Level,02 Mar 2025
MIN,H1.0WCB,TANKS HORIZONTAL,Min,HORIZONTAL 1000LT WATER COFFEE BROWN,0.0000,Min Level,02 Mar 2025
MIN,H1.0WDG,TANKS HORIZONTAL,Min,HORIZONTAL 1000LT WATER DARK GREEN,0.0000,Min Level,02 Mar 2025
MIN,H1.0WDGS,SECONDS,Min,HORIZONTAL 1000LT WATER DARK GREEN SECON,0.0000,Min Level,02 Mar 2025
MIN,H1.0WGR,TANKS HORIZONTAL,Min,HORIZONTAL 1000LT WATER GREY,0.0000,Min Level,02 Mar 2025
MIN,H1.0WLBL,TANKS HORIZONTAL,Min,HORIZONTAL 1000LT WATER LIGHT BLUE,0.0000,Min Level,02 Mar 2025
MIN,H1.0WN,TANKS HORIZONTAL,Min,HORIZONTAL 1000LT WATER NATURAL,0.0000,Min Level,02 Mar 2025
MIN,H1.0WO,TANKS HORIZONTAL,Min,HORIZONTAL 1000LT WATER TROPICAL ORANGE,0.0000,Min Level,02 Mar 2025
MIN,H1.0WRED,TANKS HORIZONTAL,Min,HORIZONTAL 1000LT WATER RED,0.0000,Min Level,02 Mar 2025
MIN,H1.0WSBL,SECONDS,Min,HORIZONTAL 1000LT WATER SECONDS BLUE,0.0000,Min Level,02 Mar 2025
MIN,H1.0WSBLK,SECONDS,Min,HORIZONTAL 1000LT WATER SECONDS BLACK,0.0000,Min Level,02 Mar 2025
MIN,H1.0WSG,TANKS HORIZONTAL,Min,HORIZONTAL 1000LT WATER SAGE GREEN,0.0000,Min Level,02 Mar 2025
MIN,H1.0WSJDG,SECONDS,Min,HORIZONTAL 1000LT WATER SECOND J/D GREEN,0.0000,Min Level,02 Mar 2025
MIN,H1.0WSR,SECONDS,Min,HORIZONTAL 1000LT WATER SECONDS RED,0.0000,Min Level,02 Mar 2025
MIN,H1.0WY,TANKS HORIZONTAL,Min,HORIZONTAL 1000LT WATER YELLOW,0.0000,Min Level,02 Mar 2025
MIN,H2.5EHSG,TANKS HORIZONTAL,Min,HORIZONTAL 2500LT EXTRA HEAVY SAGE GREEN,0.0000,Min Level,02 Mar 2025
MIN,H2.5HBLK,TANKS HORIZONTAL,Min,HORIZONTAL 2500LT HEAVY BLACK,0.0000,Min Level,02 Mar 2025
MIN,H2.5HCB,TANKS HORIZONTAL,Min,HORIZONTAL 2500LT HEAVY COFFEE BROWN,0.0000,Min Level,02 Mar 2025
MIN,H2.5HDG,TANKS HORIZONTAL,Min,HORIZONTAL 2500LT HEAVY DARK GREEN,0.0000,Min Level,02 Mar 2025
MIN,H2.5HGR,TANKS HORIZONTAL,Min,HORIZONTAL 2500LT HEAVY GREY,0.0000,Min Level,02 Mar 2025
MIN,H2.5HN,TANKS HORIZONTAL,Min,HORIZONTAL 2500LT HEAVY NATURAL,0.0000,Min Level,02 Mar 2025
MIN,H2.5HR,TANKS HORIZONTAL,Min,HORIZONTAL 2500LT HEAVY RED,0.0000,Min Level,02 Mar 2025
MIN,H2.5HSG,TANKS HORIZONTAL,Min,HORIZONTAL 2500LT HEAVY SAGE GREEN,0.0000,Min Level,02 Mar 2025
MIN,H2.5HW,TANKS HORIZONTAL,Min,HORIZONTAL 2500LT HEAVY WHITE,0.0000,Min Level,02 Mar 2025
MIN,H2.5HY,TANKS HORIZONTAL,Min,HORIZONTAL 2500LT HEAVY YELLOW,0.0000,Min Level,02 Mar 2025
MIN,H2.5MB,TANKS HORIZONTAL,Min,HORIZONTAL 2500LT MEDIUM BEIGE,0.0000,Min Level,02 Mar 2025
MIN,H2.5MBL,TANKS HORIZONTAL,Min,HORIZONTAL 2500LT MEDIUM BLUE,0.0000,Min Level,02 Mar 2025
MIN,H2.5MBLK,TANKS HORIZONTAL,Min,HORIZONTAL 2500LT MEDIUM BLACK,0.0000,Min Level,02 Mar 2025
MIN,H2.5MGR,TANKS HORIZONTAL,Min,HORIZONTAL 2500LT MEDIUM GREY,0.0000,Min Level,02 Mar 2025
MIN,H2.5MN,TANKS HORIZONTAL,Min,HORIZONTAL 2500LT MEDIUM NATURAL,0.0000,Min Level,02 Mar 2025
MIN,H2.5MR,TANKS HORIZONTAL,Min,HORIZONTAL 2500LT MEDIUM RED,0.0000,Min Level,02 Mar 2025
MIN,H2.5MS,SECONDS,Min,HORIZONTAL 2500LT MEDIUM SECONDS,0.0000,Min Level,02 Mar 2025
MIN,H2.5MSG,TANKS HORIZONTAL,Min,HORIZONTAL 2500LT MEDIUM SAGE GREEN,0.0000,Min Level,02 Mar 2025
MIN,H2.5MY,TANKS HORIZONTAL,Min,HORIZONTAL 2500LT MEDIUM YELLOW,0.0000,Min Level,02 Mar 2025
MIN,H2.5NL,TANKS HORIZONTAL,Min,HORIZONTAL 2500LT HEAVY NO LEGS BLACK,0.0000,Min Level,02 Mar 2025
MIN,H2.5WB,TANKS HORIZONTAL,Min,HORIZONTAL 2500LT WATER BEIGE,0.0000,Min Level,02 Mar 2025
MIN,H2.5WBL,TANKS HORIZONTAL,Min,HORIZONTAL 2500LT WATER BLUE,0.0000,Min Level,02 Mar 2025
MIN,H2.5WBLK,TANKS HORIZONTAL,Min,HORIZONTAL 2500LT WATER BLACK,0.0000,Min Level,02 Mar 2025
MIN,H2.5WCB,TANKS HORIZONTAL,Min,HORIZONTAL 2500LT WATER COFFEE BROWN,0.0000,Min Level,02 Mar 2025
MIN,H2.5WDG,TANKS HORIZONTAL,Min,HORIZONTAL 2500LT WATER DARK GREEN,0.0000,Min Level,02 Mar 2025
MIN,H2.5WGR,TANKS HORIZONTAL,Min,HORIZONTAL 2500LT WATER GREY,0.0000,Min Level,02 Mar 2025
MIN,H2.5WN,TANKS HORIZONTAL,Min,HORIZONTAL 2500LT WATER NATURAL,0.0000,Min Level,02 Mar 2025
MIN,H2.5WO,TANKS HORIZONTAL,Min,HORIZONTAL 2500LT WATER ORANGE,0.0000,Min Level,02 Mar 2025
MIN,H2.5WOS,SECONDS,Min,HORIZONTAL 2500LT WATER ORANGE SECONDS,0.0000,Min Level,02 Mar 2025
MIN,H2.5WR,TANKS HORIZONTAL,Min,HORIZONTAL 2500LT WATER RED,0.0000,Min Level,02 Mar 2025
MIN,H2.5WS,SECONDS,Min,HORIZONTAL 2500L WATER SECOND DARK GREEN,0.0000,Min Level,02 Mar 2025
MIN,H2.5WSG,TANKS HORIZONTAL,Min,HORIZONTAL 2500LT WATER SAGE GREEN,0.0000,Min Level,02 Mar 2025
MIN,H2.5WSHSG,SECONDS,Min,H 2500LT WATER SAGE GREEN SECOND HAND,0.0000,Min Level,02 Mar 2025
MIN,H2.5WY,TANKS HORIZONTAL,Min,HORIZONTAL 2500LT WATER YELLOW,0.0000,Min Level,02 Mar 2025
MIN,H2.5YNL,TANKS HORIZONTAL,Min,HORIZONTAL 2500LT HEAVY NO LEGS YELLOW,0.0000,Min Level,02 Mar 2025
MIN,H3.5HBL,TANKS HORIZONTAL,Min,HORIZONTAL 3500L HEAVY BLUE,0.0000,Min Level,02 Mar 2025
MIN,H3.5HN,TANKS HORIZONTAL,Min,HORIZONTAL 3500L HEAVY NATURAL,0.0000,Min Level,02 Mar 2025
MIN,H3.5MN,TANKS HORIZONTAL,Min,HORIZONTAL 3500L MEDIUM NATURAL,0.0000,Min Level,02 Mar 2025
MIN,H3.5WBL,TANKS HORIZONTAL,Min,HORIZONTAL 3500L WATER BLUE,0.0000,Min Level,02 Mar 2025
MIN,H3.5WBLK,TANKS HORIZONTAL,Min,HORIZONTAL 3500L WATER BLACK,0.0000,Min Level,02 Mar 2025
MIN,H3.5WCB,TANKS HORIZONTAL,Min,HORIZONTAL 3500L WATER COFFEE BROWN,0.0000,Min Level,02 Mar 2025
MIN,H3.5WJDG,TANKS HORIZONTAL,Min,HORIZONTAL 3500L WATER JOHN DEERE GREEN,0.0000,Min Level,02 Mar 2025
MIN,H3.5WN,TANKS HORIZONTAL,Min,HORIZONTAL 3500L WATER NATURAL,0.0000,Min Level,02 Mar 2025
MIN,H6.5HBLK,TANKS HORIZONTAL,Min,HORIZONTAL 6500LT HEAVY BLACK,0.0000,Min Level,02 Mar 2025
MIN,H6.5HCB,TANKS HORIZONTAL,Min,HORIZONTAL 6500LT HEAVY COFFEE BROWN,0.0000,Min Level,02 Mar 2025
MIN,H6.5HDG,TANKS HORIZONTAL,Min,HORIZONTAL 6500LT HEAVY DARK GREEN,0.0000,Min Level,02 Mar 2025
MIN,H6.5HN,TANKS HORIZONTAL,Min,HORIZONTAL 6500LT HEAVY NATURAL,0.0000,Min Level,02 Mar 2025
MIN,H6.5HSG,TANKS HORIZONTAL,Min,HORIZONTAL 6500LT HEAVY SAGE GREEN,0.0000,Min Level,02 Mar 2025
MIN,H6.5MBLK,TANKS HORIZONTAL,Min,HORIZONTAL 6500LT MEDIUM BLACK,0.0000,Min Level,02 Mar 2025
MIN,H6.5MDG,TANKS HORIZONTAL,Min,HORIZONTAL 6500LT MEDIUM DARK GREEN,0.0000,Min Level,02 Mar 2025
MIN,H6.5MSG,TANKS HORIZONTAL,Min,HORIZONTAL 6500LT MEDIUM SAGE GREEN,0.0000,Min Level,02 Mar 2025
MIN,H6.5WB,TANKS HORIZONTAL,Min,HORIZONTAL 6500LT WATER BEIGE,0.0000,Min Level,02 Mar 2025
MIN,H6.5WBL,TANKS HORIZONTAL,Min,HORIZONTAL 6500LT WATER BLUE,0.0000,Min Level,02 Mar 2025
MIN,H6.5WBLK,TANKS HORIZONTAL,Min,HORIZONTAL 6500LT WATER BLACK,0.0000,Min Level,02 Mar 2025
MIN,H6.5WDG,TANKS HORIZONTAL,Min,HORIZONTAL 6500LT WATER DARK GREEN,0.0000,Min Level,02 Mar 2025
MIN,H6.5WGRP,TANKS HORIZONTAL,Min,HORIZONTAL 6500LT WATER GREY PIGMENT,0.0000,Min Level,02 Mar 2025
MIN,H6.5WN,TANKS HORIZONTAL,Min,HORIZONTAL 6500LT WATER NATURAL,0.0000,Min Level,02 Mar 2025
MIN,H6.5WO,TANKS HORIZONTAL,Min,HORIZONTAL 6500LT WATER ORANGE,0.0000,Min Level,02 Mar 2025
MIN,H6.5WR,TANKS HORIZONTAL,Min,HORIZONTAL 6500LT WATER RED,0.0000,Min Level,02 Mar 2025
MIN,H6.5WSBLK,SECONDS,Min,HORIZ 6500LT WATER SECONDS BLACK,0.0000,Min Level,02 Mar 2025
MIN,H6.5WSG,TANKS HORIZONTAL,Min,HORIZONTAL 6500LT WATER SAGE GREEN,0.0000,Min Level,02 Mar 2025
MIN,HALFJACKCB,TANKS VERTICAL,Min,HALF JACK WATER COFFEE BROWN,0.0000,Min Level,02 Mar 2025
MIN,HALFJACKHK,TANKS VERTICAL,Min,HALF JACK WATER HENRED KHAKI,0.0000,Min Level,02 Mar 2025
MIN,HEAD01,CUSTOM,Min,TUFFY HEAD RED (FACE TO FACE),0.0000,Min Level,02 Mar 2025
MIN,HEPCLB,INDUSTRIAL,Min,HERO ELECTRIC PUMP COVER LARGE BEIGE,0.0000,Min Level,02 Mar 2025
MIN,HEPCLCB,INDUSTRIAL,Min,HERO ELECTRIC PUMP COVER LGE COFFEE BROW,0.0000,Min Level,02 Mar 2025
MIN,HEPCLDG,INDUSTRIAL,Min,HERO ELECTRIC PUMP COVER LRG DARK GREEN,0.0000,Min Level,02 Mar 2025
MIN,HEPCLGR,INDUSTRIAL,Min,HERO ELECTRIC PUMP COVER LRG GREY,0.0000,Min Level,02 Mar 2025
MIN,HEPCLSG,INDUSTRIAL,Min,HERO ELECTRIC PUMP COVER LRG SAGE GREEN,0.0000,Min Level,02 Mar 2025
MIN,HEPCMBLK,INDUSTRIAL,Min,HERO ELECTRIC PUMP COVER MED BLACK,0.0000,Min Level,02 Mar 2025
MIN,HEPCMCB,INDUSTRIAL,Min,HERO ELECTRIC PUMP COVER MED COFFEE BROW,0.0000,Min Level,02 Mar 2025
MIN,HEPCSB,INDUSTRIAL,Min,HERO ELECTRIC PUMP COVER MED BEIGE,0.0000,Min Level,02 Mar 2025
MIN,HEPCSDG,INDUSTRIAL,Min,HERO ELECTRIC PUMP COVER MED DARK GREEN,0.0000,Min Level,02 Mar 2025
MIN,HEPCSGR,INDUSTRIAL,Min,HERO ELECTRIC PUMP COVER MED GREY,0.0000,Min Level,02 Mar 2025
MIN,HEPCSSG,INDUSTRIAL,Min,HERO ELECTRIC PUMP COVER MED SAGE GREEN,0.0000,Min Level,02 Mar 2025
MIN,HEW1.0CB,CUSTOM,Min,HORIZONTAL EASY WATER 1000L COFFEE BROWN,0.0000,Min Level,02 Mar 2025
MIN,HEW6.5CB,CUSTOM,Min,HORIZONTAL EASY WATER 6500LT COF BROWN,0.0000,Min Level,02 Mar 2025
MIN,HFBLK,INDUSTRIAL,Min,HORSE FEEDER BLACK,0.0000,Min Level,02 Mar 2025
MIN,HFCB,INDUSTRIAL,Min,HORSE FEEDER COFFEE BROWN,0.0000,Min Level,02 Mar 2025
MIN,HFDG,INDUSTRIAL,Min,HORSE FEEDER DARK GREY,0.0000,Min Level,02 Mar 2025
MIN,HFHK,INDUSTRIAL,Min,HORSE FEEDER HENRED KHAKI,0.0000,Min Level,02 Mar 2025
MIN,HFO,INDUSTRIAL,Min,HORSE FEEDER ORANGE,0.0000,Min Level,02 Mar 2025
MIN,HGWLRTBL,CUSTOM,Min,HGWL 750L RECTANGULAR TANK MAC BLUE,0.0000,Min Level,02 Mar 2025
MIN,HUUD3.7WMG,URBAN GARDEN,Min,URBAN UNDER DECK 3700 WATER MARBLE GREEN,0.0000,Min Level,02 Mar 2025
MIN,JF,CUSTOM,Min,JET FAN BLUE 305MM DIAMETER,0.0000,Min Level,02 Mar 2025
MIN,JFBL,INDUSTRIAL,Min,JETTY FLOAT MAC BLUE,0.0000,Min Level,02 Mar 2025
MIN,JFBLKREC,INDUSTRIAL,Min,JETTY FLOAT RECYCLED BLACK,0.0000,Min Level,02 Mar 2025
MIN,LPCB,POOL,Min,LARGE PUMP COVER NEL BEIGE,0.0000,Min Level,02 Mar 2025
MIN,LPCBR,POOL,Min,LARGE PUMP COVER BROWN PIGMENT,0.0000,Min Level,02 Mar 2025
MIN,LPCBRS,SECONDS,Min,LARGE PUMP COVER BROWN SECONDS,0.0000,Min Level,02 Mar 2025
MIN,LPCCBR,POOL,Min,LARGE PUMP COVER COFFEE BROWN,0.0000,Min Level,02 Mar 2025
MIN,LPCCGS,SECONDS,Min,LARGE PUMP COVER CAPE GREEN SECONDS,0.0000,Min Level,02 Mar 2025
MIN,LPCDG,POOL,Min,LARGE PUMP COVER DARK GREEN,0.0000,Min Level,02 Mar 2025
MIN,LPCG,POOL,Min,LARGE PUMP COVER GREEN PIGMENT,0.0000,Min Level,02 Mar 2025
MIN,LPCGR,POOL,Min,LARGE PUMP COVER GREY 816,0.0000,Min Level,02 Mar 2025
MIN,LPCGS,SECONDS,Min,LARGE PUMP COVER GREEN SECONDS,0.0000,Min Level,02 Mar 2025
MIN,LPCHB,POOL,Min,LARGE PUMP COVER HERO NEL BEIGE,0.0000,Min Level,02 Mar 2025
MIN,LPCHCBR,POOL,Min,LARGE PUMP COVER HERO COFFEE BROWN,0.0000,Min Level,02 Mar 2025
MIN,LPCHDG,POOL,Min,LARGE PUMP COVER HERO DARK GREEN,0.0000,Min Level,02 Mar 2025
MIN,LPCHDGR,POOL,Min,LARGE PUMP COVER HERO DARK GREY 816,0.0000,Min Level,02 Mar 2025
MIN,LPCHSG,POOL,Min,LARGE PUMP COVER HERO SAGE GREEN,0.0000,Min Level,02 Mar 2025
MIN,LPCLBR,POOL,Min,LARGE PUMP COVER LID BROWN,0.0000,Min Level,02 Mar 2025
MIN,LPCOS,SECONDS,Min,LARGE PUMP COVER ORANGE SECONDS,0.0000,Min Level,02 Mar 2025
MIN,LPCR,POOL,Min,LARGE PUMP COVER RED,0.0000,Min Level,02 Mar 2025
MIN,LSTBL,INDUSTRIAL,Min,LARGE STEP TANK 650L BLUE,0.0000,Min Level,02 Mar 2025
MIN,LSTN,INDUSTRIAL,Min,LARGE STEP TANK 650L NATURAL,0.0000,Min Level,02 Mar 2025
MIN,LSTO,INDUSTRIAL,Min,LARGE STEP TANK 650L ORANGE,0.0000,Min Level,02 Mar 2025
MIN,LSTR,INDUSTRIAL,Min,LARGE STEP TANK 650L RED,0.0000,Min Level,02 Mar 2025
MIN,LSTS,SECONDS,Min,LARGE STEP TANK 650L SECONDS,0.0000,Min Level,02 Mar 2025
MIN,LSTSR,SECONDS,Min,LARGE STEP TANK 650L SECONDS RED,0.0000,Min Level,02 Mar 2025
MIN,LSTY,INDUSTRIAL,Min,LARGE STEP TANK 650L YELLOW,0.0000,Min Level,02 Mar 2025
MIN,MACDS,INDUSTRIAL,Min,DROP SAFE BOX,0.0000,Min Level,02 Mar 2025
MIN,MCCB,INDUSTRIAL,Min,MOTOR COVER COFFEE BROWN,0.0000,Min Level,02 Mar 2025
MIN,MCDG,INDUSTRIAL,Min,MOTOR COVER DARK GREEN,0.0000,Min Level,02 Mar 2025
MIN,MCGR,INDUSTRIAL,Min,MOTOR COVER GREY,0.0000,Min Level,02 Mar 2025
MIN,MSTN,INDUSTRIAL,Min,MEDIUM STEP TANK 550L NATURAL,0.0000,Min Level,02 Mar 2025
MIN,MTKBOATDG,CUSTOM,Min,MT KARMEL ENTERPRISES BOAT DARK GREEN,0.0000,Min Level,02 Mar 2025
MIN,MTKBOATMB,CUSTOM,Min,MT KARMEL ENTERPRISES BOAT MAC BLUE,0.0000,Min Level,02 Mar 2025
MIN,MTKBOATNB,CUSTOM,Min,MT KARMEL ENTERPRISES BOAT NEL BEIGE,0.0000,Min Level,02 Mar 2025
MIN,MTKBOATRO,CUSTOM,Min,MT KARMEL ENTERPRISES BOAT RECYCLED ORAN,0.0000,Min Level,02 Mar 2025
MIN,MTKBOATW,CUSTOM,Min,MT KARMEL ENTERPRISES BOAT WHITE,0.0000,Min Level,02 Mar 2025
MIN,NUT-HEX-M10,Consumables,Min,XOX M10 GRADE 8 NUTS BLACK,0.0000,Min Level,02 Mar 2025
MIN,NUT-HEX-M10X030,Consumables,Min,XOX M10X30 NUT,0.0000,Min Level,02 Mar 2025
MIN,PONDOBLK,URBAN GARDEN,Min,POND OVAL BLACK,0.0000,Min Level,02 Mar 2025
MIN,OTBJDG,OP EN TOP,Min,OP EN TOP BIN JD GREEN,0.0000,Min Level,02 Mar 2025
MIN,OTBS,OP EN TOP,Min,OP EN TOP BIN SPOUT YELLOW,0.0000,Min Level,02 Mar 2025
MIN,OTCLBLK,OP EN TOP,Min,OP EN TOP CANOPY LID BLACK,0.0000,Min Level,02 Mar 2025
MIN,OTCLBLKN,OP EN TOP,Min,OP EN TOP CANOPY LID BLACK NEW,0.0000,Min Level,02 Mar 2025
MIN,OTCRJDG,OP EN TOP,Min,OP EN TOP CANOPY ROOF JD GREEN,0.0000,Min Level,02 Mar 2025
MIN,OTCRJDN,OP EN TOP,Min,OP EN TOP CANOPY ROOF NATURAL,0.0000,Min Level,02 Mar 2025
MIN,OTEY,OP EN TOP,Min,OP EN TOP EXTENSION YELLOW,0.0000,Min Level,02 Mar 2025
MIN,OTFBY,OP EN TOP,Min,OP EN TOP FERTILIZER BIN YELLOW,0.0000,Min Level,02 Mar 2025
MIN,PEDCS,PED,Min,GASBREAK YELLOW,0.0000,Min Level,02 Mar 2025
MIN,PEDCSB,PED,Min,GASBREAK BLUE,0.0000,Min Level,02 Mar 2025
MIN,PEDDBY,PED,Min,JUNXION BOX YELLOW,0.0000,Min Level,02 Mar 2025
MIN,PEDLBB,PED,Min,LARGE BOTTOM BLUE,0.0000,Min Level,02 Mar 2025
MIN,PEDLBBS,SECONDS,Min,LARGE BOTTOM BLUE (PED) SECONDS,0.0000,Min Level,02 Mar 2025
MIN,PEDLBY,PED,Min,LARGE BOTTOM YELLOW,0.0000,Min Level,02 Mar 2025
MIN,PEDLTB,PED,Min,LARGE TOP BLUE,0.0000,Min Level,02 Mar 2025
MIN,PEDLTY,PED,Min,LARGE TOP YELLOW,0.0000,Min Level,02 Mar 2025
MIN,PEDMBB,PED,Min,MEDIUM BOTTOM BLUE OLD MOULD,0.0000,Min Level,02 Mar 2025
MIN,PEDMBBNM,PED,Min,MEDIUM BOTTOM BLUE NEW MOULD,0.0000,Min Level,02 Mar 2025
MIN,PEDMBY,PED,Min,MEDIUM BOTTOM YELLOW OLD MOULD,0.0000,Min Level,02 Mar 2025
MIN,PEDMBYS,SECONDS,Min,MEDIUM BOTTOM YELLOW (PED) SECONDS,0.0000,Min Level,02 Mar 2025
MIN,PEDMTB,PED,Min,MEDIUM TOP BLUE OLD MOULD,0.0000,Min Level,02 Mar 2025
MIN,PEDMTBNM,PED,Min,MEDIUM TOP BLUE NEW MOULD,0.0000,Min Level,02 Mar 2025
MIN,PEDMTY,PED,Min,MEDIUM TOP YELLOW OLD MOULD,0.0000,Min Level,02 Mar 2025
MIN,PEDMTYS,SECONDS,Min,MEDIUM TOP YELLOW (PED) SECONDS,0.0000,Min Level,02 Mar 2025
MIN,PEDNMMBY,PED,Min,MEDIUM BOTTOM YELLOW NEW MOULD,0.0000,Min Level,02 Mar 2025
MIN,PEDNMMTY,PED,Min,MEDIUM TOP YELLOW NEW MOULD,0.0000,Min Level,02 Mar 2025
MIN,PEDSB01,PED,Min,SUMP BOTTOM YELLOW,0.0000,Min Level,02 Mar 2025
MIN,PEDSBBL,PED,Min,SUMP BOTTOM BLUE,0.0000,Min Level,02 Mar 2025
MIN,PEDSBY,PED,Min,SMALL BOTTOM YELLOW,0.0000,Min Level,02 Mar 2025
MIN,PEDSR01,PED,Min,SUMP RISER YELLOW,0.0000,Min Level,02 Mar 2025
MIN,PEDSRBL,PED,Min,SUMP RISER BLUE,0.0000,Min Level,02 Mar 2025
MIN,PEDSSBB,PED,Min,SMALL BOTTOM BLUE,0.0000,Min Level,02 Mar 2025
MIN,PEDSSTB,PED,Min,SMALL TOP BLUE,0.0000,Min Level,02 Mar 2025
MIN,PEDSTY,PED,Min,SMALL TOP YELLOW,0.0000,Min Level,02 Mar 2025
MIN,PEDWOC,PED,Min,OIL CHAMBER NATURAL,0.0000,Min Level,02 Mar 2025
MIN,PEDWOST,PED,Min,OIL SANDTRAP NATURAL,0.0000,Min Level,02 Mar 2025
MIN,PERB,INDUSTRIAL,Min,PE RECOVERIES RECTANGLE BOX,0.0000,Min Level,02 Mar 2025
MIN,PIPECRADLEB,INDUSTRIAL,Min,PIPE CRADLE BEIGE,0.0000,Min Level,02 Mar 2025
MIN,PIPECRADLECB,INDUSTRIAL,Min,PIPE CRADLE COFFEE BROWN,0.0000,Min Level,02 Mar 2025
MIN,PIPECRADLEGR,INDUSTRIAL,Min,PIPE CRADLE GREY,0.0000,Min Level,02 Mar 2025
MIN,PONDWFBLK,URBAN GARDEN,Min,POND WATER FEATURE BLACK,0.0000,Min Level,02 Mar 2025
MIN,RB,POOL,Min,ROCK BOX,0.0000,Min Level,02 Mar 2025
MIN,RBECOL,ROAD,Min,ARMCO WATERFILLED BARRIER 17KG LIME,0.0000,Min Level,02 Mar 2025
MIN,RBECOR,ROAD,Min,ARMCO WATERFILLED BARRIER 17KG RED,0.0000,Min Level,02 Mar 2025
MIN,RBECOW,ROAD,Min,ARMCO WATERFILLED BARRIER 17KG WHITE,0.0000,Min Level,02 Mar 2025
MIN,RBECOY,ROAD,Min,ARMCO WATERFILLED BARRIER 17KG YELLOW,0.0000,Min Level,02 Mar 2025
MIN,RBMM,ROAD,Min,ARMCO MONSTER MAN BARRIER YELLOW,0.0000,Min Level,02 Mar 2025
MIN,RBNSY,ROAD,Min,ARMCO NEW GENERATION WATER FILLED BARRIER 10KG YELLOW,0.0000,Min Level,02 Mar 2025
MIN,RBS,SECONDS,Min,ROCK BOX SECONDS,0.0000,Min Level,02 Mar 2025
MIN,RBWFBL,ROAD,Min,ARMCO ROAD WATER FILLED BARRIER MINI MAC BLUE,0.0000,Min Level,02 Mar 2025
MIN,RBWFBLK,ROAD,Min,ARMCO ROAD WATER FILLED BARRIER MINI BLACK,0.0000,Min Level,02 Mar 2025
MIN,RBWFR,ROAD,Min,ARMCO ROAD WATER FILLED BARRIER MINI RED,0.0000,Min Level,02 Mar 2025
MIN,RBWFW,ROAD,Min,ARMCO ROAD WATER FILLED BARRIER MINI WHITE,0.0000,Min Level,02 Mar 2025
MIN,RBWFY,ROAD,Min,ARMCO ROAD WATER FILLED BARRIER MINI YELLOW,0.0000,Min Level,02 Mar 2025
MIN,RC0.75LGS,SECONDS,Min,750MM ROAD CONE LIME GREEN SECOND,0.0000,Min Level,02 Mar 2025
MIN,RC0.75O,ROAD,Min,750MM ROAD CONE ORANGE,0.0000,Min Level,02 Mar 2025
MIN,RC0.75Y,ROAD,Min,750MM ROAD CONE YELLOW,0.0000,Min Level,02 Mar 2025
MIN,RC1.8EBL,ROAD,Min,1.8M ECONO ROAD CONE MAC BLUE,0.0000,Min Level,02 Mar 2025
MIN,RC1.8EBLK,ROAD,Min,1.8M ECONO ROAD CONE BLACK,0.0000,Min Level,02 Mar 2025
MIN,RC1.8EBLKS,SECONDS,Min,1.8M ECONO ROAD CONE BLACK SECOND,0.0000,Min Level,02 Mar 2025
MIN,RC1.8EBLS,SECONDS,Min,1.8M ECONO ROAD CONE BLUE SECOND,0.0000,Min Level,02 Mar 2025
MIN,RC1.8EDG,ROAD,Min,1.8M ECONO ROAD CONE DARK GREEN,0.0000,Min Level,02 Mar 2025
MIN,RC1.8EL,ROAD,Min,1.8M ECONO ROAD CONE LIME,0.0000,Min Level,02 Mar 2025
MIN,RC1.8EO,ROAD,Min,1.8M ECONO ROAD CONE ORANGE,0.0000,Min Level,02 Mar 2025
MIN,RC1.8EOS,SECONDS,Min,1.8M ECONO ROAD CONE ORANGE SECOND,0.0000,Min Level,02 Mar 2025
MIN,RC1.8EP,ROAD,Min,1.8M ECONO ROAD CONE PINK,0.0000,Min Level,02 Mar 2025
MIN,RC1.8ER,ROAD,Min,1.8M ECONO ROAD CONE RED,0.0000,Min Level,02 Mar 2025
MIN,RC1.8ERS,SECONDS,Min,1.8M ECONO ROAD CONE RED SECOND,0.0000,Min Level,02 Mar 2025
MIN,RC1.8EN,ROAD,Min,1.8M ECONO ROAD CONE NATURAL,0.0000,Min Level,02 Mar 2025
MIN,RC1.8EY,ROAD,Min,1.8M ECONO ROAD CONE YELLOW,0.0000,Min Level,02 Mar 2025
MIN,RC1.8EYS,SECONDS,Min,1.8M ECONO ROAD CONE YELLOW SECOND,0.0000,Min Level,02 Mar 2025
MIN,RC1.9BL,ROAD,Min,1.9M ROAD CONE BLUE,0.0000,Min Level,02 Mar 2025
MIN,RC1.9N,ROAD,Min,1.9M ROAD CONE NATURAL,0.0000,Min Level,02 Mar 2025
MIN,RC1.9O,ROAD,Min,1.9M ROAD CONE ORANGE,0.0000,Min Level,02 Mar 2025
MIN,RC1.9Y,ROAD,Min,1.9M ROAD CONE YELLOW,0.0000,Min Level,02 Mar 2025
MIN,RC2.5Y,ROAD,Min,2.5M ROAD CONE YELLOW,0.0000,Min Level,02 Mar 2025
MIN,ROTOVETTIBL,ROTOVETTI,Min,ROTO VETTI COMPLETE SET MAC BLUE,0.0000,Min Level,02 Mar 2025
MIN,ROTOVETTIBLK,ROTOVETTI,Min,ROTO VETTI COMPLETE SET BLACK,0.0000,Min Level,02 Mar 2025
MIN,ROTOVETTIBLS,SECONDS,Min,ROTO VETTI COMPLETE SET MAC BLUE SECOND,0.0000,Min Level,02 Mar 2025
MIN,ROTOVETTIHK,ROTOVETTI,Min,ROTO VETTI COMPLETE SET HENRED KHAKI,0.0000,Min Level,02 Mar 2025
MIN,ROTOVETTILB,ROTOVETTI,Min,ROTO VETTI COMPLETE SET LIGHT BLUE,0.0000,Min Level,02 Mar 2025
MIN,ROTOVETTILG,ROTOVETTI,Min,ROTO VETTI COMPLETE SET LIME GREEN,0.0000,Min Level,02 Mar 2025
MIN,ROTOVETTILGS,SECONDS,Min,ROTO VETTI COMPLETE SET LIME GRN SECONDS,0.0000,Min Level,02 Mar 2025
MIN,ROTOVETTIO,ROTOVETTI,Min,ROTO VETTI COMPLETE SET ORANGE,0.0000,Min Level,02 Mar 2025
MIN,ROTOVETTIOS,SECONDS,Min,ROTO VETTI COMPLETE SET ORANGE SECOND,0.0000,Min Level,02 Mar 2025
MIN,ROTOVETTIP,ROTOVETTI,Min,ROTO VETTI COMPLETE SET PINK,0.0000,Min Level,02 Mar 2025
MIN,ROTOVETTIR,ROTOVETTI,Min,ROTO VETTI COMPLETE SET RED,0.0000,Min Level,02 Mar 2025
MIN,ROTOVETTISBLK,SECONDS,Min,ROTO VETTI COMPLETE SET SECONDS BLACK,0.0000,Min Level,02 Mar 2025
MIN,ROTOVETTISLB,SECONDS,Min,ROTO VETTI COMPLETE SET SECONDS LIGHT BL,0.0000,Min Level,02 Mar 2025
MIN,ROTOVETTISR,SECONDS,Min,ROTO VETTI COMPLETE SET SECONDS RED,0.0000,Min Level,02 Mar 2025
MIN,ROTOVETTIW,ROTOVETTI,Min,ROTO VETTI COMPLETE SET WHITE,0.0000,Min Level,02 Mar 2025
MIN,ROTOVETTIWS,SECONDS,Min,ROTO VETTI COMPLETE SET WHITE SECONDS,0.0000,Min Level,02 Mar 2025
MIN,ROTOVETTIY,ROTOVETTI,Min,ROTO VETTI COMPLETE SET YELLOW,0.0000,Min Level,02 Mar 2025
MIN,ROTOVETTIYS,SECONDS,Min,ROTO VETTI COMPLETE SET YELLOW SECONDS,0.0000,Min Level,02 Mar 2025
MIN,PONDRCB,URBAN GARDEN,Min,POND ROUND COFFEE BROWN,0.0000,Min Level,02 Mar 2025
MIN,RULA12T,RULA,Min,RULA 12 TON TANK GREY,0.0000,Min Level,02 Mar 2025
MIN,RULA12TN,RULA,Min,RULA 12 TON TANK NATURAL,0.0000,Min Level,02 Mar 2025
MIN,RULA1LT,RULA,Min,RULA 1000LT PLANTER TANK LIGHT GREY,0.0000,Min Level,02 Mar 2025
MIN,RULA1LTN,RULA,Min,RULA 1000LT PLANTER TANK NATURAL,0.0000,Min Level,02 Mar 2025
MIN,RULA1LY,RULA,Min,RULA 1000LT PLANTER TANK DB YELLOW,0.0000,Min Level,02 Mar 2025
MIN,RULA350,RULA,Min,RULA CAMELBACK 3500LT NATURAL,0.0000,Min Level,02 Mar 2025
MIN,RULA350GR,RULA,Min,RULA CAMELBACK 3500LT GREY,0.0000,Min Level,02 Mar 2025
MIN,RULA4LT,RULA,Min,RULA 4000LT TANK NATURAL,0.0000,Min Level,02 Mar 2025
MIN,RULA4LTGRAN,RULA,Min,RULA 4000LT GRANULAR TANK NATURAL,0.0000,Min Level,02 Mar 2025
MIN,RULA6LT,RULA,Min,RULA 6000LT TANK NATURAL,0.0000,Min Level,02 Mar 2025
MIN,RULA6LTBLK,RULA,Min,RULA 6000LT TANK BLACK,0.0000,Min Level,02 Mar 2025
MIN,RULAAIC,RULA,Min,RULA AUGER INLET CHUTE NATURAL,0.0000,Min Level,02 Mar 2025
MIN,RULAAICGR,RULA,Min,RULA AUGER INLET CHUTE GREY,0.0000,Min Level,02 Mar 2025
MIN,RULAM3500,RULA,Min,RULA MIDDLE 3500LT TANK NATURAL,0.0000,Min Level,02 Mar 2025
MIN,RULASB,RULA,Min,RULA SEED BIN 70L NATURAL,0.0000,Min Level,02 Mar 2025
MIN,SEPTIC,TANKS HORIZONTAL,Min,HORIZONTAL 2200LT SEPTIC (DIGESTER),0.0000,Min Level,02 Mar 2025
MIN,SEPTICS,SECONDS,Min,HORIZONTAL 2200LT SEPTIC SECONDS,0.0000,Min Level,02 Mar 2025
MIN,SLIMJACKB,TANKS VERTICAL,Min,SLIMJACK BEIGE,0.0000,Min Level,02 Mar 2025
MIN,SLIMJACKBL,TANKS VERTICAL,Min,SLIMJACK BLUE,0.0000,Min Level,02 Mar 2025
MIN,SLIMJACKBLK,TANKS VERTICAL,Min,SLIMJACK BLACK,0.0000,Min Level,02 Mar 2025
MIN,SLIMJACKCB,TANKS VERTICAL,Min,SLIMJACK COFFEE BROWN,0.0000,Min Level,02 Mar 2025
MIN,SLIMJACKCG,TANKS VERTICAL,Min,SLIMJACK CAPE GREEN,0.0000,Min Level,02 Mar 2025
MIN,SLIMJACKDG,TANKS VERTICAL,Min,SLIMJACK DARK GREEN,0.0000,Min Level,02 Mar 2025
MIN,SLIMJACKGR,TANKS VERTICAL,Min,SLIMJACK GREY,0.0000,Min Level,02 Mar 2025
MIN,SLIMJACKHGR,TANKS VERTICAL,Min,SLIMJACK HEAVY GREY,0.0000,Min Level,02 Mar 2025
MIN,SLIMJACKHN,TANKS VERTICAL,Min,SLIMJACK HEAVY NATURAL,0.0000,Min Level,02 Mar 2025
MIN,SLIMJACKJDG,TANKS VERTICAL,Min,SLIMJACK J/D GREEN,0.0000,Min Level,02 Mar 2025
MIN,SLIMJACKKG,TANKS VERTICAL,Min,SLIMJACK KHAKI GREEN,0.0000,Min Level,02 Mar 2025
MIN,SLIMJACKL,TANKS VERTICAL,Min,SLIMJACK LIME,0.0000,Min Level,02 Mar 2025
MIN,SLIMJACKMR,TANKS VERTICAL,Min,SLIMJACK RED MARBLE,0.0000,Min Level,02 Mar 2025
MIN,SLIMJACKO,TANKS VERTICAL,Min,SLIMJACK ORANGE,0.0000,Min Level,02 Mar 2025
MIN,SLIMJACKP,TANKS VERTICAL,Min,SLIMJACK PINK,0.0000,Min Level,02 Mar 2025
MIN,SLIMJACKR,TANKS VERTICAL,Min,SLIMJACK RED,0.0000,Min Level,02 Mar 2025
MIN,SLIMJACKSB,SECONDS,Min,SLIMJACK SECONDS BEIGE,0.0000,Min Level,02 Mar 2025
MIN,SLIMJACKSBL,SECONDS,Min,SLIMJACK SECONDS BLUE,0.0000,Min Level,02 Mar 2025
MIN,SLIMJACKSCARAB,SCARAB,Min,SLIMJACK SCARAB DB SAGE GREEN,0.0000,Min Level,02 Mar 2025
MIN,SLIMJACKSCB,SECONDS,Min,SLIMJACK SECONDS COFFEE BROWN,0.0000,Min Level,02 Mar 2025
MIN,SLIMJACKSDG,SECONDS,Min,SLIMJACK SECONDS DARK GREEN,0.0000,Min Level,02 Mar 2025
MIN,SLIMJACKSG,TANKS VERTICAL,Min,SLIMJACK SAGE GREEN,0.0000,Min Level,02 Mar 2025
MIN,SLIMJACKSGR,SECONDS,Min,SLIMJACK SECONDS GREY,0.0000,Min Level,02 Mar 2025
MIN,SLIMJACKSO,SECONDS,Min,SLIMJACK SECONDS ORANGE,0.0000,Min Level,02 Mar 2025
MIN,SLIMJACKSP,SECONDS,Min,SLIMJACK SECONDS PINK,0.0000,Min Level,02 Mar 2025
MIN,SLIMJACKSR,SECONDS,Min,SLIMJACK SECONDS RED,0.0000,Min Level,02 Mar 2025
MIN,SLIMJACKSS,SECONDS,Min,SLIMJACK SANDSTONE SECONDS,0.0000,Min Level,02 Mar 2025
MIN,SLIMJACKSSG,SECONDS,Min,SLIMJACK SECONDS SAGE GREEN,0.0000,Min Level,02 Mar 2025
MIN,SLIMJACKY,TANKS VERTICAL,Min,SLIMJACK YELLOW,0.0000,Min Level,02 Mar 2025
MIN,SLIMJILLB,TANKS VERTICAL,Min,SLIMJILL BEIGE,0.0000,Min Level,02 Mar 2025
MIN,SLIMJILLBLK,TANKS VERTICAL,Min,SLIMJILL BLACK,0.0000,Min Level,02 Mar 2025
MIN,SLIMJILLBR,TANKS VERTICAL,Min,SLIMJILL BROWN,0.0000,Min Level,02 Mar 2025
MIN,SLIMJILLCB,TANKS VERTICAL,Min,SLIMJILL COFFEE BROWN,0.0000,Min Level,02 Mar 2025
MIN,SLIMJILLDG,TANKS VERTICAL,Min,SLIMJILL DARK GREEN 7424,0.0000,Min Level,02 Mar 2025
MIN,SLIMJILLGR,TANKS VERTICAL,Min,SLIMJILL GREY,0.0000,Min Level,02 Mar 2025
MIN,SLIMJILLJDG,TANKS VERTICAL,Min,SLIMJILL J/D GREEN,0.0000,Min Level,02 Mar 2025
MIN,SLIMJILLLG,TANKS VERTICAL,Min,SLIMJILL LIME GREEN,0.0000,Min Level,02 Mar 2025
MIN,SLIMJILLM,TANKS VERTICAL,Min,SLIMJILL MARBLE,0.0000,Min Level,02 Mar 2025
MIN,SLIMJILLMG,TANKS VERTICAL,Min,SLIMJILL MARBLE GREEN,0.0000,Min Level,02 Mar 2025
MIN,SLIMJILLP,TANKS VERTICAL,Min,SLIMJILL PINK,0.0000,Min Level,02 Mar 2025
MIN,SLIMJILLSB,SECONDS,Min,SLIMJILL SECONDS BEIGE,0.0000,Min Level,02 Mar 2025
MIN,SLIMJILLSBLK,SECONDS,Min,SLIMJILL SECONDS BLACK,0.0000,Min Level,02 Mar 2025
MIN,SLIMJILLSC,SECONDS,Min,SLIMJILL SECONDS CHOCOLATE,0.0000,Min Level,02 Mar 2025
MIN,SLIMJILLSCB,SECONDS,Min,SLIMJILL SECONDS COFFEE BROWN,0.0000,Min Level,02 Mar 2025
MIN,SLIMJILLSDG,SECONDS,Min,SLIMJILL SECONDS DARK GREEN,0.0000,Min Level,02 Mar 2025
MIN,SLIMJILLSG,TANKS VERTICAL,Min,SLIMJILL SAGE GREEN,0.0000,Min Level,02 Mar 2025
MIN,SLIMJILLSLG,SECONDS,Min,SLIMJILL SECONDS LIME GREEN,0.0000,Min Level,02 Mar 2025
MIN,SLIMJILLSMG,SECONDS,Min,SLIMJILL SECONDS MARBLE GREEN,0.0000,Min Level,02 Mar 2025
MIN,SLIMJILLSS,TANKS VERTICAL,Min,SLIMJILL SANDSTONE,0.0000,Min Level,02 Mar 2025
MIN,SLIMJILLSSG,SECONDS,Min,SLIMJILL SECONDS SAGE GREEN,0.0000,Min Level,02 Mar 2025
MIN,SLIMJILLSSS,SECONDS,Min,SLIMJILL SECONDS SANDSTONE,0.0000,Min Level,02 Mar 2025
MIN,SLIMJILLST,SECONDS,Min,SLIMJILL SECONDS TERRACOTA,0.0000,Min Level,02 Mar 2025
MIN,SLIMJILLT,TANKS VERTICAL,Min,SLIMJILL TERRACOTA,0.0000,Min Level,02 Mar 2025
MIN,SLIMJOHNB,TANKS VERTICAL,Min,SLIMJOHN BEIGE,0.0000,Min Level,02 Mar 2025
MIN,SLIMJOHNB916,TANKS VERTICAL,Min,SLIMJOHN BEIGE 916,0.0000,Min Level,02 Mar 2025
MIN,SLIMJOHNBL,TANKS VERTICAL,Min,SLIMJOHN BLUE,0.0000,Min Level,02 Mar 2025
MIN,SLIMJOHNBLK,TANKS VERTICAL,Min,SLIMJOHN BLACK,0.0000,Min Level,02 Mar 2025
MIN,SLIMJOHNBO,TANKS VERTICAL,Min,SLIMJOHN BRONZE OLIVE,0.0000,Min Level,02 Mar 2025
MIN,SLIMJOHNBR,TANKS VERTICAL,Min,SLIMJOHN BROWN,0.0000,Min Level,02 Mar 2025
MIN,SLIMJOHNCBR,TANKS VERTICAL,Min,SLIMJOHN COFFEE BROWN,0.0000,Min Level,02 Mar 2025
MIN,SLIMJOHNDG,TANKS VERTICAL,Min,SLIMJOHN DARK GREEN,0.0000,Min Level,02 Mar 2025
MIN,SLIMJOHNGR816,TANKS VERTICAL,Min,SLIMJOHN GREY 816,0.0000,Min Level,02 Mar 2025
MIN,SLIMJOHNGR29708,TANKS VERTICAL,Min,SLIMJOHN GREY 29708,0.0000,Min Level,02 Mar 2025
MIN,SLIMJOHNHK,TANKS VERTICAL,Min,SLIMJOHN HENRED KHAKI,0.0000,Min Level,02 Mar 2025
MIN,SLIMJOHNJDG,TANKS VERTICAL,Min,SLIMJOHN J/D GREEN,0.0000,Min Level,02 Mar 2025
MIN,SLIMJOHNLG,TANKS VERTICAL,Min,SLIMJOHN LIME GREEN,0.0000,Min Level,02 Mar 2025
MIN,SLIMJOHNM,TANKS VERTICAL,Min,SLIMJOHN MEDIUM YELLOW,0.0000,Min Level,02 Mar 2025
MIN,SLIMJOHNMDG,TANKS VERTICAL,Min,SLIMJOHN MEDIUM DARK GREEN,0.0000,Min Level,02 Mar 2025
MIN,SLIMJOHNSB,SECONDS,Min,SLIMJOHN SECOND BEIGE,0.0000,Min Level,02 Mar 2025
MIN,SLIMJOHNSCBR,SECONDS,Min,SLIMJOHN SECOND COFFEE BROWN,0.0000,Min Level,02 Mar 2025
MIN,SLIMJOHNSG,TANKS VERTICAL,Min,SLIMJOHN SAGE GREEN,0.0000,Min Level,02 Mar 2025
MIN,SLIMJOHNSGR,SECONDS,Min,SLIMJOHN SECOND GREY,0.0000,Min Level,02 Mar 2025
MIN,SLIMJOHNSJDG,SECONDS,Min,SLIMJOHN SECOND JD GREEN,0.0000,Min Level,02 Mar 2025
MIN,SLIMJOHNSLG,SECONDS,Min,SLIMJOHN SECOND LIME GREEN,0.0000,Min Level,02 Mar 2025
MIN,SLIMJOHNSSG,SECONDS,Min,SLIMJOHN SECOND SAGE GREEN,0.0000,Min Level,02 Mar 2025
MIN,SLIMJOHNY,TANKS VERTICAL,Min,SLIMJOHN YELLOW,0.0000,Min Level,02 Mar 2025
MIN,SPAGR,CUSTOM,Min,JACUZZI SPA GREY GRANITE,0.0000,Min Level,02 Mar 2025
MIN,SPCB,POOL,Min,SMALL PUMP COVER BEIGE,0.0000,Min Level,02 Mar 2025
MIN,SPCBR,POOL,Min,SMALL PUMP COVER BROWN PIGMENT,0.0000,Min Level,02 Mar 2025
MIN,SPCBRS,SECONDS,Min,SMALL PUMP COVER BROWN SECONDS,0.0000,Min Level,02 Mar 2025
MIN,SPCCBLK,POOL,Min,SMALL PUMP COVER BLACK,0.0000,Min Level,02 Mar 2025
MIN,SPCCBR,POOL,Min,SMALL PUMP COVER COFFEE BROWN,0.0000,Min Level,02 Mar 2025
MIN,SPCDG,POOL,Min,SMALL PUMP COVER DARK GREEN,0.0000,Min Level,02 Mar 2025
MIN,SPCEB,POOL,Min,SMALL PUMP COVER EARTHCO NEL BEIGE,0.0000,Min Level,02 Mar 2025
MIN,SPCEDG,POOL,Min,SMALL PUMP COVER EARTHCO DARK GREEN,0.0000,Min Level,02 Mar 2025
MIN,SPCEG,POOL,Min,SMALL PUMP COVER EARTHCO GREY,0.0000,Min Level,02 Mar 2025
MIN,SPCG,POOL,Min,SMALL PUMP COVER GREEN PIGMENT,0.0000,Min Level,02 Mar 2025
MIN,SPCGR,POOL,Min,SMALL PUMP COVER GREY 816,0.0000,Min Level,02 Mar 2025
MIN,SPCGRS,SECONDS,Min,SMALL PUMP COVER GREY SECONDS,0.0000,Min Level,02 Mar 2025
MIN,SPCGS,SECONDS,Min,SMALL PUMP COVER DARK GREEN SECONDS,0.0000,Min Level,02 Mar 2025
MIN,SPCHB,POOL,Min,SMALL PUMP COVER HERO NEL BEIGE,0.0000,Min Level,02 Mar 2025
MIN,SPCHBLK,POOL,Min,SMALL PUMP COVER HERO BLACK,0.0000,Min Level,02 Mar 2025
MIN,SPCHBLKS,SECONDS,Min,SMALL PUMP COVER HERO BLACK SECONDS,0.0000,Min Level,02 Mar 2025
MIN,SPCHBS,SECONDS,Min,SMALL PUMP COVER HERO NEL BEIGE SECONDS,0.0000,Min Level,02 Mar 2025
MIN,SPCHCBR,POOL,Min,SMALL PUMP COVER HERO COFFEE BROWN,0.0000,Min Level,02 Mar 2025
MIN,SPCHDG,POOL,Min,SMALL PUMP COVER HERO DARK GREEN,0.0000,Min Level,02 Mar 2025
MIN,SPCHGR,POOL,Min,SMALL PUMP COVER HERO GREY 816,0.0000,Min Level,02 Mar 2025
MIN,SPCHLGR,POOL,Min,SMALL PUMP COVER HERO LIGHT GREY 817,0.0000,Min Level,02 Mar 2025
MIN,SPCHSG,POOL,Min,SMALL PUMP COVER HERO SAGE GREEN,0.0000,Min Level,02 Mar 2025
MIN,SPCN,POOL,Min,SMALL PUMP COVER NATURAL,0.0000,Min Level,02 Mar 2025
MIN,SPCNS,SECONDS,Min,SMALL PUMP COVER NATURAL SECONDS,0.0000,Min Level,02 Mar 2025
MIN,STAKOMMY,CUSTOM,Min,STAKO MULTI PURPOSE MODIFIED 500L YELLOW,0.0000,Min Level,02 Mar 2025
MIN,STAKOMY,CUSTOM,Min,STAKO MULTI PURPOSE UNIT 500L YELLOW,0.0000,Min Level,02 Mar 2025
MIN,STAKOYR,CUSTOM,Min,STAKO FIREFIGHT TANK WITH BAFFLE YELLOW RIBBED,0.0000,Min Level,02 Mar 2025
MIN,TANKS1.5,INDUSTRIAL,Min,TANK STAND 1.5M 5000L,0.0000,Min Level,02 Mar 2025
MIN,TANKS2.5,INDUSTRIAL,Min,TANK STAND 3M 250LT - 2500LT,0.0000,Min Level,02 Mar 2025
MIN,TANKS5.0,INDUSTRIAL,Min,TANK STAND 3M 2500LT - 5000LT,0.0000,Min Level,02 Mar 2025
MIN,TOTBLRGBLK,CUSTOM,Min,TOTAL BLASTING TANK LARGE BLACK,0.0000,Min Level,02 Mar 2025
MIN,TOTBMEDBLK,CUSTOM,Min,TOTAL BLASTING TANK MEDIUM (3000L) BLACK,0.0000,Min Level,02 Mar 2025
MIN,TOTBSMLBLK,CUSTOM,Min,TOTAL BLASTING TANK SMALL BLACK,0.0000,Min Level,02 Mar 2025
MIN,TOTEBBLK,INDUSTRIAL,Min,TOTE BOX BLACK,0.0000,Min Level,02 Mar 2025
MIN,TRENSLBBLK,CUSTOM,Min,TRENSTAR SQUARE LIQUID BASE BLACK,0.0000,Min Level,02 Mar 2025
MIN,TRENSLBGR,CUSTOM,Min,TRENSTAR SQUARE LIQUID BASE GREY,0.0000,Min Level,02 Mar 2025
MIN,TRENSLBGRS,SECONDS,Min,TRENSTAR SQUARE LIQUID BASE GREY SECONDS,0.0000,Min Level,02 Mar 2025
MIN,TRENSRINGB,CUSTOM,Min,TRENSTAR LIQUID RING BEAM YELLOW,0.0000,Min Level,02 Mar 2025
MIN,TRIPJB,TANKS VERTICAL,Min,TRIPLEJACK BEIGE,0.0000,Min Level,02 Mar 2025
MIN,TRIPJBLK,TANKS VERTICAL,Min,TRIPLEJACK BLACK,0.0000,Min Level,02 Mar 2025
MIN,TRIPJCB,TANKS VERTICAL,Min,TRIPLEJACK COFFEE BROWN,0.0000,Min Level,02 Mar 2025
MIN,TRIPJDG,TANKS VERTICAL,Min,TRIPLEJACK DARK GREEN,0.0000,Min Level,02 Mar 2025
MIN,TRIPJGR,TANKS VERTICAL,Min,TRIPLEJACK GREY,0.0000,Min Level,02 Mar 2025
MIN,TRIPJSG,TANKS VERTICAL,Min,TRIPLEJACK SAGE GREEN,0.0000,Min Level,02 Mar 2025
MIN,TRUCO1A,TRUCO,Min,TRUCO 1 290mm INSERT HALF,0.0000,Min Level,02 Mar 2025
MIN,TRUCO1B,TRUCO,Min,TRUCO 1 300MM INSERT HALF,0.0000,Min Level,02 Mar 2025
MIN,TRUCO1BS,SECONDS,Min,TRUCO 1 300MM INSERT HALF SECOND,0.0000,Min Level,02 Mar 2025
MIN,TRUCO1C,TRUCO,Min,TRUCO 1 350mm INSERT HALF,0.0000,Min Level,02 Mar 2025
MIN,TRUCO1D,TRUCO,Min,TRUCO 1 390mm INSERT HALF,0.0000,Min Level,02 Mar 2025
MIN,TRUCO1E,TRUCO,Min,TRUCO 1 400mm INSERT HALF,0.0000,Min Level,02 Mar 2025
MIN,TRUCO1F,TRUCO,Min,TRUCO 1 450mm INSERT HALF,0.0000,Min Level,02 Mar 2025
MIN,TRUCO1FO,TRUCO,Min,TRUCO 1 450mm INSERT HALF ORANGE,0.0000,Min Level,02 Mar 2025
MIN,TRUCO1G,TRUCO,Min,TRUCO 1 490mm INSERT HALF,0.0000,Min Level,02 Mar 2025
MIN,TRUCO1H,TRUCO,Min,TRUCO 1 500mm INSERT HALF,0.0000,Min Level,02 Mar 2025
MIN,TRUCO1I,TRUCO,Min,TRUCO 1 567 mm INSERT HALF,0.0000,Min Level,02 Mar 2025
MIN,TRUCO1J,TRUCO,Min,TRUCO 1 490mm 15 mm THICK INSERT HALF,0.0000,Min Level,02 Mar 2025
MIN,TRUCO1JF,TRUCO,Min,TRUCO 1 640mm INSERT HALF,0.0000,Min Level,02 Mar 2025
MIN,TRUCO1JO,TRUCO,Min,TRUCO 1 490mm 15mm THCK INSERT HF ORANGE,0.0000,Min Level,02 Mar 2025
MIN,TRUCO1KF,TRUCO,Min,TRUCO 1 580 mm INSERT HALF,0.0000,Min Level,02 Mar 2025
MIN,TRUCO1LF,TRUCO,Min,TRUCO 1 600 mm INSERT HALF,0.0000,Min Level,02 Mar 2025
MIN,TRUCO2A,TRUCO,Min,TRUCO 2 180mm INSERT HALF,0.0000,Min Level,02 Mar 2025
MIN,TRUCO2B,TRUCO,Min,TRUCO 2 200mm INSERT HALF,0.0000,Min Level,02 Mar 2025
MIN,TRUCO2BS,SECONDS,Min,TRUCO 2 200mm INSERT HALF SECOND,0.0000,Min Level,02 Mar 2025
MIN,TRUCO2C,TRUCO,Min,TRUCO 2 290mm INSERT HALF,0.0000,Min Level,02 Mar 2025
MIN,TRUCO2D,TRUCO,Min,TRUCO 2 300mm INSERT HALF,0.0000,Min Level,02 Mar 2025
MIN,TRUCO2DS,SECONDS,Min,TRUCO 2 300mm INSERT HALF SECOND,0.0000,Min Level,02 Mar 2025
MIN,TRUCO2E,TRUCO,Min,TRUCO 2 310mm INSERT HALF,0.0000,Min Level,02 Mar 2025
MIN,TRUCO2F,TRUCO,Min,TRUCO 2 355mm INSERT HALF,0.0000,Min Level,02 Mar 2025
MIN,TRUCO3A,TRUCO,Min,TRUCO 3 250mm INSERT HALF,0.0000,Min Level,02 Mar 2025
MIN,TRUCO3B,TRUCO,Min,TRUCO 3 390mm INSERT HALF,0.0000,Min Level,02 Mar 2025
MIN,TRUCO4A,TRUCO,Min,TRUCO 4 100mm INSERT HALF,0.0000,Min Level,02 Mar 2025
MIN,TRUCO4AS,SECONDS,Min,TRUCO 4 100mm INSERT HALF SECOND,0.0000,Min Level,02 Mar 2025
MIN,TRUCO4B,TRUCO,Min,TRUCO 4 150mm INSERT HALF,0.0000,Min Level,02 Mar 2025
MIN,TRUCO4BS,SECONDS,Min,TRUCO 4 150mm INSERT HALF SECOND,0.0000,Min Level,02 Mar 2025
MIN,TRUCO4C,TRUCO,Min,TRUCO 4 75mm INSERT HALF,0.0000,Min Level,02 Mar 2025
MIN,TRUCO4D,TRUCO,Min,TRUCO 4 160mm INSERT HALF,0.0000,Min Level,02 Mar 2025
MIN,TRUCO4EF,TRUCO,Min,TRUCO 4 130mm INSERT HALF FOAM FILLED,0.0000,Min Level,02 Mar 2025
MIN,TRUCO5A,TRUCO,Min,TRUCO 5 220mm INSERT HALF,0.0000,Min Level,02 Mar 2025
MIN,TRUCO5B,TRUCO,Min,TRUCO 5 350mm INSERT HALF,0.0000,Min Level,02 Mar 2025
MIN,TRUCOT.1050.420,TRUCO,Min,TRUCO PIPE 1050 OD 420 ID ORANGE HALF,0.0000,Min Level,02 Mar 2025
MIN,TRUCOT.1050.430,TRUCO,Min,TRUCO PIPE 1050 OD 430 ID ORANGE HALF,0.0000,Min Level,02 Mar 2025
MIN,TRUCOT.1050.480,TRUCO,Min,TRUCO PIPE 1050OD 480ID 15MM ORANGE HALF,0.0000,Min Level,02 Mar 2025
MIN,TRUCOT.1050.490,TRUCO,Min,TRUCO PIPE 1050OD 490ID 15MM ORANGE HALF,0.0000,Min Level,02 Mar 2025
MIN,TRUCOT.1050.500,TRUCO,Min,TRUCO PIPE 1050 OD 500 ID ORANGE HALF,0.0000,Min Level,02 Mar 2025
MIN,TRUCOT.605.160,TRUCO,Min,TRUCO PIPE 605 OD 160 ID ORANGE HALF,0.0000,Min Level,02 Mar 2025
MIN,TRUCOT.605.180,TRUCO,Min,TRUCO PIPE 605 OD 180 ID ORANGE HALF,0.0000,Min Level,02 Mar 2025
MIN,TRUCOT.605.200,TRUCO,Min,TRUCO PIPE 605 OD 200 ID ORANGE HALF,0.0000,Min Level,02 Mar 2025
MIN,TRUCOT.820.225,TRUCO,Min,TRUCO PIPE 820 OD 225 ID ORANGE HALF,0.0000,Min Level,02 Mar 2025
MIN,TRUCOT.820.250,TRUCO,Min,TRUCO PIPE 820 OD 250 ID ORANGE HALF,0.0000,Min Level,02 Mar 2025
MIN,TRUCOT.820.280,TRUCO,Min,TRUCO PIPE 820 OD 280 ID ORANGE HALF,0.0000,Min Level,02 Mar 2025
MIN,TRUCOT.820.310,TRUCO,Min,TRUCO PIPE 820 OD 310 ID ORANGE HALF,0.0000,Min Level,02 Mar 2025
MIN,TRUCOT.820.400,TRUCO,Min,TRUCO PIPE 820 OD 400 ID ORANGE HALF,0.0000,Min Level,02 Mar 2025
MIN,TSITELE,CUSTOM,Min,TSI COMMUNICATIONS TELEBOOTH ORANGE,0.0000,Min Level,02 Mar 2025
MIN,USPARCTICGR816,URBAN WATER,Min,URBAN SLIM ELECTRIC PUMP COVER GREY 816,0.0000,Min Level,02 Mar 2025
MIN,USPARCTICGREY,URBAN WATER,Min,URBAN SLIM ELECTRIC PUMP COVER ARTIC GRE,0.0000,Min Level,02 Mar 2025
MIN,USPCB,URBAN WATER,Min,URBAN SLIM ELECTRIC PUMP COVER COFFEE BR,0.0000,Min Level,02 Mar 2025
MIN,USPDG,URBAN WATER,Min,URBAN SLIM ELECTRIC PUMP COVER DARK GRN,0.0000,Min Level,02 Mar 2025
MIN,USPMOCHA,URBAN WATER,Min,URBAN SLIM ELECTRIC PUMP COVER MOCHA,0.0000,Min Level,02 Mar 2025
MIN,USPSAVANNAH,URBAN WATER,Min,URBAN SLIM ELECTRIC PUMP COVER SAVANNAH,0.0000,Min Level,02 Mar 2025
MIN,V0.25EH,TANKS VERTICAL,Min,VERTICAL 250LT EXTRA HEAVY RED,0.0000,Min Level,02 Mar 2025
MIN,V0.25EHBL,TANKS VERTICAL,Min,VERTICAL 250LT EXTRA HEAVY BLUE,0.0000,Min Level,02 Mar 2025
MIN,V0.25EHBLK,TANKS VERTICAL,Min,VERTICAL 250LT EXTRA HEAVY BLACK,0.0000,Min Level,02 Mar 2025
MIN,V0.25EHSSG,SECONDS,Min,VERTICAL 250LT E/HEAVY SECOND SAGE GREEN,0.0000,Min Level,02 Mar 2025
MIN,V0.25HBL,TANKS VERTICAL,Min,VERTICAL 250LT HEAVY BLUE,0.0000,Min Level,02 Mar 2025
MIN,V0.25HDG,TANKS VERTICAL,Min,VERTICAL 250LT HEAVY DARK GREEN,0.0000,Min Level,02 Mar 2025
MIN,V0.25HN,TANKS VERTICAL,Min,VERTICAL 250LT HEAVY NATURAL,0.0000,Min Level,02 Mar 2025
MIN,V0.25HR,TANKS VERTICAL,Min,VERTICAL 250LT HEAVY RED,0.0000,Min Level,02 Mar 2025
MIN,V0.25HSG,TANKS VERTICAL,Min,VERTICAL 250LT HEAVY SAGE GREEN,0.0000,Min Level,02 Mar 2025
MIN,V0.25HY,TANKS VERTICAL,Min,VERTICAL 250LT HEAVY YELLOW,0.0000,Min Level,02 Mar 2025
MIN,V0.25MN,TANKS VERTICAL,Min,VERTICAL 250LT MEDIUM NATURAL,0.0000,Min Level,02 Mar 2025
MIN,V0.25MS,SECONDS,Min,VERTICAL 250LT MEDIUM SECONDS YELLOW,0.0000,Min Level,02 Mar 2025
MIN,V0.25MY,TANKS VERTICAL,Min,VERTICAL 250LT MEDIUM YELLOW,0.0000,Min Level,02 Mar 2025
MIN,V0.25WB,TANKS VERTICAL,Min,VERTICAL 250LT WATER BEIGE,0.0000,Min Level,02 Mar 2025
MIN,V0.25WBG,TANKS VERTICAL,Min,VERTICAL 250LT WATER BIRCH GREY,0.0000,Min Level,02 Mar 2025
MIN,V0.25WBL,TANKS VERTICAL,Min,VERTICAL 250LT WATER BLUE,0.0000,Min Level,02 Mar 2025
MIN,V0.25WBLK,TANKS VERTICAL,Min,VERTICAL 250LT WATER BLACK,0.0000,Min Level,02 Mar 2025
MIN,V0.25WCB,TANKS VERTICAL,Min,VERTICAL 250LT WATER COFFEE BROWN,0.0000,Min Level,02 Mar 2025
MIN,V0.25WDG,TANKS VERTICAL,Min,VERTICAL 250LT WATER DARK GREEN,0.0000,Min Level,02 Mar 2025
MIN,V0.25WJDG,TANKS VERTICAL,Min,VERTICAL 250LT WATER J/D GREEN,0.0000,Min Level,02 Mar 2025
MIN,V0.25WN,TANKS VERTICAL,Min,VERTICAL 250LT WATER NATURAL,0.0000,Min Level,02 Mar 2025
MIN,V0.25WPB,TANKS VERTICAL,Min,VERTICAL 250LT WATER PATH BLUE,0.0000,Min Level,02 Mar 2025
MIN,V0.25WSG,TANKS VERTICAL,Min,VERTICAL 250LT WATER SAGE GREEN,0.0000,Min Level,02 Mar 2025
MIN,V0.25WSGS,SECONDS,Min,VERTICAL 250LT WATER SAGE GREEN SECONDS,0.0000,Min Level,02 Mar 2025
MIN,V0.25WY,TANKS VERTICAL,Min,VERTICAL 250LT WATER YELLOW,0.0000,Min Level,02 Mar 2025
MIN,V0.25WYS,SECONDS,Min,VERTICAL 250LT WATER YELLOW SECONDS,0.0000,Min Level,02 Mar 2025
MIN,V0.5EHBL,TANKS VERTICAL,Min,VERTICAL 500LT EXTRA HEAVY BLUE,0.0000,Min Level,02 Mar 2025
MIN,V0.5EHBLK,TANKS VERTICAL,Min,VERTICAL 500LT EXTRA HEAVY BLACK,0.0000,Min Level,02 Mar 2025
MIN,V0.5EHDG,TANKS VERTICAL,Min,VERTICAL 500LT EXTRA HEAVY DARK GREEN,0.0000,Min Level,02 Mar 2025
MIN,V0.5EHN,TANKS VERTICAL,Min,VERTICAL 500LT EXTRA HEAVY NATURAL,0.0000,Min Level,02 Mar 2025
MIN,V0.5EHR,TANKS VERTICAL,Min,VERTICAL 500LT EXTRA HEAVY RED,0.0000,Min Level,02 Mar 2025
MIN,V0.5EHSG,TANKS VERTICAL,Min,VERTICAL 500LT EXTRA HEAVY SAGE GREEN,0.0000,Min Level,02 Mar 2025
MIN,V0.5EHY,TANKS VERTICAL,Min,VERTICAL 500LT EXTRA HEAVY YELLOW,0.0000,Min Level,02 Mar 2025
MIN,V0.5HBL,TANKS VERTICAL,Min,VERTICAL 500LT HEAVY BLUE,0.0000,Min Level,02 Mar 2025
MIN,V0.5HBLK,TANKS VERTICAL,Min,VERTICAL 500LT HEAVY BLACK,0.0000,Min Level,02 Mar 2025
MIN,V0.5HCB,TANKS VERTICAL,Min,VERTICAL 500LT HEAVY COFFEE BROWN,0.0000,Min Level,02 Mar 2025
MIN,V0.5HDG,TANKS VERTICAL,Min,VERTICAL 500LT HEAVY DARK GREEN,0.0000,Min Level,02 Mar 2025
MIN,V0.5HGR,TANKS VERTICAL,Min,VERTICAL 500LT HEAVY GREY,0.0000,Min Level,02 Mar 2025
MIN,V0.5HN,TANKS VERTICAL,Min,VERTICAL 500LT HEAVY NATURAL,0.0000,Min Level,02 Mar 2025
MIN,V0.5HR,TANKS VERTICAL,Min,VERTICAL 500LT HEAVY RED,0.0000,Min Level,02 Mar 2025
MIN,V0.5HSG,TANKS VERTICAL,Min,VERTICAL 500LT HEAVY SAGE GREEN,0.0000,Min Level,02 Mar 2025
MIN,V0.5HSY,SECONDS,Min,VERTICAL 500LT HEAVY SECONDS YELLOW,0.0000,Min Level,02 Mar 2025
MIN,V0.5HY,TANKS VERTICAL,Min,VERTICAL 500LT HEAVY YELLOW,0.0000,Min Level,02 Mar 2025
MIN,V0.5MCB,TANKS VERTICAL,Min,VERTICAL 500LT MEDIUM COFFEE BROWN,0.0000,Min Level,02 Mar 2025
MIN,V0.5MN,TANKS VERTICAL,Min,VERTICAL 500LT MEDIUM NATURAL,0.0000,Min Level,02 Mar 2025
MIN,V0.5MS,SECONDS,Min,VERTICAL 500LT MEDIUM SECONDS,0.0000,Min Level,02 Mar 2025
MIN,V0.5WB,TANKS VERTICAL,Min,VERTICAL 500LT WATER BEIGE,0.0000,Min Level,02 Mar 2025
MIN,V0.5WBL,TANKS VERTICAL,Min,VERTICAL 500LT WATER BLUE,0.0000,Min Level,02 Mar 2025
MIN,V0.5WBLKS,SECONDS,Min,VERTICAL 500LT WATER BLACK SECONDS,0.0000,Min Level,02 Mar 2025
MIN,V0.5WCB,TANKS VERTICAL,Min,VERTICAL 500LT WATER COFFEE BROWN,0.0000,Min Level,02 Mar 2025
MIN,V0.5WDG,TANKS VERTICAL,Min,VERTICAL 500LT WATER DARK GREEN 7424,0.0000,Min Level,02 Mar 2025
MIN,V0.5WGR,TANKS VERTICAL,Min,VERTICAL 500LT WATER GREY,0.0000,Min Level,02 Mar 2025
MIN,V0.5WHK,TANKS VERTICAL,Min,VERTICAL 500LT WATER HENRED KHAKI,0.0000,Min Level,02 Mar 2025
MIN,V0.5WN,TANKS VERTICAL,Min,VERTICAL 500LT WATER NATURAL,0.0000,Min Level,02 Mar 2025
MIN,V0.5WSB,SECONDS,Min,VERTICAL 500LT WATER SECONDS BEIGE,0.0000,Min Level,02 Mar 2025
MIN,V0.5WSG,TANKS VERTICAL,Min,VERTICAL 500LT WATER SAGE GREEN,0.0000,Min Level,02 Mar 2025
MIN,V0.5WSGS,SECONDS,Min,VERTICAL 500LT WATER SAGE GREEN SECONDS,0.0000,Min Level,02 Mar 2025
MIN,V1.0EHBLK,TANKS VERTICAL,Min,VERTICAL 1000LT EXTRA HEAVY BLACK,0.0000,Min Level,02 Mar 2025
MIN,V1.0EHN,TANKS VERTICAL,Min,VERTICAL 1000LT EXTRA HEAVY NATURAL,0.0000,Min Level,02 Mar 2025
MIN,V1.0HBL,TANKS VERTICAL,Min,VERTICAL 1000LT HEAVY BLUE,0.0000,Min Level,02 Mar 2025
MIN,V1.0HBLK,TANKS VERTICAL,Min,VERTICAL 1000LT HEAVY BLACK,0.0000,Min Level,02 Mar 2025
MIN,V1.0HDG,TANKS VERTICAL,Min,VERTICAL 1000LT HEAVY DARK GREEN,0.0000,Min Level,02 Mar 2025
MIN,V1.0HN,TANKS VERTICAL,Min,VERTICAL 1000LT HEAVY NATURAL,0.0000,Min Level,02 Mar 2025
MIN,V1.0HR,TANKS VERTICAL,Min,VERTICAL 1000LT HEAVY RED,0.0000,Min Level,02 Mar 2025
MIN,V1.0HS,SECONDS,Min,VERTICAL 1000LT HEAVY SECOND,0.0000,Min Level,02 Mar 2025
MIN,V1.0HSG,TANKS VERTICAL,Min,VERTICAL 1000LT HEAVY SAGE GREEN,0.0000,Min Level,02 Mar 2025
MIN,V1.0HY,TANKS VERTICAL,Min,VERTICAL 1000LT HEAVY YELLOW,0.0000,Min Level,02 Mar 2025
MIN,V1.0MBL,TANKS VERTICAL,Min,VERTICAL 1000LT MEDIUM BLUE,0.0000,Min Level,02 Mar 2025
MIN,V1.0MBLK,TANKS VERTICAL,Min,VERTICAL 1000LT MEDIUM BLACK,0.0000,Min Level,02 Mar 2025
MIN,V1.0MDG,TANKS VERTICAL,Min,VERTICAL 1000LT MEDIUM DARK GREEN,0.0000,Min Level,02 Mar 2025
MIN,V1.0MN,TANKS VERTICAL,Min,VERTICAL 1000LT MEDIUM NATURAL,0.0000,Min Level,02 Mar 2025
MIN,V1.0MNS,SECONDS,Min,VERTICAL 1000LT MEDIUM SECONDS NATURAL,0.0000,Min Level,02 Mar 2025
MIN,V1.0MSBLK,SECONDS,Min,VERTICAL 1000LT MEDIUM SECONDS BLACK,0.0000,Min Level,02 Mar 2025
MIN,V1.0MSG,TANKS VERTICAL,Min,VERTICAL 1000LT MEDIUM SAGE GREEN,0.0000,Min Level,02 Mar 2025
MIN,V1.0MSSG,SECONDS,Min,VERTICAL 1000LT MEDIUM SECOND SAGE GREEN,0.0000,Min Level,02 Mar 2025
MIN,V1.0WB,TANKS VERTICAL,Min,VERTICAL 1000LT WATER BEIGE,0.0000,Min Level,02 Mar 2025
MIN,V1.0WBL,TANKS VERTICAL,Min,VERTICAL 1000LT WATER BLUE,0.0000,Min Level,02 Mar 2025
MIN,V1.0WBLK,TANKS VERTICAL,Min,VERTICAL 1000LT WATER BLACK,0.0000,Min Level,02 Mar 2025
MIN,V1.0WCB,TANKS VERTICAL,Min,VERTICAL 1000LT WATER COFFEE BROWN,0.0000,Min Level,02 Mar 2025
MIN,V1.0WDG,TANKS VERTICAL,Min,VERTICAL 1000LT WATER DARK GREEN,0.0000,Min Level,02 Mar 2025
MIN,V1.0WDGR,TANKS VERTICAL,Min,VERTICAL 1000LT WATER DARK GREY,0.0000,Min Level,02 Mar 2025
MIN,V1.0WDGS,SECONDS,Min,VERTICAL 1000LT WATER SECONDS DARK GREEN,0.0000,Min Level,02 Mar 2025
MIN,V1.0WGR,TANKS VERTICAL,Min,VERTICAL 1000LT WATER GREY,0.0000,Min Level,02 Mar 2025
MIN,V1.0WJDG,TANKS VERTICAL,Min,VERTICAL 1000LT WATER J/D GREEN,0.0000,Min Level,02 Mar 2025
MIN,V1.0WN,TANKS VERTICAL,Min,VERTICAL 1000LT WATER NATURAL,0.0000,Min Level,02 Mar 2025
MIN,V1.0WR,TANKS VERTICAL,Min,VERTICAL 1000LT WATER RED,0.0000,Min Level,02 Mar 2025
MIN,V1.0WSB,SECONDS,Min,VERTICAL 1000LT WATER SECONDS BEIGE,0.0000,Min Level,02 Mar 2025
MIN,V1.0WSBL,SECONDS,Min,VERTICAL 1000LT WATER SECONDS BLUE,0.0000,Min Level,02 Mar 2025
MIN,V1.0WSCB,SECONDS,Min,VERTICAL 1000LT WATER SECONDS COFFEE BRN,0.0000,Min Level,02 Mar 2025
MIN,V1.0WSG,TANKS VERTICAL,Min,VERTICAL 1000LT WATER SAGE GREEN,0.0000,Min Level,02 Mar 2025
MIN,V1.0WSJDG,SECONDS,Min,VERTICAL 1000LT WATER SECONDS J/D GREEN,0.0000,Min Level,02 Mar 2025
MIN,V1.0WSSG,SECONDS,Min,VERTICAL 1000LT WATER SECONDS SAGE GREEN,0.0000,Min Level,02 Mar 2025
MIN,V1.0WSY,SECONDS,Min,VERTICAL 1000LT WATER SECONDS YELLOW,0.0000,Min Level,02 Mar 2025
MIN,V1.0WY,TANKS VERTICAL,Min,VERTICAL 1000LT WATER YELLOW,0.0000,Min Level,02 Mar 2025
MIN,V1.5EHBLK,TANKS VERTICAL,Min,VERTICAL 1500LT EXTRA HEAVY BLACK,0.0000,Min Level,02 Mar 2025
MIN,V1.5EHSG,TANKS VERTICAL,Min,VERTICAL 1500LT EXTRA HEAVY SAGE GREEN,0.0000,Min Level,02 Mar 2025
MIN,V1.5EHSSG,SECONDS,Min,VERTICAL 1500LT E/HEAVY SECONDS S/GREEN,0.0000,Min Level,02 Mar 2025
MIN,V1.5HBL,TANKS VERTICAL,Min,VERTICAL 1500LT HEAVY BLUE,0.0000,Min Level,02 Mar 2025
MIN,V1.5HBLK,TANKS VERTICAL,Min,VERTICAL 1500LT HEAVY BLACK,0.0000,Min Level,02 Mar 2025
MIN,V1.5HDG,TANKS VERTICAL,Min,VERTICAL 1500LT HEAVY DARK GREEN,0.0000,Min Level,02 Mar 2025
MIN,V1.5HN,TANKS VERTICAL,Min,VERTICAL 1500LT HEAVY NATURAL,0.0000,Min Level,02 Mar 2025
MIN,V1.5HSBLK,SECONDS,Min,VERTICAL 1500LT HEAVY SECONDS BLACK,0.0000,Min Level,02 Mar 2025
MIN,V1.5HSG,TANKS VERTICAL,Min,VERTICAL 1500LT HEAVY SAGE GREEN,0.0000,Min Level,02 Mar 2025
MIN,V1.5HSSG,SECONDS,Min,VERTICAL 1500LT HEAVY SECONDS SAGE GREEN,0.0000,Min Level,02 Mar 2025
MIN,V1.5HY,TANKS VERTICAL,Min,VERTICAL 1500LT HEAVY YELLOW,0.0000,Min Level,02 Mar 2025
MIN,V1.5MBLK,TANKS VERTICAL,Min,VERTICAL 1500LT MEDIUM BLACK,0.0000,Min Level,02 Mar 2025
MIN,V1.5MDG,TANKS VERTICAL,Min,VERTICAL 1500LT MEDIUM DARK GREEN,0.0000,Min Level,02 Mar 2025
MIN,V1.5MN,TANKS VERTICAL,Min,VERTICAL 1500LT MEDIUM NATURAL,0.0000,Min Level,02 Mar 2025
MIN,V1.5MSN,SECONDS,Min,VERTICAL 1500LT MEDIUM SECONDS NATURAL,0.0000,Min Level,02 Mar 2025
MIN,V1.5MSY,SECONDS,Min,VERTICAL 1500LT MEDIUM SECONDS YELLOW,0.0000,Min Level,02 Mar 2025
MIN,V1.5WB,TANKS VERTICAL,Min,VERTICAL 1500LT WATER BEIGE,0.0000,Min Level,02 Mar 2025
MIN,V1.5WBL,TANKS VERTICAL,Min,VERTICAL 1500LT WATER BLUE,0.0000,Min Level,02 Mar 2025
MIN,V1.5WCB,TANKS VERTICAL,Min,VERTICAL 1500LT WATER COFFEE BROWN,0.0000,Min Level,02 Mar 2025
MIN,V1.5WCBS,SECONDS,Min,VERTICAL 1500LT WATER COFF BROWN SECONDS,0.0000,Min Level,02 Mar 2025
MIN,V1.5WDG,TANKS VERTICAL,Min,VERTICAL 1500LT WATER DARK GREEN,0.0000,Min Level,02 Mar 2025
MIN,V1.5WDGS,SECONDS,Min,VERTICAL 1500LT WATER DARK GREEN SECONDS,0.0000,Min Level,02 Mar 2025
MIN,V1.5WGR,TANKS VERTICAL,Min,VERTICAL 1500LT WATER GREY,0.0000,Min Level,02 Mar 2025
MIN,V1.5WGRS,SECONDS,Min,VERTICAL 1500LT WATER GREY SECONDS,0.0000,Min Level,02 Mar 2025
MIN,V1.5WN,TANKS VERTICAL,Min,VERTICAL 1500LT WATER NATURAL,0.0000,Min Level,02 Mar 2025
MIN,V1.5WSG,TANKS VERTICAL,Min,VERTICAL 1500LT WATER SAGE GREEN,0.0000,Min Level,02 Mar 2025
MIN,V1.5WSGS,SECONDS,Min,VERTICAL 1500LT WATER SAGE GREEN SECONDS,0.0000,Min Level,02 Mar 2025
MIN,V10.0EH,TANKS VERTICAL,Min,VERTICAL 10 000LT EXTRA HEAVY,0.0000,Min Level,02 Mar 2025
MIN,V10.0EHSSG,SECONDS,Min,V 10 000LT EXTRA HEAVY SECOND SAGE GREEN,0.0000,Min Level,02 Mar 2025
MIN,V10.0HB,TANKS VERTICAL,Min,VERTICAL 10 000LT HEAVY BEIGE,0.0000,Min Level,02 Mar 2025
MIN,V10.0HBL,TANKS VERTICAL,Min,VERTICAL 10 000LT HEAVY BLUE,0.0000,Min Level,02 Mar 2025
MIN,V10.0HDG,TANKS VERTICAL,Min,VERTICAL 10 000LT HEAVY DARK GREEN,0.0000,Min Level,02 Mar 2025
MIN,V10.0HGR,TANKS VERTICAL,Min,VERTICAL 10 000LT HEAVY GREY,0.0000,Min Level,02 Mar 2025
MIN,V10.0HJDG,TANKS VERTICAL,Min,VERTICAL 10 000LT HEAVY JOHN DEERE GREEN,0.0000,Min Level,02 Mar 2025
MIN,V10.0HN,TANKS VERTICAL,Min,VERTICAL 10 000LT HEAVY NATURAL,0.0000,Min Level,02 Mar 2025
MIN,V10.0HS,SECONDS,Min,VERTICAL 10 000LT HEAVY SECONDS,0.0000,Min Level,02 Mar 2025
MIN,V10.0HSG,TANKS VERTICAL,Min,VERTICAL 10 000LT HEAVY SAGE GREEN,0.0000,Min Level,02 Mar 2025
MIN,V10.0MBL,TANKS VERTICAL,Min,VERTICAL 10 000LT MEDIUM BLUE,0.0000,Min Level,02 Mar 2025
MIN,V10.0MDG,TANKS VERTICAL,Min,VERTICAL 10 000LT MEDIUM DARK GREEN,0.0000,Min Level,02 Mar 2025
MIN,V10.0MHK,TANKS VERTICAL,Min,VERTICAL 10 000LT MEDIUM HENRED KHAKI,0.0000,Min Level,02 Mar 2025
MIN,V10.0MJDGS,SECONDS,Min,VERTICAL 10000LT MEDIUM J/D GREEN SECOND,0.0000,Min Level,02 Mar 2025
MIN,V10.0MJDGULTRA,TANKS VERTICAL,Min,VERTICAL 10 000LT MEDIUM J/D GREEN ULTRA,0.0000,Min Level,02 Mar 2025
MIN,V10.0MN,TANKS VERTICAL,Min,VERTICAL 10 000LT MEDIUM NATURAL,0.0000,Min Level,02 Mar 2025
MIN,V10.0MR,TANKS VERTICAL,Min,VERTICAL 10 000LT MEDIUM RED,0.0000,Min Level,02 Mar 2025
MIN,V10.0MSG,TANKS VERTICAL,Min,VERTICAL 10 000LT MEDIUM SAGE GREEN,0.0000,Min Level,02 Mar 2025
MIN,V10.0MSSG,SECONDS,Min,V 10 000LT MEDIUM SECONDS SAGE GREEN,0.0000,Min Level,02 Mar 2025
MIN,V10.0WB,TANKS VERTICAL,Min,VERTICAL 10 000LT WATER BEIGE,0.0000,Min Level,02 Mar 2025
MIN,V10.0WBL,TANKS VERTICAL,Min,VERTICAL 10 000LT WATER BLUE,0.0000,Min Level,02 Mar 2025
MIN,V10.0WBLK,TANKS VERTICAL,Min,VERTICAL 10 000LT WATER BLACK,0.0000,Min Level,02 Mar 2025
MIN,V10.0WBR,TANKS VERTICAL,Min,VERTICAL 10 000LT WATER BROWN,0.0000,Min Level,02 Mar 2025
MIN,V10.0WBS,SECONDS,Min,VERTICAL 10 000LT WATER BEIGE SECONDS,0.0000,Min Level,02 Mar 2025
MIN,V10.0WCB,TANKS VERTICAL,Min,VERTICAL 10 000LT WATER COFFEE BROWN,0.0000,Min Level,02 Mar 2025
MIN,V10.0WCG,TANKS VERTICAL,Min,VERTICAL 10 000LT WATER CAPE GREEN,0.0000,Min Level,02 Mar 2025
MIN,V10.0WDG,TANKS VERTICAL,Min,VERTICAL 10 000LT WATER DARK GREEN,0.0000,Min Level,02 Mar 2025
MIN,V10.0WGR,TANKS VERTICAL,Min,VERTICAL 10 000LT WATER GREY,0.0000,Min Level,02 Mar 2025
MIN,V10.0WHK,TANKS VERTICAL,Min,VERTICAL 10 000LT WATER HENRED KHAKI,0.0000,Min Level,02 Mar 2025
MIN,V10.0WJDG,TANKS VERTICAL,Min,VERTICAL 10 000LT WATER J/D GREEN,0.0000,Min Level,02 Mar 2025
MIN,V10.0WN,TANKS VERTICAL,Min,VERTICAL 10 000LT WATER NATURAL,0.0000,Min Level,02 Mar 2025
MIN,V10.0WPSG,TANKS VERTICAL,Min,VERTICAL 10 000LT WATER PIGMENT S/GREEN,0.0000,Min Level,02 Mar 2025
MIN,V10.0WR,TANKS VERTICAL,Min,VERTICAL 10 000LT WATER RED,0.0000,Min Level,02 Mar 2025
MIN,V10.0WSG,TANKS VERTICAL,Min,VERTICAL 10 000LT WATER SAGE GREEN,0.0000,Min Level,02 Mar 2025
MIN,V10.0WSGSH,SECONDS,Min,V 10 000LT WATER SAGE GREEN SECONDHAND,0.0000,Min Level,02 Mar 2025
MIN,V10.0WSJDG,SECONDS,Min,VERTICAL 10 000LT WATER SECONDS JD/GREEN,0.0000,Min Level,02 Mar 2025
MIN,V10.0WSSG,SECONDS,Min,VERTICAL 10 000LT WATER SECONDS S/GREEN,0.0000,Min Level,02 Mar 2025
MIN,V10.0WY,TANKS VERTICAL,Min,VERTICAL 10 000LT WATER YELLOW,0.0000,Min Level,02 Mar 2025
MIN,V15.0EHY,TANKS VERTICAL,Min,VERTICAL 15 000LT EXTRA HEAVY YELLOW,0.0000,Min Level,02 Mar 2025
MIN,V15.0HBL,TANKS VERTICAL,Min,VERTICAL 15 000LT HEAVY BLUE,0.0000,Min Level,02 Mar 2025
MIN,V15.0HSG,TANKS VERTICAL,Min,VERTICAL 15 000LT HEAVY SAGE GREEN,0.0000,Min Level,02 Mar 2025
MIN,V15.0M,TANKS VERTICAL,Min,VERTICAL 15 000LT MEDIUM,0.0000,Min Level,02 Mar 2025
MIN,V15.0WB,TANKS VERTICAL,Min,VERTICAL 15 000LT WATER BEIGE,0.0000,Min Level,02 Mar 2025
MIN,V15.0WBL,TANKS VERTICAL,Min,VERTICAL 15 000LT WATER BLUE,0.0000,Min Level,02 Mar 2025
MIN,V15.0WDG,TANKS VERTICAL,Min,VERTICAL 15 000LT WATER DARK GREEN,0.0000,Min Level,02 Mar 2025
MIN,V15.0WGR,TANKS VERTICAL,Min,VERTICAL 15 000LT WATER GREY,0.0000,Min Level,02 Mar 2025
MIN,V2.0EH,TANKS VERTICAL,Min,VERTICAL 2000LT EXTRA HEAVY,0.0000,Min Level,02 Mar 2025
MIN,V2.0H,TANKS VERTICAL,Min,VERTICAL 2000LT HEAVY NATURAL,0.0000,Min Level,02 Mar 2025
MIN,V2.0MBL,TANKS VERTICAL,Min,VERTICAL 2000LT MEDIUM BLUE,0.0000,Min Level,02 Mar 2025
MIN,V2.0MN,TANKS VERTICAL,Min,VERTICAL 2000LT MEDIUM NATURAL,0.0000,Min Level,02 Mar 2025
MIN,V2.0MSBL,SECONDS,Min,VERTICAL 2000LT MEDIUM SECOND BLUE,0.0000,Min Level,02 Mar 2025
MIN,V2.0MSG,TANKS VERTICAL,Min,VERTICAL 2000LT MEDIUM SAGE GREEN,0.0000,Min Level,02 Mar 2025
MIN,V2.0WB,TANKS VERTICAL,Min,VERTICAL 2000LT WATER BEIGE,0.0000,Min Level,02 Mar 2025
MIN,V2.0WBS,SECONDS,Min,VERTICAL 2000LT WATER BEIGE SECONDS,0.0000,Min Level,02 Mar 2025
MIN,V2.0WCB,TANKS VERTICAL,Min,VERTICAL 2000LT WATER COFFEE BROWN,0.0000,Min Level,02 Mar 2025
MIN,V2.0WCBS,SECONDS,Min,VERTICAL 2000LT WATER COFFEE BROWN SECON,0.0000,Min Level,02 Mar 2025
MIN,V2.0WDG,TANKS VERTICAL,Min,VERTICAL 2000LT WATER DARK GREEN,0.0000,Min Level,02 Mar 2025
MIN,V2.0WDGS,SECONDS,Min,VERTICAL 2000LT WATER DARK GREEN SECONDS,0.0000,Min Level,02 Mar 2025
MIN,V2.0WGR,TANKS VERTICAL,Min,VERTICAL 2000LT WATER GREY 816,0.0000,Min Level,02 Mar 2025
MIN,V2.0WJDG,TANKS VERTICAL,Min,VERTICAL 2000LT WATER J/D GREEN,0.0000,Min Level,02 Mar 2025
MIN,V2.0WN,TANKS VERTICAL,Min,VERTICAL 2000LT WATER NATURAL,0.0000,Min Level,02 Mar 2025
MIN,V2.0WSG,TANKS VERTICAL,Min,VERTICAL 2000LT WATER SAGE GREEN,0.0000,Min Level,02 Mar 2025
MIN,V2.0WSGS,SECONDS,Min,VERTICAL 2000LT WATER SAGE GREEN SECONDS,0.0000,Min Level,02 Mar 2025
MIN,V2.2HNS,SECONDS,Min,VERTICAL 2200LT HEAVY NATURAL SECONDS,0.0000,Min Level,02 Mar 2025
MIN,V2.2WB,TANKS VERTICAL,Min,VERTICAL 2200LT WATER BEIGE,0.0000,Min Level,02 Mar 2025
MIN,V2.2WBL,TANKS VERTICAL,Min,VERTICAL 2200LT WATER BLUE,0.0000,Min Level,02 Mar 2025
MIN,V2.2WCB,TANKS VERTICAL,Min,VERTICAL 2200LT WATER COFFEE BROWN,0.0000,Min Level,02 Mar 2025
MIN,V2.2WCBS,SECONDS,Min,VERTICAL 2200LT WATER COFFEE BRW SECONDS,0.0000,Min Level,02 Mar 2025
MIN,V2.2WDG,TANKS VERTICAL,Min,VERTICAL 2200LT WATER DARK GREEN,0.0000,Min Level,02 Mar 2025
MIN,V2.2WGR,TANKS VERTICAL,Min,VERTICAL 2200LT WATER GREY,0.0000,Min Level,02 Mar 2025
MIN,V2.2WGRS,SECONDS,Min,VERTICAL 2200LT WATER GREY SECONDS,0.0000,Min Level,02 Mar 2025
MIN,V2.2WN,TANKS VERTICAL,Min,VERTICAL 2200LT WATER NATURAL,0.0000,Min Level,02 Mar 2025
MIN,V2.2WS,SECONDS,Min,VERTICAL 2200LT WATER BEIGE SECONDS,0.0000,Min Level,02 Mar 2025
MIN,V2.2WSG,TANKS VERTICAL,Min,VERTICAL 2200LT WATER SAGE GREEN,0.0000,Min Level,02 Mar 2025
MIN,V2.5EHBLK,TANKS VERTICAL,Min,VERTICAL 2500LT EXTRA HEAVY BLACK,0.0000,Min Level,02 Mar 2025
MIN,V2.5EHDG,TANKS VERTICAL,Min,VERTICAL 2500LT EXTRA HEAVY DARK GREEN,0.0000,Min Level,02 Mar 2025
MIN,V2.5EHN,TANKS VERTICAL,Min,VERTICAL 2500LT EXTRA HEAVY NATURAL,0.0000,Min Level,02 Mar 2025
MIN,V2.5EHSG,TANKS VERTICAL,Min,VERTICAL 2500LT EXTRA HEAVY SAGE GREEN,0.0000,Min Level,02 Mar 2025
MIN,V2.5EHY,TANKS VERTICAL,Min,VERTICAL 2500LT EXTRA HEAVY YELLOW,0.0000,Min Level,02 Mar 2025
MIN,V2.5HB,TANKS VERTICAL,Min,VERTICAL 2500LT HEAVY BEIGE,0.0000,Min Level,02 Mar 2025
MIN,V2.5HBL,TANKS VERTICAL,Min,VERTICAL 2500LT HEAVY BLUE,0.0000,Min Level,02 Mar 2025
MIN,V2.5HBLK,TANKS VERTICAL,Min,VERTICAL 2500LT HEAVY BLACK,0.0000,Min Level,02 Mar 2025
MIN,V2.5HCB,TANKS VERTICAL,Min,VERTICAL 2500LT HEAVY COFFEE BROWN,0.0000,Min Level,02 Mar 2025
MIN,V2.5HDG,TANKS VERTICAL,Min,VERTICAL 2500LT HEAVY DARK GREEN,0.0000,Min Level,02 Mar 2025
MIN,V2.5HGR,TANKS VERTICAL,Min,VERTICAL 2500LT HEAVY GREY 816,0.0000,Min Level,02 Mar 2025
MIN,V2.5HN,TANKS VERTICAL,Min,VERTICAL 2500LT HEAVY NATURAL,0.0000,Min Level,02 Mar 2025
MIN,V2.5HSG,TANKS VERTICAL,Min,VERTICAL 2500LT HEAVY SAGE GREEN,0.0000,Min Level,02 Mar 2025
MIN,V2.5HSSG,SECONDS,Min,VERTICAL 2500LT HEAVY SECONDS SAGE GREEN,0.0000,Min Level,02 Mar 2025
MIN,V2.5HY,TANKS VERTICAL,Min,VERTICAL 2500LT HEAVY YELLOW,0.0000,Min Level,02 Mar 2025
MIN,V2.5MB,TANKS VERTICAL,Min,VERTICAL 2500LT MEDIUM BEIGE,0.0000,Min Level,02 Mar 2025
MIN,V2.5MBL,TANKS VERTICAL,Min,VERTICAL 2500LT MEDIUM BLUE,0.0000,Min Level,02 Mar 2025
MIN,V2.5MBLK,TANKS VERTICAL,Min,VERTICAL 2500LT MEDIUM BLACK,0.0000,Min Level,02 Mar 2025
MIN,V2.5MDG,TANKS VERTICAL,Min,VERTICAL 2500LT MEDIUM DARK GREEN,0.0000,Min Level,02 Mar 2025
MIN,V2.5MHK,TANKS VERTICAL,Min,VERTICAL 2500LT MEDIUM HENRED KHAKI,0.0000,Min Level,02 Mar 2025
MIN,V2.5MN,TANKS VERTICAL,Min,VERTICAL 2500LT MEDIUM NATURAL,0.0000,Min Level,02 Mar 2025
MIN,V2.5MSBLK,SECONDS,Min,VERTICAL 2500LT MEDIUM SECONDS BLACK,0.0000,Min Level,02 Mar 2025
MIN,V2.5MSG,TANKS VERTICAL,Min,VERTICAL 2500LT MEDIUM SAGE GREEN,0.0000,Min Level,02 Mar 2025
MIN,V2.5MSN,SECONDS,Min,VERTICAL 2500LT MEDIUM SECONDS NATURAL,0.0000,Min Level,02 Mar 2025
MIN,V2.5MY,TANKS VERTICAL,Min,VERTICAL 2500LT MEDIUM YELLOW,0.0000,Min Level,02 Mar 2025
MIN,V2.5WB,TANKS VERTICAL,Min,VERTICAL 2500LT WATER BEIGE,0.0000,Min Level,02 Mar 2025
MIN,V2.5WBL,TANKS VERTICAL,Min,VERTICAL 2500LT WATER BLUE,0.0000,Min Level,02 Mar 2025
MIN,V2.5WBLK,TANKS VERTICAL,Min,VERTICAL 2500LT WATER BLACK,0.0000,Min Level,02 Mar 2025
MIN,V2.5WBSH,SECONDS,Min,VERTICAL 2500LT WATER BEIGE S/HAND,0.0000,Min Level,02 Mar 2025
MIN,V2.5WCB,TANKS VERTICAL,Min,VERTICAL 2500LT WATER COFFEE BROWN,0.0000,Min Level,02 Mar 2025
MIN,V2.5WCBS,SECONDS,Min,V 2500LT WATER COFFEE BROWN SECONDS,0.0000,Min Level,02 Mar 2025
MIN,V2.5WCG,TANKS VERTICAL,Min,VERTICAL 2500LT WATER CAPE GREEN,0.0000,Min Level,02 Mar 2025
MIN,V2.5WDG,TANKS VERTICAL,Min,VERTICAL 2500LT WATER DARK GREEN,0.0000,Min Level,02 Mar 2025
MIN,V2.5WDGR,TANKS VERTICAL,Min,VERTICAL 2500LT WATER DARK GREY (816),0.0000,Min Level,02 Mar 2025
MIN,V2.5WDGS,SECONDS,Min,VERTICAL 2500LT WATER DARK GREEN SECOND,0.0000,Min Level,02 Mar 2025
MIN,V2.5WGR,TANKS VERTICAL,Min,VERTICAL 2500LT WATER GREY,0.0000,Min Level,02 Mar 2025
MIN,V2.5WGRS,SECONDS,Min,VERTICAL 2500LT WATER GREY SECONDS,0.0000,Min Level,02 Mar 2025
MIN,V2.5WHK,TANKS VERTICAL,Min,VERTICAL 2500LT WATER HENRED KHAKI,0.0000,Min Level,02 Mar 2025
MIN,V2.5WJDG,TANKS VERTICAL,Min,VERTICAL 2500LT WATER J/D GREEN,0.0000,Min Level,02 Mar 2025
MIN,V2.5WN,TANKS VERTICAL,Min,VERTICAL 2500LT WATER NATURAL,0.0000,Min Level,02 Mar 2025
MIN,V2.5WR,TANKS VERTICAL,Min,VERTICAL 2500LT WATER RED,0.0000,Min Level,02 Mar 2025
MIN,V2.5WSB,SECONDS,Min,VERTICAL 2500LT WATER SECONDS BEIGE,0.0000,Min Level,02 Mar 2025
MIN,V2.5WSBLK,SECONDS,Min,VERTICAL 2500LT WATER SECONDS BLK,0.0000,Min Level,02 Mar 2025
MIN,V2.5WSG,TANKS VERTICAL,Min,VERTICAL 2500LT WATER SAGE GREEN,0.0000,Min Level,02 Mar 2025
MIN,V2.5WSGSH,SECONDS,Min,VERTICAL 2500LT WATER SAGE GREEN S/HAND,0.0000,Min Level,02 Mar 2025
MIN,V2.5WSJDG,SECONDS,Min,VERTICAL 2500LT WATER SECONDS J/D GREEN,0.0000,Min Level,02 Mar 2025
MIN,V2.5WSSG,SECONDS,Min,VERTICAL 2500LT WATER SECONDS SAGE GREEN,0.0000,Min Level,02 Mar 2025
MIN,V2.5WSY,SECONDS,Min,VERTICAL 2500LT WATER SECONDS YELLOW,0.0000,Min Level,02 Mar 2025
MIN,V2.5WY,TANKS VERTICAL,Min,VERTICAL 2500LT WATER YELLOW,0.0000,Min Level,02 Mar 2025
MIN,V20.0HBL,TANKS VERTICAL,Min,VERTICAL 20 000LT HEAVY BLUE,0.0000,Min Level,02 Mar 2025
MIN,V20.0M,TANKS VERTICAL,Min,VERTICAL 20 000LT MEDIUM,0.0000,Min Level,02 Mar 2025
MIN,V20.0WBL,TANKS VERTICAL,Min,VERTICAL 20 000LT WATER BLUE,0.0000,Min Level,02 Mar 2025
MIN,V20.0WDG,TANKS VERTICAL,Min,VERTICAL 20 000LT WATER DARK GREEN,0.0000,Min Level,02 Mar 2025
MIN,V5.5EH,TANKS VERTICAL,Min,VERTICAL 5500LT EXTRA HEAVY,0.0000,Min Level,02 Mar 2025
MIN,V5.5HBL,TANKS VERTICAL,Min,VERTICAL 5500LT HEAVY BLUE,0.0000,Min Level,02 Mar 2025
MIN,V5.5HDG,TANKS VERTICAL,Min,VERTICAL 5500LT HEAVY DARK GREEN,0.0000,Min Level,02 Mar 2025
MIN,V5.5HGR,TANKS VERTICAL,Min,VERTICAL 5500LT HEAVY GREY,0.0000,Min Level,02 Mar 2025
MIN,V5.5HJDG,TANKS VERTICAL,Min,VERTICAL 5500LT HEAVY JOHN DEERE GREEN,0.0000,Min Level,02 Mar 2025
MIN,V5.5HJDGULTRA,TANKS VERTICAL,Min,VERTICAL 5500LT HEAVY J/D GREEN ULTRASP,0.0000,Min Level,02 Mar 2025
MIN,V5.5HN,TANKS VERTICAL,Min,VERTICAL 5500LT HEAVY NATURAL,0.0000,Min Level,02 Mar 2025
MIN,V5.5HS,SECONDS,Min,VERTICAL 5500LT HEAVY SECONDS,0.0000,Min Level,02 Mar 2025
MIN,V5.5MDG,TANKS VERTICAL,Min,VERTICAL 5500LT MEDIUM DARK GREEN,0.0000,Min Level,02 Mar 2025
MIN,V5.5MJDGULTRA,TANKS VERTICAL,Min,VERTICAL 5500LT MEDIUM J/D GREEN ULTRASP,0.0000,Min Level,02 Mar 2025
MIN,V5.5MN,TANKS VERTICAL,Min,VERTICAL 5500LT MEDIUM NATURAL,0.0000,Min Level,02 Mar 2025
MIN,V5.5MSG,TANKS VERTICAL,Min,VERTICAL 5500LT MEDIUM SAGE GREEN,0.0000,Min Level,02 Mar 2025
MIN,V5.5WB,TANKS VERTICAL,Min,VERTICAL 5500LT WATER BEIGE,0.0000,Min Level,02 Mar 2025
MIN,V5.5WBL,TANKS VERTICAL,Min,VERTICAL 5500LT WATER BLUE,0.0000,Min Level,02 Mar 2025
MIN,V5.5WCB,TANKS VERTICAL,Min,VERTICAL 5500LT WATER COFFEE BROWN,0.0000,Min Level,02 Mar 2025
MIN,V5.5WDG,TANKS VERTICAL,Min,VERTICAL 5500LT WATER DARK GREEN,0.0000,Min Level,02 Mar 2025
MIN,V5.5WGR,TANKS VERTICAL,Min,VERTICAL 5500LT WATER GREY,0.0000,Min Level,02 Mar 2025
MIN,V5.5WR,TANKS VERTICAL,Min,VERTICAL 5500LT WATER RED,0.0000,Min Level,02 Mar 2025
MIN,V5.5WS,SECONDS,Min,VERTICAL 5500LT WATER SECONDS,0.0000,Min Level,02 Mar 2025
MIN,V5.5WSG,TANKS VERTICAL,Min,VERTICAL 5500LT WATER SAGE GREEN,0.0000,Min Level,02 Mar 2025
MIN,V5.5WY,TANKS VERTICAL,Min,VERTICAL 5500LT WATER YELLOW,0.0000,Min Level,02 Mar 2025
MIN,V8.0EH,TANKS VERTICAL,Min,VERTICAL 8000LT EXTRA HEAVY,0.0000,Min Level,02 Mar 2025
MIN,V8.0HBL,TANKS VERTICAL,Min,VERTICAL 8000LT HEAVY BLUE,0.0000,Min Level,02 Mar 2025
MIN,V8.0HS,SECONDS,Min,VERTICAL 8000LT HEAVY SECONDS,0.0000,Min Level,02 Mar 2025
MIN,V8.0HDG,TANKS VERTICAL,Min,VERTICAL 8000LT HEAVY DARK GREEN,0.0000,Min Level,02 Mar 2025
MIN,V8.0MDG,TANKS VERTICAL,Min,VERTICAL 8000LT MEDIUM DARK GREEN,0.0000,Min Level,02 Mar 2025
MIN,V8.0MS,SECONDS,Min,VERTICAL 8000LT MEDIUM SECOND,0.0000,Min Level,02 Mar 2025
MIN,V8.0MSG,TANKS VERTICAL,Min,VERTICAL 8000LT MEDIUM SAGE GREEN,0.0000,Min Level,02 Mar 2025
MIN,V8.0WB,TANKS VERTICAL,Min,VERTICAL 8000LT WATER BEIGE,0.0000,Min Level,02 Mar 2025
MIN,V8.0WBL,TANKS VERTICAL,Min,VERTICAL 8000LT WATER BLUE,0.0000,Min Level,02 Mar 2025
MIN,V8.0WCB,TANKS VERTICAL,Min,VERTICAL 8000LT WATER COFFEE BROWN,0.0000,Min Level,02 Mar 2025
MIN,V8.0WDG,TANKS VERTICAL,Min,VERTICAL 8000LT WATER DARK GREEN,0.0000,Min Level,02 Mar 2025
MIN,V8.0WDGS,SECONDS,Min,VERTICAL 8000LT WATER DARK GREEN SECONDS,0.0000,Min Level,02 Mar 2025
MIN,V8.0WGR,TANKS VERTICAL,Min,VERTICAL 8000LT WATER GREY,0.0000,Min Level,02 Mar 2025
MIN,V8.0WN,TANKS VERTICAL,Min,VERTICAL 8000LT WATER NATURAL,0.0000,Min Level,02 Mar 2025
MIN,V8.0WSG,TANKS VERTICAL,Min,VERTICAL 8000LT WATER SAGE GREEN,0.0000,Min Level,02 Mar 2025
MIN,V8.0WSSG,SECONDS,Min,VERTICAL 8000LT WATER SECONDS SAGE GREEN,0.0000,Min Level,02 Mar 2025
MIN,VB10.0WB,TANKS VERTICAL,Min,VERTICAL 10 000LT BUDGET WATER BEIGE,0.0000,Min Level,02 Mar 2025
MIN,VB10.0WCB,TANKS VERTICAL,Min,VERTICAL 10000LT BUDGET WATER COFF BROWN,0.0000,Min Level,02 Mar 2025
MIN,VB10.0WDG,TANKS VERTICAL,Min,VERTICAL 10000LT BUDGET WATER DARK GREEN,0.0000,Min Level,02 Mar 2025
MIN,VB10.0WJDG,TANKS VERTICAL,Min,VERTICAL 10 000LT BUDGET WATER J/D GREEN,0.0000,Min Level,02 Mar 2025
MIN,VB10.0WSG,TANKS VERTICAL,Min,VERTICAL 10 000LT BUDGET WATER SAGE GREE,0.0000,Min Level,02 Mar 2025
MIN,VB2.5WB,TANKS VERTICAL,Min,VERTICAL BUDGET 2500L WATER BEIGE,0.0000,Min Level,02 Mar 2025
MIN,VB2.5WCB,TANKS VERTICAL,Min,VERTICAL BUDGET 2500L WATER COFFEE BROWN,0.0000,Min Level,02 Mar 2025
MIN,VB2.5WDG,TANKS VERTICAL,Min,VERTICAL BUDGET 2500L WATER DARK GREEN,0.0000,Min Level,02 Mar 2025
MIN,VB2.5WG,TANKS VERTICAL,Min,VERTICAL BUDGET 2500L WATER GREY,0.0000,Min Level,02 Mar 2025
MIN,VB2.5WG29708,TANKS VERTICAL,Min,VERTICAL BUDGET 2500L WATER GREY 29708,0.0000,Min Level,02 Mar 2025
MIN,VBD5.0WB,TANKS VERTICAL,Min,V 5000LT BUDGET DUMPIE WATER BEIGE,0.0000,Min Level,02 Mar 2025
MIN,VBD5.0WB916,TANKS VERTICAL,Min,V 5000LT BUDGET DUMPIE WATER BEIGE 916,0.0000,Min Level,02 Mar 2025
MIN,VBD5.0WBL,TANKS VERTICAL,Min,V 5000LT BUDGET DUMPIE WATER BLUE,0.0000,Min Level,02 Mar 2025
MIN,VBD5.0WBLK,TANKS VERTICAL,Min,V 5000LT BUDGET DUMPIE WATER BLACK,0.0000,Min Level,02 Mar 2025
MIN,VBD5.0WBSH,SECONDS,Min,V 5000LT BDGET DUMPIE WATER BEIGE S/HAND,0.0000,Min Level,02 Mar 2025
MIN,VBD5.0WCB,TANKS VERTICAL,Min,V5000LT BUDGET DUMPIE WATER COFFEE BROWN,0.0000,Min Level,02 Mar 2025
MIN,VBD5.0WDG,TANKS VERTICAL,Min,V 5000LT BUDGET DUMPIE WATER DARK GREEN,0.0000,Min Level,02 Mar 2025
MIN,VBD5.0WGR,TANKS VERTICAL,Min,V 5000LT BUDGET DUMPIE WATER GREY,0.0000,Min Level,02 Mar 2025
MIN,VBD5.0WHK,TANKS VERTICAL,Min,V5000LT BUDGET DUMPIE WATER HENRED KHAKI,0.0000,Min Level,02 Mar 2025
MIN,VBD5.0WJDG,TANKS VERTICAL,Min,V 5000LT BUDGET DUMPIE WATER J/D GREEN,0.0000,Min Level,02 Mar 2025
MIN,VBD5.0WR,TANKS VERTICAL,Min,V 5000LT BUDGET DUMPIE WATER RED,0.0000,Min Level,02 Mar 2025
MIN,VBD5.0WSB,SECONDS,Min,V5000LT BUDGET DUMPIE WATER SECONDS BEIG,0.0000,Min Level,02 Mar 2025
MIN,VBD5.0WSBLK,SECONDS,Min,V 5000LT BUDGET DUMPIE WATER SECONDS BLK,0.0000,Min Level,02 Mar 2025
MIN,VBD5.0WSCB,SECONDS,Min,V5000LT BUDG DUMP WATER SECOND COF BRWN,0.0000,Min Level,02 Mar 2025
MIN,VBD5.0WSDG,SECONDS,Min,V5000 BUDGET DUMPIE WATER SECOND D/GREEN,0.0000,Min Level,02 Mar 2025
MIN,VBD5.0WSG,TANKS VERTICAL,Min,V 5000LT BUDGET DUMPIE WATER SAGE GREEN,0.0000,Min Level,02 Mar 2025
MIN,VBD5.0WSGR,SECONDS,Min,V 5000LT BUDGET DUMPIE WATER SECOND GREY,0.0000,Min Level,02 Mar 2025
MIN,VBD5.0WSSG,SECONDS,Min,V5000 BUDGET DUMPIE WATER SECOND S/GREEN,0.0000,Min Level,02 Mar 2025
MIN,VBD5.0WY,TANKS VERTICAL,Min,V 5000LT BUDGET DUMPIE WATER YELLOW,0.0000,Min Level,02 Mar 2025
MIN,VD5.0EH,TANKS VERTICAL,Min,V DUMPIE 5000LT EXTRA HEAVY NATURAL,0.0000,Min Level,02 Mar 2025
MIN,VD5.0HBL,TANKS VERTICAL,Min,V DUMPIE 5000LT HEAVY BLUE,0.0000,Min Level,02 Mar 2025
MIN,VD5.0HBLK,TANKS VERTICAL,Min,V DUMPIE 5000LT HEAVY BLACK,0.0000,Min Level,02 Mar 2025
MIN,VD5.0HN,TANKS VERTICAL,Min,V DUMPIE 5000LT HEAVY NATURAL,0.0000,Min Level,02 Mar 2025
MIN,VD5.0HSG,TANKS VERTICAL,Min,V DUMPIE 5000LT HEAVY SAGE GREEN,0.0000,Min Level,02 Mar 2025
MIN,VD5.0HSGR,SECONDS,Min,V DUMPIE 5000LT HEAVY GREY SECONDS,0.0000,Min Level,02 Mar 2025
MIN,VD5.0HY,TANKS VERTICAL,Min,V DUMPIE 5000LT HEAVY YELLOW,0.0000,Min Level,02 Mar 2025
MIN,VD5.0M,TANKS VERTICAL,Min,V DUMPIE 5000LT MEDIUM BLUE,0.0000,Min Level,02 Mar 2025
MIN,VD5.0MDG,TANKS VERTICAL,Min,V DUMPIE 5000LT MEDIUM DARK GREEN,0.0000,Min Level,02 Mar 2025
MIN,VD5.0MN,TANKS VERTICAL,Min,V DUMPIE 5000LT MEDIUM NATURAL,0.0000,Min Level,02 Mar 2025
MIN,VD5.0MNS,SECONDS,Min,V DUMPIE 5000LT MEDIUM NATURAL SECONDS,0.0000,Min Level,02 Mar 2025
MIN,VD5.0MSG,TANKS VERTICAL,Min,V DUMPIE 5000LT MEDIUM SAGE GREEN,0.0000,Min Level,02 Mar 2025
MIN,VD5.0WB,TANKS VERTICAL,Min,VERTICAL 5000LT DUMPIE BEIGE,0.0000,Min Level,02 Mar 2025
MIN,VD5.0WBL,TANKS VERTICAL,Min,VERTICAL 5000LT DUMPIE BLUE,0.0000,Min Level,02 Mar 2025
MIN,VD5.0WBLK,TANKS VERTICAL,Min,VERTICAL 5000LT DUMPIE BLACK,0.0000,Min Level,02 Mar 2025
MIN,VD5.0WBS,SECONDS,Min,V 5000LT DUMPIE WATER SECONDS BEIGE,0.0000,Min Level,02 Mar 2025
MIN,VD5.0WCB,TANKS VERTICAL,Min,VERTICAL 5000LT DUMPIE COFFEE BROWN,0.0000,Min Level,02 Mar 2025
MIN,VD5.0WCBS,SECONDS,Min,VERTICAL 5000LT DUMPIE COFFEE BRWN SECON,0.0000,Min Level,02 Mar 2025
MIN,VD5.0WCG,TANKS VERTICAL,Min,VERTICAL 5000LT DUMPIE CHARCOAL GREY,0.0000,Min Level,02 Mar 2025
MIN,VD5.0WDG,TANKS VERTICAL,Min,VERTICAL 5000LT DUMPIE DARK GREEN,0.0000,Min Level,02 Mar 2025
MIN,VD5.0WDGSH,SECONDS,Min,VERTICAL 5000LT DUMPIE DARK GREEN S/HAND,0.0000,Min Level,02 Mar 2025
MIN,VD5.0WGP,TANKS VERTICAL,Min,V 5000LT DUMPIE NATURAL WITH GREEN PIGM,0.0000,Min Level,02 Mar 2025
MIN,VD5.0WGR,TANKS VERTICAL,Min,VERTICAL 5000LT DUMPIE GREY,0.0000,Min Level,02 Mar 2025
MIN,VD5.0WJDG,TANKS VERTICAL,Min,VERTICAL 5000LT DUMPIE J/D GREEN,0.0000,Min Level,02 Mar 2025
MIN,VD5.0WJDGSH,SECONDS,Min,VERTICAL 5000LT DUMPIE J/D GREEN S/HAND,0.0000,Min Level,02 Mar 2025
MIN,VD5.0WN,TANKS VERTICAL,Min,VERTICAL 5000LT DUMPIE NATURAL,0.0000,Min Level,02 Mar 2025
MIN,VD5.0WP,TANKS VERTICAL,Min,VERTICAL 5000LT DUMPIE PINK,0.0000,Min Level,02 Mar 2025
MIN,VD5.0WPUR,TANKS VERTICAL,Min,VERTICAL 5000LT DUMPIE PURPLE,0.0000,Min Level,02 Mar 2025
MIN,VD5.0WSDG,SECONDS,Min,V5000LT DUMPIE WATER SECONDS DARK GREEN,0.0000,Min Level,02 Mar 2025
MIN,VD5.0WSG,TANKS VERTICAL,Min,VERTICAL 5000LT DUMPIE SAGE GREEN,0.0000,Min Level,02 Mar 2025
MIN,VD5.0WSGR,SECONDS,Min,V5000LT DUMPIE WATER SECONDS GREY,0.0000,Min Level,02 Mar 2025
MIN,VD5.0WSGS,SECONDS,Min,V 5000LT DUMPIE WATER SECOND SAGE GREEN,0.0000,Min Level,02 Mar 2025
MIN,VD5.0WSJDG,SECONDS,Min,V5000LT DUMPIE WATER SECONDS J/D GREEN,0.0000,Min Level,02 Mar 2025
MIN,VD5.0WSN,SECONDS,Min,V5000LT DUMPIE WATER SECONDS NATURAL,0.0000,Min Level,02 Mar 2025
MIN,VD5.0WY,TANKS VERTICAL,Min,VERTICAL 5000LT DUMPIE YELLOW,0.0000,Min Level,02 Mar 2025
MIN,VE0.25WDG,TANKS VERTICAL,Min,VERTICAL ECO 250LT WATER DARK GREEN,0.0000,Min Level,02 Mar 2025
MIN,VE5.0CB,CUSTOM,Min,VERTICAL EASY WATER 5000LT COFFEE BROWN,0.0000,Min Level,02 Mar 2025
MIN,VEW0.25B,CUSTOM,Min,VERTICAL EASY WATER 250LT COFFEE BROWN,0.0000,Min Level,02 Mar 2025
MIN,VEW0.5B,CUSTOM,Min,VERTICAL EASY WATER 500LT COFFEE BROWN,0.0000,Min Level,02 Mar 2025
MIN,VEW1.0B,CUSTOM,Min,VERTICAL EASY WATER 1000LT COFFEE BROWN,0.0000,Min Level,02 Mar 2025
MIN,VEW1.5B,CUSTOM,Min,VERTICAL EASY WATER 1500LT COFFEE BROWN,0.0000,Min Level,02 Mar 2025
MIN,VEW10.0B,CUSTOM,Min,VERTICAL EASY WATER 10 000LT COFFEE BROW,0.0000,Min Level,02 Mar 2025
MIN,VEW2.5B,CUSTOM,Min,VERTICAL EASY WATER 2500LT COFFEE BROWN,0.0000,Min Level,02 Mar 2025
MIN,VEW5.0CB,CUSTOM,Min,VERTICAL EASY WATER 5000LT COFFEE BROWN,0.0000,Min Level,02 Mar 2025
MIN,VEW5.5B,CUSTOM,Min,VERTICAL EASY WATER 5500LT COFFEE BROWN,0.0000,Min Level,02 Mar 2025
MIN,VEW8.0CB,CUSTOM,Min,VERTICAL EASY WATER 8000L COFFEE BROWN,0.0000,Min Level,02 Mar 2025
MIN,VEWSLIMJILLCB,CUSTOM,Min,EASY WATER SLIMJILL COFFEE BROWN,0.0000,Min Level,02 Mar 2025
MIN,VH0.5WB,URBAN WATER,Min,VERTICAL 500LT HERO WATER BEIGE,0.0000,Min Level,02 Mar 2025
MIN,VH0.5WDG,URBAN WATER,Min,VERTICAL 500LT HERO WATER DARK GREEN,0.0000,Min Level,02 Mar 2025
MIN,VH0.5WGR,URBAN WATER,Min,VERTICAL 500LT HERO WATER GREY,0.0000,Min Level,02 Mar 2025
MIN,VH0.5WSG,URBAN WATER,Min,VERTICAL 500LT HERO WATER SAGE GREEN,0.0000,Min Level,02 Mar 2025
MIN,VH0.5WSGS,SECONDS,Min,VERTICAL 500LT HERO WATER SAGE GR SECOND,0.0000,Min Level,02 Mar 2025
MIN,VH1.5WB,URBAN WATER,Min,VERTICAL 1500LT HERO WATER BEIGE,0.0000,Min Level,02 Mar 2025
MIN,VH1.5WDG,URBAN WATER,Min,VERTICAL 1500LT HERO WATER DARK GREEN,0.0000,Min Level,02 Mar 2025
MIN,VH1.5WDGS,SECONDS,Min,V 1500LT HERO WATER DARK GREEN SECONDS,0.0000,Min Level,02 Mar 2025
MIN,VH1.5WO,URBAN WATER,Min,VERTICAL 1500LT HERO WATER ORANGE,0.0000,Min Level,02 Mar 2025
MIN,VH1.5WSG,URBAN WATER,Min,VERTICAL 1500LT HERO WATER SAGE GREEN,0.0000,Min Level,02 Mar 2025
MIN,VH10.0WB,URBAN WATER,Min,VERTICAL 10 000LT HERO WATER BEIGE,0.0000,Min Level,02 Mar 2025
MIN,VH10.0WBL,URBAN WATER,Min,VERTICAL 10 000LT HERO WATER BLUE,0.0000,Min Level,02 Mar 2025
MIN,VH10.0WDG,URBAN WATER,Min,VERTICAL 10 000LT HERO WATER DARK GREEN,0.0000,Min Level,02 Mar 2025
MIN,VH10.0WGR,URBAN WATER,Min,VERTICAL 10 000LT HERO WATER GREY,0.0000,Min Level,02 Mar 2025
MIN,VH10.0WHK,URBAN WATER,Min,VERTICAL 10 000LT HERO WATER HENRED KHAK,0.0000,Min Level,02 Mar 2025
MIN,VH10.0WJDG,URBAN WATER,Min,VERTICAL 10 000LT HERO WATER J/D GREEN,0.0000,Min Level,02 Mar 2025
MIN,VH10.0WR,URBAN WATER,Min,VERTICAL 10 000LT HERO WATER RED,0.0000,Min Level,02 Mar 2025
MIN,VH10.0WSG,URBAN WATER,Min,VERTICAL 10 000LT HERO WATER SAGE GREEN,0.0000,Min Level,02 Mar 2025
MIN,VU2.5WDG,URBAN WATER,Min,VERTICAL 2500LT URBAN WATER DARK GREEN,0.0000,Min Level,02 Mar 2025
MIN,VH5.0WB,URBAN WATER,Min,VERTICAL 5000LT HERO WATER BEIGE,0.0000,Min Level,02 Mar 2025
MIN,VH5.0WCB,URBAN WATER,Min,VERTICAL 5000LT HERO WATER COFFEE BROWN,0.0000,Min Level,02 Mar 2025
MIN,VH5.0WDG,URBAN WATER,Min,VERTICAL 5000LT HERO WATER DARK GREEN,0.0000,Min Level,02 Mar 2025
MIN,VH5.0WGR,URBAN WATER,Min,VERTICAL 5000LT HERO WATER GREY,0.0000,Min Level,02 Mar 2025
MIN,VH5.0WHK,URBAN WATER,Min,VERTICAL 5000LT HERO WATER HENRED KHAKI,0.0000,Min Level,02 Mar 2025
MIN,VH5.0WS,SECONDS,Min,VERTICAL 5000LT HERO WATER SECOND,0.0000,Min Level,02 Mar 2025
MIN,VH5.0WSG,URBAN WATER,Min,VERTICAL 5000LT HERO WATER SAGE GREEN,0.0000,Min Level,02 Mar 2025
MIN,VS0.25,SCARAB,Min,VERTICAL SCARAB 250LT DB SAGE GREEN,0.0000,Min Level,02 Mar 2025
MIN,VS0.5,SCARAB,Min,VERTICAL SCARAB 500LT DB SAGE GREEN,0.0000,Min Level,02 Mar 2025
MIN,VS0.5B,SCARAB,Min,VERTICAL SCARAB 500LT DB NEL BEIGE,0.0000,Min Level,02 Mar 2025
MIN,VS0.5HK,SCARAB,Min,VERTICAL SCARAB 500LT DB HENRED KHAKI,0.0000,Min Level,02 Mar 2025
MIN,VS1.0,SCARAB,Min,VERTICAL SCARAB 1000LT DB SAGE GREEN,0.0000,Min Level,02 Mar 2025
MIN,VS1.5,SCARAB,Min,VERTICAL SCARAB 1500LT DB SAGE GREEN,0.0000,Min Level,02 Mar 2025
MIN,VS1.5B,SCARAB,Min,VERTICAL SCARAB 1500LT NEL BEIGE,0.0000,Min Level,02 Mar 2025
MIN,VS10.0,SCARAB,Min,VERTICAL SCARAB 10 000LT DB SAGE GREEN,0.0000,Min Level,02 Mar 2025
MIN,VS10.0B,SCARAB,Min,VERTICAL SCARAB 10 000LT DB NEL BEIGE,0.0000,Min Level,02 Mar 2025
MIN,VS10.0HK,SCARAB,Min,VERTICAL SCARAB 10 000LT DB HENRED KHAKI,0.0000,Min Level,02 Mar 2025
MIN,VS2.5,SCARAB,Min,VERTICAL SCARAB 2500LT DB SAGE GREEN,0.0000,Min Level,02 Mar 2025
MIN,VS2.5B,SCARAB,Min,VERTICAL SCARAB 2500LT DB NELBEIGE,0.0000,Min Level,02 Mar 2025
MIN,VS2.5HK,SCARAB,Min,VERTICAL SCARAB 2500LT DB HENRED KHAKI,0.0000,Min Level,02 Mar 2025
MIN,VS5.0,SCARAB,Min,VERTICAL SCARAB 5000LT DB SAGE GREEN,0.0000,Min Level,02 Mar 2025
MIN,VS5.0DG,SCARAB,Min,VERTICAL SCARAB 5000LT DARK GREEN,0.0000,Min Level,02 Mar 2025
MIN,VS5.0HK,SCARAB,Min,VERTICAL SCARAB 5000LT DB HENRED KHAKI,0.0000,Min Level,02 Mar 2025
MIN,VS5.5,SCARAB,Min,VERTICAL SCARAB 5500LT DB SAGE GREEN,0.0000,Min Level,02 Mar 2025
MIN,VS8.0,SCARAB,Min,VERTICAL SCARAB 8000L DB SAGE GREEN,0.0000,Min Level,02 Mar 2025
MIN,VT5.0EH,TANKS VERTICAL,Min,V TALL 5000LT EXTRA HEAVY,0.0000,Min Level,02 Mar 2025
MIN,VT5.0HDG,TANKS VERTICAL,Min,V TALL 5000LT HEAVY DARK GREEN,0.0000,Min Level,02 Mar 2025
MIN,VT5.0HN,TANKS VERTICAL,Min,V TALL 5000LT HEAVY NATURAL,0.0000,Min Level,02 Mar 2025
MIN,VT5.0HSG,TANKS VERTICAL,Min,V TALL 5000LT HEAVY SAGE GREEN,0.0000,Min Level,02 Mar 2025
MIN,VT5.0MBL,TANKS VERTICAL,Min,V TALL 5000LT MEDIUM BLUE,0.0000,Min Level,02 Mar 2025
MIN,VT5.0MDG,TANKS VERTICAL,Min,V TALL 5000LT MEDIUM DARK GREEN,0.0000,Min Level,02 Mar 2025
MIN,VT5.0MN,TANKS VERTICAL,Min,V TALL 5000LT MEDIUM NATURAL,0.0000,Min Level,02 Mar 2025
MIN,VT5.0MSG,TANKS VERTICAL,Min,V TALL 5000LT MEDIUM SAGE GREEN,0.0000,Min Level,02 Mar 2025
MIN,VT5.0WB,TANKS VERTICAL,Min,V TALL 5000LT WATER BEIGE,0.0000,Min Level,02 Mar 2025
MIN,VT5.0WBL,TANKS VERTICAL,Min,V TALL 5000LT WATER BLUE,0.0000,Min Level,02 Mar 2025
MIN,VT5.0WBLK,TANKS VERTICAL,Min,V TALL 5000LT WATER BLACK,0.0000,Min Level,02 Mar 2025
MIN,VT5.0WCB,TANKS VERTICAL,Min,V TALL 5000LT WATER COFFEE BROWN,0.0000,Min Level,02 Mar 2025
MIN,VT5.0WDG,TANKS VERTICAL,Min,V TALL 5000LT WATER DARK GREEN,0.0000,Min Level,02 Mar 2025
MIN,VT5.0WGR,TANKS VERTICAL,Min,V TALL 5000LT WATER GREY,0.0000,Min Level,02 Mar 2025
MIN,VT5.0WJDG,TANKS VERTICAL,Min,V TALL 5000LT WATER J/D GREEN,0.0000,Min Level,02 Mar 2025
MIN,VT5.0WN,TANKS VERTICAL,Min,V TALL 5000LT WATER NATURAL,0.0000,Min Level,02 Mar 2025
MIN,VT5.0WSG,TANKS VERTICAL,Min,V TALL 5000LT WATER SAGE GREEN,0.0000,Min Level,02 Mar 2025
MIN,VT5.0WY,TANKS VERTICAL,Min,V TALL 5000LT WATER YELLOW,0.0000,Min Level,02 Mar 2025
MIN,VTANK,CUSTOM,Min,VEGTECH TANK 750L BROWN PIGMENT,0.0000,Min Level,02 Mar 2025
MIN,VTANKS,SECONDS,Min,VEGTECH TANK 750L SECONDS,0.0000,Min Level,02 Mar 2025
MIN,VUS2.5WB,URBAN WATER,Min,URBAN SLIM 2500LT WATER BEIGE,0.0000,Min Level,02 Mar 2025
MIN,VUS2.5WBLK,URBAN WATER,Min,URBAN SLIM 2500LT WATER BLACK,0.0000,Min Level,02 Mar 2025
MIN,VUS2.5WCB,URBAN WATER,Min,URBAN SLIM 2500LT WATER COFFEE BROWN,0.0000,Min Level,02 Mar 2025
MIN,VUS2.5WGR,URBAN WATER,Min,URBAN SLIM 2500L WATER GREY,0.0000,Min Level,02 Mar 2025
MIN,VUS5.0WB,URBAN WATER,Min,URBAN SLIM 5000L WATER BEIGE,0.0000,Min Level,02 Mar 2025
MIN,VUS5.0WCB,URBAN WATER,Min,URBAN SLIM 5000L WATER COFFEE BROWN,0.0000,Min Level,02 Mar 2025
MIN,VUS5.0WGR,URBAN WATER,Min,URBAN SLIM 5000L WATER GREY,0.0000,Min Level,02 Mar 2025
MIN,VD5.0WBLSTERI,TANKS VERTICAL,Min,VERTICAL 5000LT BLUE STERI TANK,0.0000,Min Level,02 Mar 2025
MIN,APSLID,Fittings,Min,AFRICAN PUMP SOLUTIONS LID,0.0000,Min Level,02 Mar 2025
MIN,BLT-HTG-M08X070,Fittings,Min,XOX HT BOLTS M8X70 G8.8 EI GALV,0.0000,Min Level,02 Mar 2025
MIN,BLT-HTG-M08X150,Fittings,Min,XOX HT BOLTS M8X150 G8.8 EI GALV,0.0000,Min Level,02 Mar 2025
MIN,BLT-HTG-M12X060,Fittings,Min,HT BOLTS M12 X 60 GR . 8.8 EL GALV,0.0000,Min Level,02 Mar 2025
MIN,BLT-HTG-M12X070,Fittings,Min,XOX HT BOLTS M12X70 GR8.8 EI GALV TRUCO,0.0000,Min Level,02 Mar 2025
MIN,BLT-HTG-M12X080,Fittings,Min,XOX HT BOLTS M12X80 GR8.8 EI GALV TRUCO,0.0000,Min Level,02 Mar 2025
MIN,BLT-HTG-M12X150,Fittings,Min,XOX HT BOLTS M12X150 GR8.8 EI GALV TRUCO,0.0000,Min Level,02 Mar 2025
MIN,BLT-HT-M10X060,Consumables,Min,XOX HT BOLT M10 X 6 GR8.8,0.0000,Min Level,02 Mar 2025
MIN,BLT-HT-M12X050,Consumables,Min,XOX M12 X 50 BOLT GR 8.8 BODY BOX,0.0000,Min Level,02 Mar 2025
MIN,BO114F,Fittings,Min,1 1/2 (25MM) SPINWELD FLUSH,0.0000,Min Level,02 Mar 2025
MIN,ECO.Z014.1.1,Fittings,Min,ECO 50/40MM REDUCER,0.0000,Min Level,02 Mar 2025
MIN,ENGM6X15.5X11,Fittings,Min,ENG&IND M6X15.5 X 11 HEX CLOSED END KNURL 6MM BRASS INSERTS,0.0000,Min Level,02 Mar 2025
MIN,HTBOLTM12BLK,Consumables,Min,HT BOLT M12X100 BLACK,0.0000,Min Level,02 Mar 2025
MIN,HTHEXM14,Consumables,Min,XOX HT HEX SET SCREWS M16 X 35 GR 8.8,0.0000,Min Level,02 Mar 2025
MIN,HTM10,Consumables,Min,HT HEX SET SCREWS M10 X50GR 8.8 PART THREAD,0.0000,Min Level,02 Mar 2025
MIN,HTM10NUT,Fittings,Min,HT NUT HT M10 ZINC GR8,0.0000,Min Level,02 Mar 2025
MIN,HTWASHM10,Fittings,Min,HT WASHER M10 ZINC DIN125,0.0000,Min Level,02 Mar 2025
MIN,INSER,Fittings,Min,INSERTS 8MM BRASS,0.0000,Min Level,02 Mar 2025
MIN,L000.11,Fittings,Min,65MM LID - PLAIN,0.0000,Min Level,02 Mar 2025
MIN,L000.8,Fittings,Min,65MM SEAL - STD,0.0000,Min Level,02 Mar 2025
MIN,L125.0,Fittings,Min,125MM LID - VENTED + STD SEAL,0.0000,Min Level,02 Mar 2025
MIN,L125.E,Fittings,Min,125MM LID - PLAIN + ELBOW,0.0000,Min Level,02 Mar 2025
MIN,L250.7,Fittings,Min,250MM SEAL - STD,0.0000,Min Level,02 Mar 2025
MIN,L250.7D,Fittings,Min,250MM SEAL - DIESEL,0.0000,Min Level,02 Mar 2025
MIN,L250.C,Fittings,Min,250MM LID - VENTED,0.0000,Min Level,02 Mar 2025
MIN,L250.CD,Fittings,Min,250MM LID - VENTED WITH CABLE (HERO),0.0000,Min Level,02 Mar 2025
MIN,L250.N/H,Fittings,Min,250MM LID - PLAIN,0.0000,Min Level,02 Mar 2025
MIN,L250.S,Fittings,Min,250MM FILTER SCREEN,0.0000,Min Level,02 Mar 2025
MIN,L350.C,Fittings,Min,350MM LID - VENTED,0.0000,Min Level,02 Mar 2025
MIN,L350.RWH,Fittings,Min,350MM LID - RAINWATER HARVESTING,0.0000,Min Level,02 Mar 2025
MIN,L350.N/H,Fittings,Min,350MM LID PLAIN,0.0000,Min Level,02 Mar 2025
MIN,L450.7,Fittings,Min,450MM SEAL - STD,0.0000,Min Level,02 Mar 2025
MIN,L450.7D,Fittings,Min,450MM SEAL - DIESEL,0.0000,Min Level,02 Mar 2025
MIN,L450.C,Fittings,Min,450MM LID - VENTED,0.0000,Min Level,02 Mar 2025
MIN,L450.CC,Fittings,Min,450MM LID - VENTED WITH CABLE ASSEMBLY,0.0000,Min Level,02 Mar 2025
MIN,L450.COMBO,Fittings,Min,450MM LID - VENTED WITH FILTER SCREEN,0.0000,Min Level,02 Mar 2025
MIN,L450.N/H,Fittings,Min,450MM LID - PLAIN,0.0000,Min Level,02 Mar 2025
MIN,L450.N/HCOMBO,Fittings,Min,450MM LID - PLAIN WITH FILTER SCREEN,0.0000,Min Level,02 Mar 2025
MIN,L450.S,Fittings,Min,450MM FILTER SCREEN,0.0000,Min Level,02 Mar 2025
MIN,L480.C,Fittings,Min,480MM CLIP-0N LID & 2 E-CLIPS,0.0000,Min Level,02 Mar 2025
MIN,L480.COMBO,Fittings,Min,480MM CLIP - ON LID WITH FILTER SCREEN,0.0000,Min Level,02 Mar 2025
MIN,L480.H,Fittings,Min,480MM HORN SET,0.0000,Min Level,02 Mar 2025
MIN,LID,Fittings,Min,VEE PLASTICS 450MM SCREW LID BLACK,0.0000,Min Level,02 Mar 2025
MIN,M12X70,Fittings,Min,XOX M12X70MM GALV BOLT HALF H.T,0.0000,Min Level,02 Mar 2025
MIN,MISG,Fittings,Min,MOULD ON SPRAY GRAPHIC TRENSTAR,0.0000,Min Level,02 Mar 2025
MIN,MOSG,Fittings,Min,ACD SPRAY FOR MOULD IN GRAPHIC,0.0000,Min Level,02 Mar 2025
MIN,MSC-CH-EG05X035,Consumables,Min,XOX MACH SCREW GALV M5X35,0.0000,Min Level,02 Mar 2025
MIN,NUT-HEG-M05,Consumables,Min,XOX HEX NUT GALV M5,0.0000,Min Level,02 Mar 2025
MIN,NUT-HEG-M08,Fittings,Min,XOX HEX NUTS EI GALV M8,0.0000,Min Level,02 Mar 2025
MIN,NUT-HEG-M12-GR8-BLK,Consumables,Min,HEX NUTS M12 DIN934 GR8 BLK,0.0000,Min Level,02 Mar 2025
MIN,POP-AS-3206,Fittings,Min,XOX POP RIVETS AS 3.2 X 0.6,0.0000,Min Level,02 Mar 2025
MIN,POP-AS-3210,Fittings,Min,XOX POP RIVETS 3.2X10MM,0.0000,Min Level,02 Mar 2025
MIN,POP-AS-4830,Fittings,Min,POP RIVETS 48 X 30 ST ALUMINIUM,0.0000,Min Level,02 Mar 2025
MIN,ROD-HT-M12,Consumables,Min,XOX THREADED ROD M12 EN8,0.0000,Min Level,02 Mar 2025
MIN,ROD-HT-M12GR8,Consumables,Min,XOX THREADED ROD M12 GR8.8 ALPAL,0.0000,Min Level,02 Mar 2025
MIN,BB.355.0,Fittings,Min,355MM CLIP-LOCK BAFFLE BALL SET,0.0000,Min Level,02 Mar 2025
MIN,ROTOQUIPCUBE,Fittings,Min,ROTOQUIP FITTINGS CUBE,0.0000,Min Level,02 Mar 2025
MIN,SET-HTG-M05X040,Consumables,Min,XOX HT HEX SET SCREWS M5X40 GR8.8 EI GAL,0.0000,Min Level,02 Mar 2025
MIN,SET-HTG-M12X060,Consumables,Min,XOX HT HEX SET SCREWS M12 X 60 GR 8.8 EI,0.0000,Min Level,02 Mar 2025
MIN,SET-HT-M06X030,Consumables,Min,XOX HT HEX SET SCREWS M6X30 GR8.8 FILTER,0.0000,Min Level,02 Mar 2025
MIN,SET-HT-M14X030,Consumables,Min,XOX HT HEX SCREWS M14X30 GR8.8 BLACK,0.0000,Min Level,02 Mar 2025
MIN,SET-HT-M16X120,Consumables,Min,XOX HT HEX SET SCREWS M16XM120 GR8.8,0.0000,Min Level,02 Mar 2025
MIN,SSRT,Fittings,Min,THEO METAL 19X1.5MM S/S TUBE 6M TRUCOPI,0.0000,Min Level,02 Mar 2025
MIN,STICK,Fittings,Min,STICKERS WARRANTY,0.0000,Min Level,02 Mar 2025
MIN,STICKAGRI1,Fittings,Min,STICKERS AGRINET LABEL ROUND HP,0.0000,Min Level,02 Mar 2025
MIN,STICKAGRI2,Fittings,Min,STICKERS AGRINET LABEL ROUND LP,0.0000,Min Level,02 Mar 2025
MIN,STICKAGRI3,Fittings,Min,STICKERS AGRINET LABEL STEP HP,0.0000,Min Level,02 Mar 2025
MIN,STICKAGRI4,Fittings,Min,STICKERS AGRINET LABEL STEP MP,0.0000,Min Level,02 Mar 2025
MIN,STICKDIY,Fittings,Min,STICKERS DIY SMALL,0.0000,Min Level,02 Mar 2025
MIN,STICKDIYLRG,Fittings,Min,STICKERS DIY LARGE,0.0000,Min Level,02 Mar 2025
MIN,STICKDJEMBE,Fittings,Min,STICKERS DJEMBE,0.0000,Min Level,02 Mar 2025
MIN,STICKH,Fittings,Min,STICKERS HEAVY TANKS,0.0000,Min Level,02 Mar 2025
MIN,STICKM,Fittings,Min,STICKERS MEDIUM TANKS,0.0000,Min Level,02 Mar 2025
MIN,STICKS,Fittings,Min,STICKERS STEWARTS + LLOYDS SMALL,0.0000,Min Level,02 Mar 2025
MIN,TAPBR,Fittings,Min,BROWN PLASTIC BIB TAP 20MM,0.0000,Min Level,02 Mar 2025
MIN,TC015.0,Fittings,Min,15MM MALE BULKHEAD FITTING,0.0000,Min Level,02 Mar 2025
MIN,TC015.5,Fittings,Min,15MM FEMALE BULKHEAD FITTING,0.0000,Min Level,02 Mar 2025
MIN,TC020.0,Fittings,Min,20MM MALE BULKHEAD FITTING,0.0000,Min Level,02 Mar 2025
MIN,TC025.0,Fittings,Min,25MM MALE BULKHEAD FITTING,0.0000,Min Level,02 Mar 2025
MIN,TC025.12,Fittings,Min,20MM FEMALE BULKHEAD FITTING,0.0000,Min Level,02 Mar 2025
MIN,TC025.12Y,Fittings,Min,20MM FEMALE BULKHEAD FITTING YELLOW,0.0000,Min Level,02 Mar 2025
MIN,TC025.B,Fittings,Min,20MM FEMALE BULKHEAD FITTING 2 - WAY,0.0000,Min Level,02 Mar 2025
MIN,TC040.0,Fittings,Min,40MM MALE BULKHEAD FITTING,0.0000,Min Level,02 Mar 2025
MIN,TC040.0D,Fittings,Min,40MM MALE BULKHEAD FITTING DIESEL,0.0000,Min Level,02 Mar 2025
MIN,TC040.100,Fittings,Min,40MM MALE BULKHEAD FITTING CAP,0.0000,Min Level,02 Mar 2025
MIN,TC040.6,Fittings,Min,40MM MALE BULKHEAD FITTING - HERO ROTO,0.0000,Min Level,02 Mar 2025
MIN,TC040.6E,Fittings,Min,40MM MALE B/H/F + ELBOW -HERO ROTO,0.0000,Min Level,02 Mar 2025
MIN,TC040.7,Fittings,Min,40/25MM MALE BULKHEAD FITTING,0.0000,Min Level,02 Mar 2025
MIN,TC040.8.1,Fittings,Min,40MM FEMALE B/H FITTING HEAVY DUTY,0.0000,Min Level,02 Mar 2025
MIN,TC040.8.3,Fittings,Min,40MM FEMALE BULKHEAD FITTING,0.0000,Min Level,02 Mar 2025
MIN,TC040.8P,Fittings,Min,PINK FEMALE B/H FITTING,0.0000,Min Level,02 Mar 2025
MIN,TC040.8Y,Fittings,Min,40MM FEMALE BULKHEAD FITTING YELLOW,0.0000,Min Level,02 Mar 2025
MIN,TC040.B,Fittings,Min,40MM FEMALE BULKHEAD FITTING 2 - WAY,0.0000,Min Level,02 Mar 2025
MIN,TC040.E,Fittings,Min,40MM MALE BULLKHEAD FITTING+ELBOW,0.0000,Min Level,02 Mar 2025
MIN,ECO.TC040.8.3,Fittings,Min,ECO 40MM FEMALE BULKHEAD FITTING,0.0000,Min Level,02 Mar 2025
MIN,Z014.V,Fittings,Min,50MM VENT WITH ST MESH,0.0000,Min Level,02 Mar 2025
MIN,TC050.0,Fittings,Min,50/40MM MALE BULKHEAD FITTING,0.0000,Min Level,02 Mar 2025
MIN,TC050.100,Fittings,Min,50MM MALE BULKHEAD FITTING CAP,0.0000,Min Level,02 Mar 2025
MIN,TC050.10,Fittings,Min,50MM FEMALE BULKHEAD FITTING,0.0000,Min Level,02 Mar 2025
MIN,TC050.D,Fittings,Min,50/40MM MALE B/H FITTING DIESEL,0.0000,Min Level,02 Mar 2025
MIN,TC050.E,Fittings,Min,50/40MM MALE BULKHEAD FITTING + ELBOW,0.0000,Min Level,02 Mar 2025
MIN,TC050.EL/T,Fittings,Min,50/40MM MALE B/H/F LG. SERIES + ELBOW,0.0000,Min Level,02 Mar 2025
MIN,TC050.LN,Fittings,Min,50/40MM MALE B/H FITTING LONG SERIES,0.0000,Min Level,02 Mar 2025
MIN,TC075.0,Fittings,Min,75MM MALE BULKHEAD FITTING,0.0000,Min Level,02 Mar 2025
MIN,TC075.LN,Fittings,Min,75MM MALE BULKHEAD FITTING LONG SERIES,0.0000,Min Level,02 Mar 2025
MIN,TC100.0,Fittings,Min,100MM MALE BULKHEAD FITTING,0.0000,Min Level,02 Mar 2025
MIN,TSW.015.BSP.W,Fittings,Min,15MM TORNADO SPINWELD FITTING WHITE,0.0000,Min Level,02 Mar 2025
MIN,TSW.015.SG,Fittings,Min,SPINWELD 15MM TORNADO SPLASH GUARD,0.0000,Min Level,02 Mar 2025
MIN,TSW.020.BSP.W,Fittings,Min,20MM TORNADO SPINWELD SPINWELD FITTING WHITE,0.0000,Min Level,02 Mar 2025
MIN,TSW.02025.SG,Fittings,Min,SPINWELD 20/25MM TORNADO SPLASH GUARD,0.0000,Min Level,02 Mar 2025
MIN,TSW.025.BSP.W,Fittings,Min,25MM TORNADO SPINWELD FITTING WHITE,0.0000,Min Level,02 Mar 2025
MIN,TSW.032.BSP.W,Fittings,Min,32MM TORNADO SPINWELD FITTING WHITE,0.0000,Min Level,02 Mar 2025
MIN,TSW.032.SG,Fittings,Min,SPINWELD 32MM TORNADO SPLASH GUARD,0.0000,Min Level,02 Mar 2025
MIN,TSW.040.BSP.W,Fittings,Min,40MM TORNADO SPINWELD FITTING WHITE,0.0000,Min Level,02 Mar 2025
MIN,TSW.040.SG,Fittings,Min,SPINWELD 40MM TORNADO SPLASH GUARD,0.0000,Min Level,02 Mar 2025
MIN,TSW.050.BSP.W,Fittings,Min,50MM TORNADO SPINWELD FITTING WHITE,0.0000,Min Level,02 Mar 2025
MIN,TSW.050.LS.BT.W,Fittings,Min,50MM TORNADO SPINWELD FITTING L.S WHITE,0.0000,Min Level,02 Mar 2025
MIN,TSW.050.SG,Fittings,Min,SPINWELD 50MM TORNADO SPLASH GUARD,0.0000,Min Level,02 Mar 2025
MIN,TUBER,Fittings,Min,FULLY TUBULAR RIVERTS 8 X 15 (FERULES),0.0000,Min Level,02 Mar 2025
MIN,WAS-BOD-G-51616,Fittings,Min,XOX BODY WASHERS EI GALV M5 x16 x1.6,0.0000,Min Level,02 Mar 2025
MIN,WAS-BOD-G-51916,Fittings,Min,WASHERS M05 FLAT GALV 19X16,0.0000,Min Level,02 Mar 2025
MIN,WAS-BON-M6X019,Fittings,Min,BONDED WASHERS M6X19,0.0000,Min Level,02 Mar 2025
MIN,Y600.0,Fittings,Min,CABLE ASSEMBLY STD (450mm LID),0.0000,Min Level,02 Mar 2025
MIN,Z001.V,Fittings,Min,175MM LID-VENTED + STD SEAL,0.0000,Min Level,02 Mar 2025
MIN,Z004.1,Fittings,Min,160MM LID - VENTED + STD SEAL,0.0000,Min Level,02 Mar 2025
MIN,Z010,Fittings,Min,40/20MM REDUCER,0.0000,Min Level,02 Mar 2025
MIN,Z014.0,Fittings,Min,50/40MM REDUCER,0.0000,Min Level,02 Mar 2025
MIN,Z014.4,Fittings,Min,40MM THUMB PLUG,0.0000,Min Level,02 Mar 2025
MIN,Z019,Fittings,Min,16X2 COUPLER,0.0000,Min Level,02 Mar 2025
MIN,Z020,Fittings,Min,16X16 COUPLER,0.0000,Min Level,02 Mar 2025
MIN,Z080,Fittings,Min,70MM OVERFLOW VENT - FLAT,0.0000,Min Level,02 Mar 2025
MIN,MORTZS0350A,PIGMENTS,Min,MORTZ PIGMENT WHITE S0350A,0.0000,Min Level,02 Mar 2025
MIN,MORTZT0728A,PIGMENTS,Min,MORTZ PIGMENT YELLOW T0728A,0.0000,Min Level,02 Mar 2025
MIN,MORTZU1536A,PIGMENTS,Min,MORTZ PIGMENT ORANGE U1536A,0.0000,Min Level,02 Mar 2025
MIN,MORTZX0931A,PIGMENTS,Min,MORTZ PIGMENT GREEN X0931A,0.0000,Min Level,02 Mar 2025
MIN,MORTZY0594A,PIGMENTS,Min,MORTZ PIGMENT BROWN Y0594A,0.0000,Min Level,02 Mar 2025
MIN,MORTZY0630A,PIGMENTS,Min,MORTZ PIGMENT BLACK Y0630A,0.0000,Min Level,02 Mar 2025
MIN,PBROWN,PIGMENTS,Min,XXPIGMENT - BROWN X28491,0.0000,Min Level,02 Mar 2025
MIN,Y5004,PIGMENTS,Min,MERCURY PLASTICS YELLOW Y5004,0.0000,Min Level,02 Mar 2025
MIN,ACDB,RAW MATERIAL,Min,ACD H359 NEL BEIGE,0.0000,Min Level,02 Mar 2025
MIN,ACDB916,RAW MATERIAL,Min,ACD H359 BEIGE 916,0.0000,Min Level,02 Mar 2025
MIN,ACDBG,RAW MATERIAL,Min,ACD H359 BIRCH GREY,0.0000,Min Level,02 Mar 2025
MIN,ACDBLK,RAW MATERIAL,Min,ACD H509 BLACK 20 UV,0.0000,Min Level,02 Mar 2025
MIN,ACDBO,RAW MATERIAL,Min,ACD H359 BRONZE OLIVE,0.0000,Min Level,02 Mar 2025
MIN,ACDCB,RAW MATERIAL,Min,ACD H359 COFFEE BROWN,0.0000,Min Level,02 Mar 2025
MIN,ACDCGR,RAW MATERIAL,Min,ACD H359 CHARCOAL GREY 29708,0.0000,Min Level,02 Mar 2025
MIN,ACDDGR,RAW MATERIAL,Min,ACD H359 DARK GREY 816,0.0000,Min Level,02 Mar 2025
MIN,ACDDRKG,RAW MATERIAL,Min,ACD H359 DARK GREEN,0.0000,Min Level,02 Mar 2025
MIN,ACDFOAM,RAW MATERIAL,Min,ACD H100 FOAM MATERMIX 10,0.0000,Min Level,02 Mar 2025
MIN,ACDGR,RAW MATERIAL,Min,ACD H359 JOHN DEERE GREEN 33403,0.0000,Min Level,02 Mar 2025
MIN,ACDHRK,RAW MATERIAL,Min,ACD HENRED KHAKI,0.0000,Min Level,02 Mar 2025
MIN,ACDLG,RAW MATERIAL,Min,ACD H359 LIME GREEN,0.0000,Min Level,02 Mar 2025
MIN,ACDLGR,RAW MATERIAL,Min,ACD H359 LIGHT GREY 817,0.0000,Min Level,02 Mar 2025
MIN,ACDMB,RAW MATERIAL,Min,ACD H359 MAC BLUE,0.0000,Min Level,02 Mar 2025
MIN,ACDYM,RAW MATERIAL,Min,ACD H359 MAC YELLOW,0.0000,Min Level,02 Mar 2025
MIN,ACDN,RAW MATERIAL,Min,ACD H359 NATURAL UV,0.0000,Min Level,02 Mar 2025
MIN,ACDPINK,RAW MATERIAL,Min,ACD H359 CANCER PINK,0.0000,Min Level,02 Mar 2025
MIN,ACDPUR,RAW MATERIAL,Min,ACD H359 PURPLE,0.0000,Min Level,02 Mar 2025
MIN,ACDRED,RAW MATERIAL,Min,ACD H359 RED 256,0.0000,Min Level,02 Mar 2025
MIN,ACDSG,RAW MATERIAL,Min,ACD H359 SAGE GREEN,0.0000,Min Level,02 Mar 2025
MIN,ACDTANG,RAW MATERIAL,Min,ACD H359 TANGERINE,0.0000,Min Level,02 Mar 2025
MIN,ACDW,RAW MATERIAL,Min,ACD H359 WHITE 05,0.0000,Min Level,02 Mar 2025
MIN,ACDYRB,RAW MATERIAL,Min,ACD H359 YELLOW RB,0.0000,Min Level,02 Mar 2025
MIN,ACDZS,RAW MATERIAL,Min,ACD ZINC STERATE,0.0000,Min Level,02 Mar 2025
MIN,DWTMCGR,RAW MATERIAL,Min,DREAMWEAVER MARBLE CEMENT GREY,0.0000,Min Level,02 Mar 2025
MIN,KPCSBLK,RAW MATERIAL,Min,KAINOTOMIA BLACK UV,0.0000,Min Level,02 Mar 2025
MIN,KPCSCB,RAW MATERIAL,Min,KAINOTOMIA COFFEE BROWN,0.0000,Min Level,02 Mar 2025
MIN,KPCSDG,RAW MATERIAL,Min,KAINOTOMIA DARK GREEN,0.0000,Min Level,02 Mar 2025
MIN,KPCSDGR,RAW MATERIAL,Min,KAINOTOMIA DARK GREY,0.0000,Min Level,02 Mar 2025
MIN,KPCSMB,RAW MATERIAL,Min,KAINOTOMIA MAC BLUE,0.0000,Min Level,02 Mar 2025
MIN,KPCSMY,RAW MATERIAL,Min,KAINOTOMIA MAC YELLOW,0.0000,Min Level,02 Mar 2025
MIN,KPCSNB,RAW MATERIAL,Min,KAINOTOMIA NEL BEIGE,0.0000,Min Level,02 Mar 2025
MIN,KPCST,RAW MATERIAL,Min,KAINOTOMIA TANGERINE,0.0000,Min Level,02 Mar 2025
MIN,PEBRECYCLE,RAW MATERIAL,Min,PER BIN RECYCLING,0.0000,Min Level,02 Mar 2025
MIN,ACDFOAMPEL,RAW MATERIAL,Min,ACD FOAM PELLET 1-SHOT,0.0000,Min Level,02 Mar 2025
MIN,STAN10,INDUSTRIAL,Min,TANK STAND 10 000L,0.0000,Min Level,02 Mar 2025
MIN,TANKS0.6,INDUSTRIAL,Min,TANK STAND 0.6M 5000LT 60x60 RED OXIDE,0.0000,Min Level,02 Mar 2025
MIN,TANKS0.6B,INDUSTRIAL,Min,TANK STAND 0.6M 250LT 750 x750 RED OXIDE,0.0000,Min Level,02 Mar 2025
MIN,TANKSCON,INDUSTRIAL,Min,TANK STAND CONICAL,0.0000,Min Level,02 Mar 2025
MIN,DAWNCW05,URBAN FURNITURE,Min,DAWN CHAIR WHITE 05,0.0000,Min Level,02 Mar 2025
MIN,DAWNTW05,URBAN FURNITURE,Min,DAWN COFFEE TABLE WHITE 05,0.0000,Min Level,02 Mar 2025
MIN,FPR,URBAN GARDEN,Min,FLOWER POT RED,0.0000,Min Level,02 Mar 2025
MIN,FPDG,URBAN GARDEN,Min,FLOWER POT DARK GREY 816,0.0000,Min Level,02 Mar 2025
MIN,RC1.8R,ROAD,Min,1.8M ROAD CONE RED,0.0000,Min Level,02 Mar 2025
MIN,RC1.8Y,ROAD,Min,1.8M ROAD CONE YELLOW,0.0000,Min Level,02 Mar 2025
MIN,RC1.8BL,ROAD,Min,1.8M ROAD CONE BLUE,0.0000,Min Level,02 Mar 2025
MIN,RC1.8N,ROAD,Min,1.8M ROAD CONE NATURAL,0.0000,Min Level,02 Mar 2025
MIN,RC1.8O,ROAD,Min,1.8M ROAD CONE ORANGE,0.0000,Min Level,02 Mar 2025
MIN,MBSR,MONEYBOXES,Min,MONEY BOX SMALL RED,0.0000,Min Level,02 Mar 2025
MIN,MBSP,MONEYBOXES,Min,MONEY BOX SMALL PINK,0.0000,Min Level,02 Mar 2025
MIN,MBSBL,MONEYBOXES,Min,MONEY BOX SMALL BLUE,0.0000,Min Level,02 Mar 2025
MIN,MBSDG,MONEYBOXES,Min,MONEY BOX SMALL DARK GREEN,0.0000,Min Level,02 Mar 2025
MIN,MBSY,MONEYBOXES,Min,MONEY BOX SMALL YELLOW,0.0000,Min Level,02 Mar 2025
MIN,ACDP32320,PIGMENTS,Min,ACD DARK GREEN 208 PIGMENT,0.0000,Min Level,02 Mar 2025
MIN,ECO.TC0050.10,Fittings,Min,ECO 50MM FEMALE BULKHEAD FITTING,0.0000,Min Level,02 Mar 2025
MIN,TC015.0D,Fittings,Min,15MM MALE BULKHEAD FITTING DIESEL,0.0000,Min Level,02 Mar 2025
MIN,PCOMPMILLING,RAW MATERIAL,Min,PLASTICOMP MILLING,0.0000,Min Level,02 Mar 2025
MIN,USPNB,URBAN WATER,Min,URBAN SLIM ELECTRIC PUMP COVER NEL BEIGE,0.0000,Min Level,02 Mar 2025
MIN,TC032.2,Fittings,Min,32MM FEMALE BULKHEAD FITTING,0.0000,Min Level,02 Mar 2025
MIN,TC025.C,Fittings,Min,25MM FEMALE BULKHEAD FITTING 2-WAY,0.0000,Min Level,02 Mar 2025
MIN,TC016.0,Fittings,Min,20/15MM FEMALE BULKHEAD FITTING 2-WAY,0.0000,Min Level,02 Mar 2025
MIN,TC032.0,Fittings,Min,32MM MALE BULKHEAD FITTING,0.0000,Min Level,02 Mar 2025
MIN,Z110.C,Fittings,Min,GRAINFEEDER SET,0.0000,Min Level,02 Mar 2025
MIN,Z024.0,Fittings,Min,LABYRINTH VENT - BOLT ON,0.0000,Min Level,02 Mar 2025
MIN,Z040.3,Fittings,Min,40MM FLOAT VALVE + 2 - WAY BH,0.0000,Min Level,02 Mar 2025
MIN,SCRAPB01,RAW MATERIAL,Min,SCRAP BOUGHT,0.0000,Min Level,02 Mar 2025
MIN,V0.25WR,TANKS VERTICAL,Min,VERTICAL 250LT WATER RED,0.0000,Min Level,02 Mar 2025
MIN,TRUCOT.1050.450,TRUCO,Min,TRUCO PIPE 1050 OD 450 ID ORANGE HALF,0.0000,Min Level,02 Mar 2025
MIN,ACDY18UV,RAW MATERIAL,Min,ACD H359 HERO YELLOW 18 UV REBLEND,0.0000,Min Level,02 Mar 2025
MIN,LSTRMP,INDUSTRIAL,Min,LARGE STEP TANK 650L RED MED PRESSURE,0.0000,Min Level,02 Mar 2025
MIN,STAKOY1500,CUSTOM,Min,STAKO 1500L YELLOW TANK,0.0000,Min Level,02 Mar 2025
MIN,H0.5WN,TANKS HORIZONTAL,Min,HORIZONTAL 500L WATER NATURAL,0.0000,Min Level,02 Mar 2025
MIN,RBGR816,POOL,Min,ROCK BOX GREY 816,0.0000,Min Level,02 Mar 2025
MIN,HEPCMDGS,SECONDS,Min,HERO ELECTRIC PUMP COVER MEDIUM DARK GREEN SECONDS,0.0000,Min Level,02 Mar 2025
MIN,CTS,Fittings,Min,POOL FILTER STEEL RINGS,0.0000,Min Level,02 Mar 2025
MIN,SCR-TEK,Fittings,Min,HT SELF DRILLING 12 X 30 HEX HEAD,0.0000,Min Level,02 Mar 2025
MIN,SLIMJOHNSTGR,TANKS VERTICAL,Min,SLIMJOHN STONE GRANITE,0.0000,Min Level,02 Mar 2025
MIN,HTFAN10X11,Fittings,Min,HITEC FURNITURE ANCHOR/NUT M10X11,0.0000,Min Level,02 Mar 2025
MIN,AGRI310100,Fittings,Min,GP LAWN BALL VALVE 100MM,0.0000,Min Level,02 Mar 2025
MIN,L125.7,Fittings,Min,125MM LID - PLAIN,0.0000,Min Level,02 Mar 2025
MIN,SETM12X30,Consumables,Min,SET H M12 X 30 DIN933 GR8.8 BLK,0.0000,Min Level,02 Mar 2025
MIN,SET-HT-M12X50,Consumables,Min,SET HT M12X50 DIN933 GR8.8 BLK,0.0000,Min Level,02 Mar 2025
MIN,SET-HT-M20X80,Consumables,Min,SET HT M20X80 GR8.8 BLK,0.0000,Min Level,02 Mar 2025
MIN,NUT-HT-M16,Consumables,Min,NUT HT HEX M16 DIN934 GR8 BLK,0.0000,Min Level,02 Mar 2025
MIN,NUT-HT-M20,Consumables,Min,NUT HT HEX M20 DIN934 GR8 BLK,0.0000,Min Level,02 Mar 2025
MIN,SET-HT-M20X70,Consumables,Min,SET HT M20X70 GR8.8 BLK,0.0000,Min Level,02 Mar 2025
MIN,WAS-FLAT-M12-BLK,Consumables,Min,FLAT WASHER DIN125 M12 PLAIN/BLK,0.0000,Min Level,02 Mar 2025
MIN,BOLTM8,Fittings,Min,BOLTS M8X150 GR8.8 GALV PART THREAD,0.0000,Min Level,02 Mar 2025
MIN,Z040.1,Fittings,Min,15MM FLOAT VALVE + 2 - WAY BH,0.0000,Min Level,02 Mar 2025
MIN,Z040.2,Fittings,Min,25MM FLOAT VALVE + 2 - WAY BH,0.0000,Min Level,02 Mar 2025
MIN,NUT-HEG-M12-GALV,Fittings,Min,NUT HT HEX M12 GALV,0.0000,Min Level,02 Mar 2025
MIN,H0.7WO,CUSTOM,Min,HORIZONTAL FUEL TRAILERS 700L WATER ORANGE,0.0000,Min Level,02 Mar 2025
MIN,A6HP,CUSTOM,Min,AGRI 600LT TANK RED HIGH PRESSURE,0.0000,Min Level,02 Mar 2025
MIN,TRUCOT.820.355,TRUCO,Min,TRUCO PIPE 820 OD 355 ID ORANGE HALF,0.0000,Min Level,02 Mar 2025
MIN,SLIMJIMCB,TANKS VERTICAL,Min,SLIMJIM COFFEE BROWN,0.0000,Min Level,02 Mar 2025
MIN,SLIMJOHNN,TANKS VERTICAL,Min,SLIMJOHN NATURAL,0.0000,Min Level,02 Mar 2025
MIN,HEPCLP,INDUSTRIAL,Min,HERO ELECTRIC PUMP COVER LARGE PURPLE,0.0000,Min Level,02 Mar 2025
MIN,LSTRHP,INDUSTRIAL,Min,LARGE STEP TANK 650L RED HIGH PRESSURE,0.0000,Min Level,02 Mar 2025
MIN,SET-HT-M10X60,Fittings,Min,SET HT M10X60 GR8.8 ZINC PLT,0.0000,Min Level,02 Mar 2025
MIN,NUT-HT-HEX-M10,Fittings,Min,NUT HT HEX M10 GR8 ZINC PLT,0.0000,Min Level,02 Mar 2025
MIN,WAS-FLAT-M10,Fittings,Min,FLAT WASHER DIN125 M10 ZINC PLT,0.0000,Min Level,02 Mar 2025
MIN,SLIMJIMB,TANKS VERTICAL,Min,SLIMJIM BEIGE,0.0000,Min Level,02 Mar 2025
MIN,SLIMJIMDG,TANKS VERTICAL,Min,SLIMJIM DARK GREEN,0.0000,Min Level,02 Mar 2025
MIN,SLIMJIMGR,TANKS VERTICAL,Min,SLIMJIM GREY 816,0.0000,Min Level,02 Mar 2025
MIN,VB10.0WCG,TANKS VERTICAL,Min,VERTICAL 10 000L BUDGET WATER CHARCOAL GREY 29708,0.0000,Min Level,02 Mar 2025
MIN,V10.0HBO,TANKS VERTICAL,Min,VERTICAL 10 000L HEAVY BRONZE OLIVE,0.0000,Min Level,02 Mar 2025
MIN,V0.25WP,TANKS VERTICAL,Min,VERTICAL 250 WATER PINK,0.0000,Min Level,02 Mar 2025
MIN,V0.25WGR,TANKS VERTICAL,Min,VERTICAL 250 WATER GREY 816,0.0000,Min Level,02 Mar 2025
MIN,WAS-FLAT-M12-ZINC,Fittings,Min,FLAT WASHER DIN125 M12 ZINC PLT,0.0000,Min Level,02 Mar 2025
MIN,TRUCOT.605.110,TRUCO,Min,TRUCO PIPE 605 OD 110 ID ORANGE HALF,0.0000,Min Level,02 Mar 2025
MIN,HALFJACKB,TANKS VERTICAL,Min,HALF JACK WATER BEIGE,0.0000,Min Level,02 Mar 2025
MIN,VD5.0WGRG,TANKS VERTICAL,Min,VERTICAL 5000LT DUMPIE GRANITE GREY,0.0000,Min Level,02 Mar 2025
MIN,SLIMJOHNGRG,TANKS VERTICAL,Min,SLIMJOHN GRANITE GREY,0.0000,Min Level,02 Mar 2025
MIN,V10.0WBO,TANKS VERTICAL,Min,VERTICAL 10 000L WATER BRONZE OLIVE,0.0000,Min Level,02 Mar 2025
MIN,VD5.0WBO,TANKS VERTICAL,Min,VERTICAL 5000LT DUMPIE BRONZE OLIVE,0.0000,Min Level,02 Mar 2025
MIN,V2.5WBO,TANKS VERTICAL,Min,VERTICAL 2500L WATER BRONZE OLIVE,0.0000,Min Level,02 Mar 2025
MIN,H1.0HDG,TANKS HORIZONTAL,Min,HEAVY 1000L DARK GREEN,0.0000,Min Level,02 Mar 2025
MIN,COMBILCB,POOL,Min,COMBI BOX COMPLETE LID COFFEE BROWN,0.0000,Min Level,02 Mar 2025
MIN,KPCSN,RAW MATERIAL,Min,KAINOTOMIA NATURAL,0.0000,Min Level,02 Mar 2025
MIN,KPCSR,RAW MATERIAL,Min,KAINOTOMIA RED UV,0.0000,Min Level,02 Mar 2025
MIN,RESICHEM RF1211,RAW MATERIAL,Min,RESICHEM FOAM RF1211,0.0000,Min Level,02 Mar 2025
MIN,RESICHEM RESINATE,RAW MATERIAL,Min,RESICHEM RESINATE 200,0.0000,Min Level,02 Mar 2025
MIN,V0.5MSG,TANKS VERTICAL,Min,VERTICAL 500L MEDIUM SAGE GREEN,0.0000,Min Level,02 Mar 2025
MIN,PBRPB,POOL,Min,POOL BACK REST PATH BLUE,0.0000,Min Level,02 Mar 2025
MIN,PEDSTYNM,PED,Min,SMALL TOP YELLOW NEW MOULD,0.0000,Min Level,02 Mar 2025
MIN,PEDSBYNM,PED,Min,SMALL BOTTOM YELLOW NEW MOULD,0.0000,Min Level,02 Mar 2025
MIN,PEDSTBNM,PED,Min,SMALL TOP BLUE NEW MOULD,0.0000,Min Level,02 Mar 2025
MIN,PEDSBBNM,PED,Min,SMALL BOTTOM BLUE NEW MOULD,0.0000,Min Level,02 Mar 2025
MIN,COMBILGR,POOL,Min,COMBI BOX COMPLETE LID GREY,0.0000,Min Level,02 Mar 2025
MIN,V10.0WDGS,SECONDS,Min,VERTICAL 10 000L WATER DARK GREEN SECOND,0.0000,Min Level,02 Mar 2025
MIN,UJWFN,CUSTOM,Min,UJ WATER FILTER NATURAL WITH GREEN PIGMENT,0.0000,Min Level,02 Mar 2025
MIN,SET-HT-M12X50Z,Fittings,Min,SET HT M12 X 50 GR8.8 ZINC PLT,0.0000,Min Level,02 Mar 2025
MIN,H6.5HBO,TANKS HORIZONTAL,Min,HORIZONTAL 6500LT HEAVY BRONZE OLIVE,0.0000,Min Level,02 Mar 2025
MIN,H2.5MDG,TANKS HORIZONTAL,Min,HORIZONTAL 2500LT MEDIUM DARK GREEN,0.0000,Min Level,02 Mar 2025
MIN,V2.5HPB,TANKS VERTICAL,Min,VERTICAL 2500LT HEAVY PATH BLUE,0.0000,Min Level,02 Mar 2025
MIN,NUT-HEX-M05,Consumables,Min,NUT MS HEX M05 DIN555 GR5 BLK,0.0000,Min Level,02 Mar 2025
MIN,SET-HT-M05X30,Consumables,Min,SET HT M05/30 DIN933 GR8.8 BLK,0.0000,Min Level,02 Mar 2025
MIN,TRUCOT.605.225,TRUCO,Min,TRUCO PIPE 605 OD 225 ID ORANGE HALF,0.0000,Min Level,02 Mar 2025
MIN,NUT-HEX-M06,Consumables,Min,NUT MS HEX M06 DIN555 GR5 BLK,0.0000,Min Level,02 Mar 2025
MIN,SET-HT-M06X30,Consumables,Min,SET HT M06 X 30 DIN933 GR8.8 BLK,0.0000,Min Level,02 Mar 2025
MIN,TRUCOT.400.110,TRUCO,Min,TRUCO PIPE 400 OD 110 ID ORANGE HALF,0.0000,Min Level,02 Mar 2025
MIN,MP37379P,PIGMENTS,Min,MERCURY PLASTICS GREY PIGMENT,0.0000,Min Level,02 Mar 2025
MIN,SET-HT-M10X30,Consumables,Min,SET HT M10X30 DIN933 GR8.8 BLK,0.0000,Min Level,02 Mar 2025
MIN,SET-HT-M10X50,Consumables,Min,SET HT M10X50 GR8.8 BLK,0.0000,Min Level,02 Mar 2025
MIN,ACDYDS,RAW MATERIAL,Min,ACD FPH3597155 18 DARK YELLOW SPECIAL,0.0000,Min Level,02 Mar 2025
MIN,VB10.0WGR,TANKS VERTICAL,Min,VERTICAL 10000LT BUDGET WATER GREY,0.0000,Min Level,02 Mar 2025
MIN,STAKOYP,CUSTOM,Min,STAKO FIREFIGHT TANK WITH BAFFLE YELLOW PLAIN,0.0000,Min Level,02 Mar 2025
MIN,RULA2LBLK,RULA,Min,RULA 2000L BLACK,0.0000,Min Level,02 Mar 2025
MIN,SLIMJIMHDG,TANKS VERTICAL,Min,SLIMJIM HEAVY DARK GREEN,0.0000,Min Level,02 Mar 2025
MIN,SET-HT-M16X030,Consumables,Min,SET HT M16X030 GR8.8 BLK,0.0000,Min Level,02 Mar 2025
MIN,NUT-HEX-M14,Consumables,Min,NUT HT HEX M14 GR8 BLK,0.0000,Min Level,02 Mar 2025
MIN,H3.5HGR,TANKS HORIZONTAL,Min,HORIZONTAL 3500LT HEAVY GREY 816,0.0000,Min Level,02 Mar 2025
MIN,HIN78.BS,Fittings,Min,78MM HINGE & BACK PLATE SET - BLACK,0.0000,Min Level,02 Mar 2025
MIN,HIN78.WS,Fittings,Min,78MM HINGE & BACK PLATE SET - WHITE,0.0000,Min Level,02 Mar 2025
MIN,TRUCOT.605.140,TRUCO,Min,TRUCO PIPE 605 OD 140 ID ORANGE HALF,0.0000,Min Level,02 Mar 2025
MIN,LSTGR,INDUSTRIAL,Min,LARGE STEP TANK 650L GREY 816,0.0000,Min Level,02 Mar 2025
MIN,TRIPJBO,TANKS VERTICAL,Min,TRIPLEJACK BRONZE OLIVE,0.0000,Min Level,02 Mar 2025
MIN,S2BGR,POOL,Min,STORM FILTER 2BAG GREY 816,0.0000,Min Level,02 Mar 2025
MIN,S2BBLK,POOL,Min,STORM FILTER 2BAG BLACK,0.0000,Min Level,02 Mar 2025
MIN,S3BGR,POOL,Min,STORM FILTER 3BAG GREY 816,0.0000,Min Level,02 Mar 2025
MIN,S3BBLK,POOL,Min,STORM FILTER 3BAG BLACK,0.0000,Min Level,02 Mar 2025
MIN,H2.5MO,TANKS HORIZONTAL,Min,HORIZONTAL 2500LT MEDIUM ORANGE,0.0000,Min Level,02 Mar 2025
MIN,4BB,POOL,Min,FILTER 4 BAG BLACK,0.0000,Min Level,02 Mar 2025
MIN,5BB,POOL,Min,FILTER 5 BAG BLACK,0.0000,Min Level,02 Mar 2025
MIN,BAD3,CUSTOM,Min,BADGER 700L TANK GREY PIGM,0.0000,Min Level,02 Mar 2025
MIN,HEPCMBO,INDUSTRIAL,Min,HERO ELECTRIC PUMP COVER MED BRONZE OLIVE,0.0000,Min Level,02 Mar 2025
MIN,PONDRBLK,URBAN GARDEN,Min,POND ROUND BLACK,0.0000,Min Level,02 Mar 2025
MIN,KPCSRBLK,RAW MATERIAL,Min,KAINOTOMIA RECYCLED BLACK,0.0000,Min Level,02 Mar 2025
MIN,SLIMJILLHK,TANKS VERTICAL,Min,SLIMJILL HENRED KHAKI,0.0000,Min Level,02 Mar 2025
MIN,HEPCMHK,INDUSTRIAL,Min,HERO ELECTRIC PUMP COVER MED HENRED KHAKI,0.0000,Min Level,02 Mar 2025
MIN,HEPCLHK,INDUSTRIAL,Min,HERO ELECTRIC PUMP COVER LRG HENRED KHAKI,0.0000,Min Level,02 Mar 2025
MIN,SLIMJIMHK,TANKS VERTICAL,Min,SLIMJIM HENRED KHAKI,0.0000,Min Level,02 Mar 2025
MIN,SET-HT-M16X070,Consumables,Min,SET HT M16X070 HEX SET SCREWS GR8.8 BLK,0.0000,Min Level,02 Mar 2025
MIN,V0.5EHCB,TANKS VERTICAL,Min,VERTICAL 500LT EXTRA HEAVY COFFEE BROWN,0.0000,Min Level,02 Mar 2025
MIN,V10.0WCGR,TANKS VERTICAL,Min,VERTICAL 10 000LT WATER CHARCOAL GREY 29708,0.0000,Min Level,02 Mar 2025
MIN,TRUCOT.1050.560,TRUCO,Min,TRUCO PIPE 1050 OD 560 ID ORANGE HALF,0.0000,Min Level,02 Mar 2025
MIN,SLIMJIMBLK,TANKS VERTICAL,Min,SLIMJIM BLACK,0.0000,Min Level,02 Mar 2025
MIN,V1.0MCB,TANKS VERTICAL,Min,VERTICAL 1000LT MEDIUM COFFEE BROWN,0.0000,Min Level,02 Mar 2025
MIN,RBSY,ROAD,Min,ARMCO STACKABLE BARRIER 28KG YELLOW,0.0000,Min Level,02 Mar 2025
MIN,DAWNTDGR,URBAN FURNITURE,Min,DAWN COFFEE TABLE DARK GREY 816,0.0000,Min Level,02 Mar 2025
MIN,DAWNTLGR,URBAN FURNITURE,Min,DAWN COFFEE TABLE LIGHT GREY 817,0.0000,Min Level,02 Mar 2025
MIN,DAWNCLGR,URBAN FURNITURE,Min,DAWN CHAIR LIGHT GREY 817,0.0000,Min Level,02 Mar 2025
MIN,RC1.9BLK,ROAD,Min,1.9M ROAD CONE BLACK,0.0000,Min Level,02 Mar 2025
MIN,H0.7WR,CUSTOM,Min,HORIZONTAL FUEL TRAILERS 700L WATER RED,0.0000,Min Level,02 Mar 2025
MIN,RULA4.5LN,RULA,Min,RULA 4500L NATURAL,0.0000,Min Level,02 Mar 2025
MIN,H2.5HBL,TANKS HORIZONTAL,Min,HORIZONTAL 2500LT HEAVY BLUE,0.0000,Min Level,02 Mar 2025
MIN,BAD1MP38169,CUSTOM,Min,BADGER 1000L DYNAMO FLAT MP38169,0.0000,Min Level,02 Mar 2025
MIN,BAD2MP38169,CUSTOM,Min,BADGER 1250L DYNAMO DOME MP38169,0.0000,Min Level,02 Mar 2025
MIN,INS.125,Consumables,Min,125MM ALLUMINIUM LID INSERT,0.0000,Min Level,02 Mar 2025
MIN,RULA3.5LWIT4L,RULA,Min,RULA 3500L WITH INSERT TO 4000L NATURAL,0.0000,Min Level,02 Mar 2025
MIN,V1.0WW,TANKS VERTICAL,Min,VERTICAL 1000L WATER WHITE,0.0000,Min Level,02 Mar 2025
MIN,LYSISPEY,Fittings,Min,LYSIS ON MOULD BRIGHT YELLOW PE PAINT,0.0000,Min Level,02 Mar 2025
MIN,LYSISPEW,Fittings,Min,LYSIS ON MOULD WHITE PE PAINT STENCIL,0.0000,Min Level,02 Mar 2025
MIN,LYSISSPBLK,Fittings,Min,LYSIS STAMP PAD BLACK,0.0000,Min Level,02 Mar 2025
MIN,LYSISSPW,Fittings,Min,LYSIS STAMP PAD WHITE,0.0000,Min Level,02 Mar 2025
MIN,V0.1WBL,URBAN WATER,Min,VERTICAL 100LT WATER TANK BLUE,0.0000,Min Level,02 Mar 2025
MIN,V0.1WDG,URBAN WATER,Min,VERTICAL 100LT WATER TANK DARK GREEN,0.0000,Min Level,02 Mar 2025
MIN,BOLT-HT-M12X200,Fittings,Min,BOLT M12 X 200 HT GALV,0.0000,Min Level,02 Mar 2025
MIN,V2.2MN,TANKS VERTICAL,Min,VERTICAL 2200L MEDIUM NATURAL,0.0000,Min Level,02 Mar 2025
MIN,M4ACBLK,CUSTOM,Min,MANHOLES 4 AFRICA CHAMBER BLACK,0.0000,Min Level,02 Mar 2025
MIN,M4ALBLK,CUSTOM,Min,MANHOLES 4 AFRICA LID BLACK,0.0000,Min Level,02 Mar 2025
MIN,SLIMJOHNBG,TANKS VERTICAL,Min,SLIMJOHN BIRCH GREY,0.0000,Min Level,02 Mar 2025
MIN,V2.5WCGR,TANKS VERTICAL,Min,VERTICAL 2500LT WATER CHARCOAL GREY 29708,0.0000,Min Level,02 Mar 2025
MIN,V2.2HN,TANKS VERTICAL,Min,VERTICAL 2200LT HEAVY NATURAL,0.0000,Min Level,02 Mar 2025
MIN,V15.0HCB,TANKS VERTICAL,Min,VERTICAL 15000L HEAVY COFFEE BROWN,0.0000,Min Level,02 Mar 2025
MIN,V10.0HCB,TANKS VERTICAL,Min,VERTICAL 10000L HEAVY COFFEE BROWN,0.0000,Min Level,02 Mar 2025
MIN,VUS5.0WBO,URBAN WATER,Min,URBAN SLIM 5000L WATER BRONZE OLIVE,0.0000,Min Level,02 Mar 2025
MIN,PIPECRADLEDG,INDUSTRIAL,Min,PIPE CRADLE DARK GREEN,0.0000,Min Level,02 Mar 2025
MIN,PIPECRADLEBLK,INDUSTRIAL,Min,PIPE CRADLE BLACK,0.0000,Min Level,02 Mar 2025
MIN,ACDI,RAW MATERIAL,Min,ACD IVORY,0.0000,Min Level,02 Mar 2025
MIN,SLIMJOHNI,TANKS VERTICAL,Min,SLIMJOHN IVORY,0.0000,Min Level,02 Mar 2025
MIN,TRUCOT.400.90,TRUCO,Min,TRUCO PIPE 400 OD 90 ID ORANGE HALF,0.0000,Min Level,02 Mar 2025
MIN,FPCB,URBAN GARDEN,Min,FLOWER POT COFFEE BROWN,0.0000,Min Level,02 Mar 2025
MIN,ACDVBL,RAW MATERIAL,Min,ACD H359 VODACOM BLUE,0.0000,Min Level,02 Mar 2025
MIN,V2.5WVBL,TANKS VERTICAL,Min,VERTICAL 2500LT WATER VODACOM BLUE,0.0000,Min Level,02 Mar 2025
MIN,RULA5LWIT7.5LN,RULA,Min,RULA 5000L WITH INSERT TO 7500L NATURAL,0.0000,Min Level,02 Mar 2025
MIN,H0.5HGRPIG,TANKS HORIZONTAL,Min,HORIZONTAL 500LT HEAVY GREY PIGMENT,0.0000,Min Level,02 Mar 2025
MIN,HEPCLBO,INDUSTRIAL,Min,HERO ELECTRIC PUMP COVER LRG BRONZE OLIVE,0.0000,Min Level,02 Mar 2025
MIN,V1.0EHR,TANKS VERTICAL,Min,VERTICAL 1000LT EXTRA HEAVY RED,0.0000,Min Level,02 Mar 2025
MIN,V1.0EHBL,TANKS VERTICAL,Min,VERTICAL 1000LT EXTRA HEAVY BLUE,0.0000,Min Level,02 Mar 2025
MIN,V1.5EHR,TANKS VERTICAL,Min,VERTICAL 1500LT EXTRA HEAVY RED,0.0000,Min Level,02 Mar 2025
MIN,V1.5EHBL,TANKS VERTICAL,Min,VERTICAL 1500LT EXTRA HEAVY BLUE,0.0000,Min Level,02 Mar 2025
MIN,V5.5WGR29708,TANKS VERTICAL,Min,VERTICAL 5500LT WATER GREY 29708,0.0000,Min Level,02 Mar 2025
MIN,HEPCMGR29708,INDUSTRIAL,Min,HERO ELECTRIC PUMP COVER MED GREY 29708,0.0000,Min Level,02 Mar 2025
MIN,SLIMJIMBL,TANKS VERTICAL,Min,SLIMJIM MAC BLUE,0.0000,Min Level,02 Mar 2025
MIN,PONDRBL,URBAN GARDEN,Min,POND ROUND MAC BLUE,0.0000,Min Level,02 Mar 2025
MIN,HEPCMBG,INDUSTRIAL,Min,HERO ELECTRIC PUMP COVER MED BIRCH GREY,0.0000,Min Level,02 Mar 2025
MIN,HTBOLTM12X120GALV,Fittings,Min,HT M12 X 120 GALV BOLT,0.0000,Min Level,02 Mar 2025
MIN,HEPCLR,INDUSTRIAL,Min,HERO ELECTRIC PUMP COVER LARGE RED,0.0000,Min Level,02 Mar 2025
MIN,PONDWFDG,URBAN GARDEN,Min,POND WATER FEATURE DARK GREEN,0.0000,Min Level,02 Mar 2025
MIN,H0.5WB,TANKS HORIZONTAL,Min,HORIZONTAL 500LT WATER BEIGE,0.0000,Min Level,02 Mar 2025
MIN,SLIMJIMMDG,TANKS VERTICAL,Min,SLIMJIM MEDIUM DARK GREEN,0.0000,Min Level,02 Mar 2025
MIN,TANKSCADDY,INDUSTRIAL,Min,TANK CADDY STAND,0.0000,Min Level,02 Mar 2025
MIN,V1.0WBO,TANKS VERTICAL,Min,VERTICAL 1000LT WATER BRONZE OLIVE,0.0000,Min Level,02 Mar 2025
MIN,TRIPJMDG,TANKS VERTICAL,Min,TRIPLEJACK MEDIUM DARK GREEN,0.0000,Min Level,02 Mar 2025
MIN,TRUCOT400.60,TRUCO,Min,TRUCO PIPE 400 OD 60 ID ORANGE HALF,0.0000,Min Level,02 Mar 2025
MIN,FPLG,URBAN GARDEN,Min,FLOWER POT LIME GREEN,0.0000,Min Level,02 Mar 2025
MIN,H2.5WMP38169,TANKS HORIZONTAL,Min,HORIZONTAL 2500LT WATER MP38169,0.0000,Min Level,02 Mar 2025
MIN,BOLTM12X120ZPLATE,Fittings,Min,BOLT M12 X 120 HT Z/PLT,0.0000,Min Level,02 Mar 2025
MIN,CB4FT,CUSTOM,Min,COCHRANE 4FT BALL HALF TANGERINE,0.0000,Min Level,02 Mar 2025
MIN,CB5FT,CUSTOM,Min,COCHRANE 5FT BALL HALF TANGERINE,0.0000,Min Level,02 Mar 2025
MIN,TANKS0.3,INDUSTRIAL,Min,TANK STAND 0.3M 5000LT 300x300 RED OXIDE,0.0000,Min Level,02 Mar 2025
MIN,TANKS10.0,INDUSTRIAL,Min,TANK STAND 3M 10 000L,0.0000,Min Level,02 Mar 2025
MIN,V2.5MGR,TANKS VERTICAL,Min,VERTICAL 2500LT MEDIUM GREY 816,0.0000,Min Level,02 Mar 2025
MIN,H2.5WOFT,CUSTOM,Min,HORIZONTAL FUEL TRAILERS 2500L WATER ORANGE WITH BLACK LINING,0.0000,Min Level,02 Mar 2025
MIN,TRIPJGR816,TANKS VERTICAL,Min,TRIPLEJACK GREY 816,0.0000,Min Level,02 Mar 2025
MIN,VD5.0WBG,TANKS VERTICAL,Min,VERTICAL 5000LT DUMPIE BIRCH GREY,0.0000,Min Level,02 Mar 2025
MIN,HEPCMLGR817,INDUSTRIAL,Min,HERO ELECTRIC PUMP COVER MED LIGHT GREY 817,0.0000,Min Level,02 Mar 2025
MIN,V0.1WN,URBAN WATER,Min,VERTICAL 100LT WATER TANK NATURAL,0.0000,Min Level,02 Mar 2025
MIN,V2.2HDG,TANKS VERTICAL,Min,VERTICAL 2200L HEAVY DARK GREEN,0.0000,Min Level,02 Mar 2025
MIN,S2BGR2025,POOL,Min,STORM FILTER 2BAG GREY 816 2025,0.0000,Min Level,02 Mar 2025
MIN,S2BBLK2025,POOL,Min,STORM FILTER 2BAG BLACK 2025,0.0000,Min Level,02 Mar 2025
MIN,S3BGR2025,POOL,Min,STORM FILTER 3BAG GREY 816 2025,0.0000,Min Level,02 Mar 2025
MIN,S3BBLK2025,POOL,Min,STORM FILTER 3BAG BLACK 2025,0.0000,Min Level,02 Mar 2025
MIN,SLIMJOHNLGR817,TANKS VERTICAL,Min,SLIMJOHN LIGHT GREY 817,0.0000,Min Level,02 Mar 2025
MIN,TRIPJLGR817,TANKS VERTICAL,Min,TRIPLEJACK LIGHT GREY 817,0.0000,Min Level,02 Mar 2025
MIN,V2.2EHBLK,TANKS VERTICAL,Min,2.2 EXTRA HEAVY,0.0000,Min Level,02 Mar 2025
MIN,APS120Y,CUSTOM,Min,AFRICAN PUMP SOL 120L TANK YELLOW,0.0000,Min Level,02 Mar 2025
MIN,VU2.5WHK,TANKS VERTICAL,Min,URBAN SLIM 2500LT WATER HENRED KHAKI,0.0000,Min Level,02 Mar 2025
MIN,V2.0WBO,TANKS VERTICAL,Min,VERTICAL 2000LT WATER BRONZE OLIVE,0.0000,Min Level,02 Mar 2025
MIN,KPCSBG,RAW MATERIAL,Min,KAINOTOMIA BIRCH GREY,0.0000,Min Level,02 Mar 2025
MIN,KPCSBO,RAW MATERIAL,Min,KAINOTOMIA BRONZE OLIVE,0.0000,Min Level,02 Mar 2025
MIN,KPCSCGR29708,RAW MATERIAL,Min,KAINOTOMIA CHARCOAL GREY 29708,0.0000,Min Level,02 Mar 2025
MIN,KPCSLG,RAW MATERIAL,Min,KAINOTOMIA LIME GREEN,0.0000,Min Level,02 Mar 2025
JC0002336,VU2.5WHK,TANKS VERTICAL,JC,VERTICAL 2500LT URBAN WATER HENRED KHAKI,-1.0000,2025-02 Week9,28 Feb 2025
PS0002365,V10.0WDG,TANKS VERTICAL,PS,VERTICAL 10 000LT WATER DARK GREEN,-1.0000,2025-02 Week9,28 Feb 2025
PS0002365,TRSPD,DELIVERY CHARGES,PS,TRANSPORT BAND D,-1.0000,2025-02 Week9,28 Feb 2025
PO0001333,ELECTELE,CUSTOM,PO,ELECTRO TELECOMMS TELEBOOTH ORANGE,10.0000,2025-03 Week10,03 Mar 2025
PO0001334,ACDTANG,RAW MATERIAL,PO,ACD H359 TANGERINE,1500.0000,2025-03 Week13,30 Mar 2025
PO0001350,ACDBLK,RAW MATERIAL,PO,ACD H509 BLACK 20 UV,3000.0000,2025-02 Week9,28 Feb 2025
PO0001350,ACDTANG,RAW MATERIAL,PO,ACD H359 TANGERINE,5000.0000,2025-02 Week9,28 Feb 2025
PO0001350,ACDYRB,RAW MATERIAL,PO,ACD H359 YELLOW RB,1000.0000,2025-02 Week9,28 Feb 2025
PO0001355,ECO.TC040.8.3,Fittings,PO,ECO 40MM FEMALE BULKHEAD FITTING,400.0000,2025-03 Week13,30 Mar 2025
PO0001355,ECO.Z014.1.1,Fittings,PO,ECO 50/40MM REDUCER,300.0000,2025-03 Week13,30 Mar 2025
PO0001355,L250.7,Fittings,PO,250MM SEAL - STD,60.0000,2025-03 Week13,30 Mar 2025
PO0001355,L250.C,Fittings,PO,250MM LID - VENTED,60.0000,2025-03 Week13,30 Mar 2025
PO0001355,L450.7,Fittings,PO,450MM SEAL - STD,50.0000,2025-03 Week13,30 Mar 2025
PO0001355,L450.C,Fittings,PO,450MM LID - VENTED,50.0000,2025-03 Week13,30 Mar 2025
PO0001355,L480.C,Fittings,PO,480MM CLIP-0N LID & 2 E-CLIPS,50.0000,2025-03 Week13,30 Mar 2025
PO0001355,TC040.8Y,Fittings,PO,40MM FEMALE BULKHEAD FITTING YELLOW,400.0000,2025-03 Week13,30 Mar 2025
PO0001355,TC050.0,Fittings,PO,50/40MM MALE BULKHEAD FITTING,10.0000,2025-03 Week13,30 Mar 2025
PO0001355,TC075.0,Fittings,PO,75MM MALE BULKHEAD FITTING,15.0000,2025-03 Week13,30 Mar 2025
PO0001355,Z014.0,Fittings,PO,50/40MM REDUCER,300.0000,2025-03 Week13,30 Mar 2025
PO0001355,Z014.4,Fittings,PO,40MM THUMB PLUG,2000.0000,2025-03 Week13,30 Mar 2025
PO0001359,CTS,Fittings,PO,POOL FILTER STEEL RINGS,500.0000,2025-03 Week13,30 Mar 2025
PO0001360,BOLTM12X120ZPLATE,Fittings,PO,BOLT M12 X 120 GR8.8 GALV,1200.0000,2025-03 Week13,30 Mar 2025
PO0001360,NUT-HEG-M12-GR8-BLK,Consumables,PO,HEX NUTS M12 DIN934 GR8 ZINC,1200.0000,2025-03 Week13,30 Mar 2025
PO0001360,NUT-HT-HEX-M10,Fittings,PO,NUT HT HEX M10 GR8 ZINC PLT,200.0000,2025-03 Week13,30 Mar 2025
PO0001360,SET-HT-M10X60,Fittings,PO,SET HT M10X60 GR8.8 ZINC PLT,1800.0000,2025-03 Week13,30 Mar 2025
PO0001360,WAS-FLAT-M10,Fittings,PO,FLAT WASHER DIN125 M10 ZINC PLT,3600.0000,2025-03 Week13,30 Mar 2025
PO0001360,WAS-FLAT-M12-ZINC,Fittings,PO,FLAT WASHER DIN125 M12 ZINC PLT,2400.0000,2025-03 Week13,30 Mar 2025
PO0001363,ENGM6X15.5X11,Fittings,PO,ENG&IND M6X15.5 X 11 HEX CLOSED END KNURL 6MM BRASS INSERTS,6000.0000,2025-03 Week13,30 Mar 2025
PO0001365,ACDMILLING,RAW MATERIAL,PO,ACD MILLING,1300.0000,2025-03 Week13,30 Mar 2025
PO0001366,LYSISPEW,Fittings,PO,LYSIS ON MOULD WHITE PE PAINT STENCIL,1.0000,2025-02 Week9,28 Feb 2025
