Document,ItemCode,Category,Trn,Description,Qty,Year_Mth_Week,Due_Date
QOH,0042800,Gas Water Heaters _AND_ Access,OH,Bosch Spares,0.0000,On Hand,06 Oct 2025
QOH,1BCARTS,Stove _AND_ Hobs,OH,1 Burner Cartridge Stove,7.0000,On Hand,06 Oct 2025
QOH,1BCARTSAF,Canister Gas Products,OH,1 Burner Portable Stove - Canister,2.0000,On Hand,06 Oct 2025
QOH,2BCARTS,BLOCKED,OH,2 Burner Cartridge Stove,1.0000,On Hand,06 Oct 2025
QOH,2BWEMCAP,Stove _AND_ Hobs,OH,Cap for 2 Burner Enamel Stove,9.0000,On Hand,06 Oct 2025
QOH,2BWEN,Stove _AND_ Hobs,OH,2 Burner Enamel Stove White,9.0000,On Hand,06 Oct 2025
QOH,2BWENB,Stove _AND_ Hobs,OH,2 Burner Enamel Stove - Black,11.0000,On Hand,06 Oct 2025
QOH,2BWENL,BLOCKED,OH,2 Burner White enamel with lid,0.0000,On Hand,06 Oct 2025
QOH,3/8MHANDWHEEL,BLOCKED,OH,3/8inch M BSP Handwheel,0.0000,On Hand,06 Oct 2025
QOH,3AB025,BLOCKED,OH,25mm Burner,0.0000,On Hand,06 Oct 2025
QOH,3AB029,BLOCKED,OH,29mm Burner,0.0000,On Hand,06 Oct 2025
QOH,3AB042,BLOCKED,OH,42mm Burner,0.0000,On Hand,06 Oct 2025
QOH,3AHAN1,BLOCKED,OH,Single Handle,0.0000,On Hand,06 Oct 2025
QOH,3ANT180,BLOCKED,OH,180mm Neck Tube,0.0000,On Hand,06 Oct 2025
QOH,3ATHD,BLOCKED,OH,Double 3 Arrow Torch Handle,0.0000,On Hand,06 Oct 2025
QOH,3BWEM,BLOCKED,OH,3 Plate White Enamel Stove,0.0000,On Hand,06 Oct 2025
QOH,4BWENL,BLOCKED,OH,4 Burner White Enamel with Lid,0.0000,On Hand,06 Oct 2025
QOH,5/8LHTHANDWHEEL,BLOCKED,OH,Bullnose 5/8inch LHT Handwheel,0.0000,On Hand,06 Oct 2025
QOH,5X5MANT,BLOCKED,OH,Tee piece fittings for Manifold,0.0000,On Hand,06 Oct 2025
QOH,8704401307,Gas Water Heaters _AND_ Access,OH,BOSCH - Flue Cables WRD Range,0.0000,On Hand,06 Oct 2025
QOH,87044040330,Gas Water Heaters _AND_ Access,OH,BOSCH - WR Set of Cables Ignition Batt,0.0000,On Hand,06 Oct 2025
QOH,87044040350,Gas Water Heaters _AND_ Access,OH,BOSCH spares - WR Hydro Ignition Lead,0.0000,On Hand,06 Oct 2025
QOH,87070119220,Gas Water Heaters _AND_ Access,OH,Bosch Spares - WR 14litre Gas Valve LPG,0.0000,On Hand,06 Oct 2025
QOH,87070119620,Gas Water Heaters _AND_ Access,OH,Bosch Spares - WR 18L Gas Valve LPG,0.0000,On Hand,06 Oct 2025
QOH,87072062040,Gas Water Heaters _AND_ Access,OH,BOSCH - Overheat Sensor for Flue,0.0000,On Hand,06 Oct 2025
QOH,87072062820,Gas Water Heaters _AND_ Access,OH,BOSCH - WR Flue Gas Safety Cables,0.0000,On Hand,06 Oct 2025
QOH,87072071420,Gas Water Heaters _AND_ Access,OH,Bosch Spares - WR Hydro Ignition Unit,0.0000,On Hand,06 Oct 2025
QOH,87074060950,Gas Water Heaters _AND_ Access,OH,Bosch Spares - WR Hydro Generator,0.0000,On Hand,06 Oct 2025
QOH,87081056550,Gas Water Heaters _AND_ Access,OH,BOSCH spares - WR Pilot Burner (Bracket),0.0000,On Hand,06 Oct 2025
QOH,87081070130,Gas Water Heaters _AND_ Access,OH,BOSCH spares- WR Battery Sparking Plug,0.0000,On Hand,06 Oct 2025
QOH,8738710119,Gas Water Heaters _AND_ Access,OH,Bosch Spares - WRD 18l Water Valve Oval,0.0000,On Hand,06 Oct 2025
QOH,8738710124,Gas Water Heaters _AND_ Access,OH,Bosch Spares - WRD 14l Water Valve Oval,0.0000,On Hand,06 Oct 2025
QOH,8738715173,Gas Water Heaters _AND_ Access,OH,BOSCH - Temperature Sensor WRD Range,0.0000,On Hand,06 Oct 2025
QOH,8738717425,Gas Water Heaters _AND_ Access,OH,Bosch Spares - Optiflo Elec Control Unit,0.0000,On Hand,06 Oct 2025
QOH,A10LGGLED,BLOCKED,OH,10lt Gas Water Heater (Atlas),0.0000,On Hand,06 Oct 2025
QOH,A12FGLED,BLOCKED,OH,12lt Forced Water Heater(No longer),0.0000,On Hand,06 Oct 2025
QOH,A12LGGLED,BLOCKED,OH,12lt Water Heater N/S,0.0000,On Hand,06 Oct 2025
QOH,A16LGGCON,BLOCKED,OH,16lt Water Heater Constant Temp,0.0000,On Hand,06 Oct 2025
QOH,A16LGGLED,BLOCKED,OH,16lt Water Heater (Atlas),0.0000,On Hand,06 Oct 2025
QOH,A200MAN,Boiling Table/Burners,OH,Double Cast Iron Boiling Table Manifold,3.0000,On Hand,06 Oct 2025
QOH,A20FGLED,BLOCKED,OH,20lt Fan Forced Water Heater N/S,0.0000,On Hand,06 Oct 2025
QOH,A20LGGLED,BLOCKED,OH,20lt Water Heater (Atlas),0.0000,On Hand,06 Oct 2025
QOH,A28FGLED,BLOCKED,OH,28litre Fan Forced Water (No Longer),0.0000,On Hand,06 Oct 2025
QOH,A2BBL,BLOCKED,OH,2 Burner Gas Stove - Black (Powder),1.0000,On Hand,06 Oct 2025
QOH,A2BHOB,BLOCKED,OH,Stainless 2 Burner Hob PLS Cast Iron Trive,0.0000,On Hand,06 Oct 2025
QOH,A2BSS,BLOCKED,OH,2 Burner S/S Stove Incl Reg PLS Hose AFA,0.0000,On Hand,06 Oct 2025
QOH,A300MAN,Boiling Table/Burners,OH,Triple Boiling Table Manifold,8.0000,On Hand,06 Oct 2025
QOH,A4BGSO,BLOCKED,OH,4 Plate Stove Incl Gas Oven White JAGAND,0.0000,On Hand,06 Oct 2025
QOH,A4BHOB,BLOCKED,OH,4 Burner S/S Hob PLS Cast Iron Trivets Bat,0.0000,On Hand,06 Oct 2025
QOH,A5BHOB,BLOCKED,OH,5 Burner S/S Hob PLS Cast Iron Trivets,0.0000,On Hand,06 Oct 2025
QOH,A5LGGLED,BLOCKED,OH,5.5lt Water Heater (NO longer),0.0000,On Hand,06 Oct 2025
QOH,A5PLGGLED,BLOCKED,OH,5lt Camping Water Heater outdoor,0.0000,On Hand,06 Oct 2025
QOH,A6BGSO,BLOCKED,OH,6 Plate White Stove Incl Gas Oven,0.0000,On Hand,06 Oct 2025
QOH,A6LGGLED,BLOCKED,OH,6lt Gas Water Heater (Atlas),0.0000,On Hand,06 Oct 2025
QOH,A8LGGLED,BLOCKED,OH,8lt Gas Water Heater N/S,0.0000,On Hand,06 Oct 2025
QOH,AB4BGSO,BLOCKED,OH,4 Plate Gas Stove Incl Gas Oven,0.0000,On Hand,06 Oct 2025
QOH,AF608,BLOCKED,OH,3/8inch Male to 13mm Hosetail,0.0000,On Hand,06 Oct 2025
QOH,AFF110,Gas Water Heaters _AND_ Access,OH,110mm Flexible Flue Pipe,2.0000,On Hand,06 Oct 2025
QOH,AFF110/1600,Gas Water Heaters _AND_ Access,OH,110 Flexi Flue 1600mm,12.0000,On Hand,06 Oct 2025
QOH,AFF130,Gas Water Heaters _AND_ Access,OH,130mm Flexi Flue Pipe,7.0000,On Hand,06 Oct 2025
QOH,AFF130/1600,Gas Water Heaters _AND_ Access,OH,130 Flexi Flue 1600mm,9.0000,On Hand,06 Oct 2025
QOH,AFF90,Gas Water Heaters _AND_ Access,OH,90mm Flexible Flue,8.0000,On Hand,06 Oct 2025
QOH,AFWDATL,BLOCKED,OH,Floor Standing Water Dispenser,0.0000,On Hand,06 Oct 2025
QOH,AGAPISOVEN,BLOCKED,OH,Gas Pizza Oven,0.0000,On Hand,06 Oct 2025
QOH,AGASOVEN,BLOCKED,OH,Gas Oven Full Safety Features PLS Grill,0.0000,On Hand,06 Oct 2025
QOH,AGCO30,BLOCKED,OH,GAS CANISTER OVEN 30 L,0.0000,On Hand,06 Oct 2025
QOH,AL1BSSA,BLOCKED,OH,1 Burner Stainless Steel Auto,0.0000,On Hand,06 Oct 2025
QOH,AL2BGSA,BLOCKED,OH,2 Burner Black Glass Top,0.0000,On Hand,06 Oct 2025
QOH,AL2BHP,BLOCKED,OH,2 Burner High Pressure Gas Stove,0.0000,On Hand,06 Oct 2025
QOH,AL2BSSA,Stove _AND_ Hobs,OH,2 Burner Auto Stainless Steel Auto ONLY,0.0000,On Hand,06 Oct 2025
QOH,AL2BSSF,BLOCKED,OH,Alva 2 Burner S/Steel Incl Reg PLS Hose,0.0000,On Hand,06 Oct 2025
QOH,AL3BTS,Braais _AND_ Products,OH,3 Piece S/S BBQ Tool Set Alva,1.0000,On Hand,06 Oct 2025
QOH,ALAMAC,Braais _AND_ Products,OH,Alva Amacooka Stand,0.0000,On Hand,06 Oct 2025
QOH,ALCCCC,Canister Gas Products,OH,Alva BBQ Canister Cooker with Carry Case,0.0000,On Hand,06 Oct 2025
QOH,ALCGKS,Kitchenware,OH,Casa Genoa 5pc Knife Set,3.0000,On Hand,06 Oct 2025
QOH,ALCNSKS,Kitchenware,OH,Casa Napoli 2Pc Santoku Knife Set,1.0000,On Hand,06 Oct 2025
QOH,ALCRH,BLOCKED,OH,Dust Cover for 3 Panel Heater,0.0000,On Hand,06 Oct 2025
QOH,ALCTKSFS,Kitchenware,OH,Casa Treviso 4pc Kitchen Set,1.0000,On Hand,06 Oct 2025
QOH,ALDP,BLOCKED,OH,Alluminium Dixie Pan - Set of 2,0.0000,On Hand,06 Oct 2025
QOH,ALEBST,Kitchenware,OH,Single Tie-Down Electric Blanket Alva 75,2.0000,On Hand,06 Oct 2025
QOH,ALGPO,Stove _AND_ Hobs,OH,Gas Pizza Oven - Alva,0.0000,On Hand,06 Oct 2025
QOH,ALGW205,Gas Water Heaters _AND_ Access,OH,Mini Portable Gas Water Heater,0.0000,On Hand,06 Oct 2025
QOH,ALHTW,Braais _AND_ Products,OH,3 Burner Hotwheel in HD Bag,0.0000,On Hand,06 Oct 2025
QOH,ALTCCR106,Canister Gas Products,OH,Canister Blow Torch,5.0000,On Hand,06 Oct 2025
QOH,ALVWPO,BLOCKED,OH,Alva Wok Pan Only NO STOCK,0.0000,On Hand,06 Oct 2025
QOH,ASATB40,Solar Mounting Solutions,OH,40mm Solar Anti Theft Bracket,0.0000,On Hand,06 Oct 2025
QOH,AUTOSP003,Stove _AND_ Hobs,OH,Auto Brass Simmer Cap,4.0000,On Hand,06 Oct 2025
QOH,AUTOSP012,Stove _AND_ Hobs,OH,2 Burner S/S Stove - Spare Burner,0.0000,On Hand,06 Oct 2025
QOH,AVGB001,Doors _AND_ Window Frames _AND_ Fitt,OH,Galvanised Barges - 3m,-50.0000,On Hand,06 Oct 2025
QOH,AVIBR0005,Roof Sheeting,OH,IBR 0.47mm Sheeting - Slate 6m,0.0000,On Hand,06 Oct 2025
QOH,AVIBR001,Roof Sheeting,OH,IBR sheeting AZ 0.47 x 3.6m,0.0000,On Hand,06 Oct 2025
QOH,AVIBR002,Roof Sheeting,OH,IBR sheeting AZ 0.47 x 4.2m,0.0000,On Hand,06 Oct 2025
QOH,AVIBR003,Roof Sheeting,OH,IBR sheeting AZ 0.47 x 4.8m,0.0000,On Hand,06 Oct 2025
QOH,AVIBR004,Roof Sheeting,OH,IBR sheeting AZ 0.47 x 6.0m,0.0000,On Hand,06 Oct 2025
QOH,AVIBRR001,Roof Sheeting,OH,IBR Ridging 3metre,0.0000,On Hand,06 Oct 2025
QOH,AVIBRSRT001,Roof Sheeting,OH,IBR Sheeting 0.25mm,0.0000,On Hand,06 Oct 2025
QOH,B00183200,Gas Water Heaters _AND_ Access,OH,BOSCH -Solenoid Valve (220) Pilot Burner,0.0000,On Hand,06 Oct 2025
QOH,B001883219,Gas Water Heaters _AND_ Access,OH,BOSCH - Solenoid Valve (219) Main Burner,0.0000,On Hand,06 Oct 2025
QOH,B109-02,Brass Fittings,OH,1/8inch Male Plug Hex Head,35.0000,On Hand,06 Oct 2025
QOH,B109-04,Brass Fittings,OH,1/4inch Male Plug Hex Head,0.0000,On Hand,06 Oct 2025
QOH,B109-06,Brass Fittings,OH,3/8inch Male Plug Hex Head,5.0000,On Hand,06 Oct 2025
QOH,B109-08,Brass Fittings,OH,1/2inch Male Plug Hex Head,24.0000,On Hand,06 Oct 2025
QOH,B112-02,Brass Fittings,OH,1/8inch Female Equal Tee,0.0000,On Hand,06 Oct 2025
QOH,B112-06,Brass Fittings,OH,3/8inch Female Equal Tee,0.0000,On Hand,06 Oct 2025
QOH,B112-08,BLOCKED,OH,1/2inch Female Tee,0.0000,On Hand,06 Oct 2025
QOH,B114-02,Brass Fittings,OH,1/8inch F x 1/8inch F Elbow,0.0000,On Hand,06 Oct 2025
QOH,B114-04,Brass Fittings,OH,1/4inch F x 1/4inch F Elbow,0.0000,On Hand,06 Oct 2025
QOH,B114-08,Brass Fittings,OH,1/2inch F x 1/2inch F Elbow,0.0000,On Hand,06 Oct 2025
QOH,B126-0206,Brass Fittings,OH,1/8inch Female to 10mm Hosetail,0.0000,On Hand,06 Oct 2025
QOH,B126-0404,Brass Fittings,OH,1/4inch Female to 6mm Hosetail,0.0000,On Hand,06 Oct 2025
QOH,B126-0406,Brass Fittings,OH,1/4inch Female to 10mm Hosetail,0.0000,On Hand,06 Oct 2025
QOH,B126-0606,Brass Fittings,OH,3/8inch Female to 10mm Hosetail,0.0000,On Hand,06 Oct 2025
QOH,B3/8TBP,Brass Fittings,OH,3/8inch Test Bleeding Point,3.0000,On Hand,06 Oct 2025
QOH,B48-0806,BLOCKED,OH,1/2inch Tube to 3/8inch Pipe,0.0000,On Hand,06 Oct 2025
QOH,B48-0808,BLOCKED,OH,1/2inch Tube to 1/2inch Pipe,0.0000,On Hand,06 Oct 2025
QOH,B480402,BLOCKED,OH,1/4inch Compression by 1/8inch Pipe Male,0.0000,On Hand,06 Oct 2025
QOH,B480404,BLOCKED,OH,1/4inch Compression by 1/4inch Pipe Male,0.0000,On Hand,06 Oct 2025
QOH,B480504,BLOCKED,OH,5/16inch Compression by 1/4inch Pipe Male,0.0000,On Hand,06 Oct 2025
QOH,B480602,BLOCKED,OH,3/8inch Compression by 1/8inch Pipe Male,0.0000,On Hand,06 Oct 2025
QOH,B480606,BLOCKED,OH,3/8inch Compression by 3/8inch Pipe Male,0.0000,On Hand,06 Oct 2025
QOH,B480804,BLOCKED,OH,1/2inch Compression by 1/4inch Pipe Male,0.0000,On Hand,06 Oct 2025
QOH,B480806,BLOCKED,OH,1/2inch Compression by 3/8inch Pipe Male,0.0000,On Hand,06 Oct 2025
QOH,B490202,BLOCKED,OH,1/8inch Compression by 1/8inch Pipe Male Elbow,0.0000,On Hand,06 Oct 2025
QOH,B490402,BLOCKED,OH,1/4inch Compression by 1/8inch Pipe Male Elbow,0.0000,On Hand,06 Oct 2025
QOH,B490404,BLOCKED,OH,1/4inch Compression by 1/4inch Pipe Male Elbow,0.0000,On Hand,06 Oct 2025
QOH,B490604,BLOCKED,OH,3/8inch Compression by 1/4inch Pipe Male Elbow,0.0000,On Hand,06 Oct 2025
QOH,B490606,BLOCKED,OH,3/8inch Compression by 3/8inch Pipe Male Elbow,0.0000,On Hand,06 Oct 2025
QOH,B490804,BLOCKED,OH,1/2inch Compression by 1/4inch Pipe Male Elbow,0.0000,On Hand,06 Oct 2025
QOH,B490806,BLOCKED,OH,1/2inch Compression by 3/8inch Pipe Male Elbow,0.0000,On Hand,06 Oct 2025
QOH,B490808,BLOCKED,OH,1/2inch Compression by 1/2inch Pipe Male Elbow,0.0000,On Hand,06 Oct 2025
QOH,B5/16TPC,BLOCKED,OH,5/16inch Comp to 5/16inch Comp Test Point,0.0000,On Hand,06 Oct 2025
QOH,B61-04,Brass Fittings,OH,1/4inch Compression Nut/Tube OD,26.0000,On Hand,06 Oct 2025
QOH,B61-04M,Brass Fittings,OH,4mm brass nut,0.0000,On Hand,06 Oct 2025
QOH,B61-05,Brass Fittings,OH,5/16 Compression Nut,0.0000,On Hand,06 Oct 2025
QOH,B61-06,Brass Fittings,OH,3/8inch Compression Nut/Tube OD,52.0000,On Hand,06 Oct 2025
QOH,B61-08,Brass Fittings,OH,1/2inch Compression Nut/Tube OD,17.0000,On Hand,06 Oct 2025
QOH,B61-15MM NUT,Brass Fittings,OH,15mm Compression Nut (HF-246),0.0000,On Hand,06 Oct 2025
QOH,B62-02,Brass Fittings,OH,1/8inch Compression Union/Tube OD,0.0000,On Hand,06 Oct 2025
QOH,B62-03,Brass Fittings,OH,3/16inch Compression Union/Tube OD,0.0000,On Hand,06 Oct 2025
QOH,B62-04,Brass Fittings,OH,1/4inch Compression Union/Tube OD,0.0000,On Hand,06 Oct 2025
QOH,B62-05,Brass Fittings,OH,5/16inch Compression Union/Tube OD,0.0000,On Hand,06 Oct 2025
QOH,B62-06,Brass Fittings,OH,3/8inch Compression Union/Tube OD,0.0000,On Hand,06 Oct 2025
QOH,B62-08,Brass Fittings,OH,1/2inch Compression Union/Tube OD,0.0000,On Hand,06 Oct 2025
QOH,B690402,BLOCKED,OH,1/4inch Compression by 1/8inch Male Elbow,0.0000,On Hand,06 Oct 2025
QOH,B690404,BLOCKED,OH,1/4inch Compression by 1/4inch Male Elbow,0.0000,On Hand,06 Oct 2025
QOH,B690502,BLOCKED,OH,5/16inch Compression by 1/8inch Male Elbow,0.0000,On Hand,06 Oct 2025
QOH,B690504,Brass Fittings,OH,5/16inch Compression by 1/4inch Male Elbow,0.0000,On Hand,06 Oct 2025
QOH,B690602,BLOCKED,OH,3/8inch Compression by 1/8inch Male Elbow,0.0000,On Hand,06 Oct 2025
QOH,B690604,BLOCKED,OH,3/8inch Compression by 1/4inch Male Elbow,0.0000,On Hand,06 Oct 2025
QOH,B690606,Brass Fittings,OH,3/8inch Compression by 3/8inch Male Elbow,0.0000,On Hand,06 Oct 2025
QOH,B690804,Brass Fittings,OH,1/2inch Compression by 1/4inch Male Elbow,0.0000,On Hand,06 Oct 2025
QOH,B690806,BLOCKED,OH,1/2inch Compression by 3/8inch Male Elbow,0.0000,On Hand,06 Oct 2025
QOH,BACKPLATELHWO,BLOCKED,OH,Backplate LH WO ST,0.0000,On Hand,06 Oct 2025
QOH,BAF204,Brass Fittings,OH,1/8inch Male to 6mm Hosetail,0.0000,On Hand,06 Oct 2025
QOH,BAF206,Brass Fittings,OH,1/8inch Male to 10mm Hosetail,0.0000,On Hand,06 Oct 2025
QOH,BAF406,Brass Fittings,OH,1/4inch Male to 10mm Hosetail,0.0000,On Hand,06 Oct 2025
QOH,BAF408,Brass Fittings,OH,1/4inch Male to 13mm hosetail,0.0000,On Hand,06 Oct 2025
QOH,BAF604,Brass Fittings,OH,3/8inch Male to 6mm Hosetail,0.0000,On Hand,06 Oct 2025
QOH,BAF606,Brass Fittings,OH,3/8inch Male to 10mm Hosetail,0.0000,On Hand,06 Oct 2025
QOH,BAF608,Brass Fittings,OH,3/8inch Male to 13mm Hosetail,0.0000,On Hand,06 Oct 2025
QOH,BAF806,Brass Fittings,OH,1/2inch Male to 10mm Hosetail,0.0000,On Hand,06 Oct 2025
QOH,BAF808,Brass Fittings,OH,1/2inch Male to 13mm Hosetail,0.0000,On Hand,06 Oct 2025
QOH,BAMT90,BLOCKED,OH,Bamboo Torch 90cm,0.0000,On Hand,06 Oct 2025
QOH,BAR5MM,BLOCKED,OH,5mm Barrel - Stl,0.0000,On Hand,06 Oct 2025
QOH,BATBP,Brass Fittings,OH,Allen Type Bleeder Plug,4.0000,On Hand,06 Oct 2025
QOH,BBC,Brass Fittings,OH,Bullnose to Cadac,99.0000,On Hand,06 Oct 2025
QOH,BBCHV,Brass Fittings,OH,Back Check Valve - Liquid Pigtails,0.0000,On Hand,06 Oct 2025
QOH,BBQ3/1,Braais _AND_ Products,OH,BBQ Brush 3 in 1,17.0000,On Hand,06 Oct 2025
QOH,BBQBB,Braais _AND_ Products,OH,BBQ Basting Brush - 2 piece,12.0000,On Hand,06 Oct 2025
QOH,BBQBBR,Braais _AND_ Products,OH,Barrel Braai,0.0000,On Hand,06 Oct 2025
QOH,BBQBRAAI,Braais _AND_ Products,OH,Portable Braai - Circular,0.0000,On Hand,06 Oct 2025
QOH,BBQBT,BLOCKED,OH,BBQ Tongs Cross over - (oval jaw) DISCON,2.0000,On Hand,06 Oct 2025
QOH,BBQBTL,Braais _AND_ Products,OH,BBQ Tongs Cross over (Square jaw) 38cm,16.0000,On Hand,06 Oct 2025
QOH,BBQCF,BLOCKED,OH,Carving Fork 28cm,0.0000,On Hand,06 Oct 2025
QOH,BBQER2P,Braais _AND_ Products,OH,Egg Rings 2 piece,1.0000,On Hand,06 Oct 2025
QOH,BBQGBM,Braais _AND_ Products,OH,BBQ Grill and Braai Mats (2),14.0000,On Hand,06 Oct 2025
QOH,BBQGGB004,Braais _AND_ Products,OH,Gas Braai Black - 3PLS1 Burner Auto,0.0000,On Hand,06 Oct 2025
QOH,BBQGRID103,BLOCKED,OH,Roadster Hi-Side Grid - S/S 435x335,0.0000,On Hand,06 Oct 2025
QOH,BBQGRID107,BLOCKED,OH,Roadster Grid HandsFree - S/S 435x335,0.0000,On Hand,06 Oct 2025
QOH,BBQGRID112,BLOCKED,OH,GTO Grid - S/S 230x280 with stand/bag,0.0000,On Hand,06 Oct 2025
QOH,BBQGRID500,Braais _AND_ Products,OH,GTO Grid - Chrome 230x280,3.0000,On Hand,06 Oct 2025
QOH,BBQGRID502,Braais _AND_ Products,OH,Roadster Grid H/F - Chrome 435x335x20,0.0000,On Hand,06 Oct 2025
QOH,BBQGRID503,Braais _AND_ Products,OH,Roadster Grid H/S - Chrome 435x335x45,2.0000,On Hand,06 Oct 2025
QOH,BBQGRIDBB,Braais _AND_ Products,OH,S/S BBQ Grid - 43cm x 34cm x 2cm,0.0000,On Hand,06 Oct 2025
QOH,BBQGRIDBM,Braais _AND_ Products,OH,BBQ Grid Bag Medium,0.0000,On Hand,06 Oct 2025
QOH,BBQGRIDCG,Braais _AND_ Products,OH,Galvanised Chicken Braai Grid,0.0000,On Hand,06 Oct 2025
QOH,BBQGRIDHF,BLOCKED,OH,Roadster Grid H/F(502) - Chrome 435x335,0.0000,On Hand,06 Oct 2025
QOH,BBQGRIDIM,Braais _AND_ Products,OH,S/S BBQ Grid - 43cm x 34cm x 2cm,0.0000,On Hand,06 Oct 2025
QOH,BBQGRIDKD,Braais _AND_ Products,OH,S/S BBQ Grid Kudu 50 cm x 41.5 cm x 2cm,0.0000,On Hand,06 Oct 2025
QOH,BBQGRIDSB,Braais _AND_ Products,OH,S/S BBQ Grid - 34cm x 31.5cm x 2cm,2.0000,On Hand,06 Oct 2025
QOH,BBQGRIDWB,Braais _AND_ Products,OH,S/S BBQ Grid - 43cm x 34cm x 4.5cm,0.0000,On Hand,06 Oct 2025
QOH,BBQJFC,Braais _AND_ Products,OH,Cast Iron Jaffle Iron,6.0000,On Hand,06 Oct 2025
QOH,BBQJFL,Braais _AND_ Products,OH,BBQ Jaffle Iron,0.0000,On Hand,06 Oct 2025
QOH,BBQKS7,BLOCKED,OH,Knive Set - 6pc,0.0000,On Hand,06 Oct 2025
QOH,BBQLB,Braais _AND_ Products,OH,BBQ Long Brush,18.0000,On Hand,06 Oct 2025
QOH,BBQLS4,BLOCKED,OH,Long Soda Spoons - 4pc,0.0000,On Hand,06 Oct 2025
QOH,BBQPNBL00,Braais _AND_ Products,OH,Large Foldup Picnic Braai,0.0000,On Hand,06 Oct 2025
QOH,BBQPNBM00,Braais _AND_ Products,OH,Medium Fold-Up Picnic braai,0.0000,On Hand,06 Oct 2025
QOH,BBQPNBS000,Braais _AND_ Products,OH,Small Foldup Picnic Braai,1.0000,On Hand,06 Oct 2025
QOH,BBQSA-001,Braais _AND_ Products,OH,Small Adjustable Fold up Braai,0.0000,On Hand,06 Oct 2025
QOH,BBQSB,Braais _AND_ Products,OH,BBQ Short Brush,28.0000,On Hand,06 Oct 2025
QOH,BBQSM,Braais _AND_ Products,OH,BBQ Spit Motor - Battery,0.0000,On Hand,06 Oct 2025
QOH,BBQSMAC,Braais _AND_ Products,OH,BBQ Spit Motor with 220v AC adaptor,0.0000,On Hand,06 Oct 2025
QOH,BBQSS2,BLOCKED,OH,2pc Serving Spoon,0.0000,On Hand,06 Oct 2025
QOH,BBQSSCK,BLOCKED,OH,Stainless Steel BBQ Cleaning Kit-4 items,1.0000,On Hand,06 Oct 2025
QOH,BBQTBC,Braais _AND_ Products,OH,Barrel Claw Tongs (Long Handle),2.0000,On Hand,06 Oct 2025
QOH,BBQTBS,Braais _AND_ Products,OH,Barrel Spatula Tong (Long Handle),20.0000,On Hand,06 Oct 2025
QOH,BBQTC,Braais _AND_ Products,OH,BBQ Tongs Clampshell 40cm,26.0000,On Hand,06 Oct 2025
QOH,BBQTCL,Braais _AND_ Products,OH,Claw Tong,20.0000,On Hand,06 Oct 2025
QOH,BBQTH,Braais _AND_ Products,OH,BBQ Thermometer (insert),29.0000,On Hand,06 Oct 2025
QOH,BBQTL,BLOCKED,OH,BBQ Tongs (35cm Clampshell),0.0000,On Hand,06 Oct 2025
QOH,BBQTLSP,Braais _AND_ Products,OH,BBQ Tongs Starter Pack - Clamshell,52.0000,On Hand,06 Oct 2025
QOH,BBQTSP,Braais _AND_ Products,OH,Spatula Tong,19.0000,On Hand,06 Oct 2025
QOH,BBQTST,Braais _AND_ Products,OH,Skottel Tong (Plastic ),20.0000,On Hand,06 Oct 2025
QOH,BBST001,Kitchenware,OH,Bamboo Steamer,3.0000,On Hand,06 Oct 2025
QOH,BC/A-001,Hardware,OH,B.B Axle A-12 Balloon (A8/A12),0.0000,On Hand,06 Oct 2025
QOH,BC/B-004,Hardware,OH,B.B Cup Set - Chrome,0.0000,On Hand,06 Oct 2025
QOH,BC/B-008,Hardware,OH,Ball Retainers 1/4x7(Back Axle 20inch16MTB),0.0000,On Hand,06 Oct 2025
QOH,BC/B-010,Hardware,OH,Ball Retainers 1/4x9 (Middle Axle MTB),0.0000,On Hand,06 Oct 2025
QOH,BC/B-012,Hardware,OH,Ball Retainers 3/16(Front Axle 20inch MTB),0.0000,On Hand,06 Oct 2025
QOH,BC/B-014,Hardware,OH,Ball Retainers 5/32x16 Fork Fitting,0.0000,On Hand,06 Oct 2025
QOH,BC/C-011,Hardware,OH,1/2x3/32x116 Links MTB/Racing,0.0000,On Hand,06 Oct 2025
QOH,BC/P-013,Hardware,OH,Pump Connection 11inch Silky Finish D/V LO,0.0000,On Hand,06 Oct 2025
QOH,BC/S-003,Hardware,OH,Saddle - 90x3 Synthetic leather Black,0.0000,On Hand,06 Oct 2025
QOH,BC/T-004,Hardware,OH,Tube Master - 26x195,0.0000,On Hand,06 Oct 2025
QOH,BC/T-0043,Hardware,OH,Tube - Eagle 20x1.75/1.95,0.0000,On Hand,06 Oct 2025
QOH,BC/T-0044,Hardware,OH,Tube - Eagle 24x1.75/1.95,0.0000,On Hand,06 Oct 2025
QOH,BC/T-0045,Hardware,OH,Tube - Eagle 26x1.75/1.95,0.0000,On Hand,06 Oct 2025
QOH,BC/T-017,Hardware,OH,Tyres Nylon - 20x2x125,0.0000,On Hand,06 Oct 2025
QOH,BC/T-020,Hardware,OH,Tyres Nylon - 26 x 195,0.0000,On Hand,06 Oct 2025
QOH,BC/T-040,Hardware,OH,Tube Metro 29inchx195/210EL/P-024:20m,0.0000,On Hand,06 Oct 2025
QOH,BC10V,Boiling Table/Burners,OH,C10/20 Spare Valve,11.0000,On Hand,06 Oct 2025
QOH,BCA002,Hardware,OH,B.B.AXLEY - 16/2C,0.0000,On Hand,06 Oct 2025
QOH,BCA005,Hardware,OH,B.B. AXLE C less nut type,0.0000,On Hand,06 Oct 2025
QOH,BCA6V,Brass Fittings,OH,CA6 Wok Burner Valve,4.0000,On Hand,06 Oct 2025
QOH,BCA7V,Brass Fittings,OH,Cast Iron Burner Valve,51.0000,On Hand,06 Oct 2025
QOH,BCB,Brass Fittings,OH,Cadac to Bullnose,219.0000,On Hand,06 Oct 2025
QOH,BCB006,Hardware,OH,Ball Retainers 1/4 x 11 Coaster,0.0000,On Hand,06 Oct 2025
QOH,BCB037,Hardware,OH,Ball Retainer 3/16 x15,0.0000,On Hand,06 Oct 2025
QOH,BCB45,Brass Fittings,OH,Cadac to Bullnose - 45 Degrees,16.0000,On Hand,06 Oct 2025
QOH,BCBADA103,Brass Fittings,OH,Adaptor Cadac to Bullnose,0.0000,On Hand,06 Oct 2025
QOH,BCC018,Hardware,OH,Cotterpin 10mm,0.0000,On Hand,06 Oct 2025
QOH,BCCB,Brass Fittings,OH,Cadac - Cadac Short Brass,97.0000,On Hand,06 Oct 2025
QOH,BCCF,Brass Fittings,OH,Cadac to Cadac with Finger Control N/S,0.0000,On Hand,06 Oct 2025
QOH,BCCL,Brass Fittings,OH,Cadac to Cadac Long,0.0000,On Hand,06 Oct 2025
QOH,BCCS,Brass Fittings,OH,Cadac to Cadac Short 30mm,27.0000,On Hand,06 Oct 2025
QOH,BCDSG,Boiling Table/Burners,OH,Bench Cock Double (Safegas),0.0000,On Hand,06 Oct 2025
QOH,BCH004,Hardware,OH,BMX/MTB Front Axle Thick,0.0000,On Hand,06 Oct 2025
QOH,BCH008,Hardware,OH,MB Rear Axle with Spacer,0.0000,On Hand,06 Oct 2025
QOH,BCP015,Hardware,OH,Pump Connection 6 A/V New Model for BMX,0.0000,On Hand,06 Oct 2025
QOH,BCP017,Hardware,OH,Rubber Patch Strip - P1404,0.0000,On Hand,06 Oct 2025
QOH,BCP024,Hardware,OH,Amazon Pump,0.0000,On Hand,06 Oct 2025
QOH,BCS031,Hardware,OH,Solution 20cc,0.0000,On Hand,06 Oct 2025
QOH,BCS033,Hardware,OH,Saddle Ballon PVC Soft,0.0000,On Hand,06 Oct 2025
QOH,BCSSG,Boiling Table/Burners,OH,Bench Cock 1 Way 1/4inch Inlet,0.0000,On Hand,06 Oct 2025
QOH,BCT045,Hardware,OH,Tube Eagle 26x1.75/1.95,0.0000,On Hand,06 Oct 2025
QOH,BCUT,Braais _AND_ Products,OH,Biltong Cutter,0.0000,On Hand,06 Oct 2025
QOH,BCW007,Hardware,OH,Wheel Rear 20 x 1.95 Ass W/Hub _AND_ Spokes,0.0000,On Hand,06 Oct 2025
QOH,BEL1/2,Brass Fittings,OH,1/2inch Male/ Female Brass Elbow,21.0000,On Hand,06 Oct 2025
QOH,BEL1/2FH,Brass Fittings,OH,1/2inch Female to Hosetail Elbow,0.0000,On Hand,06 Oct 2025
QOH,BEL1/4,Brass Fittings,OH,1/4inch Male Female Brass Elbow,48.0000,On Hand,06 Oct 2025
QOH,BEL1/4FH,Brass Fittings,OH,1/4inch Female to Hosetail Elbow,-1.0000,On Hand,06 Oct 2025
QOH,BEL3/8,Brass Fittings,OH,3/8inch Male Female Brass Elbow,33.0000,On Hand,06 Oct 2025
QOH,BEL3/8FH,Brass Fittings,OH,3/8inch Female to Hosetail Elbow,0.0000,On Hand,06 Oct 2025
QOH,BELF1/4,Brass Fittings,OH,1/4inch Female Elbow,1.0000,On Hand,06 Oct 2025
QOH,BELM6/6,Brass Fittings,OH,3/8inch Male Elbow,20.0000,On Hand,06 Oct 2025
QOH,BELM8/8,Brass Fittings,OH,1/2inch Male Elbow,10.0000,On Hand,06 Oct 2025
QOH,BELR1418,Brass Fittings,OH,1/4inch Male _ASTK_1/8inch Female Brass Elbow Flare,0.0000,On Hand,06 Oct 2025
QOH,BFHH,Brass Fittings,OH,Handwheel 3/8inch (Cadac) to 1/8inch Male,14.0000,On Hand,06 Oct 2025
QOH,BFLUE14-18L,Gas Water Heaters _AND_ Access,OH,Bosch Flue 14-18litre,0.0000,On Hand,06 Oct 2025
QOH,BFPF38-480604,Brass Fittings,OH,1/4inch Male to 3/8inch Flare Pipe,0.0000,On Hand,06 Oct 2025
QOH,BFRIDGE,BLOCKED,OH,Bar Fridge,0.0000,On Hand,06 Oct 2025
QOH,BFT1/2,Brass Fittings,OH,1/2inch Female Tee,0.0000,On Hand,06 Oct 2025
QOH,BFT1/4,Brass Fittings,OH,1/4inch Female Tee,63.0000,On Hand,06 Oct 2025
QOH,BFT3/8,Brass Fittings,OH,3/8inch Female Tee,39.0000,On Hand,06 Oct 2025
QOH,BG3/8P,BLOCKED,OH,3/8inch Brass Plug,0.0000,On Hand,06 Oct 2025
QOH,BGE143,BLOCKED,OH,3 Way Fireplace Pilot Light,0.0000,On Hand,06 Oct 2025
QOH,BGGWB14-18L,Gas Water Heaters _AND_ Access,OH,Bosch Gas Geyser Weather box 14-18l,0.0000,On Hand,06 Oct 2025
QOH,BGILV,Brass Fittings,OH,Brass Inline Shut off Valve 8mm,71.0000,On Hand,06 Oct 2025
QOH,BGPWHS030,BLOCKED,OH,320mm CO Pilot ( LP27/10/320/M9 A),0.0000,On Hand,06 Oct 2025
QOH,BGSPI,BLOCKED,OH,Cylinder Control Spindle,0.0000,On Hand,06 Oct 2025
QOH,BGSPIC,Brass Fittings,OH,Cylinder Replacement Spindles CADAC,488.0000,On Hand,06 Oct 2025
QOH,BGVWHS028,BLOCKED,OH,Gas Fire Valve( A1 /V4-50A),0.0000,On Hand,06 Oct 2025
QOH,BHHS20MMG,Brass Fittings,OH,Galvanised Hospital Saddles 20mm,240.0000,On Hand,06 Oct 2025
QOH,BHHS25MMG,Brass Fittings,OH,Galvanised Hospital Saddles 25mm,309.0000,On Hand,06 Oct 2025
QOH,BHHS32MMG,Brass Fittings,OH,Galvanised Hospital Saddles 32mm,106.0000,On Hand,06 Oct 2025
QOH,BHN114/1S,Brass Fittings,OH,11/4inch Male to 1inch Male Steel Hexnip BSP,0.0000,On Hand,06 Oct 2025
QOH,BHN1212,Brass Fittings,OH,1/2inchM Hex Nip,42.0000,On Hand,06 Oct 2025
QOH,BHN1214,Brass Fittings,OH,1/2inchM -1/4inchM Hex Reducing Nip,51.0000,On Hand,06 Oct 2025
QOH,BHN1234,BLOCKED,OH,1/2inch Female to 3/4inch Male,0.0000,On Hand,06 Oct 2025
QOH,BHN1238,Brass Fittings,OH,1/2inchM -3/8inchM Hex Reducing Nip,70.0000,On Hand,06 Oct 2025
QOH,BHN1414,Brass Fittings,OH,1/4inchM Hex Nip,156.0000,On Hand,06 Oct 2025
QOH,BHN1418,Brass Fittings,OH,1/4inchmale to 1/8inch female Reducing Hex Nip,54.0000,On Hand,06 Oct 2025
QOH,BHN1818,Brass Fittings,OH,1/8inch Hex Nip,30.0000,On Hand,06 Oct 2025
QOH,BHN1X1/2,Brass Fittings,OH,1inch to 1/2inch Hex Nip,0.0000,On Hand,06 Oct 2025
QOH,BHN3412,BLOCKED,OH,3/4inch Female to 1/2inch Male Reducer,0.0000,On Hand,06 Oct 2025
QOH,BHN3414,Brass Fittings,OH,3/4inch Male to 1/4inch Male Hex Nip,20.0000,On Hand,06 Oct 2025
QOH,BHN3434,Brass Fittings,OH,3/4 male hex nipple,10.0000,On Hand,06 Oct 2025
QOH,BHN3814,Brass Fittings,OH,3/8inchM -1/4inchM Hex Reducing Nip,148.0000,On Hand,06 Oct 2025
QOH,BHN3818,Brass Fittings,OH,38inch Male to 1/8inch Male Brass Nipple,45.0000,On Hand,06 Oct 2025
QOH,BHN3838,Brass Fittings,OH,3/8inch Male Hex Nip,134.0000,On Hand,06 Oct 2025
QOH,BHNR3412,Brass Fittings,OH,3/4inch to 1/2inch Reducing Male Nipple,0.0000,On Hand,06 Oct 2025
QOH,BHWL,Brass Fittings,OH,Bullnose Handwheel to 1/4inch Male,18.0000,On Hand,06 Oct 2025
QOH,BIFA,BLOCKED,OH,Adaptor 1/4inch Inverted Flare x 1/8 Male,0.0000,On Hand,06 Oct 2025
QOH,BIFA2,Brass Fittings,OH,Adaptor 1/8inch Inverted Flare x 1/4inch Male,7.0000,On Hand,06 Oct 2025
QOH,BIFA3,Brass Fittings,OH,Adaptor 1/4inch Female to 7/16inch Flare,19.0000,On Hand,06 Oct 2025
QOH,BJC,Brass Fittings,OH,Jet Cleaner,16.0000,On Hand,06 Oct 2025
QOH,BLCON,Brass Fittings,OH,8mm 90deg Connector,60.0000,On Hand,06 Oct 2025
QOH,BLEAMMONIA,BLOCKED,OH,Ammonia 5lt,0.0000,On Hand,06 Oct 2025
QOH,BLEFABSOFT,BLOCKED,OH,Fabsoft Blue 5lt,0.0000,On Hand,06 Oct 2025
QOH,BLEGREENDET5L,BLOCKED,OH,Green Detergent 5l,0.0000,On Hand,06 Oct 2025
QOH,BLOMAPPT,Canister Gas Products,OH,Mapp Gas Blow Full Hand Torch (SG) N/S,0.0000,On Hand,06 Oct 2025
QOH,BLOW1,Canister Gas Products,OH,Canister Blow Torch (2 burners) MANUAL,-2.0000,On Hand,06 Oct 2025
QOH,BLOW1062L,Canister Gas Products,OH,Blow Torch with 50mm burner,0.0000,On Hand,06 Oct 2025
QOH,BLOW1071L,Canister Gas Products,OH,Torch - 60mm burner,0.0000,On Hand,06 Oct 2025
QOH,BLOW1071LKR,BLOCKED,OH,Blow Torch with Handle  Hose  HP Reg 700,0.0000,On Hand,06 Oct 2025
QOH,BLOW1071LP,Canister Gas Products,OH,Torch - 60mm burner - Piezo,0.0000,On Hand,06 Oct 2025
QOH,BLOW1073LKR,BLOCKED,OH,Blow Torch with Handle  Hose  HP Reg 900,0.0000,On Hand,06 Oct 2025
QOH,BLOW108,BLOCKED,OH,Blowtorch with Burners 35mm 45mm 60mm,0.0000,On Hand,06 Oct 2025
QOH,BLOW2,Canister Gas Products,OH,Canister Blow Torch 4 Burners - MANUAL,12.0000,On Hand,06 Oct 2025
QOH,BLOW25PGB,Canister Gas Products,OH,Grassburner 25P with Piezo Start,5.0000,On Hand,06 Oct 2025
QOH,BLOW3,Canister Gas Products,OH,Blow Torch 3 Burner PLS Hose Plumbing,8.0000,On Hand,06 Oct 2025
QOH,BLOW4,Canister Gas Products,OH,Blow Torch 3 Burner PLS Hose Heating I006,11.0000,On Hand,06 Oct 2025
QOH,BLOW5,Canister Gas Products,OH,Blowtorch 60mm Burner and Trigger,0.0000,On Hand,06 Oct 2025
QOH,BLOW7/16,Canister Gas Products,OH,7/16 Canister Blow Torch - Piezo,0.0000,On Hand,06 Oct 2025
QOH,BLOW920,Canister Gas Products,OH,Canister Blow Torch Handle (C),0.0000,On Hand,06 Oct 2025
QOH,BLOWCT,Canister Gas Products,OH,Culinary Torch 45 degree,41.0000,On Hand,06 Oct 2025
QOH,BLOWI008L,Canister Gas Products,OH,Torch Set x 3 Burners - 35 45 50mm,0.0000,On Hand,06 Oct 2025
QOH,BLOWI060L,BLOCKED,OH,Blowtorch with 45mm Burner NO STOCK,0.0000,On Hand,06 Oct 2025
QOH,BLOWI1071L,BLOCKED,OH,Torch 70cm Length with 60mm Burner,0.0000,On Hand,06 Oct 2025
QOH,BLOWMT,BLOCKED,OH,Mapp Gas Torch - Piezo,0.0000,On Hand,06 Oct 2025
QOH,BLOWMTHO,Canister Gas Products,OH,Torch Head Only WT1 Mapp Gas,18.0000,On Hand,06 Oct 2025
QOH,BLOWT,Canister Gas Products,OH,Blow Torch Piezo Canister type,7.0000,On Hand,06 Oct 2025
QOH,BLOWT2,BLOCKED,OH,Blow Torch Piezo Canister Type (Green),0.0000,On Hand,06 Oct 2025
QOH,BLSTEM,Brass Fittings,OH,Liquid Stem,10.0000,On Hand,06 Oct 2025
QOH,BMANAD,Brass Fittings,OH,Adaptor - Manifold 1/2inchMale to Bullnose,26.0000,On Hand,06 Oct 2025
QOH,BMCV,Brass Fittings,OH,Multicontrol Valve,29.0000,On Hand,06 Oct 2025
QOH,BOL1/2,Brass Fittings,OH,1/2inch Olive,166.0000,On Hand,06 Oct 2025
QOH,BOL1/4,Brass Fittings,OH,1/4inch Olive,-8.0000,On Hand,06 Oct 2025
QOH,BOL1/8,Brass Fittings,OH,1/8inch Olives,0.0000,On Hand,06 Oct 2025
QOH,BOL15MM,Brass Fittings,OH,15mm Olive (HF-232),1.0000,On Hand,06 Oct 2025
QOH,BOL3/16,Brass Fittings,OH,3/16inch Olives,0.0000,On Hand,06 Oct 2025
QOH,BOL3/4,Brass Fittings,OH,3/4inch Olives,10.0000,On Hand,06 Oct 2025
QOH,BOL3/8,Brass Fittings,OH,3/8inch Olives,30.0000,On Hand,06 Oct 2025
QOH,BOL4M,Brass Fittings,OH,4mm brass olive,0.0000,On Hand,06 Oct 2025
QOH,BOL5/16,Brass Fittings,OH,5/16inch Olives,188.0000,On Hand,06 Oct 2025
QOH,BOS11LPG,Gas Water Heaters _AND_ Access,OH,11 Litre Bosch Geyser Battery  LPG,0.0000,On Hand,06 Oct 2025
QOH,BOS11LPGH,Gas Water Heaters _AND_ Access,OH,11 Bosch Water Heater - Hydro,0.0000,On Hand,06 Oct 2025
QOH,BOS14LBG,Gas Water Heaters _AND_ Access,OH,14lt Water Heater (Bosch) battery,0.0000,On Hand,06 Oct 2025
QOH,BOS14LPGH,Gas Water Heaters _AND_ Access,OH,14litre Gas Water Heater - BOSCH HYDRO,0.0000,On Hand,06 Oct 2025
QOH,BOS18LBG,Gas Water Heaters _AND_ Access,OH,18litre Bosch Water Heater - Battery,0.0000,On Hand,06 Oct 2025
QOH,BOS18LPGH,Gas Water Heaters _AND_ Access,OH,18litre Bosch Water Heater - Hydro,0.0000,On Hand,06 Oct 2025
QOH,BOS20FFNG,BLOCKED,OH,20litre Fan Forced Natural Gas Bosch,0.0000,On Hand,06 Oct 2025
QOH,BOS20LOPT,BLOCKED,OH,20litre Optiflo Water Heater - Bosch,0.0000,On Hand,06 Oct 2025
QOH,BOTBP,BLOCKED,OH,Old Type Bleeder Plug,0.0000,On Hand,06 Oct 2025
QOH,BRAA,BLOCKED,OH,APR003 - Full Braai Apron,0.0000,On Hand,06 Oct 2025
QOH,BRAAPR/B/BU,BLOCKED,OH,Cotton twill apron (Black Blue Red),0.0000,On Hand,06 Oct 2025
QOH,BRB1214,Brass Fittings,OH,Reducing Bush 1/2inchM -1/4inchF,1.0000,On Hand,06 Oct 2025
QOH,BRB1218,Brass Fittings,OH,Reducing Bush 1/2inchM to 1/8inchF,105.0000,On Hand,06 Oct 2025
QOH,BRB1234,Brass Fittings,OH,3/4inch Female to 1/2inch Male Reducer,17.0000,On Hand,06 Oct 2025
QOH,BRB1238,Brass Fittings,OH,Reducing Bush 1/2inchF to 3/8inchM,65.0000,On Hand,06 Oct 2025
QOH,BRB1418,Brass Fittings,OH,Reducing Bush 1/4inchM -1/8inchF,70.0000,On Hand,06 Oct 2025
QOH,BRB1438,Brass Fittings,OH,Reducing Bush 3/8inch Female to 1/4inch Male,79.0000,On Hand,06 Oct 2025
QOH,BRB3412,Brass Fittings,OH,Reducing Bush 3/4inchM to 1/2inch F,26.0000,On Hand,06 Oct 2025
QOH,BRB3414,Brass Fittings,OH,Reducing Bush 3/4inch M to 1/4inch F,9.0000,On Hand,06 Oct 2025
QOH,BRB3418,Brass Fittings,OH,Reducing Bush 3/4inch M to 1/8inch F,0.0000,On Hand,06 Oct 2025
QOH,BRB3438,Brass Fittings,OH,Reducing Bush 3/4inchM to 3/8inch F,68.0000,On Hand,06 Oct 2025
QOH,BRB3812,Brass Fittings,OH,Reducing Bush 3/8inchF to 1/2inch M,33.0000,On Hand,06 Oct 2025
QOH,BRB3814,Brass Fittings,OH,Reducing Bush 3/8inchM-1/4inchF,48.0000,On Hand,06 Oct 2025
QOH,BRB3818,Brass Fittings,OH,Reducing Bush 3/8inchM to 1/8inchF,53.0000,On Hand,06 Oct 2025
QOH,BRENTLAMP,Lamps _AND_ General,OH,Brentwood Gas Lamps 300cp,11.0000,On Hand,06 Oct 2025
QOH,BSBTVALVE,Brass Fittings,OH,CA 3 Single Boiling Table Valve,45.0000,On Hand,06 Oct 2025
QOH,BSCON,Brass Fittings,OH,8mm Brass Straight Joiner,183.0000,On Hand,06 Oct 2025
QOH,BSCON6,Brass Fittings,OH,6mm Brass Straight Joiner,-10.0000,On Hand,06 Oct 2025
QOH,BSCONC,Brass Fittings,OH,8mm Straight Connector _AND_ 2 clamps,1.0000,On Hand,06 Oct 2025
QOH,BSOC1/2,Brass Fittings,OH,1/2inch Female Sockets,85.0000,On Hand,06 Oct 2025
QOH,BSOC1/4,Brass Fittings,OH,1/4inch Female Sockets,58.0000,On Hand,06 Oct 2025
QOH,BSOC1/8,Brass Fittings,OH,1/8inch Female Sockets,34.0000,On Hand,06 Oct 2025
QOH,BSOC3/4,Brass Fittings,OH,3/4inch Female Sockets,6.0000,On Hand,06 Oct 2025
QOH,BSOC3/8,Brass Fittings,OH,3/8inch Female Sockets,65.0000,On Hand,06 Oct 2025
QOH,BT2BB,Boiling Table/Burners,OH,2 Burner B/Table folding Legs Black H/D,4.0000,On Hand,06 Oct 2025
QOH,BT2BG,BLOCKED,OH,2 Burner B/Table folding Legs Round Blk,0.0000,On Hand,06 Oct 2025
QOH,BT2BHP,Boiling Table/Burners,OH,2 Burner Boiling Table High Pressure,0.0000,On Hand,06 Oct 2025
QOH,BT2C40,Boiling Table/Burners,OH,2 Burner Boiling Tabe C40 Long Legs,0.0000,On Hand,06 Oct 2025
QOH,BT3BB,Boiling Table/Burners,OH,3 Burner B/Table folding Legs Black H/D,4.0000,On Hand,06 Oct 2025
QOH,BT3BG,BLOCKED,OH,3 Burner B/Table Folding Legs Round Blk,0.0000,On Hand,06 Oct 2025
QOH,BT4BB,Boiling Table/Burners,OH,4 Burner B/Table folding Legs Black H/D,1.0000,On Hand,06 Oct 2025
QOH,BT4BG,BLOCKED,OH,4 Burner B/Table folding Legs Round Blac,0.0000,On Hand,06 Oct 2025
QOH,BT4BHP,Boiling Table/Burners,OH,4 Burner Boiling Table High Pressure,0.0000,On Hand,06 Oct 2025
QOH,BTCON,Brass Fittings,OH,Brass T connector - 8mm,53.0000,On Hand,06 Oct 2025
QOH,BTHT,Brass Fittings,OH,Bullnose to Hosetail,24.0000,On Hand,06 Oct 2025
QOH,BTP1/2FH,Brass Fittings,OH,1/2inch Female to Hosetail Test Point,142.0000,On Hand,06 Oct 2025
QOH,BTP1/2MF,Brass Fittings,OH,1/2inch Male Female Test Point,23.0000,On Hand,06 Oct 2025
QOH,BTP3/8MF,Brass Fittings,OH,3/8inch Male Female Test Point,36.0000,On Hand,06 Oct 2025
QOH,BTRB,Boiling Table/Burners,OH,Boiling Table Replacement Burner,3.0000,On Hand,06 Oct 2025
QOH,BUN1/2,Brass Fittings,OH,1/2inch Compression Union,138.0000,On Hand,06 Oct 2025
QOH,BUN1/2-5/16,Brass Fittings,OH,1/2inch Compression to 5/16inch Compression,0.0000,On Hand,06 Oct 2025
QOH,BUN1/4,Brass Fittings,OH,1/4inch Compression Union,28.0000,On Hand,06 Oct 2025
QOH,BUN1238,BLOCKED,OH,1/2inch to 3/8 Compression Union,0.0000,On Hand,06 Oct 2025
QOH,BUN3/8,Brass Fittings,OH,3/8inch Compression Union,47.0000,On Hand,06 Oct 2025
QOH,BUN3/8-5/16,Brass Fittings,OH,3/8inch Compression to 5/16inch Compression,42.0000,On Hand,06 Oct 2025
QOH,BUN4/6,Brass Fittings,OH,1/4inch Compression to 3/8 Compression Red,47.0000,On Hand,06 Oct 2025
QOH,BUN516,Brass Fittings,OH,5/16inch Compression Union,23.0000,On Hand,06 Oct 2025
QOH,BUN8/6,Brass Fittings,OH,1/2inch Compression to 3/8inch Compression,49.0000,On Hand,06 Oct 2025
QOH,BUNBSG,Boiling Table/Burners,OH,Bunsen Burner Blue Base,0.0000,On Hand,06 Oct 2025
QOH,BUNBW,Boiling Table/Burners,OH,Bunsen Burner with Valve,0.0000,On Hand,06 Oct 2025
QOH,BV05180008,Brass Fittings,OH,Pressure Release Valve Liquid,0.0000,On Hand,06 Oct 2025
QOH,BV0518009,Brass Fittings,OH,Pressure release Valve 2580kps,0.0000,On Hand,06 Oct 2025
QOH,BVALSBT,BLOCKED,OH,Single Boiling Table Valve only,0.0000,On Hand,06 Oct 2025
QOH,BVN05110004,Brass Fittings,OH,Valve Needle Brass 1/4inch Male to Female,0.0000,On Hand,06 Oct 2025
QOH,BWML,Regulators/Pigtails,OH,Bullnose Wheel With male - Long (VAPIG),0.0000,On Hand,06 Oct 2025
QOH,BXCON,Brass Fittings,OH,8mm X Piece,76.0000,On Hand,06 Oct 2025
QOH,BYCON,Brass Fittings,OH,8mm Y Piece,73.0000,On Hand,06 Oct 2025
QOH,C2BSSH,Stove _AND_ Hobs,OH,Cadac 2 Burner S/S Gas Hob,0.0000,On Hand,06 Oct 2025
QOH,C30BT,Boiling Table/Burners,OH,C30 Cast Iron Boiling Table Single,0.0000,On Hand,06 Oct 2025
QOH,C40BT,Boiling Table/Burners,OH,C40 Cast Iron Boiling Table Single,0.0000,On Hand,06 Oct 2025
QOH,C4BHSS,Stove _AND_ Hobs,OH,4 Burner Gas Hob - Side Knobs,0.0000,On Hand,06 Oct 2025
QOH,C5BHSS,Stove _AND_ Hobs,OH,5 Burner Gas Hob - Front Knobs,0.0000,On Hand,06 Oct 2025
QOH,C98345S100,General Spares,OH,Patio BBQ Side Burner Valve (Cadac),3.0000,On Hand,06 Oct 2025
QOH,C98345S55,General Spares,OH,Control Switch/VAlve/Piezo Braai Cadac,0.0000,On Hand,06 Oct 2025
QOH,C98345S57,General Spares,OH,Patio BBQ Tube Burner,0.0000,On Hand,06 Oct 2025
QOH,CAD6501,General Spares,OH,Cadac Safari HP Hose Adap 3/8inch,0.0000,On Hand,06 Oct 2025
QOH,CAD98700SP021,General Spares,OH,Stratos Flame Tamer,0.0000,On Hand,06 Oct 2025
QOH,CADCDBC,Hardware,OH,Calf Debudder Complete,0.0000,On Hand,06 Oct 2025
QOH,CADCDBH,Hardware,OH,Calf Debudder Head only,0.0000,On Hand,06 Oct 2025
QOH,CADEGR,Lamps _AND_ General,OH,Cadac Easilite Glass - Round,0.0000,On Hand,06 Oct 2025
QOH,CADPP28L,Braais _AND_ Products,OH,PAELLA PAN 28CM PLS LID,0.0000,On Hand,06 Oct 2025
QOH,CADPP36,Braais _AND_ Products,OH,Cadac Paella Pan 36cm,0.0000,On Hand,06 Oct 2025
QOH,CADPP47,Braais _AND_ Products,OH,Cadac Paella Pan 47cm,0.0000,On Hand,06 Oct 2025
QOH,CADRBG,Braais _AND_ Products,OH,Grill Cast Iron Reversible Braai,0.0000,On Hand,06 Oct 2025
QOH,CADSB,Braais _AND_ Products,OH,Cadac SKOTTEL BRAAI,0.0000,On Hand,06 Oct 2025
QOH,CAMS001,BLOCKED,OH,Camping Stove 1Burner  Grill and Oven,0.0000,On Hand,06 Oct 2025
QOH,CAMS002,BLOCKED,OH,Camping Stove 2 Burner and Oven,0.0000,On Hand,06 Oct 2025
QOH,CANFPB,Braais _AND_ Products,OH,Flat Pack Braai in a Bag - S/S,0.0000,On Hand,06 Oct 2025
QOH,CBFCC,Braais _AND_ Products,OH,Cadac - Bornfree Camp Cruiser,0.0000,On Hand,06 Oct 2025
QOH,CBFPW,Braais _AND_ Products,OH,Cooler Box Freezer Pack - White,30.0000,On Hand,06 Oct 2025
QOH,CBIR20F,Boiling Table/Burners,OH,Ceramic Burner 10000btu 272x170x80mm,4.0000,On Hand,06 Oct 2025
QOH,CBIR32,Boiling Table/Burners,OH,Ceramic Burner 10000BTU 320x82x60mm,2.0000,On Hand,06 Oct 2025
QOH,CBIR33,Boiling Table/Burners,OH,Ceramic Burner 10000btu 445x83x62mm,5.0000,On Hand,06 Oct 2025
QOH,CBIR34,Boiling Table/Burners,OH,Ceramic Burner 13500btu 570x83x65mm,5.0000,On Hand,06 Oct 2025
QOH,CBKC20T,Boiling Table/Burners,OH,Chicken Brooder 272x170x80,2.0000,On Hand,06 Oct 2025
QOH,CCBN,Brass Fittings,OH,Cadac Cylinder Broach Nut,34.0000,On Hand,06 Oct 2025
QOH,CCCR,Brass Fittings,OH,Cadac Cylinder Copper Ring,86.0000,On Hand,06 Oct 2025
QOH,CCYL10,Cylinders/Heaters/General,OH,9kg Composite Gas Cylinder,0.0000,On Hand,06 Oct 2025
QOH,CCYL10SS,Cylinders/Heaters/General,OH,9kg Composite Cylinders Shop Soiled,0.0000,On Hand,06 Oct 2025
QOH,CCYL16FLT,Cylinders/Heaters/General,OH,16kg Forklift Composite Cylinder,64.0000,On Hand,06 Oct 2025
QOH,CCYL5,BLOCKED,OH,5kg Composite Gas Cylinder,0.0000,On Hand,06 Oct 2025
QOH,CCYL5SS,BLOCKED,OH,5kg Composite Gas Cylinder SHOP SOILED,0.0000,On Hand,06 Oct 2025
QOH,CCYL9,BLOCKED,OH,9kg Composite Gas Cylinder,0.0000,On Hand,06 Oct 2025
QOH,CEXTRAC1,Cylinders/Heaters/General,OH,Cylinder Valve Extraction Tool,1.0000,On Hand,06 Oct 2025
QOH,CEXTRAC2,Cylinders/Heaters/General,OH,Cylinder Valve Extraction Tool Large,1.0000,On Hand,06 Oct 2025
QOH,CF205GE,Kitchenware,OH,205L Chest Freezer,0.0000,On Hand,06 Oct 2025
QOH,CF270FFGE,Kitchenware,OH,270l Chest Fridge / Freezer Gas/Elec Wh,0.0000,On Hand,06 Oct 2025
QOH,CF30DN,Boiling Table/Burners,OH,C30 Manifold with Compression Fittings,0.0000,On Hand,06 Oct 2025
QOH,CF45CB,Camping Products,OH,45litre Cooler Box S/S,0.0000,On Hand,06 Oct 2025
QOH,CF45GES,Camping Products,OH,CAMPING CHEST FREEZER (45L) (Stainless Steel),0.0000,On Hand,06 Oct 2025
QOH,CF65GES,Camping Products,OH,CAMPING CHEST FREEZER (65L) (Stainless S,0.0000,On Hand,06 Oct 2025
QOH,CF70CB,Camping Products,OH,70litre Cooler Box S/S,0.0000,On Hand,06 Oct 2025
QOH,CF70GES,Camping Products,OH,70litre Chest Freezer S/S,0.0000,On Hand,06 Oct 2025
QOH,CGHCF,Cylinders/Heaters/General,OH,Gas Heater and Cooker Flat - Core,1.0000,On Hand,06 Oct 2025
QOH,CGHCR,Cylinders/Heaters/General,OH,Gas Heater and Cooker Round - Core,3.0000,On Hand,06 Oct 2025
QOH,CGOXY01,BLOCKED,OH,Cartridge - Bernzomatic Oxygen,0.0000,On Hand,06 Oct 2025
QOH,CHEF18P2,Refillable Torches,OH,Refillable Butane Torch,32.0000,On Hand,06 Oct 2025
QOH,CHEFEX,BLOCKED,OH,Executive Chef's Torch,0.0000,On Hand,06 Oct 2025
QOH,CHEFPK,Refillable Torches,OH,Chef Torch Clear Refillable,0.0000,On Hand,06 Oct 2025
QOH,CHEJF,Kitchenware,OH,Chef Torch Black Jetflame,0.0000,On Hand,06 Oct 2025
QOH,CHELB,BLOCKED,OH,Chef Torch Blue,0.0000,On Hand,06 Oct 2025
QOH,CHELBK,BLOCKED,OH,Chef Torch Black,0.0000,On Hand,06 Oct 2025
QOH,CHESS,Refillable Torches,OH,Chef Torch Stainless Steel,2.0000,On Hand,06 Oct 2025
QOH,CHOCKASTRO,BLOCKED,OH,Complete C/O Regulator Kit -ASTRO,0.0000,On Hand,06 Oct 2025
QOH,CHOCKC,BLOCKED,OH,5kg Vented Inline Regulator KIT,0.0000,On Hand,06 Oct 2025
QOH,CHOCKCGAS,BLOCKED,OH,Complete Change over Regulator Kit - Cga,0.0000,On Hand,06 Oct 2025
QOH,CHOCKHP,BLOCKED,OH,Complete C/O Kit High Pressure,0.0000,On Hand,06 Oct 2025
QOH,CIBP7,Braais _AND_ Products,OH,Cast Iron Baking Pot Size 7 and lid,0.0000,On Hand,06 Oct 2025
QOH,CICFP,Kitchenware,OH,Cast Iron Cookware - Frying Pan,0.0000,On Hand,06 Oct 2025
QOH,CICW7PC,Braais _AND_ Products,OH,Cast Iron Cookware Set - 7piece,4.0000,On Hand,06 Oct 2025
QOH,CIFP12,Braais _AND_ Products,OH,Baked Pot Size 12,0.0000,On Hand,06 Oct 2025
QOH,CIG01,Braais _AND_ Products,OH,Cast Iron Top Grid 440 x 170mm,0.0000,On Hand,06 Oct 2025
QOH,CIG04,Braais _AND_ Products,OH,Top Grid 320 x 484mm CIG105,4.0000,On Hand,06 Oct 2025
QOH,CIG06,BLOCKED,OH,Cast Iron Plate 320mm x 484mm,0.0000,On Hand,06 Oct 2025
QOH,CIG104,Braais _AND_ Products,OH,Cast Iron Grate 495mm x 405mm,4.0000,On Hand,06 Oct 2025
QOH,CIG105,BLOCKED,OH,Cast Iron Grate 480mm x 320mm,0.0000,On Hand,06 Oct 2025
QOH,CIG4842,Braais _AND_ Products,OH,Cast Iron Grid 480mm x 400mm,10.0000,On Hand,06 Oct 2025
QOH,CIGA230,Braais _AND_ Products,OH,Cast Iron Grid 230mm x 480mm,0.0000,On Hand,06 Oct 2025
QOH,CIP1/4S,Braais _AND_ Products,OH,Cast Iron Potjie 1/4 Stand,0.0000,On Hand,06 Oct 2025
QOH,CIP320,Braais _AND_ Products,OH,Cast Iron Plate 495mm x 335mm,0.0000,On Hand,06 Oct 2025
QOH,CIP400,BLOCKED,OH,Cast Iron Plate 480mm x 400mm,0.0000,On Hand,06 Oct 2025
QOH,CIP4842,Braais _AND_ Products,OH,Cast Iron Ribbed Plate 484mm x 400mm,14.0000,On Hand,06 Oct 2025
QOH,CIPP14,Braais _AND_ Products,OH,1/4 Cast Iron Potjie Pot,7.0000,On Hand,06 Oct 2025
QOH,CIPP3,Braais _AND_ Products,OH,Potjie Pot Size 3,0.0000,On Hand,06 Oct 2025
QOH,CIPP4,Braais _AND_ Products,OH,Cast Iron Potjie Pot - Size 4,0.0000,On Hand,06 Oct 2025
QOH,CIPP6,Braais _AND_ Products,OH,Cast Iron Potjie - Size 6 Pot _AND_ Lid,0.0000,On Hand,06 Oct 2025
QOH,CIPP8,Braais _AND_ Products,OH,Cast Iron Potjie Pot Size 8,0.0000,On Hand,06 Oct 2025
QOH,CIPR484,Braais _AND_ Products,OH,Cast Iron Plate 320mm x 484mm,0.0000,On Hand,06 Oct 2025
QOH,CIRWG,Boiling Table/Burners,OH,Cast Iron Ribbed Wavy Grate (450x155),1.0000,On Hand,06 Oct 2025
QOH,CISPS,BLOCKED,OH,Mini Cast Iron Salt _AND_ Pepper Cellar Set,0.0000,On Hand,06 Oct 2025
QOH,CITB,Boiling Table/Burners,OH,Cast Iron Tube Burner,13.0000,On Hand,06 Oct 2025
QOH,CIWBCA6,Boiling Table/Burners,OH,Cast Iron Wok Burner with legs,2.0000,On Hand,06 Oct 2025
QOH,CIWBCA6O,Boiling Table/Burners,OH,Cast Iron Wok Burner only - no legs,0.0000,On Hand,06 Oct 2025
QOH,CLA16/8W2,Brass Fittings,OH,Hose Clamp S/S 6-16mm CS006,0.0000,On Hand,06 Oct 2025
QOH,CLA22/8W2,Brass Fittings,OH,Hose Clamp S/S 10-22mm CS010,0.0000,On Hand,06 Oct 2025
QOH,CLA22/8W4,BLOCKED,OH,Hose Clamp S/S 10-22mm CS010,0.0000,On Hand,06 Oct 2025
QOH,CLA25/12W4,Brass Fittings,OH,Hose Clamp S/S 10-25mm CS011,0.0000,On Hand,06 Oct 2025
QOH,CLA32/12W2,Brass Fittings,OH,Hose Clamp 14 - 32 mm uc014,0.0000,On Hand,06 Oct 2025
QOH,CLA57/12W2,Brass Fittings,OH,Hose clamp s/s 32-57mm UC032,0.0000,On Hand,06 Oct 2025
QOH,CLAE215-18,Brass Fittings,OH,Hose Clamps Oetiker 15 - 18mm,0.0000,On Hand,06 Oct 2025
QOH,CLAFCF16MM,Brass Fittings,OH,16mm Clamps no screws (2),0.0000,On Hand,06 Oct 2025
QOH,CLAGC0118,BLOCKED,OH,6-16mm S/S Clamps,0.0000,On Hand,06 Oct 2025
QOH,CLAGC0121,BLOCKED,OH,14-32mm S/S Clamps,0.0000,On Hand,06 Oct 2025
QOH,CLAGC0122,Brass Fittings,OH,17mm - 38mm S/S Clamps,190.0000,On Hand,06 Oct 2025
QOH,CLAGC0125,Brass Fittings,OH,38mm - 63mm S/S Clamps,90.0000,On Hand,06 Oct 2025
QOH,CLAGCO124,Brass Fittings,OH,25mm - 51mm S/S Clamps,0.0000,On Hand,06 Oct 2025
QOH,CLAMP,Brass Fittings,OH,Hose Clamps - Mild Steel,9547.0000,On Hand,06 Oct 2025
QOH,CLAMP15MMR,Brass Fittings,OH,15mm Hose Clamp Rubber,0.0000,On Hand,06 Oct 2025
QOH,CLAMP22MMR,Brass Fittings,OH,22mm Hose Clamp Rubber,0.0000,On Hand,06 Oct 2025
QOH,CLAMPH,BLOCKED,OH,Hose Clamp - High Quality Steel,0.0000,On Hand,06 Oct 2025
QOH,CLAMPHS,Brass Fittings,OH,Hose Clamps - Stainless Band/Galv screws,0.0000,On Hand,06 Oct 2025
QOH,CLAMPSP,Brass Fittings,OH,Clamp with screws and plug 16mm,310.0000,On Hand,06 Oct 2025
QOH,CLAMPSP2,Brass Fittings,OH,Clamp with screws and plug 20mm,300.0000,On Hand,06 Oct 2025
QOH,CLAMPSS,Brass Fittings,OH,Hose Clamp - Stainless Steel 6mm-16mm,3723.0000,On Hand,06 Oct 2025
QOH,CLGC0125,Brass Fittings,OH,38-63mm S/S Clamps,10.0000,On Hand,06 Oct 2025
QOH,CLNS,Brass Fittings,OH,Cylinder Locknut Spanner,59.0000,On Hand,06 Oct 2025
QOH,CLWBST,Braais _AND_ Products,OH,Braai Sandwich Toaster - 4 Slices,3.0000,On Hand,06 Oct 2025
QOH,CLWCB6,Camping Products,OH,Coolerbag Nylon 6pack 22x16x16cm,0.0000,On Hand,06 Oct 2025
QOH,CLWCB8,Camping Products,OH,Coolerbox Hardbody 8litre,0.0000,On Hand,06 Oct 2025
QOH,CLWCBP,Camping Products,OH,Coolerbag Picnic with Handles 46x28x22cm,0.0000,On Hand,06 Oct 2025
QOH,CLWCBT,Camping Products,OH,Coolerbag 32x19x31cm Black,0.0000,On Hand,06 Oct 2025
QOH,CLWFR,Camping Products,OH,Fishing Rod Spinnig Set,0.0000,On Hand,06 Oct 2025
QOH,CLWGG,Braais _AND_ Products,OH,Garden Gloves - Coloured,2.0000,On Hand,06 Oct 2025
QOH,CLWGKTS,Braais _AND_ Products,OH,Kids Garden Tool Kit,4.0000,On Hand,06 Oct 2025
QOH,CLWHSB,Braais _AND_ Products,OH,Bucket Hat Set with Glasses - Boy,0.0000,On Hand,06 Oct 2025
QOH,CLWHSG,Braais _AND_ Products,OH,Bucket Hat Set with Glasses - Girl,0.0000,On Hand,06 Oct 2025
QOH,CLWMDBE,Kitchenware,OH,Mug Daily Barrel Embossed 200ml,1.0000,On Hand,06 Oct 2025
QOH,CLWNFE,Camping Products,OH,Fishing Net - Extendable 87cm,0.0000,On Hand,06 Oct 2025
QOH,CLWNFN,Camping Products,OH,Fishing Net - Nylon 115cm,0.0000,On Hand,06 Oct 2025
QOH,CLWPDT23,Kitchenware,OH,Pet Dog Toy Treat 23cm,0.0000,On Hand,06 Oct 2025
QOH,CLWPDT27,Kitchenware,OH,Pet Dog Toy Treat 27cm,0.0000,On Hand,06 Oct 2025
QOH,CLWSBM,Kitchenware,OH,Silicone Bathmat 36cm x 59cm,1.0000,On Hand,06 Oct 2025
QOH,CLWSCHS,Kitchenware,OH,Kaylees Sweet Choc Hotchoc Stick,3.0000,On Hand,06 Oct 2025
QOH,CLWST3,Kitchenware,OH,Serving Tongs 3 pack - Soft Grip Handle,29.0000,On Hand,06 Oct 2025
QOH,CMAN30,Boiling Table/Burners,OH,C30 Manifold - Single Hosetail Bottom,0.0000,On Hand,06 Oct 2025
QOH,CMAN30D,BLOCKED,OH,C30 Manifold - Double Hosetail Bottom,0.0000,On Hand,06 Oct 2025
QOH,CMAN30DT,Boiling Table/Burners,OH,C30 Manifold - Double Hosetail Top,2.0000,On Hand,06 Oct 2025
QOH,CMAN30T,Boiling Table/Burners,OH,C30 Manifold - Single Hosetail TOP,2.0000,On Hand,06 Oct 2025
QOH,CMAN40,Boiling Table/Burners,OH,C40 Manifold,12.0000,On Hand,06 Oct 2025
QOH,CMAN50,Boiling Table/Burners,OH,C50 Manifold only,5.0000,On Hand,06 Oct 2025
QOH,CMGD,Safety Equipment,OH,Carbon Monoxide Gas Detector - Battery,9.0000,On Hand,06 Oct 2025
QOH,COCROCKS,Braais _AND_ Products,OH,Rock Pack (2kg),5.0000,On Hand,06 Oct 2025
QOH,CONV1,General Spares,OH,Standard Fridge Burner,13.0000,On Hand,06 Oct 2025
QOH,CONV2,General Spares,OH,Ocean Type Refrigeration Convers Burner,7.0000,On Hand,06 Oct 2025
QOH,COOK1,BLOCKED,OH,Cooker Top Toaster,0.0000,On Hand,06 Oct 2025
QOH,COOK2,Cooker Tops,OH,Galvanised Cooker Top (Made in SA),182.0000,On Hand,06 Oct 2025
QOH,COOK2P,Cooker Tops,OH,Cooker Top with Piezo Ignitor (20 min),9.0000,On Hand,06 Oct 2025
QOH,COOK2PD,Stove _AND_ Hobs,OH,Cook 2 Pro Deluxe - Cadac,0.0000,On Hand,06 Oct 2025
QOH,COOK3,Cooker Tops,OH,Perforated Burner,14.0000,On Hand,06 Oct 2025
QOH,COOK4,Cooker Tops,OH,Boxed Potjiekos Cooker Top,3.0000,On Hand,06 Oct 2025
QOH,COOK4C,Cooker Tops,OH,Potjiekos Cooker Top (Cadac),10.0000,On Hand,06 Oct 2025
QOH,COOK5,Cooker Tops,OH,Chrome Cooker Top Boxed (Atlas),0.0000,On Hand,06 Oct 2025
QOH,COOK716,Cooker Tops,OH,Cooker top for 7/16 Canister,4.0000,On Hand,06 Oct 2025
QOH,COOKA,BLOCKED,OH,Autotrail Cooker,0.0000,On Hand,06 Oct 2025
QOH,COOKAE,Cooker Tops,OH,Cooker Top Eco Alva (Washer _AND_ Jet ),0.0000,On Hand,06 Oct 2025
QOH,COOKAL,Cooker Tops,OH,Cooker Top Alva,0.0000,On Hand,06 Oct 2025
QOH,COOKBT,Braais _AND_ Products,OH,BBQ Toaster - Gas,49.0000,On Hand,06 Oct 2025
QOH,COOKD,BLOCKED,OH,Small Cooker - Select,6.0000,On Hand,06 Oct 2025
QOH,COOKI,Cooker Tops,OH,Cooker Top - Chrome Bag,-56.0000,On Hand,06 Oct 2025
QOH,COOKI2,Cooker Tops,OH,Cooker Top,2.0000,On Hand,06 Oct 2025
QOH,COOKL,Cooker Tops,OH,Large Cooker Top - Boxed,28.0000,On Hand,06 Oct 2025
QOH,COOKM,Cooker Tops,OH,Cooker Top Medium,0.0000,On Hand,06 Oct 2025
QOH,COOKP,Canister Gas Products,OH,Butane Cooker 100,7.0000,On Hand,06 Oct 2025
QOH,COOKP1,BLOCKED,OH,Butane Cooker,0.0000,On Hand,06 Oct 2025
QOH,COOKS,BLOCKED,OH,Supreme Cooker Top,0.0000,On Hand,06 Oct 2025
QOH,COOKSC2,Cooker Tops,OH,Cooker Top (in bag) - Safegas,0.0000,On Hand,06 Oct 2025
QOH,COOKSCT2,Brass Fittings,OH,Perforated Burner for Cooker Top SCT-2,15.0000,On Hand,06 Oct 2025
QOH,COOKSG,Cooker Tops,OH,Chrome Cooker Top in Box (Safegas),0.0000,On Hand,06 Oct 2025
QOH,COOKT,Cooker Tops,OH,Perforated Burner (Tall),51.0000,On Hand,06 Oct 2025
QOH,COOKTEL,BLOCKED,OH,Telsure Cooker Top ( Saffy),0.0000,On Hand,06 Oct 2025
QOH,COPE1/2,Copper Products,OH,1/2inch (12.7mm) Copper Elbow 90deg,3.0000,On Hand,06 Oct 2025
QOH,COPE1/4,Copper Products,OH,1/4inch (6.35mm) Copper Elbow 90deg,22.0000,On Hand,06 Oct 2025
QOH,COPE3/4,Copper Products,OH,3/4inch Copper Elbow 90deg,95.0000,On Hand,06 Oct 2025
QOH,COPE3/8,Copper Products,OH,3/8inch (9.53mm) Copper Elbow 90deg,184.0000,On Hand,06 Oct 2025
QOH,COPE3/845,Copper Products,OH,3/8inch Copper Elbow 45 degrees,603.0000,On Hand,06 Oct 2025
QOH,COPE451/2,Copper Products,OH,1/2inch Copper 45degree Elbow,241.0000,On Hand,06 Oct 2025
QOH,COPE453/4,Copper Products,OH,3/4inch Copper 45degree Elbow,36.0000,On Hand,06 Oct 2025
QOH,COPE455/8,Copper Products,OH,5/8inch Copper 45degree Elbow,54.0000,On Hand,06 Oct 2025
QOH,COPE457/8,Copper Products,OH,7/8inch Hard Drawn Copper 45 degree elbows,0.0000,On Hand,06 Oct 2025
QOH,COPE5/8H,Copper Products,OH,5/8inch Copper Elbows 90deg,60.0000,On Hand,06 Oct 2025
QOH,COPEH7/8,Copper Products,OH,7/8inch Copper Elbows 90deg,2.0000,On Hand,06 Oct 2025
QOH,COPS,Copper Products,OH,1/4inch Copper Straight,18.0000,On Hand,06 Oct 2025
QOH,COPS1/2,Copper Products,OH,1/2inch (12.7mm) Copper Straight,116.0000,On Hand,06 Oct 2025
QOH,COPS3/4,Copper Products,OH,3/4inch Copper Straight,30.0000,On Hand,06 Oct 2025
QOH,COPS3/8,Copper Products,OH,3/8inch (9.53mm) Copper Straight,89.0000,On Hand,06 Oct 2025
QOH,COPS5/8,Copper Products,OH,5/8inch Copper Straight,27.0000,On Hand,06 Oct 2025
QOH,COPS7/8,Copper Products,OH,7/8inch Copper Union,4.0000,On Hand,06 Oct 2025
QOH,COPSR1238,Copper Products,OH,1/2inch to 3/8inch Copper Straight Reducer,12.0000,On Hand,06 Oct 2025
QOH,COPSR14516,Copper Products,OH,1/4inch to 5/16inch Copper Reducer Straight,0.0000,On Hand,06 Oct 2025
QOH,COPSR3412,Copper Products,OH,3/4inch to 1/2inch Copper Reducer,23.0000,On Hand,06 Oct 2025
QOH,COPSR3458,Copper Products,OH,3/4inch to 5/8inch Copper Reducer,0.0000,On Hand,06 Oct 2025
QOH,COPSR3814,Copper Products,OH,Copper Straight Reducer 3/8inch to 1/4inch,16.0000,On Hand,06 Oct 2025
QOH,COPSR5812,Copper Products,OH,5/8inch to 1/2inch Copper Reducer,35.0000,On Hand,06 Oct 2025
QOH,COPSR7/8-5/8,Copper Products,OH,5/8inch to 7/8inch Copper Reducer,5.0000,On Hand,06 Oct 2025
QOH,COPT1/2,Copper Products,OH,1/2inch (12.7mm) Copper Tee,68.0000,On Hand,06 Oct 2025
QOH,COPT1/4,Copper Products,OH,1/4inch Copper Tee,156.0000,On Hand,06 Oct 2025
QOH,COPT3/4,Copper Products,OH,3/4inch Copper Tee,5.0000,On Hand,06 Oct 2025
QOH,COPT3/8,Copper Products,OH,3/8inch (9.53mm) Copper Tee,111.0000,On Hand,06 Oct 2025
QOH,COPT5/8H,Copper Products,OH,5/8inch Hard Drawn Copper Tee,10.0000,On Hand,06 Oct 2025
QOH,COPTH7/8,Copper Products,OH,7/8inch Copper Tee,0.0000,On Hand,06 Oct 2025
QOH,COS002,Cylinders/Heaters/General,OH,Complete ODS System - Heater,0.0000,On Hand,06 Oct 2025
QOH,COTHP,Doors _AND_ Window Frames _AND_ Fitt,OH,Cottage Hinge Pin - Stl,0.0000,On Hand,06 Oct 2025
QOH,COTUH1/2,Copper Products,OH,1/2inch Hard Drawn Copper Pipe 5.5m 12.73mm,0.0000,On Hand,06 Oct 2025
QOH,COTUH1/4,Copper Products,OH,1/4inch Copper Tubing (Hard drawn) 5.5m,0.0000,On Hand,06 Oct 2025
QOH,COTUH3/8,Copper Products,OH,3/8inch Copper Tubing (Hard drawn) 5.5m,0.0000,On Hand,06 Oct 2025
QOH,COTUH5/8,Copper Products,OH,TUBING HARD 5/8inch 15.88mm 0.71wt (80),0.0000,On Hand,06 Oct 2025
QOH,COTUH7/8,Copper Products,OH,7/8inch Hard drawn Copper Tubing,3.0000,On Hand,06 Oct 2025
QOH,COTUS1/2,Copper Products,OH,1/2inch (12.7mm) Copper Tubing 15.2M (Soft),2.0000,On Hand,06 Oct 2025
QOH,COTUS1/4,Copper Products,OH,1/4inch (6.35mm) Copper Tubing 15.2M (Soft),1.0000,On Hand,06 Oct 2025
QOH,COTUS3/16,Copper Products,OH,3/16inch Soft Drawn Copper Tubing 4.76mm,0.0000,On Hand,06 Oct 2025
QOH,COTUS3/4,Copper Products,OH,3/4 soft copper tubing 19.05mm (15.2m),0.0000,On Hand,06 Oct 2025
QOH,COTUS3/8,Copper Products,OH,3/8inch (9.53mm) Copper Tubing 15.2M (Soft),3.0000,On Hand,06 Oct 2025
QOH,COTUS5/16,Copper Products,OH,5/16inch Copper Tubing Soft Drawn,1.0000,On Hand,06 Oct 2025
QOH,COTUS5/8,Copper Products,OH,5/8inch (15.88mm) Copper Tubing Soft Drawn,0.0000,On Hand,06 Oct 2025
QOH,COTUS7/8,Copper Products,OH,7/8inch Soft Drawn Copper Tubing 15 2m,0.0000,On Hand,06 Oct 2025
QOH,COUE1/2,Brass Fittings,OH,1/2inch Compression Elbow,52.0000,On Hand,06 Oct 2025
QOH,COUE1/4,Brass Fittings,OH,1/4inch Compression Elbow,19.0000,On Hand,06 Oct 2025
QOH,COUE3/8,Brass Fittings,OH,3/8inch Compression Elbow,45.0000,On Hand,06 Oct 2025
QOH,COUE4C4M,Brass Fittings,OH,1/4inch Compression to 1/4inch Male Elbow,78.0000,On Hand,06 Oct 2025
QOH,COUE5/16,Brass Fittings,OH,5/16inch Compression Elbow,24.0000,On Hand,06 Oct 2025
QOH,COUE5/4,Brass Fittings,OH,5/16inch Compression to 1/4inch Male Elbow,0.0000,On Hand,06 Oct 2025
QOH,COUE5/6,Brass Fittings,OH,5/16inch Compression to 3/8inch Male ELBOW,0.0000,On Hand,06 Oct 2025
QOH,COUE6C4M,Brass Fittings,OH,3/8inch Compression by 1/4inch Male Elbow,47.0000,On Hand,06 Oct 2025
QOH,COUE8/6,Brass Fittings,OH,1/2inch Compression to 3/8inch Male Elbow,35.0000,On Hand,06 Oct 2025
QOH,COUEM8/8,Brass Fittings,OH,1/2inch Compression_ASTK_ 1/2inch Male Elbow,20.0000,On Hand,06 Oct 2025
QOH,COUP12/12,Brass Fittings,OH,3/4inch Compression to 3/4inch Male,82.0000,On Hand,06 Oct 2025
QOH,COUP12/8,Brass Fittings,OH,3/4inch Compression to 1/2inch Male,46.0000,On Hand,06 Oct 2025
QOH,COUP15/12F,Brass Fittings,OH,15mm Compression to 1/2inch Female,22.0000,On Hand,06 Oct 2025
QOH,COUP15/12M,Brass Fittings,OH,15mm Compression to 1/2inch Male,0.0000,On Hand,06 Oct 2025
QOH,COUP15/6,Brass Fittings,OH,15mm Compression to 3/8inch Male,10.0000,On Hand,06 Oct 2025
QOH,COUP15S14M,Brass Fittings,OH,15mm ID Solder to 1/4inch Male,10.0000,On Hand,06 Oct 2025
QOH,COUP15S38M,Brass Fittings,OH,15mm ID Solder to 3/8inch Male,20.0000,On Hand,06 Oct 2025
QOH,COUP2/2,Brass Fittings,OH,1/8inch Compression by 1/8inch Male,0.0000,On Hand,06 Oct 2025
QOH,COUP2234,Brass Fittings,OH,22 mm Compression to 3/4inch Female,0.0000,On Hand,06 Oct 2025
QOH,COUP22MM1/2F,Brass Fittings,OH,22mm Compression to 1/2 Female,0.0000,On Hand,06 Oct 2025
QOH,COUP22MM1/2M,Brass Fittings,OH,22mm Compression to 1/2inch Male,0.0000,On Hand,06 Oct 2025
QOH,COUP4/2,Brass Fittings,OH,1/4inch Compression by 1/8inch Male,50.0000,On Hand,06 Oct 2025
QOH,COUP4/4,Brass Fittings,OH,1/4inch Compression by 1/4inch Male,30.0000,On Hand,06 Oct 2025
QOH,COUP4/6,Brass Fittings,OH,1/4inch Compression by 3/8inch Male,69.0000,On Hand,06 Oct 2025
QOH,COUP4/6F,Brass Fittings,OH,1/4 Compression to 3/8 Female,59.0000,On Hand,06 Oct 2025
QOH,COUP4/8,Brass Fittings,OH,1/4inch Compression to 1/2inch Male,30.0000,On Hand,06 Oct 2025
QOH,COUP4/8F,Brass Fittings,OH,1/4inch Compression to 1/2inch Female,21.0000,On Hand,06 Oct 2025
QOH,COUP4C/2F,Brass Fittings,OH,1/4inch Compression by 1/8inch Female,0.0000,On Hand,06 Oct 2025
QOH,COUP4C/4F,Brass Fittings,OH,1/4inch Compression by 1/4inch Female,48.0000,On Hand,06 Oct 2025
QOH,COUP5/2,Brass Fittings,OH,5/16inch Compression by 1/8inch Male,0.0000,On Hand,06 Oct 2025
QOH,COUP5/4,Brass Fittings,OH,5/16inch Compression by 1/4inch Male,18.0000,On Hand,06 Oct 2025
QOH,COUP5/6,Brass Fittings,OH,5/16inch Compression by 3/8inch Male,46.0000,On Hand,06 Oct 2025
QOH,COUP5/81/2F,Brass Fittings,OH,5/8 Compression to 1/2 female,15.0000,On Hand,06 Oct 2025
QOH,COUP5/81/2M,Brass Fittings,OH,5/8inch Compression to 1/2inch Male,26.0000,On Hand,06 Oct 2025
QOH,COUP5/83/8M,Brass Fittings,OH,5/8inch Compression to 3/8inch Male,49.0000,On Hand,06 Oct 2025
QOH,COUP5C/2F,Brass Fittings,OH,5/16inch Compression by 1/8inch Female,0.0000,On Hand,06 Oct 2025
QOH,COUP5C/4F,BLOCKED,OH,5/16: Compression by 1/4inch Female,0.0000,On Hand,06 Oct 2025
QOH,COUP5C4F,Brass Fittings,OH,5/16inch Compression to 1/4inch Female,0.0000,On Hand,06 Oct 2025
QOH,COUP5C6F,Brass Fittings,OH,5/16inch Compression to 3/8inch Female,0.0000,On Hand,06 Oct 2025
QOH,COUP6/2,Brass Fittings,OH,3/8inch Compression by 1/8inch Male,29.0000,On Hand,06 Oct 2025
QOH,COUP6/4,Brass Fittings,OH,3/8inch Compression by 1/4inch Male,71.0000,On Hand,06 Oct 2025
QOH,COUP6/6,Brass Fittings,OH,3/8inch Compression by 3/8inch Male,46.0000,On Hand,06 Oct 2025
QOH,COUP6/8,Brass Fittings,OH,3/8inch Compression by 1/2inch Male,101.0000,On Hand,06 Oct 2025
QOH,COUP6C/4F,Brass Fittings,OH,3/8inch Compression by 1/4inch Female,17.0000,On Hand,06 Oct 2025
QOH,COUP6C/6F,Brass Fittings,OH,3/8inch Compression by 3/8inch Female,71.0000,On Hand,06 Oct 2025
QOH,COUP6C/8F,Brass Fittings,OH,3/8inch Compression by 1/2inch Female,16.0000,On Hand,06 Oct 2025
QOH,COUP6S4M,Brass Fittings,OH,3/8inch Solder ID to 1/4inch Male,0.0000,On Hand,06 Oct 2025
QOH,COUP6S6M,Brass Fittings,OH,3/8inch Solder ID to 3/8inch Male,20.0000,On Hand,06 Oct 2025
QOH,COUP8/4,Brass Fittings,OH,1/2inch Compression by 1/4inch Male,73.0000,On Hand,06 Oct 2025
QOH,COUP8/6,Brass Fittings,OH,1/2inch Compression by 3/8inch Male,70.0000,On Hand,06 Oct 2025
QOH,COUP8/8,Brass Fittings,OH,1/2inch Compression by 1/2inch Male,162.0000,On Hand,06 Oct 2025
QOH,COUP8C/4F,Brass Fittings,OH,1/2inch Compression by 1/4inch Female,28.0000,On Hand,06 Oct 2025
QOH,COUP8C/6F,Brass Fittings,OH,1/2inch Compression by 3/8inch Female,114.0000,On Hand,06 Oct 2025
QOH,COUP8C/8F,Brass Fittings,OH,1/2inch Compression by 1/2inch Female,19.0000,On Hand,06 Oct 2025
QOH,COUP8S6M,Brass Fittings,OH,1/2inch Solder ID to 3/8inch Male,3.0000,On Hand,06 Oct 2025
QOH,COUP8S8F,Brass Fittings,OH,1/2inch Solder to 1/2inch Female,0.0000,On Hand,06 Oct 2025
QOH,COUPS15/6,Brass Fittings,OH,15mm ID to 3/8inch ID Solder Reducer,0.0000,On Hand,06 Oct 2025
QOH,COUS3812,Brass Fittings,OH,3/8inch Male to 1/2inch Copper Solder,0.0000,On Hand,06 Oct 2025
QOH,COUT1/2,Brass Fittings,OH,1/2inch Compression Tee,6.0000,On Hand,06 Oct 2025
QOH,COUT1/4,Brass Fittings,OH,1/4inch Compression Tee,25.0000,On Hand,06 Oct 2025
QOH,COUT3/8,Brass Fittings,OH,3/8inch Compression Tee,97.0000,On Hand,06 Oct 2025
QOH,COUT5/16,Brass Fittings,OH,5/16inch Compression Tee,53.0000,On Hand,06 Oct 2025
QOH,COUT5C4M5C,Brass Fittings,OH,5/16inch Comp_ASTK_1/4inchMale_ASTK_5/16inchComp Tee,20.0000,On Hand,06 Oct 2025
QOH,COUT6C6M6C,Brass Fittings,OH,3/8inch Comp_ASTK_3/8inch Male_ASTK_3/8inch Comp Tee,20.0000,On Hand,06 Oct 2025
QOH,COV003,BLOCKED,OH,Complete Valve - Heater,0.0000,On Hand,06 Oct 2025
QOH,COWL1,Gas Water Heaters _AND_ Access,OH,110mm Galv Cowl,7.0000,On Hand,06 Oct 2025
QOH,COWL100,Gas Water Heaters _AND_ Access,OH,100mm Cowl,0.0000,On Hand,06 Oct 2025
QOH,COWL125,Gas Water Heaters _AND_ Access,OH,125mm Galvanised Cowl,0.0000,On Hand,06 Oct 2025
QOH,COWL150,Gas Water Heaters _AND_ Access,OH,150mm Galvanised Cowl,36.0000,On Hand,06 Oct 2025
QOH,COWL160,Gas Water Heaters _AND_ Access,OH,160mm Galvanised Cowl,14.0000,On Hand,06 Oct 2025
QOH,COWL1SS,Gas Water Heaters _AND_ Access,OH,110mm Stainless Steel Cowl,3.0000,On Hand,06 Oct 2025
QOH,COWL2,Gas Water Heaters _AND_ Access,OH,130mm Galv Cowl,47.0000,On Hand,06 Oct 2025
QOH,COWL2SS,Gas Water Heaters _AND_ Access,OH,130mm Stainless Steel Cowl,1.0000,On Hand,06 Oct 2025
QOH,COWL90,Gas Water Heaters _AND_ Access,OH,90mm Galvanised Cowl,22.0000,On Hand,06 Oct 2025
QOH,CQ1/4,Brass Fittings,OH,Quick Coupler - 1/4inch Set Female - female,37.0000,On Hand,06 Oct 2025
QOH,CQ1/4MF,Brass Fittings,OH,Quick coupler 1/4inch Male to Female,0.0000,On Hand,06 Oct 2025
QOH,CQ1/4PROBE,Brass Fittings,OH,1/4inch Quick Coupler - Male Probe only,20.0000,On Hand,06 Oct 2025
QOH,CQ3/8,Brass Fittings,OH,Quick Coupler - 3/8inch Set,10.0000,On Hand,06 Oct 2025
QOH,CS006-16/8W4,Brass Fittings,OH,GMS4 W/drive Hose Clamp 304s/s 6-16mm,0.0000,On Hand,06 Oct 2025
QOH,CS010-22/8W4,Brass Fittings,OH,GMS6 W/drive Hose Clamp 304s/s 10-22mm,0.0000,On Hand,06 Oct 2025
QOH,CS033-57/12WA,Brass Fittings,OH,GSS28 W/drive Hose Clamp 304s/s33-57mm,0.0000,On Hand,06 Oct 2025
QOH,CS10-22/8W4,Brass Fittings,OH,Hose Clamp - 20mm S/S,0.0000,On Hand,06 Oct 2025
QOH,CS13-27/12W4,Brass Fittings,OH,Hose Clamp - 25mm S/S,0.0000,On Hand,06 Oct 2025
QOH,CS14-32/12W4,Brass Fittings,OH,Hose Clamp - 30mm S/S,0.0000,On Hand,06 Oct 2025
QOH,CSAD1/2,Copper Products,OH,1/2inch Copper Saddles,31.0000,On Hand,06 Oct 2025
QOH,CSAD1/4,Copper Products,OH,1/4inch Copper Saddles,58.0000,On Hand,06 Oct 2025
QOH,CSAD3/4,Copper Products,OH,3/4inch Copper Saddles,75.0000,On Hand,06 Oct 2025
QOH,CSAD3/8,Copper Products,OH,3/8inch Copper Saddle,376.0000,On Hand,06 Oct 2025
QOH,CTHT,Brass Fittings,OH,Cadac to Hosetail,56.0000,On Hand,06 Oct 2025
QOH,CTHT90,Brass Fittings,OH,Cadac to Hosetail 90' (Tank Adaptor),23.0000,On Hand,06 Oct 2025
QOH,CYCCOWLLG,Gas Water Heaters _AND_ Access,OH,Cyclone Cowl - Large,0.0000,On Hand,06 Oct 2025
QOH,CYCCOWLSM,Gas Water Heaters _AND_ Access,OH,Cyclone Cowl - Small,0.0000,On Hand,06 Oct 2025
QOH,CYL19CFA,Cylinders/Heaters/General,OH,19kg Gas Cylinder,0.0000,On Hand,06 Oct 2025
QOH,CYL2KC,Cylinders/Heaters/General,OH,2kg Gas Cylinder - Cadac,4.0000,On Hand,06 Oct 2025
QOH,CYL2SG,Cylinders/Heaters/General,OH,Safegas 2kg Gas Cylinder,0.0000,On Hand,06 Oct 2025
QOH,CYL3CM,Cylinders/Heaters/General,OH,3kg Gas Cylinder (CM),2.0000,On Hand,06 Oct 2025
QOH,CYL3I,Cylinders/Heaters/General,OH,3kg Cylinders (Ind),2.0000,On Hand,06 Oct 2025
QOH,CYL3KA,Cylinders/Heaters/General,OH,ALVA 3kg Gas Cylinder,0.0000,On Hand,06 Oct 2025
QOH,CYL3KC,Cylinders/Heaters/General,OH,CADAC 3kg Gas Cylinder,10.0000,On Hand,06 Oct 2025
QOH,CYL3KGRG,Cylinders/Heaters/General,OH,3 Kg Gas Cylinder Grey (Redeoway),2.0000,On Hand,06 Oct 2025
QOH,CYL3KP,Cylinders/Heaters/General,OH,PABAR 3kg Gas Cylinder,1.0000,On Hand,06 Oct 2025
QOH,CYL3S,Cylinders/Heaters/General,OH,Safegas 3kg Gas Cylinder,8.0000,On Hand,06 Oct 2025
QOH,CYL4 5KP,Cylinders/Heaters/General,OH,PABAR 4.5kg Cylinder,1.0000,On Hand,06 Oct 2025
QOH,CYL4.5KA,BLOCKED,OH,X,0.0000,On Hand,06 Oct 2025
QOH,CYL4.5KGRG,BLOCKED,OH,4.5KG Gas Cylinder,0.0000,On Hand,06 Oct 2025
QOH,CYL5A,Cylinders/Heaters/General,OH,ALVA - 5kg Gas Cylinder,0.0000,On Hand,06 Oct 2025
QOH,CYL5CM,Cylinders/Heaters/General,OH,5kg Gas Cylinder (CM),0.0000,On Hand,06 Oct 2025
QOH,CYL5I,Cylinders/Heaters/General,OH,5 kg Cylinder (Indian),0.0000,On Hand,06 Oct 2025
QOH,CYL5KC,Cylinders/Heaters/General,OH,CADAC 5kg Gas Cylinder,11.0000,On Hand,06 Oct 2025
QOH,CYL5KGRG,Cylinders/Heaters/General,OH,5 Kg Gas Cylinder Grey,2.0000,On Hand,06 Oct 2025
QOH,CYL5S,Cylinders/Heaters/General,OH,Safegas 5kg Gas Cylinder,9.0000,On Hand,06 Oct 2025
QOH,CYL6AF,Cylinders/Heaters/General,OH,6kg Afrox Gas Cylinder,1.0000,On Hand,06 Oct 2025
QOH,CYL7KC,Cylinders/Heaters/General,OH,7kg Cadac Gas Cylinder,1.0000,On Hand,06 Oct 2025
QOH,CYL7KP,BLOCKED,OH,PABAR 7kg Gas Cylinder (Made in RSA),0.0000,On Hand,06 Oct 2025
QOH,CYL9AL,Cylinders/Heaters/General,OH,9kg Alva Gas Cylinder,0.0000,On Hand,06 Oct 2025
QOH,CYL9CA,Cylinders/Heaters/General,OH,9 kg Gas Cylinder - Cadac,0.0000,On Hand,06 Oct 2025
QOH,CYL9CFA,Cylinders/Heaters/General,OH,9kg Gas Cylinders,20.0000,On Hand,06 Oct 2025
QOH,CYL9KP,Cylinders/Heaters/General,OH,PABAR 9kg Pabar Gas Cylinder,1.0000,On Hand,06 Oct 2025
QOH,CYL9S,Cylinders/Heaters/General,OH,9kg Cylinder (no gas) Safegas,0.0000,On Hand,06 Oct 2025
QOH,CYLCH,Brass Fittings,OH,3kg -5kg Cylinder Carry Handle,10.0000,On Hand,06 Oct 2025
QOH,CYLEGO007,Hardware,OH,Gas Cylinder Easy Opener,801.0000,On Hand,06 Oct 2025
QOH,CYLTH,Cylinders/Heaters/General,OH,Infrared Cylinder Top Heater,1.0000,On Hand,06 Oct 2025
QOH,CYLTHCCR107,BLOCKED,OH,Canister Dish Heater 80gm/hr,0.0000,On Hand,06 Oct 2025
QOH,CYLTHCCR108,Cylinders/Heaters/General,OH,Outdoor Feestanding Canister Heater,0.0000,On Hand,06 Oct 2025
QOH,CYLTHS,Cylinders/Heaters/General,OH,Infrared Cylinder Top Heater Square,-15.0000,On Hand,06 Oct 2025
QOH,CYLTHSC,Cylinders/Heaters/General,OH,Ceramic For Cylinder Top Heater Square,10.0000,On Hand,06 Oct 2025
QOH,CYLTHSCH,Cylinders/Heaters/General,OH,Ceramic for Cylinder Top Heater _AND_ Holder,6.0000,On Hand,06 Oct 2025
QOH,CYLTHSTEM,General Spares,OH,Cylinder Top Heater Spare Valve,2.0000,On Hand,06 Oct 2025
QOH,D09LZEGG,BLOCKED,OH,09lt Water Heater Zero Start,0.0000,On Hand,06 Oct 2025
QOH,D10LGGLED,BLOCKED,OH,10lt Water Heater (Delta),0.0000,On Hand,06 Oct 2025
QOH,D12FGLED,BLOCKED,OH,12lt Fan Forced Gas Water Heater,0.0000,On Hand,06 Oct 2025
QOH,D12LGGLED,BLOCKED,OH,12lt Water Heater (inc S/S Flue) Delta,0.0000,On Hand,06 Oct 2025
QOH,D12LZEGG,BLOCKED,OH,12lt Water Heater Zero Start (Delta),0.0000,On Hand,06 Oct 2025
QOH,D14LZEGG,BLOCKED,OH,14lt Water Heater Zero Start.,0.0000,On Hand,06 Oct 2025
QOH,D16LGGLED,BLOCKED,OH,16lt Water Heater (inc Stainless Flue),0.0000,On Hand,06 Oct 2025
QOH,D18LZEGG,BLOCKED,OH,18lt Gas Water Heater Zero Start,0.0000,On Hand,06 Oct 2025
QOH,D20LFFG,BLOCKED,OH,20litre Fan Forced Water Heater (Delta),0.0000,On Hand,06 Oct 2025
QOH,D20LGGLED,BLOCKED,OH,20lt Water Heater (incl s/s flue) Delta,0.0000,On Hand,06 Oct 2025
QOH,D2BSSA,Stove _AND_ Hobs,OH,2 Burner Auto S/S with honeycomb burners,135.0000,On Hand,06 Oct 2025
QOH,D2BSSAF,BLOCKED,OH,2 Burner Auto S/S with Reg and Hose,0.0000,On Hand,06 Oct 2025
QOH,D4BGHOB,BLOCKED,OH,4 Burner S/Steel Hob Cast Iron Trivets,0.0000,On Hand,06 Oct 2025
QOH,D5BHOB,BLOCKED,OH,5 Burner S/Steel Hob Cast Iron Trivets,0.0000,On Hand,06 Oct 2025
QOH,D5LGGLED,BLOCKED,OH,5lt Water Heater Sink (Delta),0.0000,On Hand,06 Oct 2025
QOH,DAMAGEDSTOCK,Damaged Stock,OH,Damaged stock returned by customers GEO,0.0000,On Hand,06 Oct 2025
QOH,DAMAGEDSTOCKW,Damaged Stock,OH,Damaged stock returned by customers JHB,17.0000,On Hand,06 Oct 2025
QOH,DAMAL2BSSA,BLOCKED,OH,2 Plate S/S stoves - Damaged (Alva)),23.0000,On Hand,06 Oct 2025
QOH,DAMST,BLOCKED,OH,X,0.0000,On Hand,06 Oct 2025
QOH,DAMSTOCKDBN,Damaged Stock,OH,Damaged Stock Returned DBN,0.0000,On Hand,06 Oct 2025
QOH,DAMWCKK,BLOCKED,OH,Damaged Kettles - Condere,0.0000,On Hand,06 Oct 2025
QOH,DAMWZKK,BLOCKED,OH,Damaged - Kettles,0.0000,On Hand,06 Oct 2025
QOH,DBLOWT,BLOCKED,OH,Damaged Blow Torch,0.0000,On Hand,06 Oct 2025
QOH,DBT20,Boiling Table/Burners,OH,Double Cast Iron Boiling Table,8.0000,On Hand,06 Oct 2025
QOH,DBT20EC,BLOCKED,OH,X,0.0000,On Hand,06 Oct 2025
QOH,DCOWL1,BLOCKED,OH,Cowl For Zero Start (9l-12l),0.0000,On Hand,06 Oct 2025
QOH,DCOWL2,BLOCKED,OH,127mm Cowl for Zero Start (14l - 18l),0.0000,On Hand,06 Oct 2025
QOH,DE10LGGLED,BLOCKED,OH,10litre Gas Water Heater - Outdoor,0.0000,On Hand,06 Oct 2025
QOH,DE12LGGCON,BLOCKED,OH,12lt Water Heater Constant Temperature,0.0000,On Hand,06 Oct 2025
QOH,DE12LZEGG,BLOCKED,OH,12lt Water Heater - Zero Start incl flue,0.0000,On Hand,06 Oct 2025
QOH,DE16LGGCON,BLOCKED,OH,16lt Water Heater Constant Temperature,0.0000,On Hand,06 Oct 2025
QOH,DE18LGGCON,BLOCKED,OH,18lt Water Heater Constant Temperature,0.0000,On Hand,06 Oct 2025
QOH,DE2BHOB,Stove _AND_ Hobs,OH,2 Burner Stainless Hob Cast Iron Trivets,0.0000,On Hand,06 Oct 2025
QOH,DE4BGSB,Stove _AND_ Hobs,OH,4 Burner Gas Stove - Black FFD (Manual),0.0000,On Hand,06 Oct 2025
QOH,DE4BHOB,Stove _AND_ Hobs,OH,Stainless 4 Burner Hob Cast Iron Trivets,0.0000,On Hand,06 Oct 2025
QOH,DE5BHOB,Stove _AND_ Hobs,OH,5 Burner Hob Stainless Cast Iron Trivets,0.0000,On Hand,06 Oct 2025
QOH,DEN08LGGTYB,BLOCKED,OH,8lt Water Heater (Diaphragm)incl flue B,0.0000,On Hand,06 Oct 2025
QOH,DEN10LGGTYD,BLOCKED,OH,10lt Water Heater (Sterling Silver) D,0.0000,On Hand,06 Oct 2025
QOH,DEN10UZN,Gas Water Heaters _AND_ Access,OH,10litre inchJet Fininch Water Intake Zero D,0.0000,On Hand,06 Oct 2025
QOH,DEN12FFZ,Gas Water Heaters _AND_ Access,OH,12 litre Fan Forced CT Zero B,4.0000,On Hand,06 Oct 2025
QOH,DEN12LFFGG,BLOCKED,OH,12litre Fan Forced Water Heater,0.0000,On Hand,06 Oct 2025
QOH,DEN12LGGCON,BLOCKED,OH,12Litre Constant Temperature Type B,0.0000,On Hand,06 Oct 2025
QOH,DEN12LGGCOND,Gas Water Heaters _AND_ Access,OH,12litre Constant Temp no flue (D),0.0000,On Hand,06 Oct 2025
QOH,DEN12LGGLED,BLOCKED,OH,12litre Gas Water Heater - Outdoor S/S,0.0000,On Hand,06 Oct 2025
QOH,DEN12LGGLEDB,BLOCKED,OH,12litre Water Heater incl flue (B),0.0000,On Hand,06 Oct 2025
QOH,DEN12LGGTYD,BLOCKED,OH,12lt Water Heater (Sterling Silver) D,0.0000,On Hand,06 Oct 2025
QOH,DEN12LSSGGTYD,BLOCKED,OH,12lt Water Heater (S/S) TYPE D no flue,0.0000,On Hand,06 Oct 2025
QOH,DEN12LZEGG,Gas Water Heaters _AND_ Access,OH,12 litre Zero Start Water Heater B N/F,0.0000,On Hand,06 Oct 2025
QOH,DEN12LZEGGD,BLOCKED,OH,12lt Water Heater Zero Start D NO FLUE,0.0000,On Hand,06 Oct 2025
QOH,DEN12UZN,Gas Water Heaters _AND_ Access,OH,12litre inchJet Fininch Water Intake Zero D,-2.0000,On Hand,06 Oct 2025
QOH,DEN14UZN,BLOCKED,OH,14litre inchJet Fininch Water Intake Zero D,0.0000,On Hand,06 Oct 2025
QOH,DEN16FFB,Gas Water Heaters _AND_ Access,OH,16litre Fan Forced/CT/Zero (B) with flue,1.0000,On Hand,06 Oct 2025
QOH,DEN16FFD,Gas Water Heaters _AND_ Access,OH,16litre Fan Forced/Constant/Zero D,1.0000,On Hand,06 Oct 2025
QOH,DEN16FFGG,BLOCKED,OH,16litre Fan Forced Water Heater,0.0000,On Hand,06 Oct 2025
QOH,DEN16LGGCON,BLOCKED,OH,16Litre Constant Temperature Type B,0.0000,On Hand,06 Oct 2025
QOH,DEN16LGGCOND,Gas Water Heaters _AND_ Access,OH,16litre Constant Temp no flue (D),0.0000,On Hand,06 Oct 2025
QOH,DEN16LGGLED,BLOCKED,OH,16litre Water Heater S/S Type D no flue,0.0000,On Hand,06 Oct 2025
QOH,DEN16LGGLEDB,BLOCKED,OH,16lt Water Heater Type B incl flu,0.0000,On Hand,06 Oct 2025
QOH,DEN16LGGTYD,BLOCKED,OH,16lt Water Heater (Sterling Silver) D,0.0000,On Hand,06 Oct 2025
QOH,DEN16LZEGG,Gas Water Heaters _AND_ Access,OH,16lt Water Heater Zero Start B,0.0000,On Hand,06 Oct 2025
QOH,DEN16LZEGGD,Gas Water Heaters _AND_ Access,OH,16lt Water Heater Zero Start D NO FLUE,0.0000,On Hand,06 Oct 2025
QOH,DEN16UZN,Gas Water Heaters _AND_ Access,OH,16litre inchJet Fininch Water Heater Zero D,0.0000,On Hand,06 Oct 2025
QOH,DEN20LGGCOND,BLOCKED,OH,20litre Constant Temp no flue (D),0.0000,On Hand,06 Oct 2025
QOH,DEN20LGGLED,BLOCKED,OH,20litre Gas Water Heater - Outdoor (D),0.0000,On Hand,06 Oct 2025
QOH,DEN20LGGTYB,BLOCKED,OH,20lt Water Heater Type B incl flue,0.0000,On Hand,06 Oct 2025
QOH,DEN20LZEGG,Gas Water Heaters _AND_ Access,OH,20lt Water Heater Zero Start incl flue B,0.0000,On Hand,06 Oct 2025
QOH,DEN20LZEGGD,Gas Water Heaters _AND_ Access,OH,20lt Water Heater Zero Start NO FLU (D),0.0000,On Hand,06 Oct 2025
QOH,DEN5.5LGGGEN,BLOCKED,OH,5 5litre Portable Water Heater (Genie),0.0000,On Hand,06 Oct 2025
QOH,DEN55LZA,Gas Water Heaters _AND_ Access,OH,5.5litre Gas Water Heater - Sink,0.0000,On Hand,06 Oct 2025
QOH,DEN5GS0BC,BLOCKED,OH,5 Burner Gas Stove _AND_ oven _AND_ side cabinet,0.0000,On Hand,06 Oct 2025
QOH,DEN5GSOB,BLOCKED,OH,5 Burner Gas Stove with Oven - S/S,0.0000,On Hand,06 Oct 2025
QOH,DEN5GSOSS,Stove _AND_ Hobs,OH,5 Burner Stainless Steel Gas Stove/Oven,0.0000,On Hand,06 Oct 2025
QOH,DEN6LGGTYD,BLOCKED,OH,6lt Water Heater (Sterling Silver) D,0.0000,On Hand,06 Oct 2025
QOH,DEN8LGGLEDB,BLOCKED,OH,8Litre Silver Gas Water Heater B (Flue),0.0000,On Hand,06 Oct 2025
QOH,DEN8LGGTYD,BLOCKED,OH,8lt Water Heater (Sterling Silver) D,0.0000,On Hand,06 Oct 2025
QOH,DEN9LZB,Gas Water Heaters _AND_ Access,OH,9lt Water Heater Zero Start with flue B,0.0000,On Hand,06 Oct 2025
QOH,DEN9LZEGGD,Gas Water Heaters _AND_ Access,OH,9 litre Zero Start D no flue,0.0000,On Hand,06 Oct 2025
QOH,DENCOVDE7,Gas Water Heaters _AND_ Access,OH,Weather Box - Hole on the side 12-20lt,0.0000,On Hand,06 Oct 2025
QOH,DENF110SS,Gas Water Heaters _AND_ Access,OH,110mm x 600mm Stainless Steel Flue,0.0000,On Hand,06 Oct 2025
QOH,DENGCFFZ,Gas Water Heaters _AND_ Access,OH,Geyser Cover-hole on the side 12-16l FFZ,1.0000,On Hand,06 Oct 2025
QOH,DENGGCOV16,BLOCKED,OH,Weather Box 16 litre folded,0.0000,On Hand,06 Oct 2025
QOH,DENGGCOV2G,Gas Water Heaters _AND_ Access,OH,Weather Box - foldable 16-28 Litre flue,1.0000,On Hand,06 Oct 2025
QOH,DENGGCVO16Z,BLOCKED,OH,Weather Box 16 litre Zero Start folded,0.0000,On Hand,06 Oct 2025
QOH,DENWB6-12,Gas Water Heaters _AND_ Access,OH,Galvanised Weather Box 6-12litre,-1.0000,On Hand,06 Oct 2025
QOH,DEXTA,BLOCKED,OH,Dual Ext Arm Cadac (Proudly made RSA),3.0000,On Hand,06 Oct 2025
QOH,DEXTAS,Cylinders/Heaters/General,OH,Dual Extension Arm Blue N/S,1.0000,On Hand,06 Oct 2025
QOH,DFLUE12,Gas Water Heaters _AND_ Access,OH,Flue for 9/12lt Water Heater Zero Start,1.0000,On Hand,06 Oct 2025
QOH,DFLUE18,Gas Water Heaters _AND_ Access,OH,Flue 14lt-18lt Water Heater Zero Start,0.0000,On Hand,06 Oct 2025
QOH,DGWC,Gas Water Heaters _AND_ Access,OH,Water Heater Cover - 110/130mm,0.0000,On Hand,06 Oct 2025
QOH,DH10DD,Gas Water Heaters _AND_ Access,OH,10lt Water Heater,2.0000,On Hand,06 Oct 2025
QOH,DH12CTB,Gas Water Heaters _AND_ Access,OH,12 litre Water Heater - Constant Temp(B),0.0000,On Hand,06 Oct 2025
QOH,DH12CTD,Gas Water Heaters _AND_ Access,OH,12litre Constant Temp Water Heater (D),2.0000,On Hand,06 Oct 2025
QOH,DH12DD,Gas Water Heaters _AND_ Access,OH,12lt Water Heater (Dewhot),1.0000,On Hand,06 Oct 2025
QOH,DH12ECDW,BLOCKED,OH,12Lt EcoDew White,0.0000,On Hand,06 Oct 2025
QOH,DH12LPB,Gas Water Heaters _AND_ Access,OH,12lt Water Heater EcoFlow B,1.0000,On Hand,06 Oct 2025
QOH,DH12LPD,Gas Water Heaters _AND_ Access,OH,12 Litre Water Heater LP EcoFlow (D),0.0000,On Hand,06 Oct 2025
QOH,DH16CTD,Gas Water Heaters _AND_ Access,OH,16lt Water Heater Constant Temp(Dewhot),2.0000,On Hand,06 Oct 2025
QOH,DH16ECDW,Gas Water Heaters _AND_ Access,OH,16Lt EcoDew White,0.0000,On Hand,06 Oct 2025
QOH,DH16LFLU,BLOCKED,OH,16lt - 20lt Flue Pipe (Dewhot),0.0000,On Hand,06 Oct 2025
QOH,DH16LGGLED,BLOCKED,OH,16lt Water Heater (Dewhot),1.0000,On Hand,06 Oct 2025
QOH,DH16LGGSC,BLOCKED,OH,16 Litre Water Heater DH- Silver Coated,1.0000,On Hand,06 Oct 2025
QOH,DH16LPD,Gas Water Heaters _AND_ Access,OH,16lt Water Heater Low Pressure (EcoFlow),5.0000,On Hand,06 Oct 2025
QOH,DH20FFC,Gas Water Heaters _AND_ Access,OH,20lt Room Sealed Fan Forced Water Heater,0.0000,On Hand,06 Oct 2025
QOH,DH20FFD,Gas Water Heaters _AND_ Access,OH,20Litre Fan Forced - O/D (with remote),0.0000,On Hand,06 Oct 2025
QOH,DH2BCSO,Stove _AND_ Hobs,OH,2 Burner Camping Stove and Oven,2.0000,On Hand,06 Oct 2025
QOH,DH2BSSH,Stove _AND_ Hobs,OH,2 Burner Stainless Steel Hob,12.0000,On Hand,06 Oct 2025
QOH,DH30FFD,Gas Water Heaters _AND_ Access,OH,30lt Fan Forced Water Heater D (Wifi),0.0000,On Hand,06 Oct 2025
QOH,DH4BSSH,Stove _AND_ Hobs,OH,4 Burner Stainless Steel Hob,0.0000,On Hand,06 Oct 2025
QOH,DH4BSSHS,Stove _AND_ Hobs,OH,4 Burner Hob S/S - Slimline,0.0000,On Hand,06 Oct 2025
QOH,DH4BSSHT,Stove _AND_ Hobs,OH,4 Burner Hob S/S - Tempered,0.0000,On Hand,06 Oct 2025
QOH,DH5DS,Gas Water Heaters _AND_ Access,OH,5 litre Water Heater Display Stand DH,5.0000,On Hand,06 Oct 2025
QOH,DH5DSA,BLOCKED,OH,5lt Water Heater Display Stand Kit,0.0000,On Hand,06 Oct 2025
QOH,DH5DSCOM,BLOCKED,OH,DH5 Display Stand Complete,0.0000,On Hand,06 Oct 2025
QOH,DH5ECDW,Gas Water Heaters _AND_ Access,OH,5lt White Eco-Dew (Dewhot) INCL FLUE,0.0000,On Hand,06 Oct 2025
QOH,DH5LPA,Gas Water Heaters _AND_ Access,OH,5Litre Eco LP Gas Water Heater - Dewhot,16.0000,On Hand,06 Oct 2025
QOH,DH5LSR,Gas Water Heaters _AND_ Access,OH,5 litre Water Heater Shower Rose,25.0000,On Hand,06 Oct 2025
QOH,DH5WMT50,BLOCKED,OH,Wall Mounted Water Tank - 50litres,0.0000,On Hand,06 Oct 2025
QOH,DH6DD,Gas Water Heaters _AND_ Access,OH,6lt Water Heater (Dewhot),3.0000,On Hand,06 Oct 2025
QOH,DH6LFLU,BLOCKED,OH,6lt Flue Pipe,0.0000,On Hand,06 Oct 2025
QOH,DH8/10/12LFLU,BLOCKED,OH,8Llt /10lt/12lt Flue Pipe (Dewhot),0.0000,On Hand,06 Oct 2025
QOH,DH8DD,Gas Water Heaters _AND_ Access,OH,8lt Water Heater (Dewhot),7.0000,On Hand,06 Oct 2025
QOH,DH8ECDW,BLOCKED,OH,8Lt EcoDew White,-3.0000,On Hand,06 Oct 2025
QOH,DH8LPB,Gas Water Heaters _AND_ Access,OH,8Lt Water Heater EcoFlow (Low Pressure),3.0000,On Hand,06 Oct 2025
QOH,DHANTIF,Gas Water Heaters _AND_ Access,OH,Anti Freeze Valve,6.0000,On Hand,06 Oct 2025
QOH,DHGGC110,BLOCKED,OH,110mm Cowl,0.0000,On Hand,06 Oct 2025
QOH,DHGGC130,BLOCKED,OH,130mm Cowl,0.0000,On Hand,06 Oct 2025
QOH,DHGGCOV12LP,BLOCKED,OH,12litre Low Pressure Geyser Cover (16lt),0.0000,On Hand,06 Oct 2025
QOH,DHGGCOV16,Gas Water Heaters _AND_ Access,OH,Large Water Heater Cover(Dewhot)71x47,4.0000,On Hand,06 Oct 2025
QOH,DHGGCOV16CT,Gas Water Heaters _AND_ Access,OH,Extra Large Cover (Dewhot)74x48,7.0000,On Hand,06 Oct 2025
QOH,DHGGCOV20,Gas Water Heaters _AND_ Access,OH,20lt Fan Forced Water Heater Cover 74x48,0.0000,On Hand,06 Oct 2025
QOH,DHGGCOV30,Gas Water Heaters _AND_ Access,OH,30lt FF Outdoor water heater cover,0.0000,On Hand,06 Oct 2025
QOH,DHGGCOV6,Gas Water Heaters _AND_ Access,OH,Small Water Heater Cover 48x36,4.0000,On Hand,06 Oct 2025
QOH,DHGGCOV8,Gas Water Heaters _AND_ Access,OH,Medium Water Heater Cover (Dewhot)63x41,6.0000,On Hand,06 Oct 2025
QOH,DHGGCOVED16,BLOCKED,OH,16lt EcoDew Water Heater Cover,0.0000,On Hand,06 Oct 2025
QOH,DHGGCOVED8-12,BLOCKED,OH,8-12litre EcoDew Water Heaters Cover,0.0000,On Hand,06 Oct 2025
QOH,DHGGCOVRS20,BLOCKED,OH,20litre FF Cover,0.0000,On Hand,06 Oct 2025
QOH,DHGGFF130,BLOCKED,OH,130mm Flexi Flue,0.0000,On Hand,06 Oct 2025
QOH,DHGGFLUE20C,Gas Water Heaters _AND_ Access,OH,20litre FF Compact Flue,1.0000,On Hand,06 Oct 2025
QOH,DHGGFS110,BLOCKED,OH,110mm x 300mm Solid Flue,0.0000,On Hand,06 Oct 2025
QOH,DHGGFS130,BLOCKED,OH,130mm x 300mm Solid Flue,0.0000,On Hand,06 Oct 2025
QOH,DHGGVOCED8-12,BLOCKED,OH,8-12 EcoDew Water Heater Covers,0.0000,On Hand,06 Oct 2025
QOH,DHGRK,BLOCKED,OH,Dewhot Water Heater Basic Repair Kit,0.0000,On Hand,06 Oct 2025
QOH,DHIDT,Gas Water Heaters _AND_ Access,OH,Installer Drill Template - Dewhot,3.0000,On Hand,06 Oct 2025
QOH,DHRS20RC,Gas Water Heaters _AND_ Access,OH,Remote Control for 20litre Fan Forced,0.0000,On Hand,06 Oct 2025
QOH,DHSV,Gas Water Heaters _AND_ Access,OH,Solar Valve Dewhot Water Heaters,8.0000,On Hand,06 Oct 2025
QOH,DISPPHC,Cylinders/Heaters/General,OH,Paraffin Heater/Cooker,0.0000,On Hand,06 Oct 2025
QOH,DLB001,Hardware,OH,Door Locks Budget,10.0000,On Hand,06 Oct 2025
QOH,DLC001,Hardware,OH,Door Locks Chrome,14.0000,On Hand,06 Oct 2025
QOH,DNWBFFZ,Gas Water Heaters _AND_ Access,OH,Weather Box for FFZ Geysers,0.0000,On Hand,06 Oct 2025
QOH,DRB30,Boiling Table/Burners,OH,Double Ring Burner - Single Hosetail Bottom Manifold,111.0000,On Hand,06 Oct 2025
QOH,DRB30BMD,Boiling Table/Burners,OH,Double Ring Burner (Brass) Double,10.0000,On Hand,06 Oct 2025
QOH,DRB30BMS,Boiling Table/Burners,OH,Double Ring Burner (Brass) Single,24.0000,On Hand,06 Oct 2025
QOH,DRB30D,BLOCKED,OH,Double Ring Burner - Double Hose Bottom,2.0000,On Hand,06 Oct 2025
QOH,DRB30DT,BLOCKED,OH,Double Ring Burner - Double Hose (Top),0.0000,On Hand,06 Oct 2025
QOH,DRB30F,Boiling Table/Burners,OH,Double Ring Burner with Feet,58.0000,On Hand,06 Oct 2025
QOH,DRB30T,BLOCKED,OH,Double Ring Burner - Single (Top),0.0000,On Hand,06 Oct 2025
QOH,DREGINA,BLOCKED,OH,Damaged Astro Regulators,0.0000,On Hand,06 Oct 2025
QOH,EAPSB,BLOCKED,OH,Easy Seal Putty,0.0000,On Hand,06 Oct 2025
QOH,EASP,BLOCKED,OH,Easy Putty,0.0000,On Hand,06 Oct 2025
QOH,ECOC1/19,BLOCKED,OH,Single 19Kg Cylinder Holder System,0.0000,On Hand,06 Oct 2025
QOH,ECOC1/48,BLOCKED,OH,Single 48Kg Cylinder Holder System,0.0000,On Hand,06 Oct 2025
QOH,ECOC2/19,GAS Cylinder Holding Systems,OH,Double 19Kg (Proudly made in RSA),0.0000,On Hand,06 Oct 2025
QOH,ECOC2/48,GAS Cylinder Holding Systems,OH,Double 48Kg Cylinder Holder System,7.0000,On Hand,06 Oct 2025
QOH,ECOCRSD,GAS Cylinder Holding Systems,OH,Cylinder Restraint - Double,5.0000,On Hand,06 Oct 2025
QOH,ECOCRSS,GAS Cylinder Holding Systems,OH,Cylinder Restraint - Single,16.0000,On Hand,06 Oct 2025
QOH,EGA8CVA,Gas Water Heaters _AND_ Access,OH,Atlas 8litre Complete Valve Assembly,0.0000,On Hand,06 Oct 2025
QOH,ELW001,Kitchenware,OH,Electric Leg Warmer,162.0000,On Hand,06 Oct 2025
QOH,EMVHP,Brass Fittings,OH,Standard HP Electro Magnet Valve,0.0000,On Hand,06 Oct 2025
QOH,EMVM,Brass Fittings,OH,Electro Magnet 35mm Valve,26.0000,On Hand,06 Oct 2025
QOH,EMVS,General Spares,OH,Electro Magnet 45mm Valve,62.0000,On Hand,06 Oct 2025
QOH,EXT100,Cylinders/Heaters/General,OH,100mm Extension,8.0000,On Hand,06 Oct 2025
QOH,EXT1000,Cylinders/Heaters/General,OH,1000mm Extention C to C (Made in SA),15.0000,On Hand,06 Oct 2025
QOH,EXT1200V,Cylinders/Heaters/General,OH,Extension 1200mm with valve,1.0000,On Hand,06 Oct 2025
QOH,EXT250,Cylinders/Heaters/General,OH,250mm Extention C to C (Made in RSA),11.0000,On Hand,06 Oct 2025
QOH,EXT50,Cylinders/Heaters/General,OH,50mm Extension C to C (Made in SA),23.0000,On Hand,06 Oct 2025
QOH,EXT500,Brass Fittings,OH,500mm Extension C to C,24.0000,On Hand,06 Oct 2025
QOH,EXT600,BLOCKED,OH,600mm Extension C to C,0.0000,On Hand,06 Oct 2025
QOH,EXT600V,Cylinders/Heaters/General,OH,600mm Extension with valve,0.0000,On Hand,06 Oct 2025
QOH,FANL16,BLOCKED,OH,16inch Long Fan,0.0000,On Hand,06 Oct 2025
QOH,FANL18,BLOCKED,OH,18inch Standing Fan - 3 speed Condere,0.0000,On Hand,06 Oct 2025
QOH,FANS16R,Cordless Fans,OH,Rechargeable 16inch AC/DC Standing Fan,0.0000,On Hand,06 Oct 2025
QOH,FANT16,BLOCKED,OH,16inch Table Top Fan,0.0000,On Hand,06 Oct 2025
QOH,FANT16F,Cordless Fans,OH,Cordless 16inch AC/DC Fan (Floor),331.0000,On Hand,06 Oct 2025
QOH,FANT16R,Cordless Fans,OH,Cordless 16inch AC/DC Fan (Table Top),110.0000,On Hand,06 Oct 2025
QOH,FANT16RSP,Cordless Fans,OH,Rechargeable 16inch AC/DC Fan Solar Panel,98.0000,On Hand,06 Oct 2025
QOH,FANT6M,Cordless Fans,OH,Rechargeable USB Fan Colour Light 6inch,31.0000,On Hand,06 Oct 2025
QOH,FANT6R,Cordless Fans,OH,6inch Cordless Fan With Solar Panel,11.0000,On Hand,06 Oct 2025
QOH,FANT6S,Cordless Fans,OH,6inch Cordless Fan With Solar Panel _AND_ Legs,2.0000,On Hand,06 Oct 2025
QOH,FIRAKMIN,Safety Equipment,OH,Mining First Aid Kit,0.0000,On Hand,06 Oct 2025
QOH,FIRB1,Safety Equipment,OH,1 2m x 1 2m Fire Blanket,1.0000,On Hand,06 Oct 2025
QOH,FIRB1.0,BLOCKED,OH,1m x 1m Fire Blanket,0.0000,On Hand,06 Oct 2025
QOH,FIRB2,Safety Equipment,OH,1.8m x 1.8m Fire Blanket,6.0000,On Hand,06 Oct 2025
QOH,FIRBB450S,Safety Equipment,OH,Backing Board Small - 450mm,0.0000,On Hand,06 Oct 2025
QOH,FIRBB600M,Safety Equipment,OH,Backing Board Medium - 600mm,0.0000,On Hand,06 Oct 2025
QOH,FIRBBMBRA,Safety Equipment,OH,J Bracket for Medium Backing Board,0.0000,On Hand,06 Oct 2025
QOH,FIRBBUBRA,Safety Equipment,OH,Bracket - Uni for Fire Extinguisher 70mm,0.0000,On Hand,06 Oct 2025
QOH,FIRBMED005,Safety Equipment,OH,108 - Shop/Office Refill Kit - First Aid,0.0000,On Hand,06 Oct 2025
QOH,FIRCC,Cylinders/Heaters/General,OH,Canister Fire Stick 190gram,15.0000,On Hand,06 Oct 2025
QOH,FIRHQ,BLOCKED,OH,High Quality Cadac Fire Stick,0.0000,On Hand,06 Oct 2025
QOH,FIRKB,Safety Equipment,OH,Key Box,0.0000,On Hand,06 Oct 2025
QOH,FIRLM,BLOCKED,OH,500ml Little Firemen Discontinued,0.0000,On Hand,06 Oct 2025
QOH,FIRRC,Safety Equipment,OH,Fire Reel Complete,0.0000,On Hand,06 Oct 2025
QOH,FIRRH,Safety Equipment,OH,Fire Reel Hose Only 30m x20mm Red,0.0000,On Hand,06 Oct 2025
QOH,FIRTB,Cylinders/Heaters/General,OH,Bullnose Fire stick,19.0000,On Hand,06 Oct 2025
QOH,FIRTC,Cylinders/Heaters/General,OH,Cadac Fire Stick,70.0000,On Hand,06 Oct 2025
QOH,FIRTCHQ,Cylinders/Heaters/General,OH,Firestick High Quality (New) Cadac Fitt,13.0000,On Hand,06 Oct 2025
QOH,FIRTCS,BLOCKED,OH,Cadac Fire Stick with swivel fitting,0.0000,On Hand,06 Oct 2025
QOH,FIRX1,Safety Equipment,OH,1kg Fire Extinguisher,3.0000,On Hand,06 Oct 2025
QOH,FIRX15,Safety Equipment,OH,1 5kg Fire Extinguisher,5.0000,On Hand,06 Oct 2025
QOH,FIRX25,Safety Equipment,OH,2.5 kg DCP Fire Extinguisher,0.0000,On Hand,06 Oct 2025
QOH,FIRX25VB,Safety Equipment,OH,Vehicle Brackets 2 5kg Extinguisher,0.0000,On Hand,06 Oct 2025
QOH,FIRX45,Safety Equipment,OH,4.5kg DCP Fire Extinguisher,0.0000,On Hand,06 Oct 2025
QOH,FIRX45C,Safety Equipment,OH,4.5kg Fire Extinguisher Cover,0.0000,On Hand,06 Oct 2025
QOH,FIRX45VB,Safety Equipment,OH,Vehicle Brackets 4.5kg Fire Extinguisher,0.0000,On Hand,06 Oct 2025
QOH,FIRX5CO2,Safety Equipment,OH,5kg CO2 Fire Extinguisher,0.0000,On Hand,06 Oct 2025
QOH,FIRX6,BLOCKED,OH,0 6kg DCP Fire Extinguisher-Discontinued,0.0000,On Hand,06 Oct 2025
QOH,FIRX9,Safety Equipment,OH,9kg DCP Fire Extinguisher,0.0000,On Hand,06 Oct 2025
QOH,FIRX9VB,Safety Equipment,OH,Vehicle Brackets 9kg Fire Extinguisher,0.0000,On Hand,06 Oct 2025
QOH,FIRXCO2,Safety Equipment,OH,Fire Extinguisher 2kg CO2,1.0000,On Hand,06 Oct 2025
QOH,FIRXSFE,Safety Equipment,OH,Fire Exit Sign 190x190 FB2,0.0000,On Hand,06 Oct 2025
QOH,FIRXSFEXT,Safety Equipment,OH,Fire Extinguisher Sign (FB2) 190x190,0.0000,On Hand,06 Oct 2025
QOH,FIRXSRA,Safety Equipment,OH,Red Arrow 190x190 FB1,0.0000,On Hand,06 Oct 2025
QOH,FLEX500MM1/2F,Brass Fittings,OH,500mm Flexi Pipe 1/2inch,12.0000,On Hand,06 Oct 2025
QOH,FLEX500MM3/4F,Brass Fittings,OH,500mm Flexi Pipe 3/4inch,6.0000,On Hand,06 Oct 2025
QOH,FLEXCFC300W,Gas Water Heaters _AND_ Access,OH,Water Flex Connector - 300mm x 1/2inch,3.0000,On Hand,06 Oct 2025
QOH,FLEXCFC400W,Gas Water Heaters _AND_ Access,OH,Water Flex Connector - 400mm x 1/2inch,-20.0000,On Hand,06 Oct 2025
QOH,FLEXHA001G,Gas Water Heaters _AND_ Access,OH,Extendable Gas Hose S/S 1/2inchF 400-800mm,28.0000,On Hand,06 Oct 2025
QOH,FLEXHA003G,Gas Water Heaters _AND_ Access,OH,Gas Extendable Hose S/S 1/2inch F - 175-340,22.0000,On Hand,06 Oct 2025
QOH,FLEXUSGW1/2,Gas Water Heaters _AND_ Access,OH,Unisuper 100-230mm 1/2inch MF - Gas _AND_ Water,0.0000,On Hand,06 Oct 2025
QOH,FLEXUSGW3/4,Gas Water Heaters _AND_ Access,OH,Unisuper 100-230mm 3/4MF Gas _AND_ Water,8.0000,On Hand,06 Oct 2025
QOH,FLI,Cylinders/Heaters/General,OH,Gas Filling Level Indicator,37.0000,On Hand,06 Oct 2025
QOH,FLMT,BLOCKED,OH,Flashlight and Tazer,0.0000,On Hand,06 Oct 2025
QOH,FPF130,Gas Water Heaters _AND_ Access,OH,Flue Pipe Flashing 130mm,9.0000,On Hand,06 Oct 2025
QOH,FPFL110,Gas Water Heaters _AND_ Access,OH,Flue Pipe Flashing 110mm,16.0000,On Hand,06 Oct 2025
QOH,FPFL11045,Gas Water Heaters _AND_ Access,OH,Flue Pipe Flashing 110mm 45 degrees,7.0000,On Hand,06 Oct 2025
QOH,FPFL13045,Gas Water Heaters _AND_ Access,OH,Flue Pipe Flashing 130mm 45 degrees,8.0000,On Hand,06 Oct 2025
QOH,FSBBQGC,Kitchenware,OH,Food safe BBQ Grid Cleaner Spray,0.0000,On Hand,06 Oct 2025
QOH,FTBRASS,General Spares,OH,Foot Bracket Assembly,0.0000,On Hand,06 Oct 2025
QOH,FTHT,Brass Fittings,OH,1/2inch Female to Hosetail 90deg (Steel),13.0000,On Hand,06 Oct 2025
QOH,G4BHOB,Stove _AND_ Hobs,OH,Stainless 4 Burner Hob PLS Cast Iron Triv,0.0000,On Hand,06 Oct 2025
QOH,G4GBGHOB,Stove _AND_ Hobs,OH,4 Burner Hob Glass,0.0000,On Hand,06 Oct 2025
QOH,G5GBGHOB,Stove _AND_ Hobs,OH,5 Burner Hob Glass,0.0000,On Hand,06 Oct 2025
QOH,GASED,Safety Equipment,OH,Electronic Gas Detector,2.0000,On Hand,06 Oct 2025
QOH,GASEXPRO,Cylinders/Heaters/General,OH,Mapp Gas Cylinder 400gr 3600deg (F),18.0000,On Hand,06 Oct 2025
QOH,GBH,Brass Fittings,OH,Bulk Head and Nuts HF-291,62.0000,On Hand,06 Oct 2025
QOH,GBHD,Brass Fittings,OH,Double Cupboard Bulk Head - HF-287,30.0000,On Hand,06 Oct 2025
QOH,GBV1/2BT,Brass Fittings,OH,1/2inch Ball Valve Butterfly Handle,33.0000,On Hand,06 Oct 2025
QOH,GBV1/2L,BLOCKED,OH,1/2inch Locakable Gas Ball Valve,0.0000,On Hand,06 Oct 2025
QOH,GBV1/2N,Brass Fittings,OH,1/2inch Ball Valve Long Handle,43.0000,On Hand,06 Oct 2025
QOH,GBV1/4BT,Brass Fittings,OH,1/4inch Ball Valve Butterfly Handle,55.0000,On Hand,06 Oct 2025
QOH,GBV1/4M,Brass Fittings,OH,1/4inch Female Ball Valve to 1/4inch Male,44.0000,On Hand,06 Oct 2025
QOH,GBV1/4N,Brass Fittings,OH,1/4inch Ball Valve Long Handle,44.0000,On Hand,06 Oct 2025
QOH,GBV1N,Brass Fittings,OH,1inch Gas Ball Valve Long Handle,19.0000,On Hand,06 Oct 2025
QOH,GBV3/4B,Brass Fittings,OH,3/4inch Ball Valve Butterfly Handle,30.0000,On Hand,06 Oct 2025
QOH,GBV3/4N,Brass Fittings,OH,3/4inch Gas Ball Valve Long Handle,37.0000,On Hand,06 Oct 2025
QOH,GBV3/8BT,Brass Fittings,OH,3/8inch Ball Valve Butterfly Handle,59.0000,On Hand,06 Oct 2025
QOH,GBV3/8N,Brass Fittings,OH,3/8inch Ball Valve Long Handle,27.0000,On Hand,06 Oct 2025
QOH,GBVM3/8,Brass Fittings,OH,3/8inch Female Ball Valve to 3/8inch Male,0.0000,On Hand,06 Oct 2025
QOH,GC1/19,BLOCKED,OH,Single 19Kg Gas Cage (Made in RSA),0.0000,On Hand,06 Oct 2025
QOH,GC1/19A,BLOCKED,OH,Single 19 kg Gas Cage Collapsible,0.0000,On Hand,06 Oct 2025
QOH,GC1/19CJBS,BLOCKED,OH,Single 19 Gas Cage steel sides/roof,0.0000,On Hand,06 Oct 2025
QOH,GC1/19FP,GAS Cylinder Holding Systems,OH,Single 19kg Gas Cage Collapsible,1.0000,On Hand,06 Oct 2025
QOH,GC1/19GCJB,BLOCKED,OH,Single 19kg Gas Cage Collapsible Galv,0.0000,On Hand,06 Oct 2025
QOH,GC1/48,BLOCKED,OH,Single 48kg Gas Cage,0.0000,On Hand,06 Oct 2025
QOH,GC1/489A,BLOCKED,OH,Single 48kg Gas Cylinder Cage Colapsible,0.0000,On Hand,06 Oct 2025
QOH,GC1/48FP,GAS Cylinder Holding Systems,OH,Single 48kg Gas Cage Collapsible,1.0000,On Hand,06 Oct 2025
QOH,GC1/48S,BLOCKED,OH,Single 48kg cylinder cage special,0.0000,On Hand,06 Oct 2025
QOH,GC1/9,BLOCKED,OH,X,0.0000,On Hand,06 Oct 2025
QOH,GC1/9A,BLOCKED,OH,X,0.0000,On Hand,06 Oct 2025
QOH,GC1/9AS,GAS Cylinder Holding Systems,OH,SIngle 9kg Gas Cylinder Cage - Asembled,0.0000,On Hand,06 Oct 2025
QOH,GC1/9FP,GAS Cylinder Holding Systems,OH,Single 9 kg Gas Cage Collapsible,0.0000,On Hand,06 Oct 2025
QOH,GC1/9SPECIAL,GAS Cylinder Holding Systems,OH,9kg Gas Cylinder Cage - Special,0.0000,On Hand,06 Oct 2025
QOH,GC1/9SS,BLOCKED,OH,Single 9kg Gas Cage with 2.2mm steel,0.0000,On Hand,06 Oct 2025
QOH,GC2/19,BLOCKED,OH,X,0.0000,On Hand,06 Oct 2025
QOH,GC2/19A,BLOCKED,OH,X,0.0000,On Hand,06 Oct 2025
QOH,GC2/19CGJB,BLOCKED,OH,Double 19kg Gas Cage Collapsible Galv,0.0000,On Hand,06 Oct 2025
QOH,GC2/19CJBG,GAS Cylinder Holding Systems,OH,Double 19kg Gas Cage Galvanised,0.0000,On Hand,06 Oct 2025
QOH,GC2/19FP,GAS Cylinder Holding Systems,OH,Double 19kg Gas Cage Collapsible,2.0000,On Hand,06 Oct 2025
QOH,GC2/19GS,BLOCKED,OH,19kg Double Cage - Special/Galv,0.0000,On Hand,06 Oct 2025
QOH,GC2/19SS,BLOCKED,OH,Double 19kg Gas Cage with 2.2mm steel,0.0000,On Hand,06 Oct 2025
QOH,GC2/48,BLOCKED,OH,Double 48Kg Gas Cage,0.0000,On Hand,06 Oct 2025
QOH,GC2/48A,BLOCKED,OH,Double 48kg Gas Cylinder Cage Colapsible,0.0000,On Hand,06 Oct 2025
QOH,GC2/48FP,GAS Cylinder Holding Systems,OH,Double 48kg Gas Cage Collapsible,0.0000,On Hand,06 Oct 2025
QOH,GC2/48G,GAS Cylinder Holding Systems,OH,Double 48 Cylinder Cage - Galvanised F/P,0.0000,On Hand,06 Oct 2025
QOH,GC2/48RS,GAS Cylinder Holding Systems,OH,Gas Cage Double 48kg Raw Steel,0.0000,On Hand,06 Oct 2025
QOH,GC2/48S,BLOCKED,OH,Double 48 Gas Cage - steel sides,0.0000,On Hand,06 Oct 2025
QOH,GC2/9,BLOCKED,OH,Double 9kg Gas Cage,0.0000,On Hand,06 Oct 2025
QOH,GC2/9A,BLOCKED,OH,Double 9kg Gas Cylinder Cage Collapsible,0.0000,On Hand,06 Oct 2025
QOH,GC2/9FP,GAS Cylinder Holding Systems,OH,Double 9kg Gas Cage Collapsible,0.0000,On Hand,06 Oct 2025
QOH,GC4/48,BLOCKED,OH,4 X 48kg Cylinder Gas Cage,0.0000,On Hand,06 Oct 2025
QOH,GC4/48S,BLOCKED,OH,4 x 48kg cylinder cage special,0.0000,On Hand,06 Oct 2025
QOH,GC6/48GCJB,BLOCKED,OH,6 x 48 fully galvanised cylinder cage,0.0000,On Hand,06 Oct 2025
QOH,GCAR1,Canister Gas Products,OH,190gm Canisters,213.0000,On Hand,06 Oct 2025
QOH,GCAR1R,BLOCKED,OH,190 gram C200 Supergas - Rothenberger,0.0000,On Hand,06 Oct 2025
QOH,GCAR1RR,Canister Gas Products,OH,190gram Canister - Reusable C200 ILL,318.0000,On Hand,06 Oct 2025
QOH,GCAR2,Cylinders/Heaters/General,OH,220gm Canisters,227.0000,On Hand,06 Oct 2025
QOH,GCAR2A,BLOCKED,OH,220gm Canisters Alva,0.0000,On Hand,06 Oct 2025
QOH,GCAR4,Cylinders/Heaters/General,OH,MultiGas Cartridge 750ml/420gram (R),32.0000,On Hand,06 Oct 2025
QOH,GCAR5,Cylinders/Heaters/General,OH,500gm Screw type Canisters,64.0000,On Hand,06 Oct 2025
QOH,GCAR6,BLOCKED,OH,Bernzomatic Propane Cartridge,0.0000,On Hand,06 Oct 2025
QOH,GCAR7,Cylinders/Heaters/General,OH,750ml MAPP Gas Cart 2700c Rothenburger,29.0000,On Hand,06 Oct 2025
QOH,GCAR716D,Canister Gas Products,OH,7/16 220gram dumpie canister,0.0000,On Hand,06 Oct 2025
QOH,GCAR8,Cylinders/Heaters/General,OH,330gr Can Butane/Propane 7/16 600ml,27.0000,On Hand,06 Oct 2025
QOH,GCAR9,Canister Gas Products,OH,450gr Butane Cartridge,11.0000,On Hand,06 Oct 2025
QOH,GCBASE,Cylinders/Heaters/General,OH,Gas Cartridge Base,0.0000,On Hand,06 Oct 2025
QOH,GCC2/19,BLOCKED,OH,Double 19kg Gas Cage (Customised),0.0000,On Hand,06 Oct 2025
QOH,GCCD19,BLOCKED,OH,Gas Cage Custom Double 19kg,0.0000,On Hand,06 Oct 2025
QOH,GCCD48,BLOCKED,OH,Gas Cage Custom Double 48kg,0.0000,On Hand,06 Oct 2025
QOH,GCE181FLM,Brass Fittings,OH,Forklift Fitting 1/4inchF x Male Adaptor,0.0000,On Hand,06 Oct 2025
QOH,GCE182FLF,Brass Fittings,OH,Forklift Fitting 1/4inchF-1/4inchF NPT,0.0000,On Hand,06 Oct 2025
QOH,GCGCKG,Regulators/Pigtails,OH,Replacement Gaskets 52mm Carb SET,5.0000,On Hand,06 Oct 2025
QOH,GCGCKL,Regulators/Pigtails,OH,Gas Conversion Generator Kit 5-7kw,4.0000,On Hand,06 Oct 2025
QOH,GCGCKS,Regulators/Pigtails,OH,Gas Conversion Generator Kit - Small,1.0000,On Hand,06 Oct 2025
QOH,GCTD48,GAS Cylinder Holding Systems,OH,Gas Cylinder Trolley - Double 48kg,0.0000,On Hand,06 Oct 2025
QOH,GCTS48,GAS Cylinder Holding Systems,OH,Gas Cylinder Trolley - Single 48kg,0.0000,On Hand,06 Oct 2025
QOH,GD01030001,Safety Equipment,OH,Hand Held LED Gas Detector SE155 LPG,0.0000,On Hand,06 Oct 2025
QOH,GDF05,Doors _AND_ Window Frames _AND_ Fitt,OH,Galvanised Door Frames 115mm x 0.5mm,-50.0000,On Hand,06 Oct 2025
QOH,GDF140,Doors _AND_ Window Frames _AND_ Fitt,OH,Galvanised Door Frame 1.0mm x 140mm,0.0000,On Hand,06 Oct 2025
QOH,GDFLH6,Doors _AND_ Window Frames _AND_ Fitt,OH,Galvanised Door Frames 0.6mm Left,0.0000,On Hand,06 Oct 2025
QOH,GDFLH8,Doors _AND_ Window Frames _AND_ Fitt,OH,Galvanized Door Frames 0.8mm Left Hand,0.0000,On Hand,06 Oct 2025
QOH,GDFRH6,Doors _AND_ Window Frames _AND_ Fitt,OH,Galvanised Door Frames 0.6mm Right,0.0000,On Hand,06 Oct 2025
QOH,GDFRH8,Doors _AND_ Window Frames _AND_ Fitt,OH,Galvanized Door Frames 0.8mm Right Hand,0.0000,On Hand,06 Oct 2025
QOH,GDFSL140,Doors _AND_ Window Frames _AND_ Fitt,OH,Galvanised Stable Door Frame 140mm Left,0.0000,On Hand,06 Oct 2025
QOH,GDFSL8,Doors _AND_ Window Frames _AND_ Fitt,OH,Galvanised Stable Door Frame 0.8mm Left,0.0000,On Hand,06 Oct 2025
QOH,GDFSR140,Doors _AND_ Window Frames _AND_ Fitt,OH,Galvanised Stable Door Frame 140mm Right,0.0000,On Hand,06 Oct 2025
QOH,GDFSR8,Doors _AND_ Window Frames _AND_ Fitt,OH,Galvanised Stable Door Frame 0.8mm Right,0.0000,On Hand,06 Oct 2025
QOH,GF1/26BAR,Regulators/Pigtails,OH,Filter Small 50micron 6 Bar GF015SC,0.0000,On Hand,06 Oct 2025
QOH,GFBBBB,Gourmet Foods,OH,Beer Bread - Biltong,1.0000,On Hand,06 Oct 2025
QOH,GFBBCO,Gourmet Foods,OH,Beer Bread - Cheese and Onion,0.0000,On Hand,06 Oct 2025
QOH,GFBBGH,Gourmet Foods,OH,Beer Bread - Garlic and Herb,0.0000,On Hand,06 Oct 2025
QOH,GFBBRO,Gourmet Foods,OH,Beer Bread - Rosemary and Olive,0.0000,On Hand,06 Oct 2025
QOH,GFBMBM,Gourmet Foods,OH,Bread Mix - Banana,0.0000,On Hand,06 Oct 2025
QOH,GFBMCM,Gourmet Foods,OH,Bread Mix - Chakalaka,0.0000,On Hand,06 Oct 2025
QOH,GFBMCO,Gourmet Foods,OH,Bread Mix - Cornbread _AND_ Muffin Mix,0.0000,On Hand,06 Oct 2025
QOH,GFBMRB,Gourmet Foods,OH,Roosterkoek Brood Stokkies,0.0000,On Hand,06 Oct 2025
QOH,GFCRCM,Gourmet Foods,OH,Cinnamon Rolls - Chocolate,1.0000,On Hand,06 Oct 2025
QOH,GFCROM,Gourmet Foods,OH,Cinnamon Rolls - Original,0.0000,On Hand,06 Oct 2025
QOH,GFFJAM,Gourmet Foods,OH,Flapjacks - Apple,0.0000,On Hand,06 Oct 2025
QOH,GFFJBM,Gourmet Foods,OH,Flapjacks - Banana,0.0000,On Hand,06 Oct 2025
QOH,GFFJOM,Gourmet Foods,OH,Flapjacks Mix - Original,0.0000,On Hand,06 Oct 2025
QOH,GFGR265D,Stove _AND_ Hobs,OH,Gas/Electric Fridge - GR265D,0.0000,On Hand,06 Oct 2025
QOH,GFHCEN001,Regulators/Pigtails,OH,Gas Filling Hose,3.0000,On Hand,06 Oct 2025
QOH,GFHD150,Doors _AND_ Window Frames _AND_ Fitt,OH,150mm Heavy Duty Doorframes,0.0000,On Hand,06 Oct 2025
QOH,GFHGCE193,Regulators/Pigtails,OH,Filling Connector -5/8inchLH x 1/4inch NPT,0.0000,On Hand,06 Oct 2025
QOH,GFHGCE661,Regulators/Pigtails,OH,Gas Filling Hose Quick Acting Ext Con,2.0000,On Hand,06 Oct 2025
QOH,GFHHANDWHEEL,Brass Fittings,OH,Gas Filling Hose Handwheel,0.0000,On Hand,06 Oct 2025
QOH,GFHNS,BLOCKED,OH,Honey Sticks 8g individual servings (20),0.0000,On Hand,06 Oct 2025
QOH,GFHQAV1/2,Brass Fittings,OH,Gas Filling Hose Quick Acting Valve 1/2inch,1.0000,On Hand,06 Oct 2025
QOH,GFHQAVC,Brass Fittings,OH,Filling Quick Acting Valve Cadac,0.0000,On Hand,06 Oct 2025
QOH,GFMD115,Doors _AND_ Window Frames _AND_ Fitt,OH,115mm Medium Duty Doorframes,0.0000,On Hand,06 Oct 2025
QOH,GFMNBS,BLOCKED,OH,Braai Marshmallows with stick,0.0000,On Hand,06 Oct 2025
QOH,GFPBGO,Gourmet Foods,OH,Pizza Base - Green Onion,0.0000,On Hand,06 Oct 2025
QOH,GFPBOM,Gourmet Foods,OH,Pizza Base - Original,0.0000,On Hand,06 Oct 2025
QOH,GFPFHM,Gourmet Foods,OH,Pumpkin Fritter - Honey,2.0000,On Hand,06 Oct 2025
QOH,GFPFOM,Gourmet Foods,OH,Pumpkin Fritter - Original,0.0000,On Hand,06 Oct 2025
QOH,GFPFWM,Gourmet Foods,OH,Pumkin Pancake/Waffle Mix - Original,0.0000,On Hand,06 Oct 2025
QOH,GFSBB,Gourmet Foods,OH,Salt Grinder - Beer Braai Infusion,0.0000,On Hand,06 Oct 2025
QOH,GFSBG,Gourmet Foods,OH,Salt Grinder - Braai and Grill,1.0000,On Hand,06 Oct 2025
QOH,GFSBS,Gourmet Foods,OH,Salt Grinder - Balsamic Salt,0.0000,On Hand,06 Oct 2025
QOH,GFSCB,Gourmet Foods,OH,Salt Grinder - Chilli Braai,0.0000,On Hand,06 Oct 2025
QOH,GFSCP,Gourmet Foods,OH,Salt Grinder - Curry Paprika,0.0000,On Hand,06 Oct 2025
QOH,GFSHS,Gourmet Foods,OH,Salt Grinder - Himalayan Salt,0.0000,On Hand,06 Oct 2025
QOH,GFSLH,Gourmet Foods,OH,Salt Grinder - Lemon and Herb,0.0000,On Hand,06 Oct 2025
QOH,GFSRI,Gourmet Foods,OH,Salt Grinder - Rooibos Infusion,0.0000,On Hand,06 Oct 2025
QOH,GFSSI,Gourmet Foods,OH,Salt Grinder - Shiraz Braai Infusion,1.0000,On Hand,06 Oct 2025
QOH,GFVM,Gourmet Foods,OH,Vetkoek Mix,0.0000,On Hand,06 Oct 2025
QOH,GGCOV8/12,BLOCKED,OH,8lt - 12lt Geyser Cover,0.0000,On Hand,06 Oct 2025
QOH,GGCOVL,Gas Water Heaters _AND_ Access,OH,Water Heater Cover 450mm x 280mm x875mm,11.0000,On Hand,06 Oct 2025
QOH,GGCOVP2026,Gas Water Heaters _AND_ Access,OH,Gas Water Heater Cover Paloma 20/26,0.0000,On Hand,06 Oct 2025
QOH,GGCOVS,Gas Water Heaters _AND_ Access,OH,Water Heater Cover 420mmx280mmx640mm,7.0000,On Hand,06 Oct 2025
QOH,GGCOVSX,Gas Water Heaters _AND_ Access,OH,Water Heater Cover 450mmx270mmx660mm,0.0000,On Hand,06 Oct 2025
QOH,GGCVM,BLOCKED,OH,Gas Geyser Cover,0.0000,On Hand,06 Oct 2025
QOH,GHB55,Stove _AND_ Hobs,OH,Gas Hob Burner Black Cap 55mm,0.0000,On Hand,06 Oct 2025
QOH,GHBC100,Stove _AND_ Hobs,OH,Gas Hob Burner Black Cap 100mm,7.0000,On Hand,06 Oct 2025
QOH,GHBC130,Stove _AND_ Hobs,OH,Gas Hob Burner Black Cap 130mm,0.0000,On Hand,06 Oct 2025
QOH,GHBC60,Stove _AND_ Hobs,OH,Gas Hob Burner Black Cap 60mm,0.0000,On Hand,06 Oct 2025
QOH,GHBC77,Stove _AND_ Hobs,OH,Gas Hob Burner Black Cap 77mm,6.0000,On Hand,06 Oct 2025
QOH,GHT1P,BLOCKED,OH,Small 1 Panel Heater 3kg,0.0000,On Hand,06 Oct 2025
QOH,GHT3P,BLOCKED,OH,Small 3 Panel Heater 3kg,0.0000,On Hand,06 Oct 2025
QOH,GHTRA,BLOCKED,OH,3 Panel Roll-A-Bout Heater 9kg Gold Air,0.0000,On Hand,06 Oct 2025
QOH,GHTRA2,BLOCKED,OH,2 Panel Gas Heater 3-5kg (GREY),0.0000,On Hand,06 Oct 2025
QOH,GHTRAAL,BLOCKED,OH,3 Panel Roll about Heater 9kg - Alva,0.0000,On Hand,06 Oct 2025
QOH,GHTRADE,Cylinders/Heaters/General,OH,3 Panel Gas Heater Roll-About,59.0000,On Hand,06 Oct 2025
QOH,GHTRADER,BLOCKED,OH,3 Panel Roll-a-bout gas heater - RED,0.0000,On Hand,06 Oct 2025
QOH,GHTRC,Cylinders/Heaters/General,OH,3 Panel Heater - Core,3.0000,On Hand,06 Oct 2025
QOH,GHTRCBF,Cylinders/Heaters/General,OH,Blue Flame 3 Panel Heater - CORE,3.0000,On Hand,06 Oct 2025
QOH,GKREGS,Regulators/Pigtails,OH,Geyser Kit with Swivel Regulator,0.0000,On Hand,06 Oct 2025
QOH,GLI,Cylinders/Heaters/General,OH,Magnetic Gas Level Indicators,89.0000,On Hand,06 Oct 2025
QOH,GPG13010001,BLOCKED,OH,Gas Pressure Gauge 0-250kpa HP,0.0000,On Hand,06 Oct 2025
QOH,GPG13010003,BLOCKED,OH,Gas Pressure Gauge 0-6kpa LP,0.0000,On Hand,06 Oct 2025
QOH,GRCON,Solar Mounting Solutions,OH,90 Panel Ground Mount Structures P/Panel,0.0000,On Hand,06 Oct 2025
QOH,GRCON1,Solar Mounting Solutions,OH,Panel Ground Mount Structure Per Panel,0.0000,On Hand,06 Oct 2025
QOH,GRCON2,Solar Mounting Solutions,OH,200 Panel Ground Mount Structure,0.0000,On Hand,06 Oct 2025
QOH,GRCON3,Solar Mounting Solutions,OH,4 Strings of 80 Panel Ground Mount,0.0000,On Hand,06 Oct 2025
QOH,GRI107,BLOCKED,OH,Roadster Grid Large incl Bag Handsfree,0.0000,On Hand,06 Oct 2025
QOH,GSMP,Cooker Tops,OH,Portable Pocket Cooker Top (450gram),12.0000,On Hand,06 Oct 2025
QOH,GSSP100,Gas Water Heaters _AND_ Access,OH,100mm Flue Pipe,0.0000,On Hand,06 Oct 2025
QOH,GSSP100.05,Gas Water Heaters _AND_ Access,OH,100mm x .50m Galvanised Flue Pipe,0.0000,On Hand,06 Oct 2025
QOH,GSSP100X1.2,Gas Water Heaters _AND_ Access,OH,100mm x 1.2m Galvanised Flue Pipe,0.0000,On Hand,06 Oct 2025
QOH,GSSP1110,Gas Water Heaters _AND_ Access,OH,110mm Galv Pipe,0.0000,On Hand,06 Oct 2025
QOH,GSSP1130,Gas Water Heaters _AND_ Access,OH,130mm Galv Pipe,10.0000,On Hand,06 Oct 2025
QOH,GSSP115,BLOCKED,OH,Galvanised Flue Pipe 110mm x 115mm x900m,0.0000,On Hand,06 Oct 2025
QOH,GSSP116,Gas Water Heaters _AND_ Access,OH,116mm x 1m flue,0.0000,On Hand,06 Oct 2025
QOH,GSSP13SS,Gas Water Heaters _AND_ Access,OH,130mm x 600mm Stainless Steel Flue,4.0000,On Hand,06 Oct 2025
QOH,GSSP150,BLOCKED,OH,150mm x 1m Flue,0.0000,On Hand,06 Oct 2025
QOH,GSSP1501,Gas Water Heaters _AND_ Access,OH,150mm Flue x 900mm,7.0000,On Hand,06 Oct 2025
QOH,GSSP160,Gas Water Heaters _AND_ Access,OH,160mm Galvanised Flue Pipe,0.0000,On Hand,06 Oct 2025
QOH,GSSP190,Gas Water Heaters _AND_ Access,OH,90mm Galv Pipe,52.0000,On Hand,06 Oct 2025
QOH,GSSP1SS,Gas Water Heaters _AND_ Access,OH,110mm Stainless Steel Flue,0.0000,On Hand,06 Oct 2025
QOH,GSSP3SS,Gas Water Heaters _AND_ Access,OH,130mm Stainless Steel Elbow,0.0000,On Hand,06 Oct 2025
QOH,GSSPE1,Gas Water Heaters _AND_ Access,OH,110mm Galv Elbow 90deg,33.0000,On Hand,06 Oct 2025
QOH,GSSPE100,Gas Water Heaters _AND_ Access,OH,100mm Galvanised Elbow 90deg,0.0000,On Hand,06 Oct 2025
QOH,GSSPE15045,Gas Water Heaters _AND_ Access,OH,150mm Galvanised Elbow 45deg,0.0000,On Hand,06 Oct 2025
QOH,GSSPE160,Gas Water Heaters _AND_ Access,OH,160mm Galvanised Elbow 90deg,15.0000,On Hand,06 Oct 2025
QOH,GSSPE2,Gas Water Heaters _AND_ Access,OH,90mm Galvanised Elbow 90deg,10.0000,On Hand,06 Oct 2025
QOH,GSSPE3,Gas Water Heaters _AND_ Access,OH,130mm Galv Elbow 90deg,21.0000,On Hand,06 Oct 2025
QOH,GSSPE345,Gas Water Heaters _AND_ Access,OH,130mm 45 Degree Bend,14.0000,On Hand,06 Oct 2025
QOH,GSSPE45,Gas Water Heaters _AND_ Access,OH,110mm 45 Degree Bend,22.0000,On Hand,06 Oct 2025
QOH,GSSPE5,Gas Water Heaters _AND_ Access,OH,150mm Galv Elbow 90deg,10.0000,On Hand,06 Oct 2025
QOH,GSSPESS,Gas Water Heaters _AND_ Access,OH,110mm Stainless Steel Elbow 90deg,0.0000,On Hand,06 Oct 2025
QOH,GSSPSSS1,Gas Water Heaters _AND_ Access,OH,Stainless Steel Flue 130mm x 250mm,0.0000,On Hand,06 Oct 2025
QOH,GSSPSSSF,BLOCKED,OH,Stainless Steel Flue 110mm x 250mm,0.0000,On Hand,06 Oct 2025
QOH,GSV,Regulators/Pigtails,OH,Gas Safety Shut off Valve (1 8kg Reg),15.0000,On Hand,06 Oct 2025
QOH,HBIMB-3013-18,Hardware,OH,Hacksaw Blade HSS Steel 18TPI White,0.0000,On Hand,06 Oct 2025
QOH,HBIMB-3013-24,Hardware,OH,Hacksaw Blade HSS - White 24TPI,45.0000,On Hand,06 Oct 2025
QOH,HBIMB-3013-32,Hardware,OH,Hacksaw Blade HSS Steel 32TPI White,0.0000,On Hand,06 Oct 2025
QOH,HCS RP-3025-24,Hardware,OH,Hacksaw Blade Double Edge - 24TPI Blue,-2.0000,On Hand,06 Oct 2025
QOH,HCSC-3013-18,Hardware,OH,Hacksaw Blade Carbo Steel 18TPI - Orange,0.0000,On Hand,06 Oct 2025
QOH,HCSC-3013-24,Hardware,OH,Hacksaw Blade HC - Orange 24TPI,72.0000,On Hand,06 Oct 2025
QOH,HCSC-3013-32,Hardware,OH,Hacksaw Blade Carbon Steel 32TPI White,0.0000,On Hand,06 Oct 2025
QOH,HCSHNDLE,Hardware,OH,Hacksaw Blade double Edege with Handle,83.0000,On Hand,06 Oct 2025
QOH,HFS100,Stove _AND_ Hobs,OH,Hob Flame Spreader 100mm,0.0000,On Hand,06 Oct 2025
QOH,HFS75,Stove _AND_ Hobs,OH,Hob Flame Spreader 75mm,0.0000,On Hand,06 Oct 2025
QOH,HHPDH18-26,Doors _AND_ Window Frames _AND_ Fitt,OH,Econo Patio Door Lock,0.0000,On Hand,06 Oct 2025
QOH,HNB1204,Brass Fittings,OH,3/4inch Male to 1/4inch Male,0.0000,On Hand,06 Oct 2025
QOH,HNB1206,Brass Fittings,OH,3/4inch Male to 3/8inch Male,0.0000,On Hand,06 Oct 2025
QOH,HOSE1/2C,Brass Fittings,OH,1/2inch Compression to Hosetail 8mm,108.0000,On Hand,06 Oct 2025
QOH,HOSE1/2F,Brass Fittings,OH,1/2inch Hosetail Female 8mm,130.0000,On Hand,06 Oct 2025
QOH,HOSE1/2FA,Brass Fittings,OH,1/2inch Female to Hosetail with Washer-Alum,60.0000,On Hand,06 Oct 2025
QOH,HOSE1/2FB,BLOCKED,OH,1/2inch Female to Hosetail BSP,0.0000,On Hand,06 Oct 2025
QOH,HOSE1/2FES,Brass Fittings,OH,1/2inch Female to Hosetail Elbow Swivel,121.0000,On Hand,06 Oct 2025
QOH,HOSE1/2FS,Brass Fittings,OH,1/2inch Female to Hosetail Swivel,0.0000,On Hand,06 Oct 2025
QOH,HOSE1/2M,Brass Fittings,OH,1/2inch Hosetail Male 8mm,126.0000,On Hand,06 Oct 2025
QOH,HOSE1/2SWF,BLOCKED,OH,1/2inch Female Swivel to 8mm Hosetail,0.0000,On Hand,06 Oct 2025
QOH,HOSE1/4C,Brass Fittings,OH,1/4inch Compression to Hosetail 8mm,66.0000,On Hand,06 Oct 2025
QOH,HOSE1/4F,Brass Fittings,OH,1/4inch Hosetail Female 8mm,105.0000,On Hand,06 Oct 2025
QOH,HOSE1/4M,Brass Fittings,OH,1/4inch Hosetail 8mm,183.0000,On Hand,06 Oct 2025
QOH,HOSE1/4MB,BLOCKED,OH,1/4inch Male to Hosetail BSP,0.0000,On Hand,06 Oct 2025
QOH,HOSE1/8F,Brass Fittings,OH,1/8inch Hosetail Female 8mm,63.0000,On Hand,06 Oct 2025
QOH,HOSE1/8M,Brass Fittings,OH,1/8inch Hosetail Male 8mm,126.0000,On Hand,06 Oct 2025
QOH,HOSE1M,Brass Fittings,OH,1inch Male to Hosetail,0.0000,On Hand,06 Oct 2025
QOH,HOSE3/4F,Brass Fittings,OH,3/4inch Female Hosetail 8mm,109.0000,On Hand,06 Oct 2025
QOH,HOSE3/4M,Brass Fittings,OH,3/4inch Hosetail Male 8mm,91.0000,On Hand,06 Oct 2025
QOH,HOSE3/8C,Brass Fittings,OH,3/8inch Compression to Hosetail 8mm,24.0000,On Hand,06 Oct 2025
QOH,HOSE3/8F,Brass Fittings,OH,3/8inch Hosetail Female 8mm,25.0000,On Hand,06 Oct 2025
QOH,HOSE3/8FB,BLOCKED,OH,3/8inch Female to Hosetails BSP,0.0000,On Hand,06 Oct 2025
QOH,HOSE3/8M,Brass Fittings,OH,3/8inch Hosetail Male 8mm,111.0000,On Hand,06 Oct 2025
QOH,HOSE3/8MB,BLOCKED,OH,3/8inch Male to Hosetail BSP,0.0000,On Hand,06 Oct 2025
QOH,HOSE5/16C,Brass Fittings,OH,5/16inch Compression to Hosetail 8mm,23.0000,On Hand,06 Oct 2025
QOH,HOSEACE,Gas Hose,OH,Acetylene Hose 8mm,-100.0000,On Hand,06 Oct 2025
QOH,HOSEADA17,Gas Hose,OH,Adaptor 7/16 to Cadac with hose,0.0000,On Hand,06 Oct 2025
QOH,HOSEC,BLOCKED,OH,1 5m Gas Hose PLS 2 clamps pre packed,0.0000,On Hand,06 Oct 2025
QOH,HOSECRG,BLOCKED,OH,1 5m Gas Hose PLS Reg PLS 2 clamps prepack,0.0000,On Hand,06 Oct 2025
QOH,HOSECRGB,BLOCKED,OH,1 5m Gas Hose PLSBullnose Reg PLS 2 clamps,0.0000,On Hand,06 Oct 2025
QOH,HOSECRGS,BLOCKED,OH,1 5m Gas Hose PLS S Reg PLS 2 clamps prepack,0.0000,On Hand,06 Oct 2025
QOH,HOSEH,BLOCKED,OH,High Pressure Orange Hose,0.0000,On Hand,06 Oct 2025
QOH,HOSEL,Gas Hose,OH,8mm Gas Hose 30m,33.0000,On Hand,06 Oct 2025
QOH,HOSEL100,Gas Hose,OH,100metre roll of 8mm Orange Hose,0.0000,On Hand,06 Oct 2025
QOH,HOSEL6,Gas Hose,OH,6mm Orange Gas Hose,0.0000,On Hand,06 Oct 2025
QOH,HOSELPM,Gas Hose,OH,Orange Gas Hose Per 50cm,1141.0000,On Hand,06 Oct 2025
QOH,HOSEOXY,Gas Hose,OH,Oxygen Hose 8mm,-100.0000,On Hand,06 Oct 2025
QOH,HOSES3/8,Brass Fittings,OH,3/8inch ID Solder to Hosetail,0.0000,On Hand,06 Oct 2025
QOH,HOSESR,Gas Hose,OH,Rubber Gas Hose Steel Reinforced 17Bar,0.0000,On Hand,06 Oct 2025
QOH,HOSEW,Gas Hose,OH,8mm Orange Hose - Watex 30m,6.0000,On Hand,06 Oct 2025
QOH,HPRB201,Boiling Table/Burners,OH,High Pressure Ring Burner,6.0000,On Hand,06 Oct 2025
QOH,HPRBMAN,Boiling Table/Burners,OH,High Pres Ring Burner 201 Valve/Manifold,0.0000,On Hand,06 Oct 2025
QOH,HSSF-3013-24,Hardware,OH,Hacksaw Blade Flexible - Red 24TPI,34.0000,On Hand,06 Oct 2025
QOH,HSSFF1/2,Gas Water Heaters _AND_ Access,OH,Stainless Steel Hose F/F 1/2inch 750mm,0.0000,On Hand,06 Oct 2025
QOH,HSSMF1/2,Gas Water Heaters _AND_ Access,OH,Stainless Steel Hose M/F 1/2inch 750mm,0.0000,On Hand,06 Oct 2025
QOH,I432,Brass Fittings,OH,Valve for Stove,0.0000,On Hand,06 Oct 2025
QOH,I456,Brass Fittings,OH,Valve for Gaz Cylinders,0.0000,On Hand,06 Oct 2025
QOH,IBRM,Braais _AND_ Products,OH,Insulated Braai Mittens,0.0000,On Hand,06 Oct 2025
QOH,IC00003,BLOCKED,OH,Bio-Wheat Wholegrain 2kg,0.0000,On Hand,06 Oct 2025
QOH,IC00005,BLOCKED,OH,Bio-Wheat Bran 750g,0.0000,On Hand,06 Oct 2025
QOH,IC00019,BLOCKED,OH,Rich Hot Chocolate 250g,0.0000,On Hand,06 Oct 2025
QOH,IC00020,BLOCKED,OH,White Hot Chocolate 250g,0.0000,On Hand,06 Oct 2025
QOH,IC00021,BLOCKED,OH,Hazelnut Hot Chocolate 250g,0.0000,On Hand,06 Oct 2025
QOH,IC00023,BLOCKED,OH,Sugar Free Hot Chocolate 250g,0.0000,On Hand,06 Oct 2025
QOH,IC00024,BLOCKED,OH,Dark Cane Sugar Free Hot Choc 250g,0.0000,On Hand,06 Oct 2025
QOH,IC00029,BLOCKED,OH,Xylitol 200g,0.0000,On Hand,06 Oct 2025
QOH,IC00030,BLOCKED,OH,Chai Latte 250g,0.0000,On Hand,06 Oct 2025
QOH,IC00031,BLOCKED,OH,Sugar Free Chai 250g,0.0000,On Hand,06 Oct 2025
QOH,IC00037,BLOCKED,OH,Rich Hot Chocolate - 1kg,0.0000,On Hand,06 Oct 2025
QOH,IC00038,BLOCKED,OH,White Hot Chocolate - 1kg,0.0000,On Hand,06 Oct 2025
QOH,IC00039,BLOCKED,OH,Hazelnut Hot Chocolate - 1kg,0.0000,On Hand,06 Oct 2025
QOH,IC00041,BLOCKED,OH,Dark Thick Hot Chocolate - 1kg,0.0000,On Hand,06 Oct 2025
QOH,IC00061,BLOCKED,OH,Honey Squeeze Jar,0.0000,On Hand,06 Oct 2025
QOH,IC00062,BLOCKED,OH,Honey Glass Jar,0.0000,On Hand,06 Oct 2025
QOH,IC00065,BLOCKED,OH,Fig Jam 250ml,0.0000,On Hand,06 Oct 2025
QOH,IC00066,BLOCKED,OH,Fig and Granadilla Jam 250ml,0.0000,On Hand,06 Oct 2025
QOH,IC00067,BLOCKED,OH,Cocktail Fig Preserve 250ml,0.0000,On Hand,06 Oct 2025
QOH,IC00068,BLOCKED,OH,Brandied Figs 125ml,0.0000,On Hand,06 Oct 2025
QOH,IC00069,BLOCKED,OH,Fig and Granadilla Chutney 250ml,0.0000,On Hand,06 Oct 2025
QOH,IGNCE,General Spares,OH,Ceramic Ignitor Electrode,94.0000,On Hand,06 Oct 2025
QOH,IGNCE650,Brass Fittings,OH,Ceramic Electrode with 650mm Lead Wire,0.0000,On Hand,06 Oct 2025
QOH,IGNCE750,General Spares,OH,Ceramic Electrode with 750mm Lead Wire,38.0000,On Hand,06 Oct 2025
QOH,IGNP,General Spares,OH,Piezo Ignitor,43.0000,On Hand,06 Oct 2025
QOH,IGNPDEL,Cylinders/Heaters/General,OH,Piezo Ignitor Heater (DEL),12.0000,On Hand,06 Oct 2025
QOH,IGNPJM,Brass Fittings,OH,Piezo Ignitor Jetmaster Fire Place,0.0000,On Hand,06 Oct 2025
QOH,IGNRPK,General Spares,OH,Replacement Piezo Kit,0.0000,On Hand,06 Oct 2025
QOH,IGNW1000,General Spares,OH,1000mm Ignition Lead Wire,0.0000,On Hand,06 Oct 2025
QOH,IGNW1200,General Spares,OH,1200mm Ignition Lead Wire,30.0000,On Hand,06 Oct 2025
QOH,IGNW150,General Spares,OH,150mm Ignition Lead Wire,48.0000,On Hand,06 Oct 2025
QOH,IGNW200,General Spares,OH,200mm Ignition Lead Wire,24.0000,On Hand,06 Oct 2025
QOH,IGNW250,General Spares,OH,250mm Ignition Lead Wire,11.0000,On Hand,06 Oct 2025
QOH,IGNW320,General Spares,OH,320mm Ignition Lead Wire,26.0000,On Hand,06 Oct 2025
QOH,IGNW350,General Spares,OH,350mm Ignition Lead Wire,8.0000,On Hand,06 Oct 2025
QOH,IGNW450,General Spares,OH,450mm Ignition Wire,0.0000,On Hand,06 Oct 2025
QOH,IGNW500,General Spares,OH,500mm Piezo Lead Wire,37.0000,On Hand,06 Oct 2025
QOH,IGNW550,General Spares,OH,550mm Ignition Wire Heater (Del) 2 panel,36.0000,On Hand,06 Oct 2025
QOH,IGNW6,General Spares,OH,600mm Ignition Lead Wire,10.0000,On Hand,06 Oct 2025
QOH,IGNW750,General Spares,OH,750mm Ignition Lead Wire,92.0000,On Hand,06 Oct 2025
QOH,IGNW800,General Spares,OH,800mm Ignition Wire Heater (Del),14.0000,On Hand,06 Oct 2025
QOH,IGNW9,General Spares,OH,900mm Ignition Lead Wire,-1.0000,On Hand,06 Oct 2025
QOH,INDS,Stove _AND_ Hobs,OH,Induction Stove,2.0000,On Hand,06 Oct 2025
QOH,INS290PHO022,Safety Equipment,OH,Assemply Point Sign S290x290 PHO,0.0000,On Hand,06 Oct 2025
QOH,INSBK,PTFE Tape,OH,Insulation Tape Black,614.0000,On Hand,06 Oct 2025
QOH,INSBL,PTFE Tape,OH,Insulation Tape Blue,138.0000,On Hand,06 Oct 2025
QOH,INSGR,PTFE Tape,OH,Insulation Tape Green,250.0000,On Hand,06 Oct 2025
QOH,INSRE,PTFE Tape,OH,Insulation Tape Red,51.0000,On Hand,06 Oct 2025
QOH,INSWH,PTFE Tape,OH,Insulation Tape White,332.0000,On Hand,06 Oct 2025
QOH,INSYE,PTFE Tape,OH,Insulation Tape Yellow,398.0000,On Hand,06 Oct 2025
QOH,JACK01,Boiling Table/Burners,OH,Ceramic Burner 2250,0.0000,On Hand,06 Oct 2025
QOH,JACK01C,Boiling Table/Burners,OH,Ceramic for Jackwal 2250,0.0000,On Hand,06 Oct 2025
QOH,JET017,General Spares,OH,Cylinder Top Heater Jet,15.0000,On Hand,06 Oct 2025
QOH,JET1,Brass Fittings,OH,Cooker Top Jet (No. 15),131.0000,On Hand,06 Oct 2025
QOH,JET13,Brass Fittings,OH,Griller Jet/Spud Jet,34.0000,On Hand,06 Oct 2025
QOH,JET1T,Brass Fittings,OH,Cook2 Jet,192.0000,On Hand,06 Oct 2025
QOH,JET2,Brass Fittings,OH,Lamp Jets (J31),212.0000,On Hand,06 Oct 2025
QOH,JET21,Brass Fittings,OH,CADAC Cooker Jet (2),125.0000,On Hand,06 Oct 2025
QOH,JET24,Brass Fittings,OH,JET for Skottel and Grillogas 2pk,0.0000,On Hand,06 Oct 2025
QOH,JET28,Brass Fittings,OH,Typhoon and Firefly Jet,48.0000,On Hand,06 Oct 2025
QOH,JET3,Brass Fittings,OH,Braai Jets (J95),148.0000,On Hand,06 Oct 2025
QOH,JET32,Brass Fittings,OH,Cadac Saphire Heater Jet,-1.0000,On Hand,06 Oct 2025
QOH,JET58,Brass Fittings,OH,Calf Debudder Jet,19.0000,On Hand,06 Oct 2025
QOH,JET5CH,Brass Fittings,OH,Cylinder Top Heater Square - Jet,15.0000,On Hand,06 Oct 2025
QOH,JETAM09,Brass Fittings,OH,Amal Jet .90mm,0.0000,On Hand,06 Oct 2025
QOH,JETAM1,Brass Fittings,OH,Amal Jet 1mm,0.0000,On Hand,06 Oct 2025
QOH,JETAM75,Brass Fittings,OH,Amal Jet 0.75mm,0.0000,On Hand,06 Oct 2025
QOH,JETECT,Brass Fittings,OH,Eco Cooker Top Jet GJE Alva,-5.0000,On Hand,06 Oct 2025
QOH,JETFS,Brass Fittings,OH,Jet for Firestick,33.0000,On Hand,06 Oct 2025
QOH,JETHJ,Brass Fittings,OH,Jet M6 x 0.75 - 0.95mm,0.0000,On Hand,06 Oct 2025
QOH,JETL12,Brass Fittings,OH,100 cp Lamp Alva Jet (GJL12),0.0000,On Hand,06 Oct 2025
QOH,JETOHW,BLOCKED,OH,Jet - Old Hotwheel .7mm GJB N/S,0.0000,On Hand,06 Oct 2025
QOH,JETPC,Brass Fittings,OH,.24mm Jet Potjie Cooker Top/New Hotwheel,13.0000,On Hand,06 Oct 2025
QOH,K8LPWG,Gas Water Heaters _AND_ Access,OH,8 litre Low Pressure Water Heater(Kexin),0.0000,On Hand,06 Oct 2025
QOH,KET001,BLOCKED,OH,Kettles,0.0000,On Hand,06 Oct 2025
QOH,KEY1,Brass Fittings,OH,Cylinder Control Key,214.0000,On Hand,06 Oct 2025
QOH,KEY2,Cylinders/Heaters/General,OH,Cadac Cylinder Control Key,61.0000,On Hand,06 Oct 2025
QOH,KEYT,Brass Fittings,OH,Cylinder Control Key - Trojan,17.0000,On Hand,06 Oct 2025
QOH,KITSF,Kitchenware,OH,Kitchen Silicone Funnel,-3.0000,On Hand,06 Oct 2025
QOH,KNS005,BLOCKED,OH,5 piece knife set black,0.0000,On Hand,06 Oct 2025
QOH,KNS006,BLOCKED,OH,6 piece Knife Set,0.0000,On Hand,06 Oct 2025
QOH,KNS006C,BLOCKED,OH,6 piece knife set coloured,0.0000,On Hand,06 Oct 2025
QOH,KX8LPGG,BLOCKED,OH,8litre Low Pressure Gas Water Heater,0.0000,On Hand,06 Oct 2025
QOH,L2PK,Refills _AND_ Lighters,OH,Alva 2 Pack Gas Lighters,53.0000,On Hand,06 Oct 2025
QOH,L2PKC,Refills _AND_ Lighters,OH,Trigger Gas Lighter (2 pack),24.0000,On Hand,06 Oct 2025
QOH,L2PKSC,Refills _AND_ Lighters,OH,Slimline lighter Cadac 2 pack,6.0000,On Hand,06 Oct 2025
QOH,LABGL,Braais _AND_ Products,OH,Alluminium Braai Gas Lighter (Insert),0.0000,On Hand,06 Oct 2025
QOH,LAMP,Lamps _AND_ General,OH,100CP Lamp,0.0000,On Hand,06 Oct 2025
QOH,LAMP1,Lamps _AND_ General,OH,120CP Lamp- Fishing Lamp,8.0000,On Hand,06 Oct 2025
QOH,LAMP3,Lamps _AND_ General,OH,300CP Lamp,0.0000,On Hand,06 Oct 2025
QOH,LAMPCCR104,Lamps _AND_ General,OH,100cp Canister Lamp,13.0000,On Hand,06 Oct 2025
QOH,LAMPCCR105,Lamps _AND_ General,OH,300cp Canister Lamp,0.0000,On Hand,06 Oct 2025
QOH,LAMPF716,Lamps _AND_ General,OH,Firefly Lamp - 7/16 screw thread,-2.0000,On Hand,06 Oct 2025
QOH,LAMPG1,Lamps _AND_ General,OH,Lamp Glass 100cp,8.0000,On Hand,06 Oct 2025
QOH,LAMPG104,Lamps _AND_ General,OH,Lamp Glass for CCR104,8.0000,On Hand,06 Oct 2025
QOH,LAMPG105,Lamps _AND_ General,OH,Lamp Glass for CCR105,4.0000,On Hand,06 Oct 2025
QOH,LAMPG3,BLOCKED,OH,Lamp Glass 300cp,1.0000,On Hand,06 Oct 2025
QOH,LAMPGF,Lamps _AND_ General,OH,Lamp Glass for Firefly Lamps,0.0000,On Hand,06 Oct 2025
QOH,LAMPGFR,Lamps _AND_ General,OH,Frosted Lamp 100cp Glass,0.0000,On Hand,06 Oct 2025
QOH,LAMPGSC,Lamps _AND_ General,OH,Cone Shaped Lamp Glass,0.0000,On Hand,06 Oct 2025
QOH,LAMPP,Lamps _AND_ General,OH,Butane Piezo Lamp (Firefly),24.0000,On Hand,06 Oct 2025
QOH,LAMPP2,BLOCKED,OH,X,0.0000,On Hand,06 Oct 2025
QOH,LBLC,Refills _AND_ Lighters,OH,Blue Flame Cigar Lighter Coloured/SS,0.0000,On Hand,06 Oct 2025
QOH,LEAK001,BLOCKED,OH,Leaklock,0.0000,On Hand,06 Oct 2025
QOH,LED001,BLOCKED,OH,LED Lights - FJDZ 052 incl battery,36.0000,On Hand,06 Oct 2025
QOH,LED002,BLOCKED,OH,Desk Lamp - LED/Usb,0.0000,On Hand,06 Oct 2025
QOH,LED003,LED Lights,OH,Round Camping Lamp - colours,66.0000,On Hand,06 Oct 2025
QOH,LED004,BLOCKED,OH,Desk Lamp - LED/Usb Calendar Display,0.0000,On Hand,06 Oct 2025
QOH,LED005,LED Lights,OH,15w Led Camping Lamp WD833,0.0000,On Hand,06 Oct 2025
QOH,LED006,BLOCKED,OH,Round Work Light - LED black,0.0000,On Hand,06 Oct 2025
QOH,LED007,BLOCKED,OH,Emergency LED Light - WD 802T/FJDZ 129,0.0000,On Hand,06 Oct 2025
QOH,LED008,LED Lights,OH,Lantern - WD 833 /FJDZ 095,6.0000,On Hand,06 Oct 2025
QOH,LED009,BLOCKED,OH,Remote Control Globe - SL 678/FJDZ 125,0.0000,On Hand,06 Oct 2025
QOH,LED010,BLOCKED,OH,LED Multifunction Torch - FJDZ085,0.0000,On Hand,06 Oct 2025
QOH,LED011,BLOCKED,OH,LED Flashlight - FJDZ033,0.0000,On Hand,06 Oct 2025
QOH,LED012,LED Lights,OH,Multifunction Work Light Recharg FJDZ036,104.0000,On Hand,06 Oct 2025
QOH,LED013,BLOCKED,OH,Solar Powered Cob Wall Light - Large,0.0000,On Hand,06 Oct 2025
QOH,LED014,BLOCKED,OH,Solar Motion Sensor Light Small,0.0000,On Hand,06 Oct 2025
QOH,LED015,BLOCKED,OH,Emergency LED Rechargeable Large FJDZ131,0.0000,On Hand,06 Oct 2025
QOH,LED016,BLOCKED,OH,Round LED Light with Remote,0.0000,On Hand,06 Oct 2025
QOH,LED017,LED Lights,OH,LED Mini Torch Rechargeable FJDZ029,313.0000,On Hand,06 Oct 2025
QOH,LED017A,LED Lights,OH,Mini Flashight no box,8.0000,On Hand,06 Oct 2025
QOH,LED018,BLOCKED,OH,LED Flame Lamp - Battery FJDZ011,0.0000,On Hand,06 Oct 2025
QOH,LED019,BLOCKED,OH,Colourful Camping Light Recharge FJDZ126,0.0000,On Hand,06 Oct 2025
QOH,LED020,LED Lights,OH,Rechargeable Remote Globe (Screw type),0.0000,On Hand,06 Oct 2025
QOH,LED030,LED Lights,OH,Large LED Flashlight - FJDZ-191,21.0000,On Hand,06 Oct 2025
QOH,LED031,LED Lights,OH,Medium LED Flashlight - FJDZ-190,112.0000,On Hand,06 Oct 2025
QOH,LED060A,LED Lights,OH,Emergency Light-USB/Stand 6960W,36.0000,On Hand,06 Oct 2025
QOH,LED068,LED Lights,OH,LED Rechargeable Flashlight 17cm,-3.0000,On Hand,06 Oct 2025
QOH,LED069,LED Lights,OH,LED Rechargeable Flashlight 15cm,42.0000,On Hand,06 Oct 2025
QOH,LED115,BLOCKED,OH,LED Emergency Light - Short FJDZ128,0.0000,On Hand,06 Oct 2025
QOH,LED125,BLOCKED,OH,Emergency Light Medium - FJDZ130,4.0000,On Hand,06 Oct 2025
QOH,LED127,BLOCKED,OH,Single Tube Emergency Light FJDZ127,1.0000,On Hand,06 Oct 2025
QOH,LED136,BLOCKED,OH,5 light source High Power Headlamp,3.0000,On Hand,06 Oct 2025
QOH,LED160,LED Lights,OH,High power Headlamp small,20.0000,On Hand,06 Oct 2025
QOH,LED184,LED Lights,OH,High Power Headlamp 3/5 bulbs,10.0000,On Hand,06 Oct 2025
QOH,LED210,BLOCKED,OH,Short Emergency Light (battery option),0.0000,On Hand,06 Oct 2025
QOH,LED226,LED Lights,OH,COB Magnetic Working Lamp- FJDZ226,65.0000,On Hand,06 Oct 2025
QOH,LED235,LED Lights,OH,Emergency Light -Solar/Usb/Stand,62.0000,On Hand,06 Oct 2025
QOH,LED238,LED Lights,OH,LED Headlamp Small - FJDZ238,0.0000,On Hand,06 Oct 2025
QOH,LED241,BLOCKED,OH,COB Headlamp Floodlight - FJDZ241,0.0000,On Hand,06 Oct 2025
QOH,LED300,LED Lights,OH,USB Light - MEDIUM (magnetic) WLW300,401.0000,On Hand,06 Oct 2025
QOH,LED500,LED Lights,OH,USB Light - LONG (Magnetic) WLW500,227.0000,On Hand,06 Oct 2025
QOH,LED6930,BLOCKED,OH,Short Rechargeable Emergency Light/Stand,8.0000,On Hand,06 Oct 2025
QOH,LED7110,LED Lights,OH,Short Emergency Light 21cm,-6.0000,On Hand,06 Oct 2025
QOH,LED7603R,LED Lights,OH,Short Rechargeable Emergency Light S/H,1.0000,On Hand,06 Oct 2025
QOH,LED7738,LED Lights,OH,Short Emergency Light 23cm with dimmer,6.0000,On Hand,06 Oct 2025
QOH,LED985012,LED Lights,OH,Small White flashlight rechargable,50.0000,On Hand,06 Oct 2025
QOH,LED985015,LED Lights,OH,LED _AND_ COB light  USB  rechargable,7.0000,On Hand,06 Oct 2025
QOH,LEDHL21A,LED Lights,OH,Glare Charging Hand Lamp Med(with stand),26.0000,On Hand,06 Oct 2025
QOH,LEDKXK801,LED Lights,OH,Silicone Head Lamp,4.0000,On Hand,06 Oct 2025
QOH,LEDML1629,LED Lights,OH,Portable Rechargeable LED Light,15.0000,On Hand,06 Oct 2025
QOH,LEEDHL22A,LED Lights,OH,Glare Charging Hand Lamp Lrg(with stand),28.0000,On Hand,06 Oct 2025
QOH,LEG100,Boiling Table/Burners,OH,Legs for Cast Iron Boiling Tables,8.0000,On Hand,06 Oct 2025
QOH,LFAL,Refills _AND_ Lighters,OH,Alva Lighter 1 pack,60.0000,On Hand,06 Oct 2025
QOH,LFB18,Refills _AND_ Lighters,OH,Refill Butane 18ml,375.0000,On Hand,06 Oct 2025
QOH,LFB30,Refills _AND_ Lighters,OH,Refill Butane 300ml,105.0000,On Hand,06 Oct 2025
QOH,LFBALL,BLOCKED,OH,Lighterballs - 18 pack,0.0000,On Hand,06 Oct 2025
QOH,LFBALL10,Braais _AND_ Products,OH,8 Pack Lighter Balls,98.0000,On Hand,06 Oct 2025
QOH,LFBALLR,Braais _AND_ Products,OH,8 Pack Rhino Ball Firelighters,24.0000,On Hand,06 Oct 2025
QOH,LFBALS,Braais _AND_ Products,OH,Lighter Balls - 6pack,0.0000,On Hand,06 Oct 2025
QOH,LFFLLR,Braais _AND_ Products,OH,Triple Flint Replacements,20.0000,On Hand,06 Oct 2025
QOH,LFGL,Refills _AND_ Lighters,OH,Long Flame Gas Lighter,312.0000,On Hand,06 Oct 2025
QOH,LFGLF,Refills _AND_ Lighters,OH,Long Flame Gas Lighter - Flexible,0.0000,On Hand,06 Oct 2025
QOH,LFGLWP,Braais _AND_ Products,OH,Wind Proof Long Flame Gas Lighter,40.0000,On Hand,06 Oct 2025
QOH,LFTFL,Refills _AND_ Lighters,OH,Flint Lighter,2.0000,On Hand,06 Oct 2025
QOH,LG5BGHG,Stove _AND_ Hobs,OH,5 Burner Gas Hobs Cast Iron Grid Elec,0.0000,On Hand,06 Oct 2025
QOH,LIPIG,Regulators/Pigtails,OH,Liquid Pigtail 500mm,54.0000,On Hand,06 Oct 2025
QOH,LIPIG1,Regulators/Pigtails,OH,Liquid Pigtail 1metre,5.0000,On Hand,06 Oct 2025
QOH,LIPIG1 5,Regulators/Pigtails,OH,1 5 metre Liquid Pigtail,4.0000,On Hand,06 Oct 2025
QOH,LIPIGGCE165,Regulators/Pigtails,OH,1/2inch Female 1000mm Liquid Pigtail,0.0000,On Hand,06 Oct 2025
QOH,LLPL,Hardware,OH,LockLatch Pet Latch,8.0000,On Hand,06 Oct 2025
QOH,LPGVAP40KG,Regulators/Pigtails,OH,LPG Vapouriser 40kg/hr,0.0000,On Hand,06 Oct 2025
QOH,LSSSK,Refills _AND_ Lighters,OH,Lighter - Single Spark Klik,10.0000,On Hand,06 Oct 2025
QOH,LSUSB,Braais _AND_ Products,OH,Arc BBQ Lighter USB,13.0000,On Hand,06 Oct 2025
QOH,M630/940GIB,Boiling Table/Burners,OH,Megamaster 630/940 Gas Insert Burners,0.0000,On Hand,06 Oct 2025
QOH,M630/940GIV,Braais _AND_ Products,OH,Megamaster Gas Insert Valve,0.0000,On Hand,06 Oct 2025
QOH,MAN10X10S,Regulators/Pigtails,OH,10 by 10 Vapour Manifold,0.0000,On Hand,06 Oct 2025
QOH,MAN2X2L,Regulators/Pigtails,OH,2 x 2 Liquid Manifold,0.0000,On Hand,06 Oct 2025
QOH,MAN2X2SS,Regulators/Pigtails,OH,Stainless Steel 2 x 2 Vapour Manifold,1.0000,On Hand,06 Oct 2025
QOH,MAN2X2V,Regulators/Pigtails,OH,2 x 2 Vapour Manifold,0.0000,On Hand,06 Oct 2025
QOH,MAN2X2VC,Regulators/Pigtails,OH,2 x 2 Vapour Manifold - Compact,0.0000,On Hand,06 Oct 2025
QOH,MAN2X8,Regulators/Pigtails,OH,2 x 8 Vapour Manifold Compact,0.0000,On Hand,06 Oct 2025
QOH,MAN3X3L,Regulators/Pigtails,OH,3 x 3 Liquid Manifold,0.0000,On Hand,06 Oct 2025
QOH,MAN3X3SS,Regulators/Pigtails,OH,3 x 3 Vapour Manifold Stainless Steel,0.0000,On Hand,06 Oct 2025
QOH,MAN3X3V,Regulators/Pigtails,OH,3 x 3 Vapour Manifold,0.0000,On Hand,06 Oct 2025
QOH,MAN3X3VC,Regulators/Pigtails,OH,3 x 3 Vapour Manifold - Compact,0.0000,On Hand,06 Oct 2025
QOH,MAN4X1V,Regulators/Pigtails,OH,Single 4 On Manifold - Vapour,0.0000,On Hand,06 Oct 2025
QOH,MAN4X4SS,Regulators/Pigtails,OH,4 x 4 Stainless Steel Manifold,0.0000,On Hand,06 Oct 2025
QOH,MAN4X4V,Regulators/Pigtails,OH,4 x 4 Vapour Manifold,0.0000,On Hand,06 Oct 2025
QOH,MAN4X4VC,Regulators/Pigtails,OH,4 x 4 Vapour Manifold - Compact,0.0000,On Hand,06 Oct 2025
QOH,MAN5X5L,Regulators/Pigtails,OH,5 x 5 Liquid Manifold,0.0000,On Hand,06 Oct 2025
QOH,MAN5X5S,Regulators/Pigtails,OH,5x5 Vapour Manifold Staggered,0.0000,On Hand,06 Oct 2025
QOH,MAN5X5V,Regulators/Pigtails,OH,2 x 5 Vapour Manifold,0.0000,On Hand,06 Oct 2025
QOH,MAN8X8C,Regulators/Pigtails,OH,2 x 8 compact vapour manifold _AND_ fittings,0.0000,On Hand,06 Oct 2025
QOH,MANT1,Lamps _AND_ General,OH,100cp Double Tie Mantles 3PK,86.0000,On Hand,06 Oct 2025
QOH,MANT1D,Lamps _AND_ General,OH,100cp Double Tie Mantles 1PK,21.0000,On Hand,06 Oct 2025
QOH,MANT2,Lamps _AND_ General,OH,100cp Single Tie Mantles,61.0000,On Hand,06 Oct 2025
QOH,MANT3,Lamps _AND_ General,OH,300cp Double Tie Mantles 3pk,44.0000,On Hand,06 Oct 2025
QOH,MANT32,Lamps _AND_ General,OH,300cp Lamp Mantles 2pack,32.0000,On Hand,06 Oct 2025
QOH,MANT4,Lamps _AND_ General,OH,300cp Single Tie Mantles 3pk,17.0000,On Hand,06 Oct 2025
QOH,MANT5,Lamps _AND_ General,OH,80cp Double Tie Mantles (3pk),73.0000,On Hand,06 Oct 2025
QOH,MANTFL,Lamps _AND_ General,OH,Mantles for Firefly Lamps (3pk),17.0000,On Hand,06 Oct 2025
QOH,MFT1,Hardware,OH,Multifunctional Tool - Hammer/Claw,-1.0000,On Hand,06 Oct 2025
QOH,MFT2,Hardware,OH,Multifunctional Tool - Hammer/Axe,-7.0000,On Hand,06 Oct 2025
QOH,MFT3,Hardware,OH,Multifunctional Tool - Pliers,1.0000,On Hand,06 Oct 2025
QOH,MFT3M,Hardware,OH,Multifunctional Tool - Pliers MINI,0.0000,On Hand,06 Oct 2025
QOH,MFTGS,Hardware,OH,Multifunctional Tool - Garden Shears,0.0000,On Hand,06 Oct 2025
QOH,MFTKG2,Hardware,OH,Multifunctional Tool - Knife Dual Colour,-5.0000,On Hand,06 Oct 2025
QOH,MFTKGAC,Hardware,OH,Multifunctional Tool - Knife Colour,6.0000,On Hand,06 Oct 2025
QOH,MFTKGS,BLOCKED,OH,Multifunctional Tool - Knife Silver,0.0000,On Hand,06 Oct 2025
QOH,MFTKS,Braais _AND_ Products,OH,Multi Function Tool - Knife Silver,0.0000,On Hand,06 Oct 2025
QOH,MHPC,General Spares,OH,Manual Hand Pump with Scale,0.0000,On Hand,06 Oct 2025
QOH,MHPSS,General Spares,OH,Spider Seal,0.0000,On Hand,06 Oct 2025
QOH,MICJT,Refillable Torches,OH,Micro Torch - Jewellers Torch Complete,0.0000,On Hand,06 Oct 2025
QOH,MICKT,BLOCKED,OH,Micro Torch 3 in 1,0.0000,On Hand,06 Oct 2025
QOH,MICPE,Refillable Torches,OH,Micro Torch Pencil,0.0000,On Hand,06 Oct 2025
QOH,MICPK,Refillable Torches,OH,Pocket Torch Red Body,0.0000,On Hand,06 Oct 2025
QOH,MICSI,Refillable Torches,OH,Micro Torch 3 in 1 Soldering Iron,18.0000,On Hand,06 Oct 2025
QOH,MJBHG501,Boiling Table/Burners,OH,Multi Jet Ring Burner HG501,0.0000,On Hand,06 Oct 2025
QOH,MPFC,Cleaning Chemicals,OH,Multi-purpose Foam Cleaner,0.0000,On Hand,06 Oct 2025
QOH,MPT0001,Solar Mounting Solutions,OH,Braclet L H48mm x W40mm,0.0000,On Hand,06 Oct 2025
QOH,MPT0002,Solar Mounting Solutions,OH,Braclet L Landscape H48mm : W40mm,0.0000,On Hand,06 Oct 2025
QOH,MPT0003,Solar Mounting Solutions,OH,Bracket - L Portrait (H48mm x W40mm),0.0000,On Hand,06 Oct 2025
QOH,MPT0004,Solar Mounting Solutions,OH,Bracket - L (W50mm) _AND_ Hanger Bolt,0.0000,On Hand,06 Oct 2025
QOH,MPT0007,Solar Mounting Solutions,OH,Bracket Seamless (L80mm),0.0000,On Hand,06 Oct 2025
QOH,MPT0008,Solar Mounting Solutions,OH,Rail Mini (100mm) Incl EPDM PLS Screws,0.0000,On Hand,06 Oct 2025
QOH,MPT0011,Solar Mounting Solutions,OH,Braket IBR - Incl EPDM _AND_ Screws,0.0000,On Hand,06 Oct 2025
QOH,MPT0012,Solar Mounting Solutions,OH,Roof Hook Excl Fasteners,0.0000,On Hand,06 Oct 2025
QOH,MPT0013,Solar Mounting Solutions,OH,Clamp - End 35mm,0.0000,On Hand,06 Oct 2025
QOH,MPT0015,Solar Mounting Solutions,OH,Clamp - Mid 35mm,0.0000,On Hand,06 Oct 2025
QOH,MPT0017,Solar Mounting Solutions,OH,Clamp - End 30/40mm,0.0000,On Hand,06 Oct 2025
QOH,MPT0018,Solar Mounting Solutions,OH,Clamp - Mid 35mm GP,0.0000,On Hand,06 Oct 2025
QOH,MPT0019,Solar Mounting Solutions,OH,Clamp Mid 40mm (2x GP),0.0000,On Hand,06 Oct 2025
QOH,MPT0020,Solar Mounting Solutions,OH,Earthing Lug (37x20mm),0.0000,On Hand,06 Oct 2025
QOH,MPT0021,Solar Mounting Solutions,OH,Grounding Lug (44x8.2 x 0.3mm),0.0000,On Hand,06 Oct 2025
QOH,MPT0022,Solar Mounting Solutions,OH,Rail - Short (L250mm) Incl EPDM _AND_ Screws,0.0000,On Hand,06 Oct 2025
QOH,MPT0024,Solar Mounting Solutions,OH,Cable Clip (18x10x21mm),0.0000,On Hand,06 Oct 2025
QOH,MPT0025,Solar Mounting Solutions,OH,Clamp - End 35mm GP,0.0000,On Hand,06 Oct 2025
QOH,MPT0026,Solar Mounting Solutions,OH,Clamp End 40mm (1x GP),0.0000,On Hand,06 Oct 2025
QOH,MPT0027,Solar Mounting Solutions,OH,Clamp End Adjustable 35/40mm,0.0000,On Hand,06 Oct 2025
QOH,MPT0028,Solar Mounting Solutions,OH,Screw - Self Tapping M5.5x25 (SUS304),0.0000,On Hand,06 Oct 2025
QOH,MPT0029,Solar Mounting Solutions,OH,Connector Rail (23.6 x 8mm),0.0000,On Hand,06 Oct 2025
QOH,MPT0032,Solar Mounting Solutions,OH,Bolt - Hanger M10x200 (SUS304),0.0000,On Hand,06 Oct 2025
QOH,MPT0033,Solar Mounting Solutions,OH,Screw - Self tapping M5.5x25 (SUS304),0.0000,On Hand,06 Oct 2025
QOH,MPT0037,Solar Mounting Solutions,OH,Screw - Self Tapping M6.3x80 (SUS304),0.0000,On Hand,06 Oct 2025
QOH,MPT0041,Solar Mounting Solutions,OH,Rail Top _AND_ Side D-03,0.0000,On Hand,06 Oct 2025
QOH,MPT0042,Solar Mounting Solutions,OH,Rail - D08 3300mm Top _AND_ Bottom,0.0000,On Hand,06 Oct 2025
QOH,MPT0044,Solar Mounting Solutions,OH,Rail - D08 5450mm Top _AND_ Bottom,0.0000,On Hand,06 Oct 2025
QOH,MPT0045,Solar Mounting Solutions,OH,Rail - D08 6200mm Top _AND_ Bottom,0.0000,On Hand,06 Oct 2025
QOH,MPT0046,Solar Mounting Solutions,OH,D - Nut,0.0000,On Hand,06 Oct 2025
QOH,MPT0047,Solar Mounting Solutions,OH,Brackets - Seamless Platform,0.0000,On Hand,06 Oct 2025
QOH,MPT0048,Solar Mounting Solutions,OH,Roof Hook Incl Fastners,0.0000,On Hand,06 Oct 2025
QOH,MPT0052,Solar Mounting Solutions,OH,Cap Screw M8x35mm,0.0000,On Hand,06 Oct 2025
QOH,MPT0053,Solar Mounting Solutions,OH,Spring Washer,0.0000,On Hand,06 Oct 2025
QOH,MPT0054,Solar Mounting Solutions,OH,Flat Washer,0.0000,On Hand,06 Oct 2025
QOH,MPT0055,Solar Mounting Solutions,OH,Rail Mini 80mm Excl Screws _AND_ EPDM,0.0000,On Hand,06 Oct 2025
QOH,MPT0062,Solar Mounting Solutions,OH,Clamp - End 30mm GP,0.0000,On Hand,06 Oct 2025
QOH,MPT0064,Solar Mounting Solutions,OH,Clamp - Mid 30mm GP,0.0000,On Hand,06 Oct 2025
QOH,MPT0082,Solar Mounting Solutions,OH,Bracket - Corrugated (L80mm),0.0000,On Hand,06 Oct 2025
QOH,MPT0109,Solar Mounting Solutions,OH,Rail - D04 3300mm Top _AND_ Side Anodized,0.0000,On Hand,06 Oct 2025
QOH,MPT0110,Solar Mounting Solutions,OH,Rail - D04 4400mm Top _AND_ Side Anodized,0.0000,On Hand,06 Oct 2025
QOH,MPT0111,Solar Mounting Solutions,OH,Rail - D04 5450mm Top _AND_ Side Anodized,0.0000,On Hand,06 Oct 2025
QOH,MPT0112,Solar Mounting Solutions,OH,Rail - D04 6200mm Top _AND_ Side Anodized,0.0000,On Hand,06 Oct 2025
QOH,MPT0116,Solar Mounting Solutions,OH,Rail - D04 6200mm Top _AND_ Side Mill Finish,0.0000,On Hand,06 Oct 2025
QOH,MPT0117,Solar Mounting Solutions,OH,Rail Top _AND_ Bottom D-09 3300x44x28mm,0.0000,On Hand,06 Oct 2025
QOH,MPT0118,Solar Mounting Solutions,OH,Rail Top _AND_ Bottom d-09 500gm-1 AA15 4400,0.0000,On Hand,06 Oct 2025
QOH,MPT0120,Solar Mounting Solutions,OH,Rail - Top _AND_ Bottom D-09 AA15 6200x44x28,0.0000,On Hand,06 Oct 2025
QOH,MPT0122,Solar Mounting Solutions,OH,Rail - D09 4400mm Top _AND_ Bottom Mill Fin,0.0000,On Hand,06 Oct 2025
QOH,MPT0123,Solar Mounting Solutions,OH,Rail - D09 5450mm Top _AND_ Bottom Mill Fin,0.0000,On Hand,06 Oct 2025
QOH,MPT0124,Solar Mounting Solutions,OH,Rail - D09 6200mmTop _AND_ Bottom Mill Fin,0.0000,On Hand,06 Oct 2025
QOH,MPT0130,Solar Mounting Solutions,OH,Cap Screw M8x20mm,0.0000,On Hand,06 Oct 2025
QOH,MPT0145,Solar Mounting Solutions,OH,Bracket: Seamless Platform (L45mm),0.0000,On Hand,06 Oct 2025
QOH,MPT0146,Solar Mounting Solutions,OH,Bracket Seamless Brown Build landscape,0.0000,On Hand,06 Oct 2025
QOH,MPT0152,Solar Mounting Solutions,OH,Seamless Brown Build,0.0000,On Hand,06 Oct 2025
QOH,MPT0202,Solar Mounting Solutions,OH,Spring Nut M8,0.0000,On Hand,06 Oct 2025
QOH,MPT0220,Solar Mounting Solutions,OH,Rail - D09 600mm T/B Rail Anodized,0.0000,On Hand,06 Oct 2025
QOH,MPT0238,Solar Mounting Solutions,OH,Walkway AL5052,0.0000,On Hand,06 Oct 2025
QOH,MPT0241,Solar Mounting Solutions,OH,Connector H Walkway A A15 01,0.0000,On Hand,06 Oct 2025
QOH,MPTAFM20X27,Solar Mounting Solutions,OH,M20x27 Square Nut Zinc Plated,-5.0000,On Hand,06 Oct 2025
QOH,MTH001,Hardware,OH,Magnetic Tool Holder 12inch,219.0000,On Hand,06 Oct 2025
QOH,MTH002,Hardware,OH,Magnetic Tool Holder 18inch,220.0000,On Hand,06 Oct 2025
QOH,MTH003,Hardware,OH,Magnetic Tool Holder 24inch,461.0000,On Hand,06 Oct 2025
QOH,NCL,Brass Fittings,OH,Nozzle Tip Cleaner,31.0000,On Hand,06 Oct 2025
QOH,NONSTOCK,Nonstock,OH,Nonstock Item,521.0000,On Hand,06 Oct 2025
QOH,NRVF,General Spares,OH,Non Return Valve 1/4 NPT x 1/4 NPT Femal,0.0000,On Hand,06 Oct 2025
QOH,OIL,Wooden Boards,OH,Wooden Board Oil 200ml,4.0000,On Hand,06 Oct 2025
QOH,OMTH,Braais _AND_ Products,OH,Meat Thermometer - S/S 5x10.7cm,32.0000,On Hand,06 Oct 2025
QOH,OMVALVE,Brass Fittings,OH,Cylinder Replacement Valve 3-5kg,151.0000,On Hand,06 Oct 2025
QOH,OMVALVEB,Brass Fittings,OH,Cylinder Replacement Valve Bullnose,35.0000,On Hand,06 Oct 2025
QOH,OMVALVEBD,Brass Fittings,OH,Dual Bullnose Cylinder Valve (Pipe),1.0000,On Hand,06 Oct 2025
QOH,OMVALVEBT,Brass Fittings,OH,Cylinder Replacement Valve Bleeder Type,5.0000,On Hand,06 Oct 2025
QOH,ORYXCT,BLOCKED,OH,3kg Oryx Cylinder and Cooker top,0.0000,On Hand,06 Oct 2025
QOH,OTCB,BLOCKED,OH,OCEAN TYPE CONVERSION BURNER,0.0000,On Hand,06 Oct 2025
QOH,OTHER,General Spares,OH,Oven Thermometer,6.0000,On Hand,06 Oct 2025
QOH,PAFHT,Cylinders/Heaters/General,OH,Paraffin Heater,0.0000,On Hand,06 Oct 2025
QOH,PARFPS,Stove _AND_ Hobs,OH,Paraffin Premier Stove,0.0000,On Hand,06 Oct 2025
QOH,PARLAMP,Lamps _AND_ General,OH,Paraffin Lamp Base,0.0000,On Hand,06 Oct 2025
QOH,PARLAMPG,Lamps _AND_ General,OH,Paraffin Gas Lamp Glass,0.0000,On Hand,06 Oct 2025
QOH,PATHISW,Cylinders/Heaters/General,OH,Short Black Patio Heater GHP30,0.0000,On Hand,06 Oct 2025
QOH,PATHRED,BLOCKED,OH,Patio Heater - Red with Reg _AND_ Hose,0.0000,On Hand,06 Oct 2025
QOH,PATIH,Cylinders/Heaters/General,OH,Powder Coated Patio Heater GHP17,0.0000,On Hand,06 Oct 2025
QOH,PATIHDQ,Cylinders/Heaters/General,OH,Patio Heater Designer Quartz GHP20,0.0000,On Hand,06 Oct 2025
QOH,PATIHP12IR,Cylinders/Heaters/General,OH,Ceramic Infrared Patio Heater - Black,0.0000,On Hand,06 Oct 2025
QOH,PATIHSS,Cylinders/Heaters/General,OH,Stainless Steel Patio Heater GHP18,0.0000,On Hand,06 Oct 2025
QOH,PBGA63BB002Q,Regulators/Pigtails,OH,Pressure Gauge 0-10Bar (1000kpa),3.0000,On Hand,06 Oct 2025
QOH,PCHB,Gas Piping,OH,Pipe Clamp 12mm steel - Holder Bat,0.0000,On Hand,06 Oct 2025
QOH,PCKA68BB,BLOCKED,OH,Pressure Gauge 0-16kPa 68mm,0.0000,On Hand,06 Oct 2025
QOH,PCR19MM,PEX Pipe and Fittings,OH,Pipe Clamp Rubber 15mm-19mm and screws,0.0000,On Hand,06 Oct 2025
QOH,PCR23MM,PEX Pipe and Fittings,OH,Pipe Clamp Rubber 3mm with screws,0.0000,On Hand,06 Oct 2025
QOH,PDIYB,Boiling Table/Burners,OH,Pot DIY Burner Short,5.0000,On Hand,06 Oct 2025
QOH,PDIYBC,Boiling Table/Burners,OH,DIY Burner Cap only (120mm),0.0000,On Hand,06 Oct 2025
QOH,PDIYBL,Boiling Table/Burners,OH,Pot DIY Burner Long,6.0000,On Hand,06 Oct 2025
QOH,PDIYBS,Boiling Table/Burners,OH,Spring for DIY Pot Burner only (350mm),0.0000,On Hand,06 Oct 2025
QOH,PDIYBSS,Boiling Table/Burners,OH,Spring for DIY Pot Burner only (270mm),0.0000,On Hand,06 Oct 2025
QOH,PEG024,Camping Products,OH,15cm Straight Peg 3mm (5pk),0.0000,On Hand,06 Oct 2025
QOH,PEG025,Camping Products,OH,20cm Straight Peg 3mm (5pk),0.0000,On Hand,06 Oct 2025
QOH,PEG026,Camping Products,OH,25cm Straight Peg 3mm (5pk),0.0000,On Hand,06 Oct 2025
QOH,PEG030,Camping Products,OH,30cm Anchor Peg 5mm (5pk),0.0000,On Hand,06 Oct 2025
QOH,PEG031,Camping Products,OH,Peg Groundsheet,0.0000,On Hand,06 Oct 2025
QOH,PEG200AS/YZ,Doors _AND_ Window Frames _AND_ Fitt,OH,Peg Stay Alum Econo 200mm - Stl YZ,187.0000,On Hand,06 Oct 2025
QOH,PEGSCR6X12S/YZ,Doors _AND_ Window Frames _AND_ Fitt,OH,Peg Stay Screw M6x12 - Stl Y/Z,400.0000,On Hand,06 Oct 2025
QOH,PEGSTAYFIXBWO,Doors _AND_ Window Frames _AND_ Fitt,OH,Peg Stay Fixing Bracket Wide WO,0.0000,On Hand,06 Oct 2025
QOH,PEX2025SS,BLOCKED,OH,2025 Stainless Steel Sleeve,0.0000,On Hand,06 Oct 2025
QOH,PEXS0001,PEX Pipe and Fittings,OH,PEX Pipe For LPGas -1216,295.0000,On Hand,06 Oct 2025
QOH,PEXS0002,PEX Pipe and Fittings,OH,PEX-AL-PEX 1620,623.0000,On Hand,06 Oct 2025
QOH,PEXS0003,PEX Pipe and Fittings,OH,PEX-AL-PEX -2025 (Light Stone),1.0000,On Hand,06 Oct 2025
QOH,PEXS1216-1/2C,BLOCKED,OH,1216 to 1/2inch Compression,0.0000,On Hand,06 Oct 2025
QOH,PEXS1216-1/2F,PEX Pipe and Fittings,OH,1216 to 1/2inch Female,80.0000,On Hand,06 Oct 2025
QOH,PEXS1216-1/2FD,PEX Pipe and Fittings,OH,1216 to 1/2inch Demountable Female,50.0000,On Hand,06 Oct 2025
QOH,PEXS1216-1/2FE,PEX Pipe and Fittings,OH,1216 to 1/2inch Female Elbow,39.0000,On Hand,06 Oct 2025
QOH,PEXS1216-1/2FT,PEX Pipe and Fittings,OH,1216 to 1/2inch Female Tee,15.0000,On Hand,06 Oct 2025
QOH,PEXS1216-1/2M,PEX Pipe and Fittings,OH,1216 to 1/2inch Male Union,101.0000,On Hand,06 Oct 2025
QOH,PEXS1216-1/2ME,PEX Pipe and Fittings,OH,1216 to 1/2inch Male Elbow,122.0000,On Hand,06 Oct 2025
QOH,PEXS1216-1/2MT,PEX Pipe and Fittings,OH,1216 to 1/2inch Male Tee,10.0000,On Hand,06 Oct 2025
QOH,PEXS1216-1/4M,PEX Pipe and Fittings,OH,1216 to 1/4inch Male Union,39.0000,On Hand,06 Oct 2025
QOH,PEXS1216-10MMS,PEX Pipe and Fittings,OH,1216 to 10mm solder,0.0000,On Hand,06 Oct 2025
QOH,PEXS1216-1216BV,PEX Pipe and Fittings,OH,1216 to 1216 Inline Ball Valve,226.0000,On Hand,06 Oct 2025
QOH,PEXS1216-15MMID,PEX Pipe and Fittings,OH,1216 to 15mm ID Solder,22.0000,On Hand,06 Oct 2025
QOH,PEXS1216-15MMOD,PEX Pipe and Fittings,OH,1216 to 15mm Compression 013A,8.0000,On Hand,06 Oct 2025
QOH,PEXS1216-15MMS,BLOCKED,OH,1216 to 15mm Solder Union,0.0000,On Hand,06 Oct 2025
QOH,PEXS1216-1620,PEX Pipe and Fittings,OH,1216 to 1620 Reducer,101.0000,On Hand,06 Oct 2025
QOH,PEXS1216-1620UE,PEX Pipe and Fittings,OH,1216 to 1620 Unequal Elbow,98.0000,On Hand,06 Oct 2025
QOH,PEXS1216-1620UT,BLOCKED,OH,1216 to 1620 to 1216 Unequal Tee,0.0000,On Hand,06 Oct 2025
QOH,PEXS1216-2025R,PEX Pipe and Fittings,OH,1216 to 2025 Reducer,-2.0000,On Hand,06 Oct 2025
QOH,PEXS1216-2025RU,BLOCKED,OH,1216 to 2025 Reducing Union,0.0000,On Hand,06 Oct 2025
QOH,PEXS1216-2025UE,BLOCKED,OH,1216 to 2025 Unequal Elbow,0.0000,On Hand,06 Oct 2025
QOH,PEXS1216-2025UT,PEX Pipe and Fittings,OH,1216 to 2025 to 1216 Unequal Tee,0.0000,On Hand,06 Oct 2025
QOH,PEXS1216-3/4F,PEX Pipe and Fittings,OH,1216 to 3/4inch Female,44.0000,On Hand,06 Oct 2025
QOH,PEXS1216-3/4M,PEX Pipe and Fittings,OH,1216 to 3/4inch Male Union,13.0000,On Hand,06 Oct 2025
QOH,PEXS1216-3/8C,PEX Pipe and Fittings,OH,1216 to 3/8inch Compression,49.0000,On Hand,06 Oct 2025
QOH,PEXS1216-3/8M,PEX Pipe and Fittings,OH,1216 to 3/8inch Male,85.0000,On Hand,06 Oct 2025
QOH,PEXS1216-3/8MBV,PEX Pipe and Fittings,OH,1216 to 3/8inch Male Ball Valve,28.0000,On Hand,06 Oct 2025
QOH,PEXS1216-3/8ME,PEX Pipe and Fittings,OH,1216 to 3/8inch Male Elbow,107.0000,On Hand,06 Oct 2025
QOH,PEXS1216-5/16C,PEX Pipe and Fittings,OH,1216 to 5/16inch Compression,0.0000,On Hand,06 Oct 2025
QOH,PEXS1216-5/16M,BLOCKED,OH,1216 to 5/16inch Male,0.0000,On Hand,06 Oct 2025
QOH,PEXS1216-8MMS,PEX Pipe and Fittings,OH,1216 to 8mm Solder Union,0.0000,On Hand,06 Oct 2025
QOH,PEXS1216-HT,PEX Pipe and Fittings,OH,1216 to Hosetail Direct 8mm,78.0000,On Hand,06 Oct 2025
QOH,PEXS1216-HTBH,PEX Pipe and Fittings,OH,1216 to Hosetail Bulkhead,12.0000,On Hand,06 Oct 2025
QOH,PEXS1216-SCU1/2,PEX Pipe and Fittings,OH,1216 to 1/2inch Compression,0.0000,On Hand,06 Oct 2025
QOH,PEXS1216-T10BVC,PEX Pipe and Fittings,OH,1216 to Hosetail Ball Valve Crimp,238.0000,On Hand,06 Oct 2025
QOH,PEXS12161/2FWME,PEX Pipe and Fittings,OH,1216 to 1/2inch Female Wall Mounted Elbow,122.0000,On Hand,06 Oct 2025
QOH,PEXS121612FT,BLOCKED,OH,1216 to 1/2inch Female to 1216 Unequal Tee,0.0000,On Hand,06 Oct 2025
QOH,PEXS121612ME,BLOCKED,OH,1216 to 1/2inch Male Elbow,0.0000,On Hand,06 Oct 2025
QOH,PEXS121612MT,BLOCKED,OH,1216 to 1/2inch Male to 1216 Unequal Tee,0.0000,On Hand,06 Oct 2025
QOH,PEXS1216C,PEX Pipe and Fittings,OH,1216 Collar Only,299.0000,On Hand,06 Oct 2025
QOH,PEXS1216CSOC,PEX Pipe and Fittings,OH,1216 Closed Socket,294.0000,On Hand,06 Oct 2025
QOH,PEXS1216CSOCF,BLOCKED,OH,1216 Closed Socket with Flat Bottom,0.0000,On Hand,06 Oct 2025
QOH,PEXS1216CUTTER,PEX Pipe and Fittings,OH,42mm Pipe Cutter,7.0000,On Hand,06 Oct 2025
QOH,PEXS1216EC,PEX Pipe and Fittings,OH,1216 End Cap,108.0000,On Hand,06 Oct 2025
QOH,PEXS1216EE,PEX Pipe and Fittings,OH,1216 to 1216 Equal Elbow,126.0000,On Hand,06 Oct 2025
QOH,PEXS1216ET,PEX Pipe and Fittings,OH,1216 to 1216 to 1216 Equal Tee,44.0000,On Hand,06 Oct 2025
QOH,PEXS1216EU,PEX Pipe and Fittings,OH,1216 to 1216 Equal Union,169.0000,On Hand,06 Oct 2025
QOH,PEXS1216IBPT,PEX Pipe and Fittings,OH,1216 Insert Bendable Pressing Tool,1.0000,On Hand,06 Oct 2025
QOH,PEXS1216IBS,PEX Pipe and Fittings,OH,1216 Inner Bending Spring,5.0000,On Hand,06 Oct 2025
QOH,PEXS1216INSERC2,PEX Pipe and Fittings,OH,1216 insert for Clamp 2,0.0000,On Hand,06 Oct 2025
QOH,PEXS1216INSERT1,PEX Pipe and Fittings,OH,1216 Crimp Insert for Clamp 1,2.0000,On Hand,06 Oct 2025
QOH,PEXS1216MC,PEX Pipe and Fittings,OH,Pexs 1216 Mini Clamp,8.0000,On Hand,06 Oct 2025
QOH,PEXS1216OBS,PEX Pipe and Fittings,OH,1216 Outer Bending Spring,0.0000,On Hand,06 Oct 2025
QOH,PEXS1216ORING,PEX Pipe and Fittings,OH,1216 O'Ring,325.0000,On Hand,06 Oct 2025
QOH,PEXS1216PHBS,PEX Pipe and Fittings,OH,1216 Plastic Holder Bats,0.0000,On Hand,06 Oct 2025
QOH,PEXS1216SP,BLOCKED,OH,1216 Sprague Sleeve Gas UPI p/m Stone,0.0000,On Hand,06 Oct 2025
QOH,PEXS1216SS,BLOCKED,OH,1216 Pex Protective Sleeve - Soft 20m,20.0000,On Hand,06 Oct 2025
QOH,PEXS1216SSS,PEX Pipe and Fittings,OH,1216 Stainless Steel Sleeve,274.0000,On Hand,06 Oct 2025
QOH,PEXS1216TP,PEX Pipe and Fittings,OH,1216 Test Point,45.0000,On Hand,06 Oct 2025
QOH,PEXS1216UVPS,BLOCKED,OH,1216 UV PROTECTIVE IMPACT SLEEVE p/m 50m,0.0000,On Hand,06 Oct 2025
QOH,PEXS1216WMSO,PEX Pipe and Fittings,OH,1216 Wall Mount Sockets Open,59.0000,On Hand,06 Oct 2025
QOH,PEXS1620-1/2F,PEX Pipe and Fittings,OH,1620 to 1/2inch Female Union,114.0000,On Hand,06 Oct 2025
QOH,PEXS1620-1/2FD,PEX Pipe and Fittings,OH,1620 to 1/2inch Demountable Female,92.0000,On Hand,06 Oct 2025
QOH,PEXS1620-1/2FE,PEX Pipe and Fittings,OH,1620 to 1/2inch Female Elbow,0.0000,On Hand,06 Oct 2025
QOH,PEXS1620-1/2FT,PEX Pipe and Fittings,OH,1620 to 1/2inch Female Tee,0.0000,On Hand,06 Oct 2025
QOH,PEXS1620-1/2M,PEX Pipe and Fittings,OH,1620 to 1/2inch Male Union,118.0000,On Hand,06 Oct 2025
QOH,PEXS1620-1/2ME,PEX Pipe and Fittings,OH,1620 to 1/2inch Male Elbow,3.0000,On Hand,06 Oct 2025
QOH,PEXS1620-1/2MT,PEX Pipe and Fittings,OH,1620 to 1/2inch Male Tee,0.0000,On Hand,06 Oct 2025
QOH,PEXS1620-1/4M,PEX Pipe and Fittings,OH,1620 to 1/4 inch Male,39.0000,On Hand,06 Oct 2025
QOH,PEXS1620-1216RE,BLOCKED,OH,1620 to 1216 Reducing Elbow,0.0000,On Hand,06 Oct 2025
QOH,PEXS1620-1216UT,PEX Pipe and Fittings,OH,1620 to 1216 to 1620 Unequal Tee,69.0000,On Hand,06 Oct 2025
QOH,PEXS1620-1620BV,PEX Pipe and Fittings,OH,1620 to 1620 Inline Ball Valve,27.0000,On Hand,06 Oct 2025
QOH,PEXS1620-3/4F,PEX Pipe and Fittings,OH,1620 to 3/4inch Female Union,41.0000,On Hand,06 Oct 2025
QOH,PEXS1620-3/4FD,PEX Pipe and Fittings,OH,1620 to 3/4inch Demountable Female,42.0000,On Hand,06 Oct 2025
QOH,PEXS1620-3/4FE,PEX Pipe and Fittings,OH,1620 to 3/4inch Female Elbow,5.0000,On Hand,06 Oct 2025
QOH,PEXS1620-3/4M,PEX Pipe and Fittings,OH,1620 to 3/4inch Male Union,25.0000,On Hand,06 Oct 2025
QOH,PEXS1620-3/8M,PEX Pipe and Fittings,OH,1620 to 3/8inch Male Union,99.0000,On Hand,06 Oct 2025
QOH,PEXS1620-HT,PEX Pipe and Fittings,OH,1620 to 8mm Hosetail Direct,17.0000,On Hand,06 Oct 2025
QOH,PEXS1620C,PEX Pipe and Fittings,OH,1620 Collar Only,551.0000,On Hand,06 Oct 2025
QOH,PEXS1620CSOC,PEX Pipe and Fittings,OH,1620 Closed Socket,220.0000,On Hand,06 Oct 2025
QOH,PEXS1620CUTTER,BLOCKED,OH,1620 Cutter,0.0000,On Hand,06 Oct 2025
QOH,PEXS1620EC,PEX Pipe and Fittings,OH,1620 End Cap,28.0000,On Hand,06 Oct 2025
QOH,PEXS1620EE,PEX Pipe and Fittings,OH,1620 Equal Elbow,195.0000,On Hand,06 Oct 2025
QOH,PEXS1620ET,PEX Pipe and Fittings,OH,1620 to 1620 to 1620 Equal Tee,99.0000,On Hand,06 Oct 2025
QOH,PEXS1620EU,PEX Pipe and Fittings,OH,1620 Equal Union,16.0000,On Hand,06 Oct 2025
QOH,PEXS1620IBPT,PEX Pipe and Fittings,OH,1620 Insert - Bendable Pressing Tool,0.0000,On Hand,06 Oct 2025
QOH,PEXS1620IBS,PEX Pipe and Fittings,OH,1620 Inner Bending Spring,4.0000,On Hand,06 Oct 2025
QOH,PEXS1620INSERC2,PEX Pipe and Fittings,OH,1620 Insert for Clamp 2,0.0000,On Hand,06 Oct 2025
QOH,PEXS1620INSERT1,PEX Pipe and Fittings,OH,1620 Crimp Insert for Clamp 1,1.0000,On Hand,06 Oct 2025
QOH,PEXS1620OBS,PEX Pipe and Fittings,OH,1620 Outer Bending Spring,3.0000,On Hand,06 Oct 2025
QOH,PEXS1620ORING,PEX Pipe and Fittings,OH,1620 O' Ring,401.0000,On Hand,06 Oct 2025
QOH,PEXS1620REAMER,BLOCKED,OH,1620 Reamer,0.0000,On Hand,06 Oct 2025
QOH,PEXS1620SLEEVE,BLOCKED,OH,1620 Sleeves Only,0.0000,On Hand,06 Oct 2025
QOH,PEXS1620SS,BLOCKED,OH,1620 Pex Protective Sleeve - Soft 20m,0.0000,On Hand,06 Oct 2025
QOH,PEXS1620SSS,PEX Pipe and Fittings,OH,1620 Stainless Steel Sleeve,540.0000,On Hand,06 Oct 2025
QOH,PEXS1620TP,PEX Pipe and Fittings,OH,1620 Test Point,77.0000,On Hand,06 Oct 2025
QOH,PEXS1620WMSO,PEX Pipe and Fittings,OH,1620 Wall Mount Socket Open,168.0000,On Hand,06 Oct 2025
QOH,PEXS2025-1/2F,PEX Pipe and Fittings,OH,2025 to 1/2inch Female Union,25.0000,On Hand,06 Oct 2025
QOH,PEXS2025-1/2FE,PEX Pipe and Fittings,OH,2025 to 1/2inch Female Elbow,0.0000,On Hand,06 Oct 2025
QOH,PEXS2025-1/2FT,PEX Pipe and Fittings,OH,2025 to 1/2inch Female Tee,0.0000,On Hand,06 Oct 2025
QOH,PEXS2025-1/2M,PEX Pipe and Fittings,OH,2025 to 1/2inch Male,17.0000,On Hand,06 Oct 2025
QOH,PEXS2025-1/2ME,PEX Pipe and Fittings,OH,2025 to 1/2inch Male Elbow,0.0000,On Hand,06 Oct 2025
QOH,PEXS2025-1216R,PEX Pipe and Fittings,OH,2025 to 1216 Reducer,13.0000,On Hand,06 Oct 2025
QOH,PEXS2025-1216RE,PEX Pipe and Fittings,OH,2025 to 1216 Reducing Elbow,0.0000,On Hand,06 Oct 2025
QOH,PEXS2025-1216UE,PEX Pipe and Fittings,OH,2025 to 1216 Unequal Elbow,0.0000,On Hand,06 Oct 2025
QOH,PEXS2025-1216UT,PEX Pipe and Fittings,OH,2025 to 1216 to 2025 Unequal Tee,39.0000,On Hand,06 Oct 2025
QOH,PEXS2025-1620R,PEX Pipe and Fittings,OH,2025 to 1620 Reducer,0.0000,On Hand,06 Oct 2025
QOH,PEXS2025-1620RE,PEX Pipe and Fittings,OH,2025 to 1620 Reducing Elbow,0.0000,On Hand,06 Oct 2025
QOH,PEXS2025-1620UT,PEX Pipe and Fittings,OH,2025 to 1620 to 2025 Unequal Tee,4.0000,On Hand,06 Oct 2025
QOH,PEXS2025-2025BV,PEX Pipe and Fittings,OH,2025 to 2025 Inline Ball Valve,12.0000,On Hand,06 Oct 2025
QOH,PEXS2025-3/4F,PEX Pipe and Fittings,OH,2025 to 3/4inch Female Union,46.0000,On Hand,06 Oct 2025
QOH,PEXS2025-3/4FD,PEX Pipe and Fittings,OH,2025 to 3/4inch Female Demountable Union,16.0000,On Hand,06 Oct 2025
QOH,PEXS2025-3/4M,PEX Pipe and Fittings,OH,2025 to 3/4inch Male,24.0000,On Hand,06 Oct 2025
QOH,PEXS2025-3/8M,PEX Pipe and Fittings,OH,2025 to 3/8inch Male Union,18.0000,On Hand,06 Oct 2025
QOH,PEXS2025C,PEX Pipe and Fittings,OH,2025 Collar Only,1480.0000,On Hand,06 Oct 2025
QOH,PEXS2025CSOC,PEX Pipe and Fittings,OH,2025 Wall Mount Sockets Closed,51.0000,On Hand,06 Oct 2025
QOH,PEXS2025EC,PEX Pipe and Fittings,OH,2025 End Cap,8.0000,On Hand,06 Oct 2025
QOH,PEXS2025EE,PEX Pipe and Fittings,OH,2025 Equal Elbow,8.0000,On Hand,06 Oct 2025
QOH,PEXS2025ET,PEX Pipe and Fittings,OH,2025 Equal Tee,0.0000,On Hand,06 Oct 2025
QOH,PEXS2025EU,PEX Pipe and Fittings,OH,2025 Equal Union,29.0000,On Hand,06 Oct 2025
QOH,PEXS2025IBS,PEX Pipe and Fittings,OH,2025 Inner Bending Spring,1.0000,On Hand,06 Oct 2025
QOH,PEXS2025OBS,PEX Pipe and Fittings,OH,2025 Outer Bending Spring,2.0000,On Hand,06 Oct 2025
QOH,PEXS2025OR,PEX Pipe and Fittings,OH,2025 O' Ring,28.0000,On Hand,06 Oct 2025
QOH,PEXS2025SS,BLOCKED,OH,2025 Pex Protective Sleeve - Soft 20m,0.0000,On Hand,06 Oct 2025
QOH,PEXS2025SSS,PEX Pipe and Fittings,OH,2025 Stainless Steel Sleeve,1.0000,On Hand,06 Oct 2025
QOH,PEXS2025WMSO,PEX Pipe and Fittings,OH,2025 Wall Mount Socket Open,50.0000,On Hand,06 Oct 2025
QOH,PEXS2026EU,BLOCKED,OH,2025 Equal Union,0.0000,On Hand,06 Oct 2025
QOH,PEXS2632-3/4F,PEX Pipe and Fittings,OH,2632 to 3/4 femlae union,0.0000,On Hand,06 Oct 2025
QOH,PEXS2632-3/4M,PEX Pipe and Fittings,OH,2632 to 3/4 male,0.0000,On Hand,06 Oct 2025
QOH,PEXS2632EE,PEX Pipe and Fittings,OH,2632 Equal Elbow,0.0000,On Hand,06 Oct 2025
QOH,PEXS2632ISERC2,PEX Pipe and Fittings,OH,2632 Insert for Crimping Tool 2,0.0000,On Hand,06 Oct 2025
QOH,PEXSCRIMPTOOL1,PEX Pipe and Fittings,OH,PEX Crimping Tool (inc 2 inserts),0.0000,On Hand,06 Oct 2025
QOH,PEXSCRIMPTOOL2,PEX Pipe and Fittings,OH,Adjustable Crimping Tool (inc 4 inserts),0.0000,On Hand,06 Oct 2025
QOH,PEXSCRIMPTOOL3,PEX Pipe and Fittings,OH,PEX Hand Press Tool 1216 only,0.0000,On Hand,06 Oct 2025
QOH,PEXSINSERT20252,PEX Pipe and Fittings,OH,2025 Insert for Crimping Tool 2,0.0000,On Hand,06 Oct 2025
QOH,PEXSMAN2,PEX Pipe and Fittings,OH,2 Manifold PEX,0.0000,On Hand,06 Oct 2025
QOH,PEXSMAN3,PEX Pipe and Fittings,OH,3 Manifold PEX,0.0000,On Hand,06 Oct 2025
QOH,PEXSOBS2025,PEX Pipe and Fittings,OH,Outer Bending Spring - 2025,-2.0000,On Hand,06 Oct 2025
QOH,PEXSOBS2632,PEX Pipe and Fittings,OH,Outer Bending Spring - 2632,0.0000,On Hand,06 Oct 2025
QOH,PEXSREAMER,PEX Pipe and Fittings,OH,PEX Reamer,3.0000,On Hand,06 Oct 2025
QOH,PEXSREAML,PEX Pipe and Fittings,OH,Large Pex Reamer,4.0000,On Hand,06 Oct 2025
QOH,PEXSSPRAG20MMS,PEX Pipe and Fittings,OH,S20mm - Sprag 20mm (50m)split,0.0000,On Hand,06 Oct 2025
QOH,PEXSTPK,PEX Pipe and Fittings,OH,Pexs Test Point Kit,0.0000,On Hand,06 Oct 2025
QOH,PEXSUVSP25,PEX Pipe and Fittings,OH,UV Sprague for PEX 25mm Yellow,0.0000,On Hand,06 Oct 2025
QOH,PEXSUVSP32,PEX Pipe and Fittings,OH,UV Sprague for PEX 32mm Yellow,0.0000,On Hand,06 Oct 2025
QOH,PEXW0001,PEX Pipe and Fittings,OH,WATER-Pex Pipe 1216 p/m,0.0000,On Hand,06 Oct 2025
QOH,PEXW0002,PEX Pipe and Fittings,OH,WATER-Pex Pipe 1620 p/m,0.0000,On Hand,06 Oct 2025
QOH,PEXW0003,PEX Pipe and Fittings,OH,WATER-Pex Pipe 2025 p/m,0.0000,On Hand,06 Oct 2025
QOH,PEXW1/2-1/2AV,PEX Pipe and Fittings,OH,WATER PEXS 1/2 to 1/2 Angle Valve,0.0000,On Hand,06 Oct 2025
QOH,PEXW1216-1/2F,PEX Pipe and Fittings,OH,WATER PEXS 1216 to 1/2 Female Union,0.0000,On Hand,06 Oct 2025
QOH,PEXW1216-1/2FE,PEX Pipe and Fittings,OH,WATER PEXS 1216 to 1/2 Female Elbow,0.0000,On Hand,06 Oct 2025
QOH,PEXW1216-1/2FEW,PEX Pipe and Fittings,OH,WATER PEXS 1216 to 1/2 Female Elbow Wall Plate,0.0000,On Hand,06 Oct 2025
QOH,PEXW1216-1/2M,PEX Pipe and Fittings,OH,WATER PEXS 1216 to 12inch Male Union,0.0000,On Hand,06 Oct 2025
QOH,PEXW1216-1/2ME,PEX Pipe and Fittings,OH,WATER PEXS 1216 to 1/2 Male Elbow,0.0000,On Hand,06 Oct 2025
QOH,PEXW1216-1216BV,PEX Pipe and Fittings,OH,WATER PEXS 1216 to 1216 Inline Ball Valve,0.0000,On Hand,06 Oct 2025
QOH,PEXW1216-1216SU,PEX Pipe and Fittings,OH,WATER PEXS 1216 to 1216 Straight Union,0.0000,On Hand,06 Oct 2025
QOH,PEXW1216-15C,PEX Pipe and Fittings,OH,WATER PEXS 1216 to 15mm Conex,0.0000,On Hand,06 Oct 2025
QOH,PEXW1216-15EMW,PEX Pipe and Fittings,OH,WATER PEXS 1216 to 15 Elbow Multi Weld,0.0000,On Hand,06 Oct 2025
QOH,PEXW1216-1620UE,PEX Pipe and Fittings,OH,WATER PEXS 1216 to 1620 Unequal Elbow,0.0000,On Hand,06 Oct 2025
QOH,PEXW1216-3/4F,PEX Pipe and Fittings,OH,WATER PEXS 1216 to 3/4 Female Union,0.0000,On Hand,06 Oct 2025
QOH,PEXW1216-3/4M,PEX Pipe and Fittings,OH,WATER-1216 to 3/4 Male Union,0.0000,On Hand,06 Oct 2025
QOH,PEXW1216EE,PEX Pipe and Fittings,OH,WATER PEXS 1216 to 1216 Equal Elbow,0.0000,On Hand,06 Oct 2025
QOH,PEXW1216ET,PEX Pipe and Fittings,OH,WATER PEXS 1216 to 1216 Equal Tee,0.0000,On Hand,06 Oct 2025
QOH,PEXW1620-1/2F,PEX Pipe and Fittings,OH,WATER PEXS 1620 to 1/2inch Female Union,0.0000,On Hand,06 Oct 2025
QOH,PEXW1620-1/2FE,PEX Pipe and Fittings,OH,WATER PEXS 1620 to 1/2 Female Elbow,0.0000,On Hand,06 Oct 2025
QOH,PEXW1620-1/2FEW,PEX Pipe and Fittings,OH,WATER PEXS 1620 to 1/2inch Female Elbow Wall Plate,0.0000,On Hand,06 Oct 2025
QOH,PEXW1620-1/2M,PEX Pipe and Fittings,OH,WATER PEXS 1620 to 1/2inch Male,0.0000,On Hand,06 Oct 2025
QOH,PEXW1620-1216RC,PEX Pipe and Fittings,OH,WATER PEXS 1620 to 1216 Reducing Coupler,0.0000,On Hand,06 Oct 2025
QOH,PEXW1620-1216UT,PEX Pipe and Fittings,OH,WATER PEXS 1620 to 1216 Unequal Tee,0.0000,On Hand,06 Oct 2025
QOH,PEXW1620-15C,PEX Pipe and Fittings,OH,WATER PEXS 1620 to 15 Conex to 20mm Pex,0.0000,On Hand,06 Oct 2025
QOH,PEXW1620-15EMW,PEX Pipe and Fittings,OH,WATER PEXS 1620 to 15 Elbow Multi Weld,0.0000,On Hand,06 Oct 2025
QOH,PEXW1620-1620SU,PEX Pipe and Fittings,OH,WATER PEXS 1620 to 1620 Straight Union,0.0000,On Hand,06 Oct 2025
QOH,PEXW1620-22C,PEX Pipe and Fittings,OH,WATER PEXS 1620 to 22mm Compression/Connex,0.0000,On Hand,06 Oct 2025
QOH,PEXW1620-3/4F,PEX Pipe and Fittings,OH,WATER PEXS 1620 to 3/4 Female Union,0.0000,On Hand,06 Oct 2025
QOH,PEXW1620_ASTK_3/4FD,PEX Pipe and Fittings,OH,WATER-1620_ASTK_3/4FD,0.0000,On Hand,06 Oct 2025
QOH,PEXW1620_ASTK_3/4M,PEX Pipe and Fittings,OH,WATER-1620_ASTK_3/4inchMale Union,0.0000,On Hand,06 Oct 2025
QOH,PEXW1620_ASTK_3/4ME,PEX Pipe and Fittings,OH,WATER-1620_ASTK_3/4 Male Elbow,0.0000,On Hand,06 Oct 2025
QOH,PEXW1620EE,PEX Pipe and Fittings,OH,WATER-1620_ASTK_1620 Equal Elbow,0.0000,On Hand,06 Oct 2025
QOH,PEXW1620ET,PEX Pipe and Fittings,OH,WATER-1620_ASTK_1620 Equal Tee,0.0000,On Hand,06 Oct 2025
QOH,PEXW2025_ASTK_1/2F,PEX Pipe and Fittings,OH,WATER-2025_ASTK_1/2inch Female Union,0.0000,On Hand,06 Oct 2025
QOH,PEXW2025_ASTK_1/2M,PEX Pipe and Fittings,OH,WATER-2025_ASTK_1/2inch Male Union,0.0000,On Hand,06 Oct 2025
QOH,PEXW2025_ASTK_1216RC,PEX Pipe and Fittings,OH,WATER-2025_ASTK_1216 Reducing Coupler,0.0000,On Hand,06 Oct 2025
QOH,PEXW2025_ASTK_1216UT,PEX Pipe and Fittings,OH,WATER-2025_ASTK_1216 Unequal Tee,0.0000,On Hand,06 Oct 2025
QOH,PEXW2025_ASTK_1F,PEX Pipe and Fittings,OH,WATER-2025_ASTK_1 Female Union,0.0000,On Hand,06 Oct 2025
QOH,PEXW2025_ASTK_1M,PEX Pipe and Fittings,OH,WATER-2025_ASTK_1inch Male Union,0.0000,On Hand,06 Oct 2025
QOH,PEXW2025-2025SU,,OH,WATER PEXS 2025 to 2025 Straight Union,0.0000,On Hand,06 Oct 2025
QOH,PEXW2025-3/4F,,OH,WATER PEXS 2025 to 3/4inch Female Union,0.0000,On Hand,06 Oct 2025
QOH,PEXW2025_ASTK_3/4FD,PEX Pipe and Fittings,OH,WATER-2025_ASTK_3/4inch Female Demountable Union,0.0000,On Hand,06 Oct 2025
QOH,PEXW2025_ASTK_3/4FT,PEX Pipe and Fittings,OH,WATER-2025_ASTK_3/4inch Female Tee,0.0000,On Hand,06 Oct 2025
QOH,PEXW2025_ASTK_3/4M,PEX Pipe and Fittings,OH,WATER-2025_ASTK_3/4inch Male Union,0.0000,On Hand,06 Oct 2025
QOH,PEXW2025EE,PEX Pipe and Fittings,OH,WATER-2025 Equal Elbow,20.0000,On Hand,06 Oct 2025
QOH,PEXW2025ET,PEX Pipe and Fittings,OH,WATER-2025_ASTK_2025 Equal Tee,0.0000,On Hand,06 Oct 2025
QOH,PFTS001,General Spares,OH,Pumpfitt Top Seal,0.0000,On Hand,06 Oct 2025
QOH,PG13,Gas Piping,OH,Pipe Clamp 12mm steel - Holder Bat,0.0000,On Hand,06 Oct 2025
QOH,PG13010001,Regulators/Pigtails,OH,Pressure Gauge 0-250kPa 63mm HP,6.0000,On Hand,06 Oct 2025
QOH,PG13010003,Regulators/Pigtails,OH,Pressure Gauge 0-6kpa 63mm,0.0000,On Hand,06 Oct 2025
QOH,PGGA68BB,Regulators/Pigtails,OH,Pressure Gauge 68mm 0-16kPa,1.0000,On Hand,06 Oct 2025
QOH,PH28CMDV,Gas Water Heaters _AND_ Access,OH,28lt Eco Max Internal Paloma,0.0000,On Hand,06 Oct 2025
QOH,PH28CMX,Gas Water Heaters _AND_ Access,OH,Paloma 28l External Gas Geyser,0.0000,On Hand,06 Oct 2025
QOH,PHTT20,Cylinders/Heaters/General,OH,Table Top Patio heater,0.0000,On Hand,06 Oct 2025
QOH,PHW,Lamps _AND_ General,OH,Pariffin Wick Cotton 7/8inch 10m Roll,4.0000,On Hand,06 Oct 2025
QOH,PPEDMAT,BLOCKED,OH,Disinfectant mat 70cm x 90cm,0.0000,On Hand,06 Oct 2025
QOH,PPEFSC,BLOCKED,OH,Face Shield Clear,0.0000,On Hand,06 Oct 2025
QOH,PPEMMR,BLOCKED,OH,Material Mask Reusable,0.0000,On Hand,06 Oct 2025
QOH,PPEMMRD,BLOCKED,OH,Material Mask Reusable Double,0.0000,On Hand,06 Oct 2025
QOH,PPP003,General Spares,OH,Primus Stove - Valve Spanner,10.0000,On Hand,06 Oct 2025
QOH,PPP005,General Spares,OH,Primus Stove - Nipple No1,10.0000,On Hand,06 Oct 2025
QOH,PPP009,General Spares,OH,Primus Stove - Head Washer No 1-31,0.0000,On Hand,06 Oct 2025
QOH,PPP013,General Spares,OH,Primus Stove - Leather Pump/Washer 008,7.0000,On Hand,06 Oct 2025
QOH,PPP015,General Spares,OH,Primus Stove - Flame Ring No 1-002,0.0000,On Hand,06 Oct 2025
QOH,PPP017,General Spares,OH,Primus Stove - Valve 009,5.0000,On Hand,06 Oct 2025
QOH,PPP018,General Spares,OH,Primus Stove - Cleaning Needles,10.0000,On Hand,06 Oct 2025
QOH,PPP030,General Spares,OH,Primus Stove - Roarer Head No 1,2.0000,On Hand,06 Oct 2025
QOH,PPP031,General Spares,OH,Primus Stove - Silent Head No 5,2.0000,On Hand,06 Oct 2025
QOH,PPP034,General Spares,OH,Primus Stove - Pump No 1,0.0000,On Hand,06 Oct 2025
QOH,PPP035,Hardware,OH,Paraffin Pump - 20l,0.0000,On Hand,06 Oct 2025
QOH,PPW004,General Spares,OH,Heater Wick R5,2.0000,On Hand,06 Oct 2025
QOH,PRIMSTO,Stove _AND_ Hobs,OH,Primus Stove Original,0.0000,On Hand,06 Oct 2025
QOH,PRJB001,BLOCKED,OH,Portable and Rechargeable Juice Blender,0.0000,On Hand,06 Oct 2025
QOH,PSB001,BLOCKED,OH,Pedestal Single burner (Wok),0.0000,On Hand,06 Oct 2025
QOH,PTFE1,BLOCKED,OH,12mm x 10m (Made in RSA),0.0000,On Hand,06 Oct 2025
QOH,PTFE1950B,PTFE Tape,OH,19mm x 50m 0.1mm (blue cover),120.0000,On Hand,06 Oct 2025
QOH,PTFE1B,BLOCKED,OH,12mm X 10M,0.0000,On Hand,06 Oct 2025
QOH,PTFE1BN,PTFE Tape,OH,12mm x12m 0.100mm 0.45g/cm (blue cover),140.0000,On Hand,06 Oct 2025
QOH,PTFE2,BLOCKED,OH,12mm x 40m,0.0000,On Hand,06 Oct 2025
QOH,PTFE3,PTFE Tape,OH,12mm x 20m (Made in RSA),120.0000,On Hand,06 Oct 2025
QOH,PTFE3B,PTFE Tape,OH,19mm x 1mm x 30m x 6 5grams (Gas),306.0000,On Hand,06 Oct 2025
QOH,PTFE4,BLOCKED,OH,19mm x 40m (Made in RSA),212.0000,On Hand,06 Oct 2025
QOH,PTFE4B,BLOCKED,OH,19mm x 40M,0.0000,On Hand,06 Oct 2025
QOH,PTFE4BH,PTFE Tape,OH,19mm x 0.1mm x 40m - 0.45g/cm,775.0000,On Hand,06 Oct 2025
QOH,PTFEG,PTFE Tape,OH,12mm x 12m x .65gram (Gas cream tape),806.0000,On Hand,06 Oct 2025
QOH,PTFEGW,PTFE Tape,OH,12mm x 12metre .65gram (Gas White tape),1151.0000,On Hand,06 Oct 2025
QOH,PTFEP,PTFE Tape,OH,12mm x 0.075mm x 10m (red/pink cover),141.0000,On Hand,06 Oct 2025
QOH,PTFEPE,PTFE Tape,OH,19mm x 30mm x 0.45g 100mic PE,-39.0000,On Hand,06 Oct 2025
QOH,PTFEQ,BLOCKED,OH,12mm x 0.075mm x 10m (red min 1000),0.0000,On Hand,06 Oct 2025
QOH,PTFESB1,BLOCKED,OH,12mm x 12m 100mic .65gram Gas white,0.0000,On Hand,06 Oct 2025
QOH,PTGCS,General Spares,OH,Pump to Gearbox Connector Set,0.0000,On Hand,06 Oct 2025
QOH,PUM005,Gas Water Heaters _AND_ Access,OH,Pump Adaptor 6lt _AND_ 12lt,20.0000,On Hand,06 Oct 2025
QOH,PWDRC,Solar Mounting Solutions,OH,Powder coating,0.0000,On Hand,06 Oct 2025
QOH,QRBC50,Boiling Table/Burners,OH,Four Ring Burner,0.0000,On Hand,06 Oct 2025
QOH,RAM5016,BLOCKED,OH,SSF - Scissors Saftey Folding,0.0000,On Hand,06 Oct 2025
QOH,REG03010005,BLOCKED,OH,12kg/hr Adjustable LP Reg 1/4inch x 1/2inch,0.0000,On Hand,06 Oct 2025
QOH,REG03020101,Regulators/Pigtails,OH,18kg 1/4inchF.NPT 1st HP stage regulator,0.0000,On Hand,06 Oct 2025
QOH,REG03020102,Regulators/Pigtails,OH,70kg p/h HP Regulator 1/2inch,0.0000,On Hand,06 Oct 2025
QOH,REG03020104,Regulators/Pigtails,OH,21kg 1/4inchF 1st Stage Regulator HP,0.0000,On Hand,06 Oct 2025
QOH,REG03030011,Regulators/Pigtails,OH,RG015-2B 1/2inch Governor 2 Bar in 10-27mBa,0.0000,On Hand,06 Oct 2025
QOH,REG03030020,Regulators/Pigtails,OH,EKB25/GB5 regulator U type G 28mb,0.0000,On Hand,06 Oct 2025
QOH,REG03030022,Regulators/Pigtails,OH,10kg Regulator Type Q ERG-SE,0.0000,On Hand,06 Oct 2025
QOH,REG03030023,Regulators/Pigtails,OH,ERG-SE 50 Regulatror 1inchFC,0.0000,On Hand,06 Oct 2025
QOH,REG03030101,Regulators/Pigtails,OH,20kg 1/2inchF 2nd Stage Regulator,0.0000,On Hand,06 Oct 2025
QOH,REG03040002,Regulators/Pigtails,OH,15kg 1/4inchF.NPT x 1/2inchF.NPT two stage reg,0.0000,On Hand,06 Oct 2025
QOH,REG10BP456,Regulators/Pigtails,OH,10kg/h 3/4inch Novacomet 3.7kpa 37mlb,0.0000,On Hand,06 Oct 2025
QOH,REG10LPC,Regulators/Pigtails,OH,10kg LP Inline 2nd Stage Regulator Cav,6.0000,On Hand,06 Oct 2025
QOH,REG10LPM,Regulators/Pigtails,OH,10kg LP Inline Regulator Mondial,19.0000,On Hand,06 Oct 2025
QOH,REG12/18HP,Regulators/Pigtails,OH,12kg High Pressure adjustable Reg,7.0000,On Hand,06 Oct 2025
QOH,REG12LP,Regulators/Pigtails,OH,12kg Low Pressure inline,4.0000,On Hand,06 Oct 2025
QOH,REG12LPSS,Regulators/Pigtails,OH,12kg Single Stage LP Regulator 1/2inch,0.0000,On Hand,06 Oct 2025
QOH,REG20/40HPC,Regulators/Pigtails,OH,20kg - 40kg HP Inline Regulator Cavagna,1.0000,On Hand,06 Oct 2025
QOH,REG2B,Regulators/Pigtails,OH,2kg Bullnose Regulator,0.0000,On Hand,06 Oct 2025
QOH,REG2S15C,Regulators/Pigtails,OH,Cavagna 2 Stage Regulator 15kg 988TW,0.0000,On Hand,06 Oct 2025
QOH,REGAUTOCO,BLOCKED,OH,Auto Changeover Reg 2.8kpa 4kg ACR6,0.0000,On Hand,06 Oct 2025
QOH,REGAUTOCO4KGLP,BLOCKED,OH,Auto Changeover Reg (White) 4kg/h 37mbar,0.0000,On Hand,06 Oct 2025
QOH,REGAUTOCO9KG,BLOCKED,OH,Cavagna LP Auto C/O 9.7kg,0.0000,On Hand,06 Oct 2025
QOH,REGAUTOHPCOK,BLOCKED,OH,High Pressure Auto Changeover Kit,0.0000,On Hand,06 Oct 2025
QOH,REGBHP,Regulators/Pigtails,OH,High Pressure B/N Regulator (Red),37.0000,On Hand,06 Oct 2025
QOH,REGBHP2,BLOCKED,OH,High Pressure B/N Regulator (Cgas),0.0000,On Hand,06 Oct 2025
QOH,REGBHPC,BLOCKED,OH,High Pressure B/N 5-12kg CAVAGNA,0.0000,On Hand,06 Oct 2025
QOH,REGBWG,Regulators/Pigtails,OH,Bullnose Regulator with pressure gauge,48.0000,On Hand,06 Oct 2025
QOH,REGCB,Regulators/Pigtails,OH,Bullnose Regulator-Cadac,0.0000,On Hand,06 Oct 2025
QOH,REGCE401,Regulators/Pigtails,OH,Brass 401 Regulator,0.0000,On Hand,06 Oct 2025
QOH,REGCO10HP,Regulators/Pigtails,OH,Auto Changeover High Pressure Reg 10kg,7.0000,On Hand,06 Oct 2025
QOH,REGCO2S9.7,Regulators/Pigtails,OH,2 Stage Auto C/O Cavagna Reg 9.7kg,4.0000,On Hand,06 Oct 2025
QOH,REGHP12KG,BLOCKED,OH,12kg High Pressure Regulator,0.0000,On Hand,06 Oct 2025
QOH,REGHP15,BLOCKED,OH,15kg High Pressure Regulator,0.0000,On Hand,06 Oct 2025
QOH,REGHP18KG,BLOCKED,OH,18kg 1/4inch NPT 1st stage regulator,0.0000,On Hand,06 Oct 2025
QOH,REGHP20,Regulators/Pigtails,OH,20kg / hr 2.8kPa Regulator,0.0000,On Hand,06 Oct 2025
QOH,REGHPCGASNUT,BLOCKED,OH,3/8inch LH Nut and Hosetail,0.0000,On Hand,06 Oct 2025
QOH,REGHPI5/12KG,BLOCKED,OH,5-12kg Inline HP regulator - Cavagna,0.0000,On Hand,06 Oct 2025
QOH,REGHPI5/12NG,Regulators/Pigtails,OH,5/12kg Inline HP Regulator - no gauge,15.0000,On Hand,06 Oct 2025
QOH,REGI5KGN,BLOCKED,OH,5kg Inline Regulator NV with bracket,0.0000,On Hand,06 Oct 2025
QOH,REGIN,BLOCKED,OH,4kg Vented Inline Regulator _AND_ Bracket,0.0000,On Hand,06 Oct 2025
QOH,REGINM4,Regulators/Pigtails,OH,4kg Inline Regulator Mondial,49.0000,On Hand,06 Oct 2025
QOH,REGINA4,Regulators/Pigtails,OH,4kg Non-Vented Inline Reg _AND_ Brck Astro,38.0000,On Hand,06 Oct 2025
QOH,REGINABR,Regulators/Pigtails,OH,Brackets for Inline Regulators,1086.0000,On Hand,06 Oct 2025
QOH,REGINAS,BLOCKED,OH,4kg Astro Regulator Inline No Bracket,0.0000,On Hand,06 Oct 2025
QOH,REGINC5,Regulators/Pigtails,OH,5kg Vented Inline Reg _AND_ Bracket CAVAGNA,61.0000,On Hand,06 Oct 2025
QOH,REGINR300,Regulators/Pigtails,OH,R300 5kg Inline Regulator,38.0000,On Hand,06 Oct 2025
QOH,REGINS4,Regulators/Pigtails,OH,4kg LP Inline Regulator with bracket,1.0000,On Hand,06 Oct 2025
QOH,REGINW4,Regulators/Pigtails,OH,4kg Inline Regulator (WH) NV _AND_ Bracket,1092.0000,On Hand,06 Oct 2025
QOH,REGLP10 5KG,BLOCKED,OH,Red Baron LP 10 5kg 2.8kpa (Mondial),0.0000,On Hand,06 Oct 2025
QOH,REGSB,Regulators/Pigtails,OH,Bullnose 1kg /hr - regulator,9.0000,On Hand,06 Oct 2025
QOH,REGSBC,BLOCKED,OH,Bullnose Regulators - Cavagna,0.0000,On Hand,06 Oct 2025
QOH,REGSS,Regulators/Pigtails,OH,Swivel (Cadac) 1.5kg /hr - regulator,145.0000,On Hand,06 Oct 2025
QOH,RETURNS,,OH,Returned -,0.0000,On Hand,06 Oct 2025
QOH,RG025-2B,Regulators/Pigtails,OH,1inch Governor 2 Bar Regulator,0.0000,On Hand,06 Oct 2025
QOH,RH2BSSF,Stove _AND_ Hobs,OH,Red Heart 2 plate s/s stove incl reg/hos,0.0000,On Hand,06 Oct 2025
QOH,RM5001,Camping Products,OH,PH - Aluminium Pot Holder,0.0000,On Hand,06 Oct 2025
QOH,RM5002,Camping Products,OH,CKS - Chow Kit Scout,0.0000,On Hand,06 Oct 2025
QOH,RM5003,Camping Products,OH,CKAS - S/S Chow Kit Army Style,0.0000,On Hand,06 Oct 2025
QOH,RM5007,Camping Products,OH,AMP - Air Mattress Plugs,20.0000,On Hand,06 Oct 2025
QOH,RM5009,Camping Products,OH,LXS - Ultra Light Cutlery Set4pc Clipped,1.0000,On Hand,06 Oct 2025
QOH,RM5011,Camping Products,OH,CM - Compass Map,0.0000,On Hand,06 Oct 2025
QOH,RM5012,Camping Products,OH,FSM - Fire Starter Magnesium,0.0000,On Hand,06 Oct 2025
QOH,RM5013,Camping Products,OH,CW - Compass Wrist,0.0000,On Hand,06 Oct 2025
QOH,RM5014,Camping Products,OH,TCC - Table Cloths Clamps 4pc,0.0000,On Hand,06 Oct 2025
QOH,RM5016,Camping Products,OH,SFS- Scissors Folding Safety,13.0000,On Hand,06 Oct 2025
QOH,RM5020,Camping Products,OH,BM8 - Biners Mini 8mm 2pk,0.0000,On Hand,06 Oct 2025
QOH,RM5021,Camping Products,OH,COGI - Can Opener GI Style,0.0000,On Hand,06 Oct 2025
QOH,RM5023,Camping Products,OH,SP - Saw Pocket,0.0000,On Hand,06 Oct 2025
QOH,RM5031,Camping Products,OH,MACH - Machete,8.0000,On Hand,06 Oct 2025
QOH,RM5033,Camping Products,OH,MRWPP - Mallet Rubber With Peg Puller,0.0000,On Hand,06 Oct 2025
QOH,RM5036,Camping Products,OH,DBSFT - Dustpan _AND_ Broom Set for Tent,1.0000,On Hand,06 Oct 2025
QOH,RM5037,Camping Products,OH,SSF - Shovel Steel Folding,0.0000,On Hand,06 Oct 2025
QOH,RM5040,BLOCKED,OH,TSSF - Toaster Stainless Steel Folding,0.0000,On Hand,06 Oct 2025
QOH,RM5041,Camping Products,OH,PWPS - Pouch Waterproof Small,0.0000,On Hand,06 Oct 2025
QOH,RM5042,Camping Products,OH,PWPM - Medium Waterproof Pouch,0.0000,On Hand,06 Oct 2025
QOH,RM5043,Camping Products,OH,PWPL - Large Waterproof Pouch,0.0000,On Hand,06 Oct 2025
QOH,RM5045,Camping Products,OH,SS20L - Shower Solar 20litre,0.0000,On Hand,06 Oct 2025
QOH,RM5046,Camping Products,OH,TBE -Tarpaulin Blanket Emergency,0.0000,On Hand,06 Oct 2025
QOH,RM5047,BLOCKED,OH,GSMP - Gas Stove Mini Portable (screw),0.0000,On Hand,06 Oct 2025
QOH,RM5051,Camping Products,OH,ALDP - Aluminium Dixies (2pk),0.0000,On Hand,06 Oct 2025
QOH,RMCOM009,BLOCKED,OH,CW1 - Compass Wrist on card,0.0000,On Hand,06 Oct 2025
QOH,RN20EDNM,Gas Water Heaters _AND_ Access,OH,20litre Rinnai External Water Heater,0.0000,On Hand,06 Oct 2025
QOH,RN26EDNM,Gas Water Heaters _AND_ Access,OH,26litre Rinnai External Water Heater,0.0000,On Hand,06 Oct 2025
QOH,RSAC,BLOCKED,OH,Astro Regulator Single Kit,0.0000,On Hand,06 Oct 2025
QOH,RTIWPR,Hardware,OH,Bakkie Windscreen Protection Rubber 2.8m,38.0000,On Hand,06 Oct 2025
QOH,RTM-027S,Canister Gas Products,OH,Mapp Torch - with Hose,0.0000,On Hand,06 Oct 2025
QOH,S1BSSA,Stove _AND_ Hobs,OH,1 Burner Auto Stainless Steel Stove,8.0000,On Hand,06 Oct 2025
QOH,S20WHLP,Gas Water Heaters _AND_ Access,OH,20 Litre Zero Pressure Gas Water Heater,0.0000,On Hand,06 Oct 2025
QOH,S2BAG,BLOCKED,OH,2 Burner Auto Ignition Glass,0.0000,On Hand,06 Oct 2025
QOH,S2BGSA,Stove _AND_ Hobs,OH,2 Burner AutoBlack Glass Top,0.0000,On Hand,06 Oct 2025
QOH,S2BH204S,Stove _AND_ Hobs,OH,2 Burner Stainless Steel Hob,0.0000,On Hand,06 Oct 2025
QOH,S2BHX2G1,Stove _AND_ Hobs,OH,2 Burner Glass Hob,0.0000,On Hand,06 Oct 2025
QOH,S2BSSA,Stove _AND_ Hobs,OH,2 Burner Auto Stainless Steel Auto,0.0000,On Hand,06 Oct 2025
QOH,S2BSSAAL,Stove _AND_ Hobs,OH,2 Burner Stainless Steel Stove (Alu),43.0000,On Hand,06 Oct 2025
QOH,S2BSSAF,BLOCKED,OH,2 Burner Stainless Steel Stove _AND_ Reg/Hos,0.0000,On Hand,06 Oct 2025
QOH,S4BH604MC1,Stove _AND_ Hobs,OH,Hob 4 Burner Stainless Steel - Safegas,0.0000,On Hand,06 Oct 2025
QOH,S4BH640S,Stove _AND_ Hobs,OH,Hob 4 Burner Stainless Steel - Safegas,0.0000,On Hand,06 Oct 2025
QOH,S4BHOB,Stove _AND_ Hobs,OH,Stainless 4 Burner Hob Sunbeam,0.0000,On Hand,06 Oct 2025
QOH,S4BHX4S1,Stove _AND_ Hobs,OH,4 Burner Hob S/S (555mmx485mm),0.0000,On Hand,06 Oct 2025
QOH,S4BHX4S2,Stove _AND_ Hobs,OH,4 Burner Hob Stainless Steel - Safegas,0.0000,On Hand,06 Oct 2025
QOH,S5BH915MCI,BLOCKED,OH,5 Burner Hob S/S,0.0000,On Hand,06 Oct 2025
QOH,S5BH950S1,BLOCKED,OH,5 Burner Hob S/S with glass panel,0.0000,On Hand,06 Oct 2025
QOH,S5BH950S2,BLOCKED,OH,5 Burner Hob S/S,0.0000,On Hand,06 Oct 2025
QOH,S5BHX5G2,Stove _AND_ Hobs,OH,5 Burner Hob -Glass (Safegas),0.0000,On Hand,06 Oct 2025
QOH,S5BHX5G3,Stove _AND_ Hobs,OH,5 Burner Hob - Glass (Safegas),0.0000,On Hand,06 Oct 2025
QOH,S5BHX5S1,Stove _AND_ Hobs,OH,5 Burner Hob - Stainless Steel (Safegas),0.0000,On Hand,06 Oct 2025
QOH,S5BHX5S2,Stove _AND_ Hobs,OH,5 Burner Hob - Stainless Steel (Safegas),0.0000,On Hand,06 Oct 2025
QOH,S9150180060,Hardware,OH,P60 Zirconia Flap D 180mm,0.0000,On Hand,06 Oct 2025
QOH,S9300180060,Hardware,OH,P60 ALOX Fibre Disc 180mm,0.0000,On Hand,06 Oct 2025
QOH,SABEWC2-2,Hardware,OH,Electrical Wire Connector PCT 2-2,255.0000,On Hand,06 Oct 2025
QOH,SABEWC2-3,Hardware,OH,Electrical Wire Connector PCT 2-3,275.0000,On Hand,06 Oct 2025
QOH,SABEWC212,Hardware,OH,Electrical Wire Connector PCT 212,442.0000,On Hand,06 Oct 2025
QOH,SABEWC213,Hardware,OH,Electrical Wire Connector PCT 213,50.0000,On Hand,06 Oct 2025
QOH,SABEWC214,Hardware,OH,Electrical Wire Connector PCT 214,442.0000,On Hand,06 Oct 2025
QOH,SABEWC215,Hardware,OH,Electrical Wire Connector PCT 215,275.0000,On Hand,06 Oct 2025
QOH,SABEWC218,Hardware,OH,Electrical Wire Connector PCT 218,275.0000,On Hand,06 Oct 2025
QOH,SAFNS190,BLOCKED,OH,No smoking sign 190mmx190mm,0.0000,On Hand,06 Oct 2025
QOH,SAFS3190X380,Safety Equipment,OH,3 Safety Signs in Frame 190 x 380,0.0000,On Hand,06 Oct 2025
QOH,SAFSGSO,Safety Equipment,OH,Gas Shut Off Valve Stickers,86.0000,On Hand,06 Oct 2025
QOH,SAFSPECIAL,BLOCKED,OH,Special Safety Sign,0.0000,On Hand,06 Oct 2025
QOH,SAFSPV2,Safety Equipment,OH,Safety Signs Large (Made in RSA),303.0000,On Hand,06 Oct 2025
QOH,SAFSPV3,Safety Equipment,OH,Gas Shut off Valve Sign (Made in RSA),221.0000,On Hand,06 Oct 2025
QOH,SAFSTI,Safety Equipment,OH,Safety Gas Flow Stickers (Made in RSA),1376.0000,On Hand,06 Oct 2025
QOH,SAN1000,BLOCKED,OH,1 Litre Sanitiser,0.0000,On Hand,06 Oct 2025
QOH,SAN500,BLOCKED,OH,500ml Sanitiser,0.0000,On Hand,06 Oct 2025
QOH,SAN5000,BLOCKED,OH,5 litre Sanitiser Bottle,0.0000,On Hand,06 Oct 2025
QOH,SANEFS,BLOCKED,OH,Econo Footiser with 1ltre bottle,0.0000,On Hand,06 Oct 2025
QOH,SANEFSB,BLOCKED,OH,Spare Bottle for Foot Sanitiser,0.0000,On Hand,06 Oct 2025
QOH,SANFSG,BLOCKED,OH,Sanitiser Floor Stand Grey,0.0000,On Hand,06 Oct 2025
QOH,SBPVC100,PTFE Tape,OH,High Pressure PVC Glue - 100ml tube,124.0000,On Hand,06 Oct 2025
QOH,SBPVC50,PTFE Tape,OH,High Pressure PVC Glue - 50ml tube,203.0000,On Hand,06 Oct 2025
QOH,SBPVCHBL118,PTFE Tape,OH,PVC Cement Hot Blue Lava 118ml,81.0000,On Hand,06 Oct 2025
QOH,SBPVCHBL237,PTFE Tape,OH,PVC Cement Hot Blue Lava 237ml,48.0000,On Hand,06 Oct 2025
QOH,SBPVCHBL473,PTFE Tape,OH,PVC Cement Hot Blue Lava 473ml,91.0000,On Hand,06 Oct 2025
QOH,SBPVCO118,PTFE Tape,OH,PVC Cement Heavy Duty Clear Oatey 118ml,38.0000,On Hand,06 Oct 2025
QOH,SBPVCO237,PTFE Tape,OH,PVC Cement Heavy Duty Clear Oatey 237ml,49.0000,On Hand,06 Oct 2025
QOH,SBPVCO473,PTFE Tape,OH,PVC Cement Heavy Duty Clear Oatey 473ml,53.0000,On Hand,06 Oct 2025
QOH,SBPVCPCO473,PTFE Tape,OH,Primer _AND_ Cleaner PVC/CPVC Oatey 473ml,-6.0000,On Hand,06 Oct 2025
QOH,SBPVCRO118,BLOCKED,OH,PVC Cement Rain Shine Oatey 118ml,0.0000,On Hand,06 Oct 2025
QOH,SBPVCRO237,BLOCKED,OH,PVC Cement Rain Shine Oatey 237ml,0.0000,On Hand,06 Oct 2025
QOH,SBPVCRO473,BLOCKED,OH,PVC Cement Rain Shine Oatey 473ml,0.0000,On Hand,06 Oct 2025
QOH,SBQPSA,PTFE Tape,OH,Quiet Pipe Shock Absorber,0.0000,On Hand,06 Oct 2025
QOH,SBSWGC,BLOCKED,OH,Self Stripping Elec Wire Gel Connector,0.0000,On Hand,06 Oct 2025
QOH,SBT10,Boiling Table/Burners,OH,Single Cast Iron Boiling Table,1.0000,On Hand,06 Oct 2025
QOH,SBWCC,Hardware,OH,Waterproof Conjoint Connectors,45.0000,On Hand,06 Oct 2025
QOH,SCREWSC100,Boiling Table/Burners,OH,Screws for C100/200/300 per pack,16.0000,On Hand,06 Oct 2025
QOH,SDFLH140,Doors _AND_ Window Frames _AND_ Fitt,OH,140mm Steel Doorframe - LH,0.0000,On Hand,06 Oct 2025
QOH,SDFRH140,Doors _AND_ Window Frames _AND_ Fitt,OH,140mm Steel Doorframe - RH,0.0000,On Hand,06 Oct 2025
QOH,SFGLD,Braais _AND_ Products,OH,Short Flame Gas Lighter - Disposable,48.0000,On Hand,06 Oct 2025
QOH,SFGLWP,Braais _AND_ Products,OH,Short Gas Lighter - Wind Proof,73.0000,On Hand,06 Oct 2025
QOH,SFPBC036,Nonstock,OH,Sugar Free Protein Bar Chocolate,127.0000,On Hand,06 Oct 2025
QOH,SFPBS022,Nonstock,OH,Sugar Free Protein Bar Strawberry,127.0000,On Hand,06 Oct 2025
QOH,SG11DD,Gas Water Heaters _AND_ Access,OH,11 litre Diaphragm water heater,0.0000,On Hand,06 Oct 2025
QOH,SG12LP,Gas Water Heaters _AND_ Access,OH,12 Litre Zero Pressure (Safegas),0.0000,On Hand,06 Oct 2025
QOH,SG16DD,Gas Water Heaters _AND_ Access,OH,16 Litre Diaphragm Water Heater,0.0000,On Hand,06 Oct 2025
QOH,SG16FFB,Gas Water Heaters _AND_ Access,OH,16 Litre Fan Force Water Heater,0.0000,On Hand,06 Oct 2025
QOH,SG16LPD,Gas Water Heaters _AND_ Access,OH,16lt Gas Water Heater LP (Safegas),0.0000,On Hand,06 Oct 2025
QOH,SG4BGSO,Stove _AND_ Hobs,OH,Saffy 4 Burner Gas Stove and Oven,2.0000,On Hand,06 Oct 2025
QOH,SG6DD,Gas Water Heaters _AND_ Access,OH,6 Litre Diaphragm water heater,0.0000,On Hand,06 Oct 2025
QOH,SG9LPD,Gas Water Heaters _AND_ Access,OH,9 Litre Low Pres Water Heater (Safegas),0.0000,On Hand,06 Oct 2025
QOH,SGAUTOSP018,Stove _AND_ Hobs,OH,Auto Knob for SGC502GL,4.0000,On Hand,06 Oct 2025
QOH,SGB01,Boiling Table/Burners,OH,1 Burner Lightweight Iron Stove,4.0000,On Hand,06 Oct 2025
QOH,SGB02,Boiling Table/Burners,OH,2 Burner Lightweight Iron Stove,0.0000,On Hand,06 Oct 2025
QOH,SGH301SP04,General Spares,OH,Heater Valve SGH301,1.0000,On Hand,06 Oct 2025
QOH,SGH302SP04,Cylinders/Heaters/General,OH,ODS with bracket for Heater,0.0000,On Hand,06 Oct 2025
QOH,SHEXT,Cylinders/Heaters/General,OH,9kg to CADAC Ext (Made in RSA),21.0000,On Hand,06 Oct 2025
QOH,SHEXT 150,BLOCKED,OH,9kg to CADAC Ext 150mm (Safegas),0.0000,On Hand,06 Oct 2025
QOH,SHEXT10,Cylinders/Heaters/General,OH,10kg Composite Cylinder to CADAC Ext,4.0000,On Hand,06 Oct 2025
QOH,SHEXT150,Cylinders/Heaters/General,OH,9kg Cylinder Shoulder Stand (Blue),80.0000,On Hand,06 Oct 2025
QOH,SHINDCK,Kitchenware,OH,Cheese Knife,12.0000,On Hand,06 Oct 2025
QOH,SIMM,Lamps _AND_ General,OH,Simmer Plate,157.0000,On Hand,06 Oct 2025
QOH,SIMM02,Braais _AND_ Products,OH,Simmer Plate with Plastic Handle,7.0000,On Hand,06 Oct 2025
QOH,SKMCV,General Spares,OH,Knob for Multicontrol Valve,10.0000,On Hand,06 Oct 2025
QOH,SKMHP,General Spares,OH,Service kit for Manual Hand Pump,0.0000,On Hand,06 Oct 2025
QOH,SLIDESTAYTS6/6,Doors _AND_ Window Frames _AND_ Fitt,OH,Slidestay Top Screw 6/6 ST YP,0.0000,On Hand,06 Oct 2025
QOH,SLIDSTAY175YP,Doors _AND_ Window Frames _AND_ Fitt,OH,Slidestay 175 ST YP,0.0000,On Hand,06 Oct 2025
QOH,SLIDSTAYBS6X9.5,Doors _AND_ Window Frames _AND_ Fitt,OH,Slidingstay Bottom Screw 6mmx9.5mm ST YP,0.0000,On Hand,06 Oct 2025
QOH,SM270010180,Hardware,OH,P180 Waterproof Abrasive,0.0000,On Hand,06 Oct 2025
QOH,SM270010220,Hardware,OH,P220 Waterproof Abrasive,0.0000,On Hand,06 Oct 2025
QOH,SM270010400,Hardware,OH,P400 Waterproof Abrasive,0.0000,On Hand,06 Oct 2025
QOH,SM270010600,Hardware,OH,P600 Waterproof Abrasive,0.0000,On Hand,06 Oct 2025
QOH,SM270010800,Hardware,OH,P800 Waterproof Abrasive,0.0000,On Hand,06 Oct 2025
QOH,SM270011000,Hardware,OH,P1000 Waterproof Abrasive,0.0000,On Hand,06 Oct 2025
QOH,SM73016-21,Hardware,OH,Dust Free Sanding Block 70 x 400mm,0.0000,On Hand,06 Oct 2025
QOH,SM878650281,Stove _AND_ Hobs,OH,Smeg Gas Oven Dual Thermocouple,0.0000,On Hand,06 Oct 2025
QOH,SM911115250,Hardware,OH,Metal Cutting Wheel (115 x 2.5 x 22.23),25.0000,On Hand,06 Oct 2025
QOH,SM911230320,Hardware,OH,Metal Cutting Wheel 230 x 3 x 22.23,25.0000,On Hand,06 Oct 2025
QOH,SM913115600,Hardware,OH,Metal Grinding Wheel (115 x 6.4 x 22.23),10.0000,On Hand,06 Oct 2025
QOH,SM913230800,Hardware,OH,Metal Grinding Wheel (230 x 8.0mm),10.0000,On Hand,06 Oct 2025
QOH,SM914115100,Hardware,OH,Inox Cutting Wheel 115 x100,25.0000,On Hand,06 Oct 2025
QOH,SM914P115100,Hardware,OH,Profess Inox Cutting Wheel 115 x 1.0,25.0000,On Hand,06 Oct 2025
QOH,SM914P230190,Hardware,OH,Profess Inox Cutting Wheel 180 x 1.9,25.0000,On Hand,06 Oct 2025
QOH,SM920440100,Hardware,OH,Abrasive Sponges 4x4 Coarse,0.0000,On Hand,06 Oct 2025
QOH,SM920440300,Hardware,OH,Abrasive Sponges 4x4 Fine,0.0000,On Hand,06 Oct 2025
QOH,SM960150417,Hardware,OH,Backing Pads 7 Holes Hard 150mm,0.0000,On Hand,06 Oct 2025
QOH,SM960150418,Hardware,OH,Backing Pads 9 Holes Medium 150mm,0.0000,On Hand,06 Oct 2025
QOH,SM966440002,Hardware,OH,Handfile Velcro 70 x 400mm,0.0000,On Hand,06 Oct 2025
QOH,SMODB,Safety Equipment,OH,Smoke Detector,0.0000,On Hand,06 Oct 2025
QOH,SOAREDH16EDVA,BLOCKED,OH,Valve Assembly/Gas Section 16lt Ecodew,0.0000,On Hand,06 Oct 2025
QOH,SP16LDGOTS,Gas Water Heaters _AND_ Access,OH,16lt DG Outlet Temp Sensor,0.0000,On Hand,06 Oct 2025
QOH,SPAEDHCR130,BLOCKED,OH,Spare roof with hole 130mm,0.0000,On Hand,06 Oct 2025
QOH,SPARE-16LDHLCD,Gas Water Heaters _AND_ Access,OH,LCD Screen - Dewhot 16litre,1.0000,On Hand,06 Oct 2025
QOH,SPARE-KNOBALVA,General Spares,OH,Patio Heater HiLo Knob,0.0000,On Hand,06 Oct 2025
QOH,SPARE16LFS,BLOCKED,OH,16litre geyser flue sensor,0.0000,On Hand,06 Oct 2025
QOH,SPARE2BWH,Brass Fittings,OH,Spare Hosetail Elbow - 2 burner stove,54.0000,On Hand,06 Oct 2025
QOH,SPARE5BHB,Stove _AND_ Hobs,OH,Spare Burner for 5 Burner hob,0.0000,On Hand,06 Oct 2025
QOH,SPARE5BHT,Stove _AND_ Hobs,OH,Spare Trivet for 5 Burner Hob,1.0000,On Hand,06 Oct 2025
QOH,SPAREA10GWI,BLOCKED,OH,10litre Gas/Water Inlet,0.0000,On Hand,06 Oct 2025
QOH,SPAREA12GWI,BLOCKED,OH,12litre Gas/Water Inlet - Atlas,0.0000,On Hand,06 Oct 2025
QOH,SPAREA12LHEX,BLOCKED,OH,12 litre Heat Exchanger,0.0000,On Hand,06 Oct 2025
QOH,SPAREA12LS,BLOCKED,OH,12 Litre Water Heater Solenoid - Atlas,0.0000,On Hand,06 Oct 2025
QOH,SPAREA16LHEX,BLOCKED,OH,16 litre Heat Exchanger,0.0000,On Hand,06 Oct 2025
QOH,SPAREA16LS,BLOCKED,OH,16 Litre Water Heater Solenoid - Atlas,0.0000,On Hand,06 Oct 2025
QOH,SPAREA20LWGS,BLOCKED,OH,20litre Complete Water _AND_ Gas Section (A),0.0000,On Hand,06 Oct 2025
QOH,SPAREA20S,BLOCKED,OH,20litre Solenoid,0.0000,On Hand,06 Oct 2025
QOH,SPAREA4HSB,Stove _AND_ Hobs,OH,Spare 4 Burner Hob Small Burner _AND_ Cap,0.0000,On Hand,06 Oct 2025
QOH,SPAREA4WC,Stove _AND_ Hobs,OH,Wok Burner small cap,0.0000,On Hand,06 Oct 2025
QOH,SPAREA4WCL,Stove _AND_ Hobs,OH,Wok Burner Large Ring Cap,0.0000,On Hand,06 Oct 2025
QOH,SPAREA5BCS,Stove _AND_ Hobs,OH,Spare 5 Burner Hob Caps Set - Atlas,0.0000,On Hand,06 Oct 2025
QOH,SPAREA5HBI,Stove _AND_ Hobs,OH,Spare 5 Burner Hob Battery Ignitor Box,0.0000,On Hand,06 Oct 2025
QOH,SPAREA6LS,BLOCKED,OH,6 litre Water Heater Solenoid - Atlas,0.0000,On Hand,06 Oct 2025
QOH,SPAREA8LS,BLOCKED,OH,8 Litre Water Heater Solenoid - Atlas,0.0000,On Hand,06 Oct 2025
QOH,SPAREAFSS,Stove _AND_ Hobs,OH,Atlas Hob Flame Spreader Set,0.0000,On Hand,06 Oct 2025
QOH,SPAREAGBD,BLOCKED,OH,Spare Atlas Geyser Double Battery Box,0.0000,On Hand,06 Oct 2025
QOH,SPAREAGD50,BLOCKED,OH,50mm Atlas Geyser Diapragm,0.0000,On Hand,06 Oct 2025
QOH,SPAREAGD55,BLOCKED,OH,55mm Atlas Geyser Diaphragm,0.0000,On Hand,06 Oct 2025
QOH,SPAREAGD75,BLOCKED,OH,75mm Atlas Geyser Diaphragm,0.0000,On Hand,06 Oct 2025
QOH,SPAREAHISL,General Spares,OH,Spare Hob Ignitor Short Lead - Atlas,0.0000,On Hand,06 Oct 2025
QOH,SPAREAL2PH,Stove _AND_ Hobs,OH,Auto Pot Holder Round (2BSSA),9.0000,On Hand,06 Oct 2025
QOH,SPAREALBAH,General Spares,OH,Spare Large Burner 4 Burner Hob,0.0000,On Hand,06 Oct 2025
QOH,SPAREALGB117,Cooker Tops,OH,Potjie Cooker Top/Hotwheel Burner,25.0000,On Hand,06 Oct 2025
QOH,SPAREALGK132,General Spares,OH,Spare Knob for Alva BBQ,0.0000,On Hand,06 Oct 2025
QOH,SPAREALGR377,Cylinders/Heaters/General,OH,Burner Head Mesh for Patio Heater,0.0000,On Hand,06 Oct 2025
QOH,SPAREALHKGK106,General Spares,OH,Spare Knob for Roll -about -Heater,0.0000,On Hand,06 Oct 2025
QOH,SPAREALHKNOB,BLOCKED,OH,Alva Heater Knob GH301/302 (107),-2.0000,On Hand,06 Oct 2025
QOH,SPAREALK111,General Spares,OH,GK111 - 3 piece control knob,0.0000,On Hand,06 Oct 2025
QOH,SPAREALK127K,General Spares,OH,GK127 Kingfisher Knob,0.0000,On Hand,06 Oct 2025
QOH,SPAREALKGK109,General Spares,OH,Spare Heater Knobs 300/304/309/310/314,51.0000,On Hand,06 Oct 2025
QOH,SPAREALRHH,BLOCKED,OH,Housing Knob GH304/GH305/GH310 Heaters,0.0000,On Hand,06 Oct 2025
QOH,SPAREAWBH,General Spares,OH,Spare Wok Burner for Hob,0.0000,On Hand,06 Oct 2025
QOH,SPAREBAT,Gas Water Heaters _AND_ Access,OH,Batteries for Geysers (2pk) DURACELL,22.0000,On Hand,06 Oct 2025
QOH,SPAREBB14,BLOCKED,OH,Spare Battery Box for 14lt Zero,0.0000,On Hand,06 Oct 2025
QOH,SPAREBBA,BLOCKED,OH,Spare Water Heater Battery Box (A),0.0000,On Hand,06 Oct 2025
QOH,SPAREBTK,General Spares,OH,Blow Torch Knobs,0.0000,On Hand,06 Oct 2025
QOH,SPAREC98345S55,General Spares,OH,Control Switch/VAlve/Piezo,0.0000,On Hand,06 Oct 2025
QOH,SPARECBBQK,General Spares,OH,Cadac Patio BBQ Knob Plastic (98345S3),0.0000,On Hand,06 Oct 2025
QOH,SPARECCKNOB,Braais _AND_ Products,OH,Chad o' Chef Knob Standard Hob,0.0000,On Hand,06 Oct 2025
QOH,SPARECELG,Lamps _AND_ General,OH,Spare Easilite Lamp Glass - 1170-1,0.0000,On Hand,06 Oct 2025
QOH,SPARECFRI,General Spares,OH,Chip Fryer Ignitor,0.0000,On Hand,06 Oct 2025
QOH,SPAREDB20,BLOCKED,OH,Diaphragm Backer 20l 61mm,0.0000,On Hand,06 Oct 2025
QOH,SPAREDE14ZGS,Gas Water Heaters _AND_ Access,OH,14litre Zero Delta Gas Section,0.0000,On Hand,06 Oct 2025
QOH,SPAREDE16D,BLOCKED,OH,16litre Geyser Display,0.0000,On Hand,06 Oct 2025
QOH,SPAREDE16EC,Gas Water Heaters _AND_ Access,OH,16litre Electronic Controller,0.0000,On Hand,06 Oct 2025
QOH,SPAREDE16GI,Gas Water Heaters _AND_ Access,OH,12/16/20lt Water heater Gas Inlet only,0.0000,On Hand,06 Oct 2025
QOH,SPAREDE16LHE,Gas Water Heaters _AND_ Access,OH,16litre Low Pressure - Heat Exchanger,0.0000,On Hand,06 Oct 2025
QOH,SPAREDE20HE,Gas Water Heaters _AND_ Access,OH,20litre Heat Exchanger,0.0000,On Hand,06 Oct 2025
QOH,SPAREDE20S,Gas Water Heaters _AND_ Access,OH,20litre Solenoid,0.0000,On Hand,06 Oct 2025
QOH,SPAREDE3HVH,Cylinders/Heaters/General,OH,3 Panel Heater Valve Housing (Del),15.0000,On Hand,06 Oct 2025
QOH,SPAREDE5.5GS,Gas Water Heaters _AND_ Access,OH,Gas Section 5.5lt Delta Geyser,0.0000,On Hand,06 Oct 2025
QOH,SPAREDE50BD,BLOCKED,OH,50mm Black Diaphragm ( Delta),0.0000,On Hand,06 Oct 2025
QOH,SPAREDE54D,BLOCKED,OH,54mm Diaphragm (Delta),0.0000,On Hand,06 Oct 2025
QOH,SPAREDE5LC,Gas Water Heaters _AND_ Access,OH,5.5litre Ignition Controller - Delta,0.0000,On Hand,06 Oct 2025
QOH,SPAREDEB12BC,Gas Piping,OH,Circlip - 1/2inch Brass,0.0000,On Hand,06 Oct 2025
QOH,SPAREDEB12BG,Gas Piping,OH,Gasket - 1/2inch Brass,0.0000,On Hand,06 Oct 2025
QOH,SPAREDEBD85,Gas Water Heaters _AND_ Access,OH,85mm Black Diaphragm,0.0000,On Hand,06 Oct 2025
QOH,SPAREDED87,Gas Water Heaters _AND_ Access,OH,87mm Black Diaphragm,15.0000,On Hand,06 Oct 2025
QOH,SPAREDEECD,Gas Water Heaters _AND_ Access,OH,Electronic Controller 8/10/12 litres,0.0000,On Hand,06 Oct 2025
QOH,SPAREDEECZ,Gas Water Heaters _AND_ Access,OH,Electronic Controller - Zero Start (Del),1.0000,On Hand,06 Oct 2025
QOH,SPAREDEGPV12FFZ,Gas Water Heaters _AND_ Access,OH,Gas Proportional Valve for Typhoon 12LFF,0.0000,On Hand,06 Oct 2025
QOH,SPAREDEGWIC12,Gas Water Heaters _AND_ Access,OH,Gas _AND_ Water Inlet Complete - 12litre,0.0000,On Hand,06 Oct 2025
QOH,SPAREDEGWSC1216,Gas Water Heaters _AND_ Access,OH,Gas/Water Section Complete 12l/16l (Del),0.0000,On Hand,06 Oct 2025
QOH,SPAREDEHK2,Cylinders/Heaters/General,OH,2 Panel Heater Spare Knob (Del),10.0000,On Hand,06 Oct 2025
QOH,SPAREDEHK3,Cylinders/Heaters/General,OH,3 Panel Heater Spare Knob (Del),1.0000,On Hand,06 Oct 2025
QOH,SPAREDEHW,Cylinders/Heaters/General,OH,Caster/Wheel Heater (Del),34.0000,On Hand,06 Oct 2025
QOH,SPAREDEIB4B,Stove _AND_ Hobs,OH,Ignitor Box - 4 burner hob,0.0000,On Hand,06 Oct 2025
QOH,SPAREDEIB5B,Stove _AND_ Hobs,OH,Ignitor Box - 5 Burner Hob,0.0000,On Hand,06 Oct 2025
QOH,SPAREDEIGHG014,Stove _AND_ Hobs,OH,Ignition Wire/Ceramic/4 burner Hob HG014,0.0000,On Hand,06 Oct 2025
QOH,SPAREDEJ3H,General Spares,OH,Jet ODS for 3 Panel Heater,20.0000,On Hand,06 Oct 2025
QOH,SPAREDEJH2H,Cylinders/Heaters/General,OH,Spare Jet _AND_ Holder for 2 Panel heater,4.0000,On Hand,06 Oct 2025
QOH,SPAREDEJH3H,Cylinders/Heaters/General,OH,Jet _AND_ Holder for 3 Panel Heater,10.0000,On Hand,06 Oct 2025
QOH,SPAREDEJS4B,Stove _AND_ Hobs,OH,Hob Spares - Jet Set 4 Burner,0.0000,On Hand,06 Oct 2025
QOH,SPAREDEJS5B,Stove _AND_ Hobs,OH,Hob Spares - Jet Set 5 Burner,0.0000,On Hand,06 Oct 2025
QOH,SPAREDEKHCD,Stove _AND_ Hobs,OH,8mm Circular Design knob for Hob,0.0000,On Hand,06 Oct 2025
QOH,SPAREDEKHM,Stove _AND_ Hobs,OH,6mm Metal Knob for Hob,0.0000,On Hand,06 Oct 2025
QOH,SPAREDEMS,Gas Water Heaters _AND_ Access,OH,Micro Switch (2 wires),0.0000,On Hand,06 Oct 2025
QOH,SPAREDEMSWB,Gas Water Heaters _AND_ Access,OH,Microswitch with Bracket attached,73.0000,On Hand,06 Oct 2025
QOH,SPAREDENZTD,Gas Water Heaters _AND_ Access,OH,Temperature Display Zero Start,0.0000,On Hand,06 Oct 2025
QOH,SPAREDEOFS,Gas Water Heaters _AND_ Access,OH,Spare On/Off Switch (Delta),0.0000,On Hand,06 Oct 2025
QOH,SPAREDEOPVC,Gas Water Heaters _AND_ Access,OH,Drain Screw - coarse thread,0.0000,On Hand,06 Oct 2025
QOH,SPAREDEOPVF,Gas Water Heaters _AND_ Access,OH,Drain Screw - fine thread,0.0000,On Hand,06 Oct 2025
QOH,SPAREDEPVCT,Gas Water Heaters _AND_ Access,OH,Proportional Valve Contstant Temp,0.0000,On Hand,06 Oct 2025
QOH,SPAREDESPG138,Gas Water Heaters _AND_ Access,OH,Gas Valve with 2 Solenoid Valve - Zero,0.0000,On Hand,06 Oct 2025
QOH,SPAREDESPS012,Stove _AND_ Hobs,OH,Knob for Hob - 8mm Circular design,0.0000,On Hand,06 Oct 2025
QOH,SPAREDESPS014,Stove _AND_ Hobs,OH,Hob Pan Support - Silicone,10.0000,On Hand,06 Oct 2025
QOH,SPAREDETDR,Gas Water Heaters _AND_ Access,OH,Temperature Display - Round (Delta),3.0000,On Hand,06 Oct 2025
QOH,SPAREDETDS,BLOCKED,OH,Temperature Display - Square,0.0000,On Hand,06 Oct 2025
QOH,SPAREDEWF,Gas Water Heaters _AND_ Access,OH,Water Filter for Geysers,2.0000,On Hand,06 Oct 2025
QOH,SPAREDEWFSZ,Gas Water Heaters _AND_ Access,OH,Water Flow Sensor - Zero Start (Delta),11.0000,On Hand,06 Oct 2025
QOH,SPAREDEWIAV,Gas Water Heaters _AND_ Access,OH,Water Inlet Adjusting Valve,0.0000,On Hand,06 Oct 2025
QOH,SPAREDEWIAVK,Gas Water Heaters _AND_ Access,OH,Water Inlet Adjusting Valve with knob,0.0000,On Hand,06 Oct 2025
QOH,SPAREDEWSC12Z,Gas Water Heaters _AND_ Access,OH,Water Section Complete - 12litre Zero,0.0000,On Hand,06 Oct 2025
QOH,SPAREDEWSI10L,Gas Water Heaters _AND_ Access,OH,Water Section Incomplete 10Lt Delta,-1.0000,On Hand,06 Oct 2025
QOH,SPAREDH10/12D,Gas Water Heaters _AND_ Access,OH,Spare 10lt-12l Diaphragm - Medium,59.0000,On Hand,06 Oct 2025
QOH,SPAREDH10/12R,Gas Water Heaters _AND_ Access,OH,Radiator 10/12litre S/S,0.0000,On Hand,06 Oct 2025
QOH,SPAREDH12CIC,Gas Water Heaters _AND_ Access,OH,Ignition Controller 12lt CT NEWCT03,0.0000,On Hand,06 Oct 2025
QOH,SPAREDH12CTR,Gas Water Heaters _AND_ Access,OH,12lt CT Heat Exchanger,0.0000,On Hand,06 Oct 2025
QOH,SPAREDH12GC,Gas Water Heaters _AND_ Access,OH,Spare 12litre Gas Chamber - DEWHOT,0.0000,On Hand,06 Oct 2025
QOH,SPAREDH12LGVA,BLOCKED,OH,Gas Valve Assembly 12litre,0.0000,On Hand,06 Oct 2025
QOH,SPAREDH12LPC,Gas Water Heaters _AND_ Access,OH,Low Pressure Ignition Controller,0.0000,On Hand,06 Oct 2025
QOH,SPAREDH12LPGVA,Gas Water Heaters _AND_ Access,OH,12lt LP Gas Valve Assembly Dewhot,-1.0000,On Hand,06 Oct 2025
QOH,SPAREDH12LPWIA,Gas Water Heaters _AND_ Access,OH,12litre LP Water Inlet Assembly,0.0000,On Hand,06 Oct 2025
QOH,SPAREDH12LPWIS,Gas Water Heaters _AND_ Access,OH,Water Inlet Sensor - 12LP,10.0000,On Hand,06 Oct 2025
QOH,SPAREDH12LR,Gas Water Heaters _AND_ Access,OH,Spare 12litre LP - Radiator,0.0000,On Hand,06 Oct 2025
QOH,SPAREDH12SS-RAD,Gas Water Heaters _AND_ Access,OH,Radiator - 12L - S/S,0.0000,On Hand,06 Oct 2025
QOH,SPAREDH12WS,Gas Water Heaters _AND_ Access,OH,Water inlet / diaphragm complete,1.0000,On Hand,06 Oct 2025
QOH,SPAREDH16CD,Gas Water Heaters _AND_ Access,OH,Diaphragm 16CT -LHS,3.0000,On Hand,06 Oct 2025
QOH,SPAREDH16CDR,Gas Water Heaters _AND_ Access,OH,Diaphragm 16CT - RHS,3.0000,On Hand,06 Oct 2025
QOH,SPAREDH16CGPA,Gas Water Heaters _AND_ Access,OH,16CT Gas Pilot ignitor  flame out sensor,1.0000,On Hand,06 Oct 2025
QOH,SPAREDH16CGS,Gas Water Heaters _AND_ Access,OH,Complete Gas Section 16l incl solenoid,1.0000,On Hand,06 Oct 2025
QOH,SPAREDH16CGSF,Gas Water Heaters _AND_ Access,OH,Complete Gas Section 16litre S/S Flanged,0.0000,On Hand,06 Oct 2025
QOH,SPAREDH16CIC,Gas Water Heaters _AND_ Access,OH,Ignition Controller 16lt CT old,5.0000,On Hand,06 Oct 2025
QOH,SPAREDH16CICN,Gas Water Heaters _AND_ Access,OH,Ignition Contr 16lt CT New Black LCD,-1.0000,On Hand,06 Oct 2025
QOH,SPAREDH16CLCD,Gas Water Heaters _AND_ Access,OH,LCD Display 16lt CT - NEW,0.0000,On Hand,06 Oct 2025
QOH,SPAREDH16CLG,BLOCKED,OH,Loom to Gas Section 16lt CT,-1.0000,On Hand,06 Oct 2025
QOH,SPAREDH16CLL,Gas Water Heaters _AND_ Access,OH,Loom to LCD - 16lt CT OLD 102020,8.0000,On Hand,06 Oct 2025
QOH,SPAREDH16CTB,BLOCKED,OH,Battery Box 16lt CT,0.0000,On Hand,06 Oct 2025
QOH,SPAREDH16CTR,Gas Water Heaters _AND_ Access,OH,Spare 16lt CT - Radiator,0.0000,On Hand,06 Oct 2025
QOH,SPAREDH16CTRADC,Gas Water Heaters _AND_ Access,OH,16lt CT Copper Radiator,0.0000,On Hand,06 Oct 2025
QOH,SPAREDH16CVA,Gas Water Heaters _AND_ Access,OH,Valve Assembly/Gas Section CT,0.0000,On Hand,06 Oct 2025
QOH,SPAREDH16CWFS,Gas Water Heaters _AND_ Access,OH,Water Flow Sensor 16lt CT,0.0000,On Hand,06 Oct 2025
QOH,SPAREDH16CWIS,BLOCKED,OH,Water Inlet Temp Sensor 16lt CT,1.0000,On Hand,06 Oct 2025
QOH,SPAREDH16CWOS,BLOCKED,OH,Water Outlet Temp Sensor 16lt CT,0.0000,On Hand,06 Oct 2025
QOH,SPAREDH16D,Gas Water Heaters _AND_ Access,OH,Spare 16lt Diaphragm - Large,12.0000,On Hand,06 Oct 2025
QOH,SPAREDH16EDCGS,Gas Water Heaters _AND_ Access,OH,Compete Gas Section - 16litre Ecodew,0.0000,On Hand,06 Oct 2025
QOH,SPAREDH16EDCONT,Gas Water Heaters _AND_ Access,OH,16lt Ecodew Contoller,0.0000,On Hand,06 Oct 2025
QOH,SPAREDH16EDRAD,Gas Water Heaters _AND_ Access,OH,16 Litre Ecodew Radiator,0.0000,On Hand,06 Oct 2025
QOH,SPAREDH16EFRAD,Gas Water Heaters _AND_ Access,OH,16litre EcoFLow Radiator,0.0000,On Hand,06 Oct 2025
QOH,SPAREDH16EVA,Gas Water Heaters _AND_ Access,OH,Valve Assembly/Gas Section Comp 16lt ED,1.0000,On Hand,06 Oct 2025
QOH,SPAREDH16LGC,Gas Water Heaters _AND_ Access,OH,Spare 16lt Gas Chamber - DEWHOT,0.0000,On Hand,06 Oct 2025
QOH,SPAREDH16SSRADF,Gas Water Heaters _AND_ Access,OH,16lt S/S Radiator Flanged,0.0000,On Hand,06 Oct 2025
QOH,SPAREDH16VCAC,Gas Water Heaters _AND_ Access,OH,Valve Control Ass Complete - 16lt Thread,0.0000,On Hand,06 Oct 2025
QOH,SPAREDH16VCACF,Gas Water Heaters _AND_ Access,OH,Valve Control Assembly Comp 16lt-Flanged,1.0000,On Hand,06 Oct 2025
QOH,SPAREDH16WIDCF,Gas Water Heaters _AND_ Access,OH,16lt S/S Water Inlet/Diaph Comp Flanged,0.0000,On Hand,06 Oct 2025
QOH,SPAREDH16WIDCT,BLOCKED,OH,16lt S/S Water inlet/Diaphragm - Thread,0.0000,On Hand,06 Oct 2025
QOH,SPAREDH20FFDF,Gas Water Heaters _AND_ Access,OH,20lt Fan Forced Draught Fan,1.0000,On Hand,06 Oct 2025
QOH,SPAREDH20FFIC,Gas Water Heaters _AND_ Access,OH,20litre Fan Forced Ignition Controller,0.0000,On Hand,06 Oct 2025
QOH,SPAREDH20OPV,Gas Water Heaters _AND_ Access,OH,20litre Over Pressurization Valve,0.0000,On Hand,06 Oct 2025
QOH,SPAREDH2BBASEL,Stove _AND_ Hobs,OH,2 Burner S/S Base Large,0.0000,On Hand,06 Oct 2025
QOH,SPAREDH2BBASES,Stove _AND_ Hobs,OH,2 Burber S/S Base Small,0.0000,On Hand,06 Oct 2025
QOH,SPAREDH2BDISTL,Stove _AND_ Hobs,OH,2 Bunrer S/S Distribution Large,0.0000,On Hand,06 Oct 2025
QOH,SPAREDH2BDISTS,Stove _AND_ Hobs,OH,2 Burner S/S Distribution Small,0.0000,On Hand,06 Oct 2025
QOH,SPAREDH2BLARC,Stove _AND_ Hobs,OH,2 Burner S/S Large Burner Cap,0.0000,On Hand,06 Oct 2025
QOH,SPAREDH2BPANS,Stove _AND_ Hobs,OH,2 Burner S/S Pan support,0.0000,On Hand,06 Oct 2025
QOH,SPAREDH2BPS,Stove _AND_ Hobs,OH,2 Burner Hob Pan Support,0.0000,On Hand,06 Oct 2025
QOH,SPAREDH2BSMLLC,Stove _AND_ Hobs,OH,2 Burner S/S Small Burner Cap,0.0000,On Hand,06 Oct 2025
QOH,SPAREDH5GVA,Gas Water Heaters _AND_ Access,OH,5litre LP Gas Valve Assembly,1.0000,On Hand,06 Oct 2025
QOH,SPAREDH5LC,Gas Water Heaters _AND_ Access,OH,5litre LP Controller no LCD,0.0000,On Hand,06 Oct 2025
QOH,SPAREDH5LCL,Cylinders/Heaters/General,OH,5lt LP Controller with LCD,0.0000,On Hand,06 Oct 2025
QOH,SPAREDH5LFS,Gas Water Heaters _AND_ Access,OH,5litre Flow Sensor,9.0000,On Hand,06 Oct 2025
QOH,SPAREDH5LPWIA,Gas Water Heaters _AND_ Access,OH,5LP Water Inlet Assembly,0.0000,On Hand,06 Oct 2025
QOH,SPAREDH5LSS,Gas Water Heaters _AND_ Access,OH,5ltre LP Secondary Solenoid,2.0000,On Hand,06 Oct 2025
QOH,SPAREDH5R,Gas Water Heaters _AND_ Access,OH,5litre LP spare Radiator,0.0000,On Hand,06 Oct 2025
QOH,SPAREDH6-12CGS,Gas Water Heaters _AND_ Access,OH,Complete Gas Section 6l-12l inc solenoid,1.0000,On Hand,06 Oct 2025
QOH,SPAREDH6-12VCAC,Gas Water Heaters _AND_ Access,OH,Valve Control Assembly Complete 6-12 S/S,2.0000,On Hand,06 Oct 2025
QOH,SPAREDH6HE,Gas Water Heaters _AND_ Access,OH,Spare Heater Exchanger 6litre Geyser,0.0000,On Hand,06 Oct 2025
QOH,SPAREDH8LD,BLOCKED,OH,Spare Small Diaphragm Black - 50mm,0.0000,On Hand,06 Oct 2025
QOH,SPAREDH8SSRAD,Gas Water Heaters _AND_ Access,OH,8litre S/S Radiator,0.0000,On Hand,06 Oct 2025
QOH,SPAREDHBB,Gas Water Heaters _AND_ Access,OH,Spare Double Battery Box S/S or LP,44.0000,On Hand,06 Oct 2025
QOH,SPAREDHBBCT,BLOCKED,OH,Battery Box 16lt CT,0.0000,On Hand,06 Oct 2025
QOH,SPAREDHBBLP,BLOCKED,OH,Battery Box - Low Pressure,0.0000,On Hand,06 Oct 2025
QOH,SPAREDHBCT,Gas Water Heaters _AND_ Access,OH,Spare - Burner CT DH,0.0000,On Hand,06 Oct 2025
QOH,SPAREBDL73,Gas Water Heaters _AND_ Access,OH,Black Diaphragm Large 73mm 16lt,20.0000,On Hand,06 Oct 2025
QOH,SPAREBD54,Gas Water Heaters _AND_ Access,OH,Black Diaphragm Medium 54mm 6-12,53.0000,On Hand,06 Oct 2025
QOH,SPAREDHCB,Gas Water Heaters _AND_ Access,OH,Ignition Control Box S/S,4.0000,On Hand,06 Oct 2025
QOH,SPAREDHCEC8/12,Gas Water Heaters _AND_ Access,OH,Controller - Ecodew 8/12litre (10033),0.0000,On Hand,06 Oct 2025
QOH,SPAREDHCKORING,Gas Water Heaters _AND_ Access,OH,Dewhot Control Knob Oring,10.0000,On Hand,06 Oct 2025
QOH,SPAREDHCR110,Gas Water Heaters _AND_ Access,OH,Spare roof - medium (110),13.0000,On Hand,06 Oct 2025
QOH,SPAREDHCR130,Gas Water Heaters _AND_ Access,OH,Spare roof - Large (130),9.0000,On Hand,06 Oct 2025
QOH,SPAREDHCR130XL,Gas Water Heaters _AND_ Access,OH,Spare roof - extra large (130),5.0000,On Hand,06 Oct 2025
QOH,SPAREDHCTBBD,BLOCKED,OH,Double Battery Box - CT,0.0000,On Hand,06 Oct 2025
QOH,SPAREDHCTFOS,Gas Water Heaters _AND_ Access,OH,Flame Out Sensor - CT,0.0000,On Hand,06 Oct 2025
QOH,SPAREDHCTSBB,BLOCKED,OH,Single Battery Box - CT,0.0000,On Hand,06 Oct 2025
QOH,SPAREDHCTWIA,Gas Water Heaters _AND_ Access,OH,Water Inlet Assembly - CT,0.0000,On Hand,06 Oct 2025
QOH,SPAREDHDB10/12,BLOCKED,OH,Diaphragm Backer 10l-12l,3.0000,On Hand,06 Oct 2025
QOH,SPAREDHDB16,Gas Water Heaters _AND_ Access,OH,Diaphragm Backer 16l 52mm,27.0000,On Hand,06 Oct 2025
QOH,SPAREDHDB6/8,Gas Water Heaters _AND_ Access,OH,Diaphragm Backer 6l-12l 38mm,18.0000,On Hand,06 Oct 2025
QOH,SPAREDHDBBCT,Gas Water Heaters _AND_ Access,OH,Double Battery Box for New Type CT,-11.0000,On Hand,06 Oct 2025
QOH,SPAREDHDCTLHS,Gas Water Heaters _AND_ Access,OH,Diaphragm CT - LHS,0.0000,On Hand,06 Oct 2025
QOH,SPAREDHDCTRHS,Gas Water Heaters _AND_ Access,OH,Diaphragm CT - RHS,0.0000,On Hand,06 Oct 2025
QOH,SPAREDHDP02,Gas Water Heaters _AND_ Access,OH,Diaphragm plunger Medium,13.0000,On Hand,06 Oct 2025
QOH,SPAREDHDP01,Gas Water Heaters _AND_ Access,OH,Diaphragm Plunger Small,33.0000,On Hand,06 Oct 2025
QOH,SPAREDHDP03,Gas Water Heaters _AND_ Access,OH,Diaphragm Plunger Large,15.0000,On Hand,06 Oct 2025
QOH,SPAREDHED8,BLOCKED,OH,Spare Radiator Washer 8litre Ecodew,0.0000,On Hand,06 Oct 2025
QOH,SPAREDHEDDPLL,Gas Water Heaters _AND_ Access,OH,Diaphragm Plunger Ecodew - Large,0.0000,On Hand,06 Oct 2025
QOH,SPAREDHEDLCD,Gas Water Heaters _AND_ Access,OH,LCD screen for Ecodew,0.0000,On Hand,06 Oct 2025
QOH,SPAREDHF,Gas Water Heaters _AND_ Access,OH,Spare Diaphragm Ferrules,50.0000,On Hand,06 Oct 2025
QOH,SPAREDHFOS12L,Gas Water Heaters _AND_ Access,OH,Flame Out Sensor 12litre LP/ED,1.0000,On Hand,06 Oct 2025
QOH,SPAREDHFOSP,Gas Water Heaters _AND_ Access,OH,Flame Out Sensor P Type,9.0000,On Hand,06 Oct 2025
QOH,SPAREDHTS85,Gas Water Heaters _AND_ Access,OH,Temperature Sensor 85c,9.0000,On Hand,06 Oct 2025
QOH,SPAREDHTS85,BLOCKED,OH,Temperature Sensor 85c,9.0000,On Hand,06 Oct 2025
QOH,SPAREDHGF1/2,Gas Water Heaters _AND_ Access,OH,Gas Filter 1/2inch for Gas Water Heater,16.0000,On Hand,06 Oct 2025
QOH,SPAREDHGF3/4,Gas Water Heaters _AND_ Access,OH,Gas Filter 3/4inch for Gas Water Heater,0.0000,On Hand,06 Oct 2025
QOH,SPAREDHGK,Gas Water Heaters _AND_ Access,OH,Spare Geyser Knob - Dewhot S/S,10.0000,On Hand,06 Oct 2025
QOH,SPAREDHGKED,Gas Water Heaters _AND_ Access,OH,Spare Geyser Knobs - Ecodew,-10.0000,On Hand,06 Oct 2025
QOH,SPAREDHGPA,Gas Water Heaters _AND_ Access,OH,SPARE - Gas Pilot Assembly CT DH,0.0000,On Hand,06 Oct 2025
QOH,SPAREDHGT12,Gas Water Heaters _AND_ Access,OH,Spare Gas Tail Piece 12litre - Dewhot,0.0000,On Hand,06 Oct 2025
QOH,SPAREDHGT16,Gas Water Heaters _AND_ Access,OH,Spare Gas Tail Piece 16litre - Dewhot,0.0000,On Hand,06 Oct 2025
QOH,SPAREDHICCT,BLOCKED,OH,SPARE - Ignition Controller CT DH,0.0000,On Hand,06 Oct 2025
QOH,SPAREDHIP,Gas Water Heaters _AND_ Access,OH,Ignition Pins - DEWHOT,2.0000,On Hand,06 Oct 2025
QOH,SPAREDHIPL,Gas Water Heaters _AND_ Access,OH,Ignitor Pins Left - Dewhot,0.0000,On Hand,06 Oct 2025
QOH,SPAREDHLCD,Gas Water Heaters _AND_ Access,OH,LCD Display - DEWHOT,1.0000,On Hand,06 Oct 2025
QOH,SPAREDHLCDCT,BLOCKED,OH,Spare - LCD CT DH,0.0000,On Hand,06 Oct 2025
QOH,SPAREDHLG470K,Gas Water Heaters _AND_ Access,OH,Loom to Gas CT 470k (Original),0.0000,On Hand,06 Oct 2025
QOH,SPAREDHLGS,Gas Water Heaters _AND_ Access,OH,Loom to Gas Section CT 1.5K,2.0000,On Hand,06 Oct 2025
QOH,SPAREDHLLCD,Gas Water Heaters _AND_ Access,OH,Loom to LCD CT (New),8.0000,On Hand,06 Oct 2025
QOH,SPAREDHLPEDIPR,Gas Water Heaters _AND_ Access,OH,Ignitor Pins Right LP/ED - Dewhot,0.0000,On Hand,06 Oct 2025
QOH,SPAREDHLPLCD,Gas Water Heaters _AND_ Access,OH,LCD display - Low Pressure,0.0000,On Hand,06 Oct 2025
QOH,SPAREDHMS,Gas Water Heaters _AND_ Access,OH,Micro Switch,96.0000,On Hand,06 Oct 2025
QOH,SPAREDHMSWH,Gas Water Heaters _AND_ Access,OH,Holder for Microswitch,14.0000,On Hand,06 Oct 2025
QOH,SPAREDHNSL,Gas Water Heaters _AND_ Access,OH,Nesting Spring (Large),0.0000,On Hand,06 Oct 2025
QOH,SPAREDHNSS,Gas Water Heaters _AND_ Access,OH,Nesting Spring (Small),0.0000,On Hand,06 Oct 2025
QOH,SPAREDHNV,Gas Water Heaters _AND_ Access,OH,Non Return Valves - all,16.0000,On Hand,06 Oct 2025
QOH,SPAREDHO/OSU,Gas Water Heaters _AND_ Access,OH,ON/OFF Switches with protection cover,0.0000,On Hand,06 Oct 2025
QOH,SPAREDHOK,BLOCKED,OH,Spare O'Ring Kit - Dewhot,0.0000,On Hand,06 Oct 2025
QOH,SPAREDHOPVL,Gas Water Heaters _AND_ Access,OH,Over Pressurization Valve (Long),0.0000,On Hand,06 Oct 2025
QOH,SPAREDHOPVS,Gas Water Heaters _AND_ Access,OH,Over Pressurization Valve (Short),0.0000,On Hand,06 Oct 2025
QOH,SPAREDHORK,Gas Water Heaters _AND_ Access,OH,O' Ring for solenoid,0.0000,On Hand,06 Oct 2025
QOH,SPAREDHOTS,Gas Water Heaters _AND_ Access,OH,Outlet Temp Sensor LP _AND_ S/S (Blue/Black),9.0000,On Hand,06 Oct 2025
QOH,SPAREDHRS20FLL,Gas Water Heaters _AND_ Access,OH,Spare 20lt FF Flue Large,0.0000,On Hand,06 Oct 2025
QOH,SPAREDHRS20OWTS,Gas Water Heaters _AND_ Access,OH,20lt Fan Forced Outlet Water Temp Sensor,0.0000,On Hand,06 Oct 2025
QOH,SPAREDHRUBWAS,Gas Water Heaters _AND_ Access,OH,Spare Dewhot Rubber Washers,2.0000,On Hand,06 Oct 2025
QOH,SPAREDHRW1012SS,Gas Water Heaters _AND_ Access,OH,Radiator Washer 10/12 SS,-8.0000,On Hand,06 Oct 2025
QOH,SPAREDHRW16SS,Gas Water Heaters _AND_ Access,OH,Radiator Washer 16 S/S,0.0000,On Hand,06 Oct 2025
QOH,SPAREDHRW6S/S,Gas Water Heaters _AND_ Access,OH,Radiator Washer 6 S/S,0.0000,On Hand,06 Oct 2025
QOH,SPAREDHRW8ED,Gas Water Heaters _AND_ Access,OH,Radiator Washer 8litre Ecodew,10.0000,On Hand,06 Oct 2025
QOH,SPAREDHRW8SS,BLOCKED,OH,Radiator Washer 8 S/S,0.0000,On Hand,06 Oct 2025
QOH,SPAREDHRWED12,Gas Water Heaters _AND_ Access,OH,Radiator Washer 12litre Ecodew,10.0000,On Hand,06 Oct 2025
QOH,SPAREDHRWED16,Gas Water Heaters _AND_ Access,OH,Radiator Washer 16litre Ecodew,10.0000,On Hand,06 Oct 2025
QOH,SPAREDHS,Gas Water Heaters _AND_ Access,OH,Solenoid first stage - DEWHOT,0.0000,On Hand,06 Oct 2025
QOH,SPAREDHSBBCT,Gas Water Heaters _AND_ Access,OH,Single Battery Box for Old Type CT,5.0000,On Hand,06 Oct 2025
QOH,SPARESDL73,Gas Water Heaters _AND_ Access,OH,Silicone Diaphragm Large 73mm 16lt,15.0000,On Hand,06 Oct 2025
QOH,SPARESDM54,Gas Water Heaters _AND_ Access,OH,Silicone Diaphragm Medium 54mm 6-12,28.0000,On Hand,06 Oct 2025
QOH,SPARESDS,Gas Water Heaters _AND_ Access,OH,Silicone Diaphragm Small (Dewhot),0.0000,On Hand,06 Oct 2025
QOH,SPARESDXL87,Gas Water Heaters _AND_ Access,OH,Silicone Diaphragm 87mm,0.0000,On Hand,06 Oct 2025
QOH,SPAREDHSS,Gas Water Heaters _AND_ Access,OH,Solenoid Small (8 - 16L),21.0000,On Hand,06 Oct 2025
QOH,SPAREDHTS,Gas Water Heaters _AND_ Access,OH,Outlet Temperature Sensor - Dewhot,0.0000,On Hand,06 Oct 2025
QOH,SPAREDHTS110,Gas Water Heaters _AND_ Access,OH,110 degree temp sensor,0.0000,On Hand,06 Oct 2025
QOH,SPAREDHTS130,Gas Water Heaters _AND_ Access,OH,Temp Sensor 12LP - 130 deg,5.0000,On Hand,06 Oct 2025
QOH,SPAREDHTS140,Gas Water Heaters _AND_ Access,OH,Temperature Sensor 140 degree,12.0000,On Hand,06 Oct 2025
QOH,SPAREDHTS75,Gas Water Heaters _AND_ Access,OH,Temperature Sensor 75c,15.0000,On Hand,06 Oct 2025
QOH,SPAREDHTS85,Gas Water Heaters _AND_ Access,OH,Temperature Sensor - 85degrees,0.0000,On Hand,06 Oct 2025
QOH,SPAREDHTS85,BLOCKED,OH,Temperature Sensor - 85degrees,0.0000,On Hand,06 Oct 2025
QOH,SPAREDHWI10,BLOCKED,OH,Spare Water Inlet 10litre - Dewhot,0.0000,On Hand,06 Oct 2025
QOH,SPAREDHWI12,BLOCKED,OH,Spare Water Inlet 12litre - Dewhot,0.0000,On Hand,06 Oct 2025
QOH,SPAREDHWI16,BLOCKED,OH,Spare Water Inlet 16litre - Dewhot,0.0000,On Hand,06 Oct 2025
QOH,SPAREDHWI6,BLOCKED,OH,Spare Water Inlet 6 litre - Dewhot,0.0000,On Hand,06 Oct 2025
QOH,SPAREDHWIDC6/12,Gas Water Heaters _AND_ Access,OH,Gas Inlet/Diaphragm Complete 6-12l S/S,2.0000,On Hand,06 Oct 2025
QOH,SPAREDHWIS16,Gas Water Heaters _AND_ Access,OH,Water Inlet Stem - 16s/s,0.0000,On Hand,06 Oct 2025
QOH,SPAREDHWIS6/12,Gas Water Heaters _AND_ Access,OH,Water Inlet Stem - 6/12s/s,0.0000,On Hand,06 Oct 2025
QOH,SPAREDHWITSCT,Gas Water Heaters _AND_ Access,OH,Water Inlet Temp Sensor CT DH,8.0000,On Hand,06 Oct 2025
QOH,SPAREDHWOTSCT,Gas Water Heaters _AND_ Access,OH,Water Outlet Temp Sensor CT DH,3.0000,On Hand,06 Oct 2025
QOH,SPAREDHWS12LP,Gas Water Heaters _AND_ Access,OH,Water Flow Sensor Low Pressure W/H,26.0000,On Hand,06 Oct 2025
QOH,SPAREDHWS16CT,BLOCKED,OH,Water Flow Sensor 16lt CT,0.0000,On Hand,06 Oct 2025
QOH,SPAREDLMPL,Gas Water Heaters _AND_ Access,OH,Medium Diaphragm Plunger,0.0000,On Hand,06 Oct 2025
QOH,SPAREDWRZ,Gas Water Heaters _AND_ Access,OH,Water Regulator Zero,0.0000,On Hand,06 Oct 2025
QOH,SPAREDZFWI,Gas Water Heaters _AND_ Access,OH,Zero Flow Water Inlet (Black),0.0000,On Hand,06 Oct 2025
QOH,SPAREFS105D,Gas Water Heaters _AND_ Access,OH,Temperature Sensor 105degrees - 5lt,4.0000,On Hand,06 Oct 2025
QOH,SPAREFS85S,BLOCKED,OH,Flue Sensor 85degrees 6-16lt Straight,0.0000,On Hand,06 Oct 2025
QOH,SPAREGCE501,Brass Fittings,OH,Relief valve 1/4,0.0000,On Hand,06 Oct 2025
QOH,SPAREGD20L,Gas Water Heaters _AND_ Access,OH,16 - 20l Water Heater diaphragm,0.0000,On Hand,06 Oct 2025
QOH,SPAREGK109,BLOCKED,OH,Spare Knob GH300/304/310/314,10.0000,On Hand,06 Oct 2025
QOH,SPAREGK132,General Spares,OH,Spare BBQ Knob - Neptune/Pheonix,0.0000,On Hand,06 Oct 2025
QOH,SPAREGK132C,General Spares,OH,Spare Knob Casing BBQ - Pheonix/Neptune,0.0000,On Hand,06 Oct 2025
QOH,SPAREGMSW,BLOCKED,OH,Spare Microswith for Geysers with holder,-1.0000,On Hand,06 Oct 2025
QOH,SPAREGPCB20FF,Gas Water Heaters _AND_ Access,OH,PC Board for 20Litre Force Fed Geyser,0.0000,On Hand,06 Oct 2025
QOH,SPAREGSOLN16,Gas Water Heaters _AND_ Access,OH,Spares - Solenoid 16litre,0.0000,On Hand,06 Oct 2025
QOH,SPAREGSOLV20LFF,Gas Water Heaters _AND_ Access,OH,Solanoid Valve for 20L Force Fed Geyser,0.0000,On Hand,06 Oct 2025
QOH,SPAREGWI20LFF,Gas Water Heaters _AND_ Access,OH,Water Inlet for 20l Force Fed Geyser,0.0000,On Hand,06 Oct 2025
QOH,SPAREH6BS,Stove _AND_ Hobs,OH,Handle for 6 Burner Stove,0.0000,On Hand,06 Oct 2025
QOH,SPAREHPIECE,Brass Fittings,OH,H Piece for CF Burners,94.0000,On Hand,06 Oct 2025
QOH,SPAREHPODS,Cylinders/Heaters/General,OH,Spare Heater Pilot and ODS Complete,5.0000,On Hand,06 Oct 2025
QOH,SPAREIPGH,Stove _AND_ Hobs,OH,Spare Ignitor Pins for Gas Hob,0.0000,On Hand,06 Oct 2025
QOH,SPAREK12LD,Gas Water Heaters _AND_ Access,OH,Spare Kexin 12lt diaphragm,0.0000,On Hand,06 Oct 2025
QOH,SPAREK6PZ,General Spares,OH,Spare Knob for Zero 6 plate stove,0.0000,On Hand,06 Oct 2025
QOH,SPAREKNOB-ALVA2,General Spares,OH,Spare Knob for Alva 2 Plate GK123,0.0000,On Hand,06 Oct 2025
QOH,SPARELCDO16CT,Gas Water Heaters _AND_ Access,OH,LCD - 16CT (Old),3.0000,On Hand,06 Oct 2025
QOH,SPAREMCVKNOB,BLOCKED,OH,Spares - Multicontrolvalve Knob,0.0000,On Hand,06 Oct 2025
QOH,SPAREOFMSS,Gas Water Heaters _AND_ Access,OH,On/Off Microswitch Sensor - DEWHOT,0.0000,On Hand,06 Oct 2025
QOH,SPAREPAK2B,Gas Water Heaters _AND_ Access,OH,Paloma Kitchen Controller Cable,0.0000,On Hand,06 Oct 2025
QOH,SPAREPAMC-101N,Gas Water Heaters _AND_ Access,OH,Paloma Standard Kitchen Controller,0.0000,On Hand,06 Oct 2025
QOH,SPARERHV,Brass Fittings,OH,Valve for Roll-a-Bout Heater,0.0000,On Hand,06 Oct 2025
QOH,SPARERPFSS,Gas Water Heaters _AND_ Access,OH,Refill Pump Fittings Spider Seal GOR,0.0000,On Hand,06 Oct 2025
QOH,SPARES,General Spares,OH,SPARES -,2.0000,On Hand,06 Oct 2025
QOH,SPARESCIPSC,Braais _AND_ Products,OH,Spare Corks for Cast Iron Salt _AND_ Pepper,0.0000,On Hand,06 Oct 2025
QOH,SPARESG16EB,Gas Water Heaters _AND_ Access,OH,16litre Diaphragm Geyser Ignition Box,0.0000,On Hand,06 Oct 2025
QOH,SPARESG16GS,Gas Water Heaters _AND_ Access,OH,Gas Section for 16litre Safegas Geyser,0.0000,On Hand,06 Oct 2025
QOH,SPARESG16LD,Gas Water Heaters _AND_ Access,OH,16litre Diaphragm - Safegas,0.0000,On Hand,06 Oct 2025
QOH,SPARESG16SV,Gas Water Heaters _AND_ Access,OH,16litre Solenoid - Safegas,0.0000,On Hand,06 Oct 2025
QOH,SPARESG5BEB,Stove _AND_ Hobs,OH,Electronic Box 5 Burner Hob,0.0000,On Hand,06 Oct 2025
QOH,SPARESWH16EB,Gas Water Heaters _AND_ Access,OH,Electronic Ignition Box - 20lt Zero,0.0000,On Hand,06 Oct 2025
QOH,SPARET10LD,BLOCKED,OH,10lt Diaphram - 54mm,0.0000,On Hand,06 Oct 2025
QOH,SPARET12/16D,BLOCKED,OH,12/16lt Diaphram - 72mm,0.0000,On Hand,06 Oct 2025
QOH,SPARET16CT,Gas Water Heaters _AND_ Access,OH,16litre CT Electronic Box,0.0000,On Hand,06 Oct 2025
QOH,SPARET16FFGPV,Gas Water Heaters _AND_ Access,OH,Gas Proportional Valve for Typhoon 16LFF,0.0000,On Hand,06 Oct 2025
QOH,SPARET16HE,Gas Water Heaters _AND_ Access,OH,16litre Heat Exchanger - Typhoon CT,0.0000,On Hand,06 Oct 2025
QOH,SPAREBD50,Gas Water Heaters _AND_ Access,OH,Black Diaphram - 50mm,31.0000,On Hand,06 Oct 2025
QOH,SPARETCT010,Gas Water Heaters _AND_ Access,OH,Typhoon Constant Display Wire Loom,0.0000,On Hand,06 Oct 2025
QOH,SPARETCTEWL,Gas Water Heaters _AND_ Access,OH,Constant Temp Electronic Wire Loom,0.0000,On Hand,06 Oct 2025
QOH,SPARETCTPSA,Gas Water Heaters _AND_ Access,OH,Typhoon COnstant Pilot Spark Assembly,0.0000,On Hand,06 Oct 2025
QOH,SPARETCTWFSB,Gas Water Heaters _AND_ Access,OH,Typhoon Constant Water Flow Sensor Bent,0.0000,On Hand,06 Oct 2025
QOH,SPARETCTWIV16,Gas Water Heaters _AND_ Access,OH,Typhoon Constant Water Inlet Valve 16lt,0.0000,On Hand,06 Oct 2025
QOH,SPARETCWFS,Gas Water Heaters _AND_ Access,OH,Typhoon Constant Inlet Water Flow Sensor,0.0000,On Hand,06 Oct 2025
QOH,SPARETEB6-16,Gas Water Heaters _AND_ Access,OH,6-16lt Electronic Box,0.0000,On Hand,06 Oct 2025
QOH,SPARETFF019,Gas Water Heaters _AND_ Access,OH,Spare Typhoon Decor Display Board,0.0000,On Hand,06 Oct 2025
QOH,SPARETFF020,Gas Water Heaters _AND_ Access,OH,Spare Typhoon FF Display Box 12-16l,0.0000,On Hand,06 Oct 2025
QOH,SPARETFF032,Gas Water Heaters _AND_ Access,OH,Typhoon FF Flow Sensor,0.0000,On Hand,06 Oct 2025
QOH,SPARETFF037,Gas Water Heaters _AND_ Access,OH,Pilot Sensor with Wire -Typhoon FF,0.0000,On Hand,06 Oct 2025
QOH,SPARETFFM12/16,Gas Water Heaters _AND_ Access,OH,Typhoon Manifold 12/16litre FF,0.0000,On Hand,06 Oct 2025
QOH,SPARETFS85B,BLOCKED,OH,Flue Sensor 85degrees - 6lt Bent,0.0000,On Hand,06 Oct 2025
QOH,SPARETGH105,Boiling Table/Burners,OH,2250 Pilot Jet and Tube,0.0000,On Hand,06 Oct 2025
QOH,SPARETLED,Gas Water Heaters _AND_ Access,OH,LED display,1.0000,On Hand,06 Oct 2025
QOH,SPARETMDB,Gas Water Heaters _AND_ Access,OH,Display Box for Typhoon Multi Pressure,1.0000,On Hand,06 Oct 2025
QOH,SPARETMS,BLOCKED,OH,Micro Switch and Bracket,0.0000,On Hand,06 Oct 2025
QOH,SPARETS95,Gas Water Heaters _AND_ Access,OH,95 degrees Temp Sensor,0.0000,On Hand,06 Oct 2025
QOH,SPARETSPG002,Gas Water Heaters _AND_ Access,OH,Atlas Std Electronic box 12lt,0.0000,On Hand,06 Oct 2025
QOH,SPARETSPG011,Gas Water Heaters _AND_ Access,OH,Universal Outlet Pin for Display,0.0000,On Hand,06 Oct 2025
QOH,SPARETSPGCT12/2,Gas Water Heaters _AND_ Access,OH,Typhoon Constant Display Unit ( New),0.0000,On Hand,06 Oct 2025
QOH,SPARETUBB,BLOCKED,OH,Universal Battery Box - Typhoon,0.0000,On Hand,06 Oct 2025
QOH,SPARETUS,BLOCKED,OH,Universal Solenoid,0.0000,On Hand,06 Oct 2025
QOH,SPARETWS85,BLOCKED,OH,Water Sensor - 85degrees,0.0000,On Hand,06 Oct 2025
QOH,SPARETYFFWIV,Gas Water Heaters _AND_ Access,OH,Spare Typhoon FF Water Inlet Valve,0.0000,On Hand,06 Oct 2025
QOH,SPARETYMPFS,Gas Water Heaters _AND_ Access,OH,Flame Sensor for Multi Pressure Typhoon,4.0000,On Hand,06 Oct 2025
QOH,SPARETYMPIC,Gas Water Heaters _AND_ Access,OH,Typhoon Multi Pressure Ignition Control,1.0000,On Hand,06 Oct 2025
QOH,SPAREUKC,General Spares,OH,Universal BBQ Knob Set - Chrome,18.0000,On Hand,06 Oct 2025
QOH,SPAREUKNOB,General Spares,OH,Universal BBQ Black Knob Set N/S,-1.0000,On Hand,06 Oct 2025
QOH,SPAREWHD55,BLOCKED,OH,Spare Water Heater Diaphragm 55,0.0000,On Hand,06 Oct 2025
QOH,SPAREWI10LT,Gas Water Heaters _AND_ Access,OH,Spare Water Inlet for 10Litre Geyser,0.0000,On Hand,06 Oct 2025
QOH,SPAREZ12CB,Gas Water Heaters _AND_ Access,OH,12litre Zero Appliances Control Box,0.0000,On Hand,06 Oct 2025
QOH,SPAREZ4LBC,Stove _AND_ Hobs,OH,Large Burner Cap - Zero 4 plate,0.0000,On Hand,06 Oct 2025
QOH,SPAREZ4MB,Stove _AND_ Hobs,OH,Medium burner - Zero 4 plate,0.0000,On Hand,06 Oct 2025
QOH,SPAREZ4MBC,Stove _AND_ Hobs,OH,Medium Burner Cap - Zero 4 plate,0.0000,On Hand,06 Oct 2025
QOH,SPAREZ4PKW,General Spares,OH,Spare 4 plate knobs - Zero White,0.0000,On Hand,06 Oct 2025
QOH,SPAREZ4SB,Stove _AND_ Hobs,OH,Small Burner - Zero 4 Plate,0.0000,On Hand,06 Oct 2025
QOH,SPAREZ4SBC,Stove _AND_ Hobs,OH,Small Burner Cap - Zero 4 plate,0.0000,On Hand,06 Oct 2025
QOH,SPAREZ61400MMT,Stove _AND_ Hobs,OH,1400mm Thermocouple Zero 6 plate,0.0000,On Hand,06 Oct 2025
QOH,SPAREZ6800MMT,Stove _AND_ Hobs,OH,800mm Thermocouple Zero 6 plate,0.0000,On Hand,06 Oct 2025
QOH,SPAREZ6BURNERM,Stove _AND_ Hobs,OH,6 Plate Stove White Burner - Medium Zero,4.0000,On Hand,06 Oct 2025
QOH,SPAREZ6GB,Stove _AND_ Hobs,OH,Grill Burner 6 burner stove,0.0000,On Hand,06 Oct 2025
QOH,SPAREZ6KNOBS,General Spares,OH,Spare Knobs for 6 plate Stove,0.0000,On Hand,06 Oct 2025
QOH,SPAREZ6OB,Stove _AND_ Hobs,OH,Oven Burner 6 Burner Stove,0.0000,On Hand,06 Oct 2025
QOH,SPAREZ6PBURNERL,Stove _AND_ Hobs,OH,6 Plate Stove White Burner - Large Zero,0.0000,On Hand,06 Oct 2025
QOH,SPAREZ6PBURNERS,Stove _AND_ Hobs,OH,6 Plate Stove White Burner - Small Zero,4.0000,On Hand,06 Oct 2025
QOH,SPAREZ6PFSL,Stove _AND_ Hobs,OH,Spare Zero 6 Plate Flame Spread - Large,0.0000,On Hand,06 Oct 2025
QOH,SPAREZ6PFSM,Stove _AND_ Hobs,OH,Spare Zero 6 plate Flame Spread - Medium,4.0000,On Hand,06 Oct 2025
QOH,SPAREZ6PFSS,Stove _AND_ Hobs,OH,Spare Zero 6 plate Flame Spread - Small,4.0000,On Hand,06 Oct 2025
QOH,SPAREZ6PWOG,Stove _AND_ Hobs,OH,Outside Glass 6 plate White stove - Zero,0.0000,On Hand,06 Oct 2025
QOH,SPAREZDD,Gas Water Heaters _AND_ Access,OH,Zero Water Heater Digital Display,0.0000,On Hand,06 Oct 2025
QOH,SPAREZLB,Stove _AND_ Hobs,OH,Large Burner - Zero 4 plate,0.0000,On Hand,06 Oct 2025
QOH,SPAREZRSP,Brass Fittings,OH,S18 Switch Pulse 6 Burner Stove,0.0000,On Hand,06 Oct 2025
QOH,SPAREZTHERM850,Stove _AND_ Hobs,OH,850mm Thermocouple - Zero,0.0000,On Hand,06 Oct 2025
QOH,SPAREZTOVALVE,Stove _AND_ Hobs,OH,Spare Zero - Oven Valve Tahiti,0.0000,On Hand,06 Oct 2025
QOH,SPB1WAY,Brass Fittings,OH,1 Way Pilot Burner,0.0000,On Hand,06 Oct 2025
QOH,SPG077,Gas Water Heaters _AND_ Access,OH,Altas Spares - CT Display Box,0.0000,On Hand,06 Oct 2025
QOH,SPG2025,BLOCKED,OH,Sprague 2025mm LPG UV - 50m,0.0000,On Hand,06 Oct 2025
QOH,SPIB16LDG,Gas Water Heaters _AND_ Access,OH,16lt DG Impulse Box Atlas,0.0000,On Hand,06 Oct 2025
QOH,SPLCC,BLOCKED,OH,Special - Lamp and Cooker Combo,0.0000,On Hand,06 Oct 2025
QOH,SPNTBLK,BLOCKED,OH,Spray Paint Black,0.0000,On Hand,06 Oct 2025
QOH,SPPJ10XLS,Kitchenware,OH,Self Powered Puffer Jacket S/L - 10XL,2.0000,On Hand,06 Oct 2025
QOH,SPPJ2XL,Kitchenware,OH,Self Powered Puffer Jacket - 2XL,0.0000,On Hand,06 Oct 2025
QOH,SPPJ4XL,Kitchenware,OH,Self Powered Puffer Jacket - 4XL,20.0000,On Hand,06 Oct 2025
QOH,SPPJ4XLBU,Kitchenware,OH,Self Powered Puffer Jacket blue - 4XL,3.0000,On Hand,06 Oct 2025
QOH,SPPJ4XLS,Kitchenware,OH,Self Powered Puffer Jacket S/L - 4XL,1.0000,On Hand,06 Oct 2025
QOH,SPPJ5XL,Kitchenware,OH,Self Powered Puffer Jacket - 5XL,10.0000,On Hand,06 Oct 2025
QOH,SPPJ6XL,Kitchenware,OH,Self Powered Puffer Jacket - 6XL,5.0000,On Hand,06 Oct 2025
QOH,SPPJ7XL,,OH,Self Powered Puffer Jacket - 7XL,8.0000,On Hand,06 Oct 2025
QOH,SPPJ7XLBU,Kitchenware,OH,Self Powered Puffer Jacket Blue - 7XL,2.0000,On Hand,06 Oct 2025
QOH,SPPJ7XLS,,OH,Self Powered Puffer Jacket S/L - 7XL,0.0000,On Hand,06 Oct 2025
QOH,SPPJ8XL,Kitchenware,OH,Self Powered Puffer Jacket - 8XL,13.0000,On Hand,06 Oct 2025
QOH,SPPJ8XLBU,,OH,Self Powered Puffer Jacket Blue - 8XL,2.0000,On Hand,06 Oct 2025
QOH,SPPJ8XLS,Kitchenware,OH,Self Powered Puffer Jacket S/L- 8XL,1.0000,On Hand,06 Oct 2025
QOH,SPPJL,Kitchenware,OH,Self Powered Puffer Jacket - LARGE,5.0000,On Hand,06 Oct 2025
QOH,SRB10,Boiling Table/Burners,OH,Single Ring Burner - CF10,7.0000,On Hand,06 Oct 2025
QOH,SRB1238,Brass Fittings,OH,Steel Reducing bush 1/2inchF to 3/8inch M,0.0000,On Hand,06 Oct 2025
QOH,SRB20,Boiling Table/Burners,OH,Single Ring Burner C20,4.0000,On Hand,06 Oct 2025
QOH,SRTG,PTFE Tape,OH,Silicone Repair Tape Grey 3m,30.0000,On Hand,06 Oct 2025
QOH,SSBBQC,Kitchenware,OH,Stainless Steel BBQ Cleaner Spray,1.0000,On Hand,06 Oct 2025
QOH,SSC1/2,Gas Piping,OH,Stainless Steel Corrugated Pipe 1/2inch,0.0000,On Hand,06 Oct 2025
QOH,SSC1/2F,Gas Piping,OH,S/S Corrugated Pipe 1/2inch Fitting Male,5.0000,On Hand,06 Oct 2025
QOH,SSC1/2FGT,Gas Piping,OH,GASTITE - 1/2inch Male Fitting,0.0000,On Hand,06 Oct 2025
QOH,SSC1/2GT,Gas Piping,OH,GASTITE - Corrugated S/Steel Piping,0.0000,On Hand,06 Oct 2025
QOH,SSC1/2NUT,Gas Piping,OH,S/S Corrugated Pipe Fitting - Nut_AND_Rings,3.0000,On Hand,06 Oct 2025
QOH,SSC22MMFDN28,Gas Piping,OH,22mm Female (1inch) to DN28 Pipe,0.0000,On Hand,06 Oct 2025
QOH,SSC3/4,Gas Piping,OH,3/4inch Corrugated Pipe - Uniroll,0.0000,On Hand,06 Oct 2025
QOH,SSC3/4AF,Gas Piping,OH,3/4inch Fitting Set for Corrugated Pipe,0.0000,On Hand,06 Oct 2025
QOH,SSCDE1/2,Gas Piping,OH,Corrugated Pipe 1/2inch,0.0000,On Hand,06 Oct 2025
QOH,SSCDE1/2FT,Gas Piping,OH,1/2 Fitting SSC1/2inch Female,0.0000,On Hand,06 Oct 2025
QOH,SSCDE3/4,Gas Piping,OH,Corrugated Pipe 3/4inch,0.0000,On Hand,06 Oct 2025
QOH,SSCDE3/4FT,Gas Piping,OH,3/4inch Fitting for SSC3/4 Female,0.0000,On Hand,06 Oct 2025
QOH,SSCDN20_ASTK_3/4F,Gas Piping,OH,DN20 _ASTK_ 3/4inch Famle - Gasitite,0.0000,On Hand,06 Oct 2025
QOH,SSCDN20_ASTK_3/4M,Gas Piping,OH,DN20 to 3/4inch Male - Gastite,0.0000,On Hand,06 Oct 2025
QOH,SSCDN22,Gas Piping,OH,Autoflare FGP FST 22 OMF,0.0000,On Hand,06 Oct 2025
QOH,SSCDN28,Gas Piping,OH,Autoflare FGP FST 28 OMF,0.0000,On Hand,06 Oct 2025
QOH,SSCDN28ET,Gas Piping,OH,DN28 Equal Tee,0.0000,On Hand,06 Oct 2025
QOH,SSCDN28F22MM,Gas Piping,OH,BSP 22mm Female for DB28 Tracpipe,0.0000,On Hand,06 Oct 2025
QOH,SSCFVDN12,Gas Piping,OH,Autoflare DN12 3/8inch,4.0000,On Hand,06 Oct 2025
QOH,SSCFVDN15,Gas Piping,OH,Autoflare DN15,0.0000,On Hand,06 Oct 2025
QOH,SSCFVDN15T,Gas Piping,OH,DN15 Equal Tee,0.0000,On Hand,06 Oct 2025
QOH,SSCG1/218MM,Gas Piping,OH,Stainless Steel Corrugated Pipe 18mm1/2inch,15.0000,On Hand,06 Oct 2025
QOH,SSCG1/23/4F,Gas Piping,OH,S/Steel Cor Pipe Fittings 1/2inch M,8.0000,On Hand,06 Oct 2025
QOH,SSCK6P,Kitchenware,OH,Stainless Steel Cookware - 6piece,0.0000,On Hand,06 Oct 2025
QOH,SSCOMF12,Gas Piping,OH,DN12 Equal Union,0.0000,On Hand,06 Oct 2025
QOH,SSCOMF15,Gas Piping,OH,DN15 Eual Union,0.0000,On Hand,06 Oct 2025
QOH,SSCOMF22,Gas Piping,OH,DN 22 Equal Union,0.0000,On Hand,06 Oct 2025
QOH,SSCV22C22T,Gas Piping,OH,22MM COMP FOR DN22 TRACPIPE,0.0000,On Hand,06 Oct 2025
QOH,SSCVDN12,BLOCKED,OH,DN12 Tracpipe N/S,0.0000,On Hand,06 Oct 2025
QOH,SSCVDN12T,Gas Piping,OH,TracPipe Tee DN12,0.0000,On Hand,06 Oct 2025
QOH,SSCVDN15,Gas Piping,OH,DN 15 Tracpipe,0.0000,On Hand,06 Oct 2025
QOH,SSCVDN22,Gas Piping,OH,DN22 TracPipe,0.0000,On Hand,06 Oct 2025
QOH,SSCVDN22T,Gas Piping,OH,DN22 Equal Tee,0.0000,On Hand,06 Oct 2025
QOH,SSCVFDN22,Gas Piping,OH,Autoflare for DN22,0.0000,On Hand,06 Oct 2025
QOH,SSF1/2UNF,Gas Piping,OH,S/S Corrugated Pipe Union,0.0000,On Hand,06 Oct 2025
QOH,SSFL1LT,BLOCKED,OH,1litre Stainless Steel Flask,0.0000,On Hand,06 Oct 2025
QOH,SSFL350,BLOCKED,OH,350ml Stainless Steel Flask,0.0000,On Hand,06 Oct 2025
QOH,SSW500,General Spares,OH,500 gram roll of Silver Solder Wire,0.0000,On Hand,06 Oct 2025
QOH,STEMB,Cylinders/Heaters/General,OH,Universal Black Stem,25.0000,On Hand,06 Oct 2025
QOH,STEMC,Cylinders/Heaters/General,OH,Universal Chrome Stem,14.0000,On Hand,06 Oct 2025
QOH,STEMSK,Brass Fittings,OH,Stem for Grillogas and SkottelBraai,6.0000,On Hand,06 Oct 2025
QOH,SUPDV-11,Safety Equipment,OH,Clear Direct Vent Goggles,0.0000,On Hand,06 Oct 2025
QOH,SUPINGOHSGW0,Safety Equipment,OH,Ingco Welding Goggles Flip Front (PVC),0.0000,On Hand,06 Oct 2025
QOH,SV002,Boiling Table/Burners,OH,Self - Vapourising Burner 320000BTU,0.0000,On Hand,06 Oct 2025
QOH,SV003,Boiling Table/Burners,OH,SELF-VAPOURISING BURNER 670 000 BTU,0.0000,On Hand,06 Oct 2025
QOH,SWH0912COV,Gas Water Heaters _AND_ Access,OH,9-12litre Gas Water Heater Cover(SG),4.0000,On Hand,06 Oct 2025
QOH,SWH1620COV,Gas Water Heaters _AND_ Access,OH,16-20litre Gas Water Heater Cover (SG),3.0000,On Hand,06 Oct 2025
QOH,T10LGGLED,Gas Water Heaters _AND_ Access,OH,10lt Water Heater (Typhoon) Inc Flue/Cow,1.0000,On Hand,06 Oct 2025
QOH,T12LGGCON,Gas Water Heaters _AND_ Access,OH,12 litre Water Heater - Constant Temp,0.0000,On Hand,06 Oct 2025
QOH,T12LGGLED,Gas Water Heaters _AND_ Access,OH,12lt Water Heater (Typhoon) Inc Flu/Cowl,0.0000,On Hand,06 Oct 2025
QOH,T12LZEGG,BLOCKED,OH,12litre Zero Start Water Heater,0.0000,On Hand,06 Oct 2025
QOH,T16GGCOV,BLOCKED,OH,16litre Water Heater Cover - Typhoon,0.0000,On Hand,06 Oct 2025
QOH,T16LLGLED,Gas Water Heaters _AND_ Access,OH,16lt Water Heater (Typhoon) Inc Flu/Cowl,0.0000,On Hand,06 Oct 2025
QOH,T16LZEGG,Gas Water Heaters _AND_ Access,OH,16 Litre Zero Start Water Heater,0.0000,On Hand,06 Oct 2025
QOH,T2BSSA,Stove _AND_ Hobs,OH,2 Burner S/S Stove Auto,17.0000,On Hand,06 Oct 2025
QOH,T2BSSAF,BLOCKED,OH,2 Burner S/S Stove Auto with Reg/Hose,0.0000,On Hand,06 Oct 2025
QOH,T2BSSH,Stove _AND_ Hobs,OH,2 Burner Stainless Steel Hob,0.0000,On Hand,06 Oct 2025
QOH,T4BSSH,Stove _AND_ Hobs,OH,4 Burner Stainless Steel Hob,0.0000,On Hand,06 Oct 2025
QOH,T5LGGLED,Gas Water Heaters _AND_ Access,OH,5.5 Litre Gas Water Heater - Typhoon D,0.0000,On Hand,06 Oct 2025
QOH,T6LGGLED,Gas Water Heaters _AND_ Access,OH,6lt Water Heater (Typhoon) inc Flue/Cowl,0.0000,On Hand,06 Oct 2025
QOH,TBT30,Boiling Table/Burners,OH,Triple Cast Iron Boiling Table,4.0000,On Hand,06 Oct 2025
QOH,TBT400,Braais _AND_ Products,OH,Top Braai Tong 400mm,3.0000,On Hand,06 Oct 2025
QOH,TBT600,Braais _AND_ Products,OH,Top Braai Tong 600mm,0.0000,On Hand,06 Oct 2025
QOH,TCALP,PEX Pipe and Fittings,OH,All Purpose Tube Cutter,58.0000,On Hand,06 Oct 2025
QOH,TCAMPSP,Gas Water Heaters _AND_ Access,OH,Turbo Shower Pump Kit with shower head,1.0000,On Hand,06 Oct 2025
QOH,TCGLD,Safety Equipment,OH,Combustible Gas Leak Detector (Hand),3.0000,On Hand,06 Oct 2025
QOH,TCMS,Stove _AND_ Hobs,OH,Typhoon Camp Mate Stove,0.0000,On Hand,06 Oct 2025
QOH,TDM001,Regulators/Pigtails,OH,Gas Pulse Meter (incl fittings to 3/4inchM),0.0000,On Hand,06 Oct 2025
QOH,TDM002,Regulators/Pigtails,OH,Gas Pulse Meter Brackets,0.0000,On Hand,06 Oct 2025
QOH,TENBOX6D,Camping Products,OH,Tentco Box - 6 Way Divider,0.0000,On Hand,06 Oct 2025
QOH,TENTBOX,Braais _AND_ Products,OH,Tentco Ammo Box,0.0000,On Hand,06 Oct 2025
QOH,TENTBOXRS,Camping Products,OH,Tentco Box - Rubber Seal,0.0000,On Hand,06 Oct 2025
QOH,TFFFLUE,Gas Water Heaters _AND_ Access,OH,Fan Forced Flue,0.0000,On Hand,06 Oct 2025
QOH,TGGCL,Gas Water Heaters _AND_ Access,OH,Gas Geyser Cover - Large,2.0000,On Hand,06 Oct 2025
QOH,TGGCM,Gas Water Heaters _AND_ Access,OH,Gas Geyser Cover - Medium,2.0000,On Hand,06 Oct 2025
QOH,TGGCOV12,Gas Water Heaters _AND_ Access,OH,Multi Pressure Cover 900 x 440 x 230,0.0000,On Hand,06 Oct 2025
QOH,TGGCOV14,Gas Water Heaters _AND_ Access,OH,Medium Cover 14 CT - 400x240x630,0.0000,On Hand,06 Oct 2025
QOH,TGGCOV14S,BLOCKED,OH,Medium Cover - Deluxe,0.0000,On Hand,06 Oct 2025
QOH,TGGCOV20,Gas Water Heaters _AND_ Access,OH,Cover - 20litre 480 x 730 x 240,0.0000,On Hand,06 Oct 2025
QOH,TGSSPC110,Gas Water Heaters _AND_ Access,OH,110mm Stainless Steel Flue and Cap,0.0000,On Hand,06 Oct 2025
QOH,TGSSPC130,Gas Water Heaters _AND_ Access,OH,130mm Stainless Steel Flue and Cap,0.0000,On Hand,06 Oct 2025
QOH,THERM1400,Brass Fittings,OH,1400mm Stove Thermocouple (KZ760-S5),0.0000,On Hand,06 Oct 2025
QOH,THERM200,General Spares,OH,200mm Standard Thermocouple,-9.0000,On Hand,06 Oct 2025
QOH,THERMH450,General Spares,OH,450mm Thermocouple for Hob,0.0000,On Hand,06 Oct 2025
QOH,THERMHL600,General Spares,OH,Thermocouple Hob Lug 600mm,4.0000,On Hand,06 Oct 2025
QOH,THERMHL700,General Spares,OH,Thermocouple Hob Lug 700mm,0.0000,On Hand,06 Oct 2025
QOH,THERMS1000,General Spares,OH,1000mm Standard Thermocouple,63.0000,On Hand,06 Oct 2025
QOH,THERMS1200,General Spares,OH,1200mm Standard Thermocouple,57.0000,On Hand,06 Oct 2025
QOH,THERMS150,General Spares,OH,150mm Standard Thermocouple,24.0000,On Hand,06 Oct 2025
QOH,THERMS1500,General Spares,OH,1500mm Standard Thermocouple,0.0000,On Hand,06 Oct 2025
QOH,THERMS1800,General Spares,OH,1800mm Standard Thermocouple,0.0000,On Hand,06 Oct 2025
QOH,THERMS250,General Spares,OH,250mm Standard Thermocouple,0.0000,On Hand,06 Oct 2025
QOH,THERMS320,General Spares,OH,320mm Standard Thermocouple,0.0000,On Hand,06 Oct 2025
QOH,THERMS350,General Spares,OH,350mm Standard Thermocouple,20.0000,On Hand,06 Oct 2025
QOH,THERMS450,General Spares,OH,450mm Standard Thermocouple,0.0000,On Hand,06 Oct 2025
QOH,THERMS500,General Spares,OH,500mm Standard Thermocouple,32.0000,On Hand,06 Oct 2025
QOH,THERMS600,General Spares,OH,600 mm Standard Thermocouple,50.0000,On Hand,06 Oct 2025
QOH,THERMS700,General Spares,OH,700 mm Standard Thermocouple,22.0000,On Hand,06 Oct 2025
QOH,THERMU1200,General Spares,OH,1200mm Universal Thermocouple,16.0000,On Hand,06 Oct 2025
QOH,THERMU1500,General Spares,OH,1500mm Universal thermocouple,19.0000,On Hand,06 Oct 2025
QOH,THERMU1800,General Spares,OH,1800mm Universal Thermocouple,0.0000,On Hand,06 Oct 2025
QOH,THERMU450,General Spares,OH,450mm Universal Thermocouple,6.0000,On Hand,06 Oct 2025
QOH,THERMU600,General Spares,OH,600mm Universal Thermocouple,3.0000,On Hand,06 Oct 2025
QOH,THERMU900,General Spares,OH,900mm Universal Thermocouple,15.0000,On Hand,06 Oct 2025
QOH,THOBHBS,Stove _AND_ Hobs,OH,Hob - Flame Spreade for Wok,0.0000,On Hand,06 Oct 2025
QOH,THOBSL,Stove _AND_ Hobs,OH,Hob - Flame Spreader Large,0.0000,On Hand,06 Oct 2025
QOH,THOBSM,Stove _AND_ Hobs,OH,Hob -Flame Spreader Medium,0.0000,On Hand,06 Oct 2025
QOH,THOBSS,Stove _AND_ Hobs,OH,Hobb - Flame Spreader Small,0.0000,On Hand,06 Oct 2025
QOH,THRPASTE,Hardware,OH,Thread Paste,0.0000,On Hand,06 Oct 2025
QOH,TKBB1,BLOCKED,OH,Beer Bread 800gm,0.0000,On Hand,06 Oct 2025
QOH,TKPBB,BLOCKED,OH,Brown Pot Brood 800gm,0.0000,On Hand,06 Oct 2025
QOH,TKPBH,BLOCKED,OH,Healthy Seed Pot Brood 800gm,0.0000,On Hand,06 Oct 2025
QOH,TKPBS,BLOCKED,OH,Savoury Cheese Pot Brood 800gm,0.0000,On Hand,06 Oct 2025
QOH,TKPBW,BLOCKED,OH,White Pot Brood 800gm,0.0000,On Hand,06 Oct 2025
QOH,TKPPM,BLOCKED,OH,Pancake Mix,0.0000,On Hand,06 Oct 2025
QOH,TKVK1,BLOCKED,OH,Vet Koek 800gm,0.0000,On Hand,06 Oct 2025
QOH,TKVK2,BLOCKED,OH,Rooster Pot Brood,0.0000,On Hand,06 Oct 2025
QOH,TMBP0349,Hardware,OH,Pratley Frogz Eggz 50g,41.0000,On Hand,06 Oct 2025
QOH,TMDW0156,General Spares,OH,Wicks (Flame Stove) Pack 2,0.0000,On Hand,06 Oct 2025
QOH,TMGP0104,Hardware,OH,Pipe Hose _AND_ Fittings 12mmx20m 3Y Yellow,0.0000,On Hand,06 Oct 2025
QOH,TMGP0108,Hardware,OH,Pipe Hose 12mm x 20m H/Duty 8Y Red,0.0000,On Hand,06 Oct 2025
QOH,TMGP0110,Hardware,OH,Pipe Hose 12mm x 30m H/Duty 8Y Red,0.0000,On Hand,06 Oct 2025
QOH,TMGP0124,Hardware,OH,Pipe Hose _AND_ Fittings 12mmx30m 3Y TMS,0.0000,On Hand,06 Oct 2025
QOH,TMGP0126,Hardware,OH,Pipe Hose _AND_ Fittings 19mmx30m 3Y TMS,0.0000,On Hand,06 Oct 2025
QOH,TMHB0350,Hardware,OH,Brackets Corner 25mm (Box 100),0.0000,On Hand,06 Oct 2025
QOH,TMHB0351,Hardware,OH,Brackets Corner 50mm (Box 50),0.0000,On Hand,06 Oct 2025
QOH,TMHB0352,Hardware,OH,Brackets Corner 63mm S/C (Box 50),0.0000,On Hand,06 Oct 2025
QOH,TMHB0353,Hardware,OH,Brackets Corner 75mm (Box 50),0.0000,On Hand,06 Oct 2025
QOH,TMHB0354,Hardware,OH,Brackets Corner 100mm (Box 50),0.0000,On Hand,06 Oct 2025
QOH,TMHH0164,Hardware,OH,Hinges Butt BR/PL 75mm (10PR),0.0000,On Hand,06 Oct 2025
QOH,TMHH0165,Hardware,OH,Hinges Butt BR/PL 100mm (10PR),0.0000,On Hand,06 Oct 2025
QOH,TMHH0282,Hardware,OH,Hinges Fluch B.P. 75mm (10PRS),0.0000,On Hand,06 Oct 2025
QOH,TMHH0283,Hardware,OH,Hinges Flush B.P. 100mm (10PRS),0.0000,On Hand,06 Oct 2025
QOH,TMHH0453,Hardware,OH,Hinges Tee B/JAP 250mm (10PR),0.0000,On Hand,06 Oct 2025
QOH,TMHH0601,Hardware,OH,Hooks Cabin Brassed 100mm A 3032,0.0000,On Hand,06 Oct 2025
QOH,TMHH0660,Hardware,OH,Cup Hook Brass 20mm 10PCE/PER CARD,0.0000,On Hand,06 Oct 2025
QOH,TMHH0662,Hardware,OH,Cup Hook Brass 25mm 10PCE/PER CARD,0.0000,On Hand,06 Oct 2025
QOH,TMHH0720,Hardware,OH,Hooks Wardrobe Chrome Plated-Single,0.0000,On Hand,06 Oct 2025
QOH,TMHH0721,Hardware,OH,Hooks Wardrobe Brass Plated - Single,0.0000,On Hand,06 Oct 2025
QOH,TMHL0220,Hardware,OH,Locks Mortice 2l CP Blister,0.0000,On Hand,06 Oct 2025
QOH,TMHL0221,Hardware,OH,Locks Mortice CP 3 Lever Blister,0.0000,On Hand,06 Oct 2025
QOH,TMHL0230,Hardware,OH,Lock Mortice 2l Body Only CP Blister,0.0000,On Hand,06 Oct 2025
QOH,TMHL0231,Hardware,OH,Lock Mortice 3l Body Only B/Plated Blist,0.0000,On Hand,06 Oct 2025
QOH,TMHL0254,Hardware,OH,Locks Pad Disc Type 70mm Blister,0.0000,On Hand,06 Oct 2025
QOH,TMHL0331,Hardware,OH,Locks Pad Lock 25mm IRON (6),0.0000,On Hand,06 Oct 2025
QOH,TMHL0341,Hardware,OH,Locks Pad Lock 25mm BRASS (6),0.0000,On Hand,06 Oct 2025
QOH,TMHL0347,Hardware,OH,Locks Long/SH BRS 1/per card b/packing,0.0000,On Hand,06 Oct 2025
QOH,TMHL0348,Hardware,OH,Locks Long/sh BRS 40mm B/packing,0.0000,On Hand,06 Oct 2025
QOH,TMHL0366,Hardware,OH,Locks Pad BRS 38mm carded,0.0000,On Hand,06 Oct 2025
QOH,TMHL0368,Hardware,OH,Locks Pad BRS 50mm carded,0.0000,On Hand,06 Oct 2025
QOH,TPB1/4,Brass Fittings,OH,Pilot Burner with Bracket 1/4 - 3 way,0.0000,On Hand,06 Oct 2025
QOH,TR4740,Regulators/Pigtails,OH,Argon Cylinder Regulator,1.0000,On Hand,06 Oct 2025
QOH,TRB40,Boiling Table/Burners,OH,Triple Ring Burner C40 (with Manifold),3.0000,On Hand,06 Oct 2025
QOH,TRIVET01,Stove _AND_ Hobs,OH,Pot Trivet 130mm x 130mm S/S,21.0000,On Hand,06 Oct 2025
QOH,TTPH001,Cylinders/Heaters/General,OH,Table Top Patio Heater (Designer) Alva,0.0000,On Hand,06 Oct 2025
QOH,TUB1,BLOCKED,OH,450mm Stainless Steel Tube Burner,0.0000,On Hand,06 Oct 2025
QOH,TUB10,Boiling Table/Burners,OH,650mm Stainless Steel Tube Burner,21.0000,On Hand,06 Oct 2025
QOH,TUB2,Boiling Table/Burners,OH,460mm S/S Tube Burner,23.0000,On Hand,06 Oct 2025
QOH,TUB3,Boiling Table/Burners,OH,550mm Stainless Steel Tube Burner,30.0000,On Hand,06 Oct 2025
QOH,TUB4,Boiling Table/Burners,OH,600mm S/S Tube Burner,16.0000,On Hand,06 Oct 2025
QOH,TUB415U,Boiling Table/Burners,OH,415mm S/S Tube Burner - Loop,2.0000,On Hand,06 Oct 2025
QOH,TUB5,Boiling Table/Burners,OH,450mm S/S Tube Burner,9.0000,On Hand,06 Oct 2025
QOH,TUB500U,Boiling Table/Burners,OH,500mm S/Steel Tube Burner -Ushaped,0.0000,On Hand,06 Oct 2025
QOH,TUB6,Boiling Table/Burners,OH,400mm S/S Tube Burner,12.0000,On Hand,06 Oct 2025
QOH,TUB7,Boiling Table/Burners,OH,500mm S/S Tube Burner,19.0000,On Hand,06 Oct 2025
QOH,TUB8,Boiling Table/Burners,OH,400mm S/S Tube Burner (Bent),9.0000,On Hand,06 Oct 2025
QOH,TUB9,Boiling Table/Burners,OH,420mm Stainless Steel Tube Burner,13.0000,On Hand,06 Oct 2025
QOH,TUBBA,Boiling Table/Burners,OH,U-Shaped Ribbon Burners - GB128,0.0000,On Hand,06 Oct 2025
QOH,TUBC27,Boiling Table/Burners,OH,275mm x 85mm stainless steel chef burner,13.0000,On Hand,06 Oct 2025
QOH,TUBC33,Boiling Table/Burners,OH,330mm x 60mm Stainless Steel Chef Burner,0.0000,On Hand,06 Oct 2025
QOH,TUBCH30,Boiling Table/Burners,OH,Chad o' Chef Hob Burner,0.0000,On Hand,06 Oct 2025
QOH,TUBFL,Boiling Table/Burners,OH,Radiant 381 x 89mm (005),9.0000,On Hand,06 Oct 2025
QOH,TUBR002,Boiling Table/Burners,OH,Standard Radiant Enamel 371mm (holes),1.0000,On Hand,06 Oct 2025
QOH,TUBR003,BLOCKED,OH,Radiant Clip Type 371.5 x 108mm,0.0000,On Hand,06 Oct 2025
QOH,TUBR004,Boiling Table/Burners,OH,Radiant 419 x 101.5mm,0.0000,On Hand,06 Oct 2025
QOH,TUBR006,Boiling Table/Burners,OH,Radiant S/S 440 x144 5,10.0000,On Hand,06 Oct 2025
QOH,TUBRAD001,Boiling Table/Burners,OH,Cast Iron Radient 415mm x 50mm,2.0000,On Hand,06 Oct 2025
QOH,TUBRU,Boiling Table/Burners,OH,Adjustable Flame Tamer - 351mm - 487mm,38.0000,On Hand,06 Oct 2025
QOH,TUBU,Boiling Table/Burners,OH,Universal Tube Burner (351-487mm),5.0000,On Hand,06 Oct 2025
QOH,TUBUBB,Boiling Table/Burners,OH,Universal Braai Burner,0.0000,On Hand,06 Oct 2025
QOH,TWLDS,Hardware,OH,Leak Detection Spray - Weicon,1.0000,On Hand,06 Oct 2025
QOH,TY10MPB,Gas Water Heaters _AND_ Access,OH,10lt Water Heater (Typhoon) Multi Press,0.0000,On Hand,06 Oct 2025
QOH,TY12FFB,Gas Water Heaters _AND_ Access,OH,12litre Fan Forced Water Heater Typhoon,5.0000,On Hand,06 Oct 2025
QOH,TY12MPB,Gas Water Heaters _AND_ Access,OH,12lt Water Heater (Typhoon) Multi Press,2.0000,On Hand,06 Oct 2025
QOH,TY14CTD,Gas Water Heaters _AND_ Access,OH,14lt Water Heater Constant Temperature,0.0000,On Hand,06 Oct 2025
QOH,TY16CTD,Gas Water Heaters _AND_ Access,OH,16lt Water Heater Constant Temperature,4.0000,On Hand,06 Oct 2025
QOH,TY16FFB,Gas Water Heaters _AND_ Access,OH,16litre Fan Forced Gas Water Heater,0.0000,On Hand,06 Oct 2025
QOH,TY16FFD,Gas Water Heaters _AND_ Access,OH,16litre Fan Forced Gas Water Heater O/D,0.0000,On Hand,06 Oct 2025
QOH,TY16MPB,Gas Water Heaters _AND_ Access,OH,16lt Water Heater (Typhoon) Multi Press,3.0000,On Hand,06 Oct 2025
QOH,TY20FFB,Gas Water Heaters _AND_ Access,OH,20 litre Fan Forced Typhoon,0.0000,On Hand,06 Oct 2025
QOH,TY20FFD,Gas Water Heaters _AND_ Access,OH,20 Litre Fan Forced Outdoor,0.0000,On Hand,06 Oct 2025
QOH,TY26FFD,Gas Water Heaters _AND_ Access,OH,26 litre Fan Forced Water Heater Typhoon,0.0000,On Hand,06 Oct 2025
QOH,TY6LPB,Gas Water Heaters _AND_ Access,OH,Typhoon 6Lt Low Pressure In/outdoor,0.0000,On Hand,06 Oct 2025
QOH,TYPH7/16,BLOCKED,OH,Typhoon Burner - 7/16 Handle,0.0000,On Hand,06 Oct 2025
QOH,UBC,Boiling Table/Burners,OH,DIY Burner Complete,44.0000,On Hand,06 Oct 2025
QOH,USBA1,Camping Products,OH,USB Electrical Socket 1.8m,10.0000,On Hand,06 Oct 2025
QOH,USBA2,Camping Products,OH,USB Electrical Hexagon Socket 1.8m,7.0000,On Hand,06 Oct 2025
QOH,VALBC,BLOCKED,OH,Back Check Valve - Liquid Pigatil,0.0000,On Hand,06 Oct 2025
QOH,VALVE,Brass Fittings,OH,Change over Valve(Brass),241.0000,On Hand,06 Oct 2025
QOH,VALVED,Brass Fittings,OH,Change over Valve ( Double Valves),5.0000,On Hand,06 Oct 2025
QOH,VALVEFF,Brass Fittings,OH,Flame Failure Valve 1/4inch,6.0000,On Hand,06 Oct 2025
QOH,VALVEI,Brass Fittings,OH,Inverted Changeover Valve 7/16inch,0.0000,On Hand,06 Oct 2025
QOH,VAPIG,Regulators/Pigtails,OH,500mm Vapour Pigtail 1/4inch,84.0000,On Hand,06 Oct 2025
QOH,VAPIG1,Regulators/Pigtails,OH,1000mm Vapour Pigtail,59.0000,On Hand,06 Oct 2025
QOH,VAPIG1 2,BLOCKED,OH,1 2 Metre Vapour Pigtail,0.0000,On Hand,06 Oct 2025
QOH,VAPIG1 5,Regulators/Pigtails,OH,1500mm Vapour Pigtail 1/4inch,20.0000,On Hand,06 Oct 2025
QOH,VAPIG1 5MALE,Regulators/Pigtails,OH,1 5m Vapour Pigtail 1/4inch to 1/4inch Male,14.0000,On Hand,06 Oct 2025
QOH,VAPIG1B,Regulators/Pigtails,OH,1000mm Vapour Pigtail 1/4inch Brass Fitting,-36.0000,On Hand,06 Oct 2025
QOH,VAPIG1M,Regulators/Pigtails,OH,1000mm Vapig Pigatil 1/4inchm to 1/4inchm,0.0000,On Hand,06 Oct 2025
QOH,VAPIG2,BLOCKED,OH,2000cm Vapour Pigtail 1/4inch,0.0000,On Hand,06 Oct 2025
QOH,VAPIG700MM,BLOCKED,OH,700mm Vapour Pigtail 1/4inch,0.0000,On Hand,06 Oct 2025
QOH,VAPIGB,BLOCKED,OH,500mm Vapour Pigtail 1/4inch Brass Fitting,0.0000,On Hand,06 Oct 2025
QOH,VAPIGF,Regulators/Pigtails,OH,500mm Vapour Pigtail Flared,61.0000,On Hand,06 Oct 2025
QOH,VAPIGF1,Regulators/Pigtails,OH,1000mm Vapour Pigtail Flared,43.0000,On Hand,06 Oct 2025
QOH,VAPIGFV,Regulators/Pigtails,OH,500mm Vapour Flared Pigtail - Bevelled,60.0000,On Hand,06 Oct 2025
QOH,VAPIGSPEC,BLOCKED,OH,R1-12x1.5ml - 3/4f-3/4f PT - 3/4 Female,0.0000,On Hand,06 Oct 2025
QOH,VAPORIZER,Regulators/Pigtails,OH,30kg/hr 220V Vapourizer _AND_ control panel,0.0000,On Hand,06 Oct 2025
QOH,VM3X3T,Regulators/Pigtails,OH,Vapour Manifold 3x3 T Fittings,0.0000,On Hand,06 Oct 2025
QOH,WASH1,Washers,OH,Rubber Washer,3156.0000,On Hand,06 Oct 2025
QOH,WASH150,Washers,OH,Washers for SHEXT150,0.0000,On Hand,06 Oct 2025
QOH,WASH1L,Washers,OH,Rubber Lamp Washer 2 pack,1.0000,On Hand,06 Oct 2025
QOH,WASH1R,BLOCKED,OH,Rubber Washer - Cooker Top (RED),0.0000,On Hand,06 Oct 2025
QOH,WASH1WH,Washers,OH,Rubber Washer Cooker Top - HARD (White),423.0000,On Hand,06 Oct 2025
QOH,WASH2,Washers,OH,Fibre Washer,1307.0000,On Hand,06 Oct 2025
QOH,WASH3,Washers,OH,Bullnose Regulator Washer (Flat 1/2cone),2041.0000,On Hand,06 Oct 2025
QOH,WASH3/4,Washers,OH,3/4inch Rubber Washers,76.0000,On Hand,06 Oct 2025
QOH,WASH4,Washers,OH,Full Cone Washer,1563.0000,On Hand,06 Oct 2025
QOH,WASH5,Washers,OH,Bullnose O Ring,649.0000,On Hand,06 Oct 2025
QOH,WASH8,Washers,OH,1/2inch Female Hosetail Washer Rubber,609.0000,On Hand,06 Oct 2025
QOH,WASH8F,Washers,OH,1/2inch Female Hosetail Washer Fibre,1362.0000,On Hand,06 Oct 2025
QOH,WASH9,Washers,OH,Cooker Head Washer (RED),261.0000,On Hand,06 Oct 2025
QOH,WASHCH,BLOCKED,OH,WASCH,0.0000,On Hand,06 Oct 2025
QOH,WASHFL,BLOCKED,OH,Washers for Piezo Lamp/Torch WT02,0.0000,On Hand,06 Oct 2025
QOH,WASHFLH,Washers,OH,Forklift/Hyster Washer,0.0000,On Hand,06 Oct 2025
QOH,WASHPT,Washers,OH,Pigtail Washer,127.0000,On Hand,06 Oct 2025
QOH,WASHRO,Washers,OH,Rubber Cooker Top Washer (Orange),69.0000,On Hand,06 Oct 2025
QOH,WASHSP,Washers,OH,Washers for Spindles,41.0000,On Hand,06 Oct 2025
QOH,WBB01,Wooden Boards,OH,Wooden Bread Board (480x250x22),12.0000,On Hand,06 Oct 2025
QOH,WBBHL,Wooden Boards,OH,Baquette Board with Handle (146x530x18),6.0000,On Hand,06 Oct 2025
QOH,WBBL,Wooden Boards,OH,Baquette Board (146x530x18),6.0000,On Hand,06 Oct 2025
QOH,WBCB,BLOCKED,OH,Wine Bottle Carry Bag (Write a MSG),0.0000,On Hand,06 Oct 2025
QOH,WBCHB,Wooden Boards,OH,Wooden Board - Heart Cut-out,10.0000,On Hand,06 Oct 2025
QOH,WBFS,BLOCKED,OH,Wooden Board - Fish Shape,0.0000,On Hand,06 Oct 2025
QOH,WBHB001,Wooden Boards,OH,Wooden Big Heart Board 480 x 370 x 22,0.0000,On Hand,06 Oct 2025
QOH,WBHH,BLOCKED,OH,Wooden Board - Horse Head Shape,0.0000,On Hand,06 Oct 2025
QOH,WBLH,BLOCKED,OH,Wooden Board - Long Handle (146x600x15),0.0000,On Hand,06 Oct 2025
QOH,WBLS,Wooden Boards,OH,Wooden Lazy Suzan 450 x 60 x 450,0.0000,On Hand,06 Oct 2025
QOH,WBPB,Wooden Boards,OH,Wooden Board - Pizza Board (380x22),9.0000,On Hand,06 Oct 2025
QOH,WBPKBB,BLOCKED,OH,Potjie Pot Board and Burner,0.0000,On Hand,06 Oct 2025
QOH,WBPL,Wooden Boards,OH,Wooden Plate,0.0000,On Hand,06 Oct 2025
QOH,WBRB,BLOCKED,OH,Wooden Board - Rugby Ball Shape,0.0000,On Hand,06 Oct 2025
QOH,WBSAW,Wooden Boards,OH,Wooden Snack and Wine Board,12.0000,On Hand,06 Oct 2025
QOH,WBSB1,Wooden Boards,OH,Serving Board 1 Bowl,12.0000,On Hand,06 Oct 2025
QOH,WBSB3,Wooden Boards,OH,Serving Board 3 Bowls,0.0000,On Hand,06 Oct 2025
QOH,WBSBC,Wooden Boards,OH,Wooden Blackwood Biltong Cutter,6.0000,On Hand,06 Oct 2025
QOH,WBSH,Wooden Boards,OH,Wooden Board - Short Handle last stock,1.0000,On Hand,06 Oct 2025
QOH,WBSRSB3,Wooden Boards,OH,Round Serving Board - 3 Bowls,3.0000,On Hand,06 Oct 2025
QOH,WBSSB,Wooden Boards,OH,Serving Steak Board 2 Bowls,4.0000,On Hand,06 Oct 2025
QOH,WC1HBB,Doors _AND_ Window Frames _AND_ Fitt,OH,Window Frames C1HBB - Medium Duty,0.0000,On Hand,06 Oct 2025
QOH,WC2HBB,Doors _AND_ Window Frames _AND_ Fitt,OH,Window Frames C2HBB - Medium Duty,0.0000,On Hand,06 Oct 2025
QOH,WCB001,Wooden Boards,OH,Wooden Chopping Board (330x450x39),7.0000,On Hand,06 Oct 2025
QOH,WCHB01,Wooden Boards,OH,Wooden Cheese Board (170x280x20),7.0000,On Hand,06 Oct 2025
QOH,WCKK,Kitchenware,OH,Condere Coloured Whistling Kettles,14.0000,On Hand,06 Oct 2025
QOH,WE1HBB,Doors _AND_ Window Frames _AND_ Fitt,OH,Window Frames E1HBB - Medium Duty,0.0000,On Hand,06 Oct 2025
QOH,WFBB01,Wooden Boards,OH,Wooden French Bread Board (420x520x22),5.0000,On Hand,06 Oct 2025
QOH,WFNC1,Doors _AND_ Window Frames _AND_ Fitt,OH,Window Frames NC1 - Clisco,0.0000,On Hand,06 Oct 2025
QOH,WFNE1,Doors _AND_ Window Frames _AND_ Fitt,OH,WIndow Frames NE1 - Clisco,0.0000,On Hand,06 Oct 2025
QOH,WGBB01,BLOCKED,OH,Wooden Garlic Bread Board (198x700x22),0.0000,On Hand,06 Oct 2025
QOH,WHCP-500,Braais _AND_ Products,OH,500mm Coal Grate Fireplace with pebbles,0.0000,On Hand,06 Oct 2025
QOH,WHFPP,BLOCKED,OH,Fire Place Pebbles medium 20kg,0.0000,On Hand,06 Oct 2025
QOH,WHKK,BLOCKED,OH,Stainless Steel Whistling Kettle,0.0000,On Hand,06 Oct 2025
QOH,WHS003,Braais _AND_ Products,OH,Fire Place Pebbles - 20kg Bag,6.0000,On Hand,06 Oct 2025
QOH,WHS004,,OH,Bag of Pebbles for 1000mm fireplace,0.0000,On Hand,06 Oct 2025
QOH,WHS011,Braais _AND_ Products,OH,7kg Bag of Vermiculite,0.0000,On Hand,06 Oct 2025
QOH,WHS029FK,General Spares,OH,Wonderheat Fire Place Knobs,0.0000,On Hand,06 Oct 2025
QOH,WHS030,Brass Fittings,OH,320mm Co-Pilot for Fireplace,0.0000,On Hand,06 Oct 2025
QOH,WINBAR11,Doors _AND_ Window Frames _AND_ Fitt,OH,11mm Barrel - Stl,0.0000,On Hand,06 Oct 2025
QOH,WINBRA/YZ,Doors _AND_ Window Frames _AND_ Fitt,OH,Handle Bar R/H - ALUM Incl Screw/Bush,0.0000,On Hand,06 Oct 2025
QOH,WINBUSN,Doors _AND_ Window Frames _AND_ Fitt,OH,Nylon Bushes,0.0000,On Hand,06 Oct 2025
QOH,WIND350R,,OH,Tornado 350mm Turbine Galv Round,0.0000,On Hand,06 Oct 2025
QOH,WIND450F,,OH,450mm Galvanised Turbine Ventilator Flat,0.0000,On Hand,06 Oct 2025
QOH,WIND500R,,OH,Tornado 500mm Turbine Galv Round,0.0000,On Hand,06 Oct 2025
QOH,WINDOOB100B,Doors _AND_ Window Frames _AND_ Fitt,OH,Door Bolt 100mm Brass,0.0000,On Hand,06 Oct 2025
QOH,WINDOOBSC5X12,Doors _AND_ Window Frames _AND_ Fitt,OH,Door Bolt Screws M5x12,0.0000,On Hand,06 Oct 2025
QOH,WINHANBLA/YZ,Doors _AND_ Window Frames _AND_ Fitt,OH,Handle Bar L/H -ALUM Y/Z incl screw/Bush,0.0000,On Hand,06 Oct 2025
QOH,WINHANBRA/YZ,Doors _AND_ Window Frames _AND_ Fitt,OH,Handle Bar R/H - ALUM Incl screw/Bush,0.0000,On Hand,06 Oct 2025
QOH,WINHANSLB,Doors _AND_ Window Frames _AND_ Fitt,OH,Brass Handle - Left,0.0000,On Hand,06 Oct 2025
QOH,WINHANSLSHF/YZ,Doors _AND_ Window Frames _AND_ Fitt,OH,Handle Std L/H - H/F Steel Y/Z including,0.0000,On Hand,06 Oct 2025
QOH,WINHANSLSHFBP,Doors _AND_ Window Frames _AND_ Fitt,OH,Handle Std Left - H/F Steel B/P,0.0000,On Hand,06 Oct 2025
QOH,WINHANSLZ/YZ,Doors _AND_ Window Frames _AND_ Fitt,OH,Handle Std L/H - Zinc Y/Z,0.0000,On Hand,06 Oct 2025
QOH,WINHANSRB,Doors _AND_ Window Frames _AND_ Fitt,OH,Brass Handle - Right,0.0000,On Hand,06 Oct 2025
QOH,WINHANSRSHF/YZ,Doors _AND_ Window Frames _AND_ Fitt,OH,Handle Std R/H - H/F Steel Y/Z,0.0000,On Hand,06 Oct 2025
QOH,WINHANSRSHFBP,Doors _AND_ Window Frames _AND_ Fitt,OH,Handle Std Right - H/F Steel B/P,0.0000,On Hand,06 Oct 2025
QOH,WINHANSRZ/YZ,Doors _AND_ Window Frames _AND_ Fitt,OH,Handle Standard R/H - Econo,0.0000,On Hand,06 Oct 2025
QOH,WINHPLAWL25S,Doors _AND_ Window Frames _AND_ Fitt,OH,Handle Plate Weld On 25mm L/H - Stl,0.0000,On Hand,06 Oct 2025
QOH,WINHPLAWR25S,Doors _AND_ Window Frames _AND_ Fitt,OH,Handle Plate Weld On 25mm R/H - Stl,0.0000,On Hand,06 Oct 2025
QOH,WINHPLWLH,Doors _AND_ Window Frames _AND_ Fitt,OH,Handle Plate Weld On 25mm L/H - Stl,30.0000,On Hand,06 Oct 2025
QOH,WINHPWRH,Doors _AND_ Window Frames _AND_ Fitt,OH,Handle Plate Weld On 25mm R/H - Stl,30.0000,On Hand,06 Oct 2025
QOH,WINLHBH,Doors _AND_ Window Frames _AND_ Fitt,OH,Bargain Handles - LH incl Bush and Screw,200.0000,On Hand,06 Oct 2025
QOH,WINPEG150ASYZ,Doors _AND_ Window Frames _AND_ Fitt,OH,Pegstay 150mm - Stl Al/YZ,0.0000,On Hand,06 Oct 2025
QOH,WINPEG150B,Doors _AND_ Window Frames _AND_ Fitt,OH,Peg Stay 150mm Brass,0.0000,On Hand,06 Oct 2025
QOH,WINPEG200ASYZ,Doors _AND_ Window Frames _AND_ Fitt,OH,Peg Stay 200mm - Stl Al/YZ,-187.0000,On Hand,06 Oct 2025
QOH,WINPEG200B,Doors _AND_ Window Frames _AND_ Fitt,OH,Peg Stay 200mm - Brass,0.0000,On Hand,06 Oct 2025
QOH,WINPEG200SHFBP,,OH,200mm Pegstay - H/F Steel B/P,0.0000,On Hand,06 Oct 2025
QOH,WINPEG250AS/YZ,Doors _AND_ Window Frames _AND_ Fitt,OH,Peg Stay 250mm - Stl Al Y/Z,0.0000,On Hand,06 Oct 2025
QOH,WINPEG250B,Doors _AND_ Window Frames _AND_ Fitt,OH,Peg Stay 250mm - Brs,0.0000,On Hand,06 Oct 2025
QOH,WINPEG250S/YZ,Doors _AND_ Window Frames _AND_ Fitt,OH,Peg Stay 250mm - Stl Znc Swl Y/Z,0.0000,On Hand,06 Oct 2025
QOH,WINPEG300AS/YZ,Doors _AND_ Window Frames _AND_ Fitt,OH,300mm Pegstay - Stl Al/YZ,0.0000,On Hand,06 Oct 2025
QOH,WINPEG300B,Doors _AND_ Window Frames _AND_ Fitt,OH,300mm Brass Pegstays,0.0000,On Hand,06 Oct 2025
QOH,WINPEGHB,Doors _AND_ Window Frames _AND_ Fitt,OH,Peg Holder Bracket Econo - Stl,0.0000,On Hand,06 Oct 2025
QOH,WINPEGPINEC,Doors _AND_ Window Frames _AND_ Fitt,OH,Peg Pin Econo - Stl,0.0000,On Hand,06 Oct 2025
QOH,WINPEGREST,Doors _AND_ Window Frames _AND_ Fitt,OH,Peg rest Bracket Econo - Stl,0.0000,On Hand,06 Oct 2025
QOH,WINPEGS200B,Doors _AND_ Window Frames _AND_ Fitt,OH,200mm Brass Pegstay,0.0000,On Hand,06 Oct 2025
QOH,WINPHOLBWS,Doors _AND_ Window Frames _AND_ Fitt,OH,Peg Holder Bracket Weld On,0.0000,On Hand,06 Oct 2025
QOH,WINPPINBWS,Doors _AND_ Window Frames _AND_ Fitt,OH,Peg Pin Bracket Weld On,0.0000,On Hand,06 Oct 2025
QOH,WINPREGBWS,Doors _AND_ Window Frames _AND_ Fitt,OH,Peg Rest Bracket Weld On - STL,0.0000,On Hand,06 Oct 2025
QOH,WINPS34YP,Doors _AND_ Window Frames _AND_ Fitt,OH,300mm Pegstay YP St Knuckle,0.0000,On Hand,06 Oct 2025
QOH,WINPSAE200,Doors _AND_ Window Frames _AND_ Fitt,OH,Peg Stay Alum Econo 200mm - Stl Y/Z,0.0000,On Hand,06 Oct 2025
QOH,WINRDNBES,Doors _AND_ Window Frames _AND_ Fitt,OH,Round Nose Bracket Econo - Stl,0.0000,On Hand,06 Oct 2025
QOH,WINRDNBWS,Doors _AND_ Window Frames _AND_ Fitt,OH,Round Nose Bracket Weld on - STL,0.0000,On Hand,06 Oct 2025
QOH,WINRHBH,Doors _AND_ Window Frames _AND_ Fitt,OH,Bargain Handles - RH incl Bush and Screw,200.0000,On Hand,06 Oct 2025
QOH,WINSCR6X12B,Doors _AND_ Window Frames _AND_ Fitt,OH,Peg Stay Screw 6x12 - Brass,0.0000,On Hand,06 Oct 2025
QOH,WINSCREW6X9.5BR,Doors _AND_ Window Frames _AND_ Fitt,OH,Sliding Stay screw 6x9.5 - Brass,0.0000,On Hand,06 Oct 2025
QOH,WINSLI150AS/YZ,Doors _AND_ Window Frames _AND_ Fitt,OH,Sliding Stay 150mm - Stl Al Y/Z,0.0000,On Hand,06 Oct 2025
QOH,WINSLI150B,Doors _AND_ Window Frames _AND_ Fitt,OH,150mm BRASS Sliding Stay,0.0000,On Hand,06 Oct 2025
QOH,WINSLI178AS/YZ,Doors _AND_ Window Frames _AND_ Fitt,OH,178mm Sliding Stay - Stl AL/YZ,0.0000,On Hand,06 Oct 2025
QOH,WINSLI178B,Doors _AND_ Window Frames _AND_ Fitt,OH,178mm BRASS Sliding Stay,0.0000,On Hand,06 Oct 2025
QOH,WINSLI178S/YZ,Doors _AND_ Window Frames _AND_ Fitt,OH,178mm Sliding Stay - Stl Zinc Y/Z,0.0000,On Hand,06 Oct 2025
QOH,WINSLI270B,Doors _AND_ Window Frames _AND_ Fitt,OH,Sliding Stay 270mm - Brass,0.0000,On Hand,06 Oct 2025
QOH,WINSLI270SHF,Doors _AND_ Window Frames _AND_ Fitt,OH,Sliding Stay 270mm H/F Steel,0.0000,On Hand,06 Oct 2025
QOH,WINSQNBWS,Doors _AND_ Window Frames _AND_ Fitt,OH,Square Nose Bracket Weld On,0.0000,On Hand,06 Oct 2025
QOH,WINSQRNOSEE,Doors _AND_ Window Frames _AND_ Fitt,OH,Square Nose Bracket Econo - Stl,0.0000,On Hand,06 Oct 2025
QOH,WINSSAE150,Doors _AND_ Window Frames _AND_ Fitt,OH,Sliding Stay Alum Econo 150mm Stl Y/Z,0.0000,On Hand,06 Oct 2025
QOH,WINSSS6X6SY/Z,Doors _AND_ Window Frames _AND_ Fitt,OH,Sliding Stay Screw M6x6 - Stl Y/Z,0.0000,On Hand,06 Oct 2025
QOH,WINTEARDROP,Doors _AND_ Window Frames _AND_ Fitt,OH,Stl Teardrop Hinge - Stl Pin,0.0000,On Hand,06 Oct 2025
QOH,WINTHUA/BP,Doors _AND_ Window Frames _AND_ Fitt,OH,Thumb Screws - BP on Alum,0.0000,On Hand,06 Oct 2025
QOH,WINTHUA/ZY,Doors _AND_ Window Frames _AND_ Fitt,OH,Thumb Screws - Z/Y on Alum,0.0000,On Hand,06 Oct 2025
QOH,WINWHSCR8X19,Doors _AND_ Window Frames _AND_ Fitt,OH,Handel Hex Screw M8x19 - Stl Y/Z,0.0000,On Hand,06 Oct 2025
QOH,WINWPSCR6X12B,Doors _AND_ Window Frames _AND_ Fitt,OH,Peg Stay Screw M6 x 12 BRS,0.0000,On Hand,06 Oct 2025
QOH,WK0035267,Stove _AND_ Hobs,OH,Thermocouple for HFS90GA5ES (middle),0.0000,On Hand,06 Oct 2025
QOH,WKCBK,Kitchenware,OH,Core Black Whistling Kettle - 3litre,602.0000,On Hand,06 Oct 2025
QOH,WKCBKT,Kitchenware,OH,Core Black Whistling Kettle - 2lt,12.0000,On Hand,06 Oct 2025
QOH,WKCBL,Kitchenware,OH,Core Blue Whistling Kettle - 3 Litre,283.0000,On Hand,06 Oct 2025
QOH,WKCG,Kitchenware,OH,Core Green Whistling Kettle -3 litre,365.0000,On Hand,06 Oct 2025
QOH,WKCIM,Kitchenware,OH,Core Metallic Ivory Whistling Kettle-3l,119.0000,On Hand,06 Oct 2025
QOH,WKCMMS,Kitchenware,OH,Core Matt Silver Whistling Kettle -1.5lt,4.0000,On Hand,06 Oct 2025
QOH,WKCP,Kitchenware,OH,Core Pink Whistling Kettle - 3 Litre,54.0000,On Hand,06 Oct 2025
QOH,WKCPM,Kitchenware,OH,Core Metallic Pink Whistling Kettle - 3l,103.0000,On Hand,06 Oct 2025
QOH,WKCR,Kitchenware,OH,Core Red Whistling Kettle - 3 litre,535.0000,On Hand,06 Oct 2025
QOH,WKCRT,BLOCKED,OH,Core Red Whistling Kettle - 1.6lt,0.0000,On Hand,06 Oct 2025
QOH,WKCS,Kitchenware,OH,Core Silver Whistling Kettle - 3 litre,494.0000,On Hand,06 Oct 2025
QOH,WKCST,Kitchenware,OH,Core Silver Whistling Kettle - 2lt,32.0000,On Hand,06 Oct 2025
QOH,WKCTMS,Kitchenware,OH,Core Matt Silver Whistling Kettle - 2lt,21.0000,On Hand,06 Oct 2025
QOH,WKCV,Kitchenware,OH,Core Violet Whistling Kettle - 3 litre,185.0000,On Hand,06 Oct 2025
QOH,WKCW,Kitchenware,OH,Core White Whistling Kettle - 3 litre,207.0000,On Hand,06 Oct 2025
QOH,WKCWT,Kitchenware,OH,Core White Whistling Kettle - 2lt,67.0000,On Hand,06 Oct 2025
QOH,WKNB,Kitchenware,OH,Jasnic 2 5litre Whistling Kettle Black,0.0000,On Hand,06 Oct 2025
QOH,WKNC,Kitchenware,OH,Whistling Kettle 3litre Colour (Jasnic),0.0000,On Hand,06 Oct 2025
QOH,WKNS,Kitchenware,OH,Whistling Kettle Silver 3litre (Jasnic),0.0000,On Hand,06 Oct 2025
QOH,WMGHZ12,Cylinders/Heaters/General,OH,Wall Mounted Patio Radient Heater _AND_ Brak,0.0000,On Hand,06 Oct 2025
QOH,WMGHZ16,Cylinders/Heaters/General,OH,Wall Mounted Gas Heater - Z16,0.0000,On Hand,06 Oct 2025
QOH,WNC2FBB,Doors _AND_ Window Frames _AND_ Fitt,OH,Window Frames NC2FBB - Medium Duty,0.0000,On Hand,06 Oct 2025
QOH,WNE1BB,Doors _AND_ Window Frames _AND_ Fitt,OH,Window Frames NE1BB - Medium Duty,0.0000,On Hand,06 Oct 2025
QOH,WPPG10,Brass Fittings,OH,Wall Plug Plastic Grey 10mm (50),0.0000,On Hand,06 Oct 2025
QOH,WSBB02,BLOCKED,OH,Wooden Steak Board - Large (400x600x26),3.0000,On Hand,06 Oct 2025
QOH,WSKC,Kitchenware,OH,Whistling Kettle Safeway - MIXED,41.0000,On Hand,06 Oct 2025
QOH,WSKCL,Kitchenware,OH,2litre Gas Kettle,0.0000,On Hand,06 Oct 2025
QOH,WSKDC,Kitchenware,OH,3lt Whistling Kettle Deluxe,8.0000,On Hand,06 Oct 2025
QOH,WSKS,BLOCKED,OH,Whistling Kettle Safeway - Silver,0.0000,On Hand,06 Oct 2025
QOH,WSSB01,Wooden Boards,OH,Wooden Steak Board - Small (285x450x23),20.0000,On Hand,06 Oct 2025
QOH,WSSB03,Wooden Boards,OH,Serving Steak Board,0.0000,On Hand,06 Oct 2025
QOH,WW15KG,General Spares,OH,Welding Wire 15kg Box,0.0000,On Hand,06 Oct 2025
QOH,WZKK,BLOCKED,OH,3 litre Whistling Kettle - Czajnik,0.0000,On Hand,06 Oct 2025
QOH,YGGLCG/WAY,BLOCKED,OH,Wifi Gateway,0.0000,On Hand,06 Oct 2025
QOH,YGGLCMON,BLOCKED,OH,BT Monitor (Std Sensors),0.0000,On Hand,06 Oct 2025
QOH,YGGLCSTD,BLOCKED,OH,Standard Sensor 3kg - 19kg,0.0000,On Hand,06 Oct 2025
QOH,YGGLCSTD2,BLOCKED,OH,Gas Level Check 2 x STD,0.0000,On Hand,06 Oct 2025
QOH,YGGLCXL,BLOCKED,OH,Sensor XL 48kg,0.0000,On Hand,06 Oct 2025
QOH,YGGLCXL2,BLOCKED,OH,Gas Level Check 2 x XL,0.0000,On Hand,06 Oct 2025
QOH,Z4BGSOB,Stove _AND_ Hobs,OH,Zero 4 Plate Stove Incl Gas Oven Black,0.0000,On Hand,06 Oct 2025
QOH,Z4BGSOSS,Stove _AND_ Hobs,OH,Zero 4 Plate Stove Incl Gas Oven S/Steel,0.0000,On Hand,06 Oct 2025
QOH,Z4BGSOW,Stove _AND_ Hobs,OH,Zero 4 Plate Stove Incl Gas Oven White,0.0000,On Hand,06 Oct 2025
QOH,Z5BGSOGSS,Stove _AND_ Hobs,OH,5 Burner Gas Stove and Oven/Grill S/S,0.0000,On Hand,06 Oct 2025
QOH,Z5BGSSSO,BLOCKED,OH,Zero 5 burner Gas oven grill S/S,0.0000,On Hand,06 Oct 2025
QOH,Z6BGSO,Stove _AND_ Hobs,OH,Zero 6 Plate White Stove Incl Gas Oven,0.0000,On Hand,06 Oct 2025
QOH,Z6BGSSSO,Stove _AND_ Hobs,OH,6 Burner Stainless Steel Gas Stove/Oven,0.0000,On Hand,06 Oct 2025
QOH,ZA20LPB,Gas Water Heaters _AND_ Access,OH,20 litre Zero / Low pressure,0.0000,On Hand,06 Oct 2025
QOH,ZEBPRC,Braais _AND_ Products,OH,Pan Rusk _AND_ Cutter 430mmx350mm,0.0000,On Hand,06 Oct 2025
QOH,ZEBPS01,Braais _AND_ Products,OH,Potjie Steamer Large Size 4,27.0000,On Hand,06 Oct 2025
QOH,ZEBPS02,Braais _AND_ Products,OH,Potjie Steamer Small - Size3,42.0000,On Hand,06 Oct 2025
QOH,ZEBRCO,Braais _AND_ Products,OH,Rusk Cutter Only,0.0000,On Hand,06 Oct 2025
QOH,ZEBSBT01,BLOCKED,OH,Braai Sandwich Toaster (Made in RSA),0.0000,On Hand,06 Oct 2025
QOH,ZEBSML01,Braais _AND_ Products,OH,Sosatie Braai (Proudly made in RSA),17.0000,On Hand,06 Oct 2025
QOH,ZEBSP3,Braais _AND_ Products,OH,Zebra Steakpan 310 x 430,0.0000,On Hand,06 Oct 2025
QOH,ZEBSP4,Braais _AND_ Products,OH,Zebra Steakpan 410 x 500,0.0000,On Hand,06 Oct 2025
QOH,ZGFR260DB,Kitchenware,OH,Dbl Bin Chest Fridge/Freezer Zero,0.0000,On Hand,06 Oct 2025
QOH,TERMH510,Brass Fittings,OH,510M Thermocouple for Hob,0.0000,On Hand,06 Oct 2025
QOH,THERMH510,General Spares,OH,510mm hermocouple for Hob,0.0000,On Hand,06 Oct 2025
QOH,SFGLR,,OH,Short Flame Gas Lighter - Refillable,100.0000,On Hand,06 Oct 2025
QOH,GFPG,Gas Water Heaters _AND_ Access,OH,Glass Fuse for Paloma Geyser,0.0000,On Hand,06 Oct 2025
QOH,GR20LFF,Gas Water Heaters _AND_ Access,OH,20LT FF Typhoon Geyser Remote,0.0000,On Hand,06 Oct 2025
QOH,BBQTGC,Braais _AND_ Products,OH,BBQ Tong and Grill Cleaner set,5.0000,On Hand,06 Oct 2025
QOH,BBQBWC,Braais _AND_ Products,OH,BBQ Brush Cleaner Wire Coarse,12.0000,On Hand,06 Oct 2025
QOH,SPAREDESPS036,Stove _AND_ Hobs,OH,Ignitor Box for 4 Burner Hob,0.0000,On Hand,06 Oct 2025
QOH,PGLP0-10,Regulators/Pigtails,OH,Low Pressure Gauge 10 KPA,4.0000,On Hand,06 Oct 2025
QOH,AMPGWH,Gas Water Heaters _AND_ Access,OH,Alva Mini Portable Gas Water Heater,1.0000,On Hand,06 Oct 2025
QOH,SIL001,Hardware,OH,Acrylic Adhesive and Filler - 5kg,16.0000,On Hand,06 Oct 2025
QOH,SIL002,Hardware,OH,Acrylic Adhesive and Filler - 2kg,20.0000,On Hand,06 Oct 2025
QOH,LACIPOC,Camping Products,OH,Luxury Arm Chair 63x63x107 Iron Pipe and Oxford Cloth,5.0000,On Hand,06 Oct 2025
MIN,0042800,Gas Water Heaters _AND_ Access,Min,Bosch Spares,0.0000,Min Level,06 Oct 2025
MIN,1BCARTS,Stove _AND_ Hobs,Min,1 Burner Cartridge Stove,0.0000,Min Level,06 Oct 2025
MIN,1BCARTSAF,Canister Gas Products,Min,1 Burner Portable Stove - Canister,0.0000,Min Level,06 Oct 2025
MIN,2BCARTS,BLOCKED,Min,2 Burner Cartridge Stove,0.0000,Min Level,06 Oct 2025
MIN,2BWEMCAP,Stove _AND_ Hobs,Min,Cap for 2 Burner Enamel Stove,0.0000,Min Level,06 Oct 2025
MIN,2BWEN,Stove _AND_ Hobs,Min,2 Burner Enamel Stove White,0.0000,Min Level,06 Oct 2025
MIN,2BWENB,Stove _AND_ Hobs,Min,2 Burner Enamel Stove - Black,0.0000,Min Level,06 Oct 2025
MIN,2BWENL,BLOCKED,Min,2 Burner White enamel with lid,0.0000,Min Level,06 Oct 2025
MIN,3/8MHANDWHEEL,BLOCKED,Min,3/8inch M BSP Handwheel,0.0000,Min Level,06 Oct 2025
MIN,3AB025,BLOCKED,Min,25mm Burner,0.0000,Min Level,06 Oct 2025
MIN,3AB029,BLOCKED,Min,29mm Burner,0.0000,Min Level,06 Oct 2025
MIN,3AB042,BLOCKED,Min,42mm Burner,0.0000,Min Level,06 Oct 2025
MIN,3AHAN1,BLOCKED,Min,Single Handle,0.0000,Min Level,06 Oct 2025
MIN,3ANT180,BLOCKED,Min,180mm Neck Tube,0.0000,Min Level,06 Oct 2025
MIN,3ATHD,BLOCKED,Min,Double 3 Arrow Torch Handle,0.0000,Min Level,06 Oct 2025
MIN,3BWEM,BLOCKED,Min,3 Plate White Enamel Stove,0.0000,Min Level,06 Oct 2025
MIN,4BWENL,BLOCKED,Min,4 Burner White Enamel with Lid,0.0000,Min Level,06 Oct 2025
MIN,5/8LHTHANDWHEEL,BLOCKED,Min,Bullnose 5/8inch LHT Handwheel,0.0000,Min Level,06 Oct 2025
MIN,5X5MANT,BLOCKED,Min,Tee piece fittings for Manifold,0.0000,Min Level,06 Oct 2025
MIN,8704401307,Gas Water Heaters _AND_ Access,Min,BOSCH - Flue Cables WRD Range,0.0000,Min Level,06 Oct 2025
MIN,87044040330,Gas Water Heaters _AND_ Access,Min,BOSCH - WR Set of Cables Ignition Batt,0.0000,Min Level,06 Oct 2025
MIN,87044040350,Gas Water Heaters _AND_ Access,Min,BOSCH spares - WR Hydro Ignition Lead,0.0000,Min Level,06 Oct 2025
MIN,87070119220,Gas Water Heaters _AND_ Access,Min,Bosch Spares - WR 14litre Gas Valve LPG,0.0000,Min Level,06 Oct 2025
MIN,87070119620,Gas Water Heaters _AND_ Access,Min,Bosch Spares - WR 18L Gas Valve LPG,0.0000,Min Level,06 Oct 2025
MIN,87072062040,Gas Water Heaters _AND_ Access,Min,BOSCH - Overheat Sensor for Flue,0.0000,Min Level,06 Oct 2025
MIN,87072062820,Gas Water Heaters _AND_ Access,Min,BOSCH - WR Flue Gas Safety Cables,0.0000,Min Level,06 Oct 2025
MIN,87072071420,Gas Water Heaters _AND_ Access,Min,Bosch Spares - WR Hydro Ignition Unit,0.0000,Min Level,06 Oct 2025
MIN,87074060950,Gas Water Heaters _AND_ Access,Min,Bosch Spares - WR Hydro Generator,0.0000,Min Level,06 Oct 2025
MIN,87081056550,Gas Water Heaters _AND_ Access,Min,BOSCH spares - WR Pilot Burner (Bracket),0.0000,Min Level,06 Oct 2025
MIN,87081070130,Gas Water Heaters _AND_ Access,Min,BOSCH spares- WR Battery Sparking Plug,0.0000,Min Level,06 Oct 2025
MIN,8738710119,Gas Water Heaters _AND_ Access,Min,Bosch Spares - WRD 18l Water Valve Oval,0.0000,Min Level,06 Oct 2025
MIN,8738710124,Gas Water Heaters _AND_ Access,Min,Bosch Spares - WRD 14l Water Valve Oval,0.0000,Min Level,06 Oct 2025
MIN,8738715173,Gas Water Heaters _AND_ Access,Min,BOSCH - Temperature Sensor WRD Range,0.0000,Min Level,06 Oct 2025
MIN,8738717425,Gas Water Heaters _AND_ Access,Min,Bosch Spares - Optiflo Elec Control Unit,0.0000,Min Level,06 Oct 2025
MIN,A10LGGLED,BLOCKED,Min,10lt Gas Water Heater (Atlas),0.0000,Min Level,06 Oct 2025
MIN,A12FGLED,BLOCKED,Min,12lt Forced Water Heater(No longer),0.0000,Min Level,06 Oct 2025
MIN,A12LGGLED,BLOCKED,Min,12lt Water Heater N/S,0.0000,Min Level,06 Oct 2025
MIN,A16LGGCON,BLOCKED,Min,16lt Water Heater Constant Temp,0.0000,Min Level,06 Oct 2025
MIN,A16LGGLED,BLOCKED,Min,16lt Water Heater (Atlas),0.0000,Min Level,06 Oct 2025
MIN,A200MAN,Boiling Table/Burners,Min,Double Cast Iron Boiling Table Manifold,0.0000,Min Level,06 Oct 2025
MIN,A20FGLED,BLOCKED,Min,20lt Fan Forced Water Heater N/S,0.0000,Min Level,06 Oct 2025
MIN,A20LGGLED,BLOCKED,Min,20lt Water Heater (Atlas),0.0000,Min Level,06 Oct 2025
MIN,A28FGLED,BLOCKED,Min,28litre Fan Forced Water (No Longer),0.0000,Min Level,06 Oct 2025
MIN,A2BBL,BLOCKED,Min,2 Burner Gas Stove - Black (Powder),0.0000,Min Level,06 Oct 2025
MIN,A2BHOB,BLOCKED,Min,Stainless 2 Burner Hob PLS Cast Iron Trive,0.0000,Min Level,06 Oct 2025
MIN,A2BSS,BLOCKED,Min,2 Burner S/S Stove Incl Reg PLS Hose AFA,0.0000,Min Level,06 Oct 2025
MIN,A300MAN,Boiling Table/Burners,Min,Triple Boiling Table Manifold,0.0000,Min Level,06 Oct 2025
MIN,A4BGSO,BLOCKED,Min,4 Plate Stove Incl Gas Oven White JAGAND,0.0000,Min Level,06 Oct 2025
MIN,A4BHOB,BLOCKED,Min,4 Burner S/S Hob PLS Cast Iron Trivets Bat,0.0000,Min Level,06 Oct 2025
MIN,A5BHOB,BLOCKED,Min,5 Burner S/S Hob PLS Cast Iron Trivets,0.0000,Min Level,06 Oct 2025
MIN,A5LGGLED,BLOCKED,Min,5.5lt Water Heater (NO longer),0.0000,Min Level,06 Oct 2025
MIN,A5PLGGLED,BLOCKED,Min,5lt Camping Water Heater outdoor,0.0000,Min Level,06 Oct 2025
MIN,A6BGSO,BLOCKED,Min,6 Plate White Stove Incl Gas Oven,0.0000,Min Level,06 Oct 2025
MIN,A6LGGLED,BLOCKED,Min,6lt Gas Water Heater (Atlas),0.0000,Min Level,06 Oct 2025
MIN,A8LGGLED,BLOCKED,Min,8lt Gas Water Heater N/S,0.0000,Min Level,06 Oct 2025
MIN,AB4BGSO,BLOCKED,Min,4 Plate Gas Stove Incl Gas Oven,0.0000,Min Level,06 Oct 2025
MIN,AF608,BLOCKED,Min,3/8inch Male to 13mm Hosetail,0.0000,Min Level,06 Oct 2025
MIN,AFF110,Gas Water Heaters _AND_ Access,Min,110mm Flexible Flue Pipe,0.0000,Min Level,06 Oct 2025
MIN,AFF110/1600,Gas Water Heaters _AND_ Access,Min,110 Flexi Flue 1600mm,0.0000,Min Level,06 Oct 2025
MIN,AFF130,Gas Water Heaters _AND_ Access,Min,130mm Flexi Flue Pipe,0.0000,Min Level,06 Oct 2025
MIN,AFF130/1600,Gas Water Heaters _AND_ Access,Min,130 Flexi Flue 1600mm,0.0000,Min Level,06 Oct 2025
MIN,AFF90,Gas Water Heaters _AND_ Access,Min,90mm Flexible Flue,0.0000,Min Level,06 Oct 2025
MIN,AFWDATL,BLOCKED,Min,Floor Standing Water Dispenser,0.0000,Min Level,06 Oct 2025
MIN,AGAPISOVEN,BLOCKED,Min,Gas Pizza Oven,0.0000,Min Level,06 Oct 2025
MIN,AGASOVEN,BLOCKED,Min,Gas Oven Full Safety Features PLS Grill,0.0000,Min Level,06 Oct 2025
MIN,AGCO30,BLOCKED,Min,GAS CANISTER OVEN 30 L,0.0000,Min Level,06 Oct 2025
MIN,AL1BSSA,BLOCKED,Min,1 Burner Stainless Steel Auto,0.0000,Min Level,06 Oct 2025
MIN,AL2BGSA,BLOCKED,Min,2 Burner Black Glass Top,0.0000,Min Level,06 Oct 2025
MIN,AL2BHP,BLOCKED,Min,2 Burner High Pressure Gas Stove,0.0000,Min Level,06 Oct 2025
MIN,AL2BSSA,Stove _AND_ Hobs,Min,2 Burner Auto Stainless Steel Auto ONLY,0.0000,Min Level,06 Oct 2025
MIN,AL2BSSF,BLOCKED,Min,Alva 2 Burner S/Steel Incl Reg PLS Hose,0.0000,Min Level,06 Oct 2025
MIN,AL3BTS,Braais _AND_ Products,Min,3 Piece S/S BBQ Tool Set Alva,0.0000,Min Level,06 Oct 2025
MIN,ALAMAC,Braais _AND_ Products,Min,Alva Amacooka Stand,0.0000,Min Level,06 Oct 2025
MIN,ALCCCC,Canister Gas Products,Min,Alva BBQ Canister Cooker with Carry Case,0.0000,Min Level,06 Oct 2025
MIN,ALCGKS,Kitchenware,Min,Casa Genoa 5pc Knife Set,0.0000,Min Level,06 Oct 2025
MIN,ALCNSKS,Kitchenware,Min,Casa Napoli 2Pc Santoku Knife Set,0.0000,Min Level,06 Oct 2025
MIN,ALCRH,BLOCKED,Min,Dust Cover for 3 Panel Heater,0.0000,Min Level,06 Oct 2025
MIN,ALCTKSFS,Kitchenware,Min,Casa Treviso 4pc Kitchen Set,0.0000,Min Level,06 Oct 2025
MIN,ALDP,BLOCKED,Min,Alluminium Dixie Pan - Set of 2,0.0000,Min Level,06 Oct 2025
MIN,ALEBST,Kitchenware,Min,Single Tie-Down Electric Blanket Alva 75,0.0000,Min Level,06 Oct 2025
MIN,ALGPO,Stove _AND_ Hobs,Min,Gas Pizza Oven - Alva,0.0000,Min Level,06 Oct 2025
MIN,ALGW205,Gas Water Heaters _AND_ Access,Min,Mini Portable Gas Water Heater,0.0000,Min Level,06 Oct 2025
MIN,ALHTW,Braais _AND_ Products,Min,3 Burner Hotwheel in HD Bag,0.0000,Min Level,06 Oct 2025
MIN,ALTCCR106,Canister Gas Products,Min,Canister Blow Torch,0.0000,Min Level,06 Oct 2025
MIN,ALVWPO,BLOCKED,Min,Alva Wok Pan Only NO STOCK,0.0000,Min Level,06 Oct 2025
MIN,ASATB40,Solar Mounting Solutions,Min,40mm Solar Anti Theft Bracket,0.0000,Min Level,06 Oct 2025
MIN,AUTOSP003,Stove _AND_ Hobs,Min,Auto Brass Simmer Cap,0.0000,Min Level,06 Oct 2025
MIN,AUTOSP012,Stove _AND_ Hobs,Min,2 Burner S/S Stove - Spare Burner,0.0000,Min Level,06 Oct 2025
MIN,AVGB001,Doors _AND_ Window Frames _AND_ Fitt,Min,Galvanised Barges - 3m,0.0000,Min Level,06 Oct 2025
MIN,AVIBR0005,Roof Sheeting,Min,IBR 0.47mm Sheeting - Slate 6m,0.0000,Min Level,06 Oct 2025
MIN,AVIBR001,Roof Sheeting,Min,IBR sheeting AZ 0.47 x 3.6m,0.0000,Min Level,06 Oct 2025
MIN,AVIBR002,Roof Sheeting,Min,IBR sheeting AZ 0.47 x 4.2m,0.0000,Min Level,06 Oct 2025
MIN,AVIBR003,Roof Sheeting,Min,IBR sheeting AZ 0.47 x 4.8m,0.0000,Min Level,06 Oct 2025
MIN,AVIBR004,Roof Sheeting,Min,IBR sheeting AZ 0.47 x 6.0m,0.0000,Min Level,06 Oct 2025
MIN,AVIBRR001,Roof Sheeting,Min,IBR Ridging 3metre,0.0000,Min Level,06 Oct 2025
MIN,AVIBRSRT001,Roof Sheeting,Min,IBR Sheeting 0.25mm,0.0000,Min Level,06 Oct 2025
MIN,B00183200,Gas Water Heaters _AND_ Access,Min,BOSCH -Solenoid Valve (220) Pilot Burner,0.0000,Min Level,06 Oct 2025
MIN,B001883219,Gas Water Heaters _AND_ Access,Min,BOSCH - Solenoid Valve (219) Main Burner,0.0000,Min Level,06 Oct 2025
MIN,B109-02,Brass Fittings,Min,1/8inch Male Plug Hex Head,0.0000,Min Level,06 Oct 2025
MIN,B109-04,Brass Fittings,Min,1/4inch Male Plug Hex Head,0.0000,Min Level,06 Oct 2025
MIN,B109-06,Brass Fittings,Min,3/8inch Male Plug Hex Head,0.0000,Min Level,06 Oct 2025
MIN,B109-08,Brass Fittings,Min,1/2inch Male Plug Hex Head,0.0000,Min Level,06 Oct 2025
MIN,B112-02,Brass Fittings,Min,1/8inch Female Equal Tee,0.0000,Min Level,06 Oct 2025
MIN,B112-06,Brass Fittings,Min,3/8inch Female Equal Tee,0.0000,Min Level,06 Oct 2025
MIN,B112-08,BLOCKED,Min,1/2inch Female Tee,0.0000,Min Level,06 Oct 2025
MIN,B114-02,Brass Fittings,Min,1/8inch F x 1/8inch F Elbow,0.0000,Min Level,06 Oct 2025
MIN,B114-04,Brass Fittings,Min,1/4inch F x 1/4inch F Elbow,0.0000,Min Level,06 Oct 2025
MIN,B114-08,Brass Fittings,Min,1/2inch F x 1/2inch F Elbow,0.0000,Min Level,06 Oct 2025
MIN,B126-0206,Brass Fittings,Min,1/8inch Female to 10mm Hosetail,0.0000,Min Level,06 Oct 2025
MIN,B126-0404,Brass Fittings,Min,1/4inch Female to 6mm Hosetail,0.0000,Min Level,06 Oct 2025
MIN,B126-0406,Brass Fittings,Min,1/4inch Female to 10mm Hosetail,0.0000,Min Level,06 Oct 2025
MIN,B126-0606,Brass Fittings,Min,3/8inch Female to 10mm Hosetail,0.0000,Min Level,06 Oct 2025
MIN,B3/8TBP,Brass Fittings,Min,3/8inch Test Bleeding Point,0.0000,Min Level,06 Oct 2025
MIN,B48-0806,BLOCKED,Min,1/2inch Tube to 3/8inch Pipe,0.0000,Min Level,06 Oct 2025
MIN,B48-0808,BLOCKED,Min,1/2inch Tube to 1/2inch Pipe,0.0000,Min Level,06 Oct 2025
MIN,B480402,BLOCKED,Min,1/4inch Compression by 1/8inch Pipe Male,0.0000,Min Level,06 Oct 2025
MIN,B480404,BLOCKED,Min,1/4inch Compression by 1/4inch Pipe Male,0.0000,Min Level,06 Oct 2025
MIN,B480504,BLOCKED,Min,5/16inch Compression by 1/4inch Pipe Male,0.0000,Min Level,06 Oct 2025
MIN,B480602,BLOCKED,Min,3/8inch Compression by 1/8inch Pipe Male,0.0000,Min Level,06 Oct 2025
MIN,B480606,BLOCKED,Min,3/8inch Compression by 3/8inch Pipe Male,0.0000,Min Level,06 Oct 2025
MIN,B480804,BLOCKED,Min,1/2inch Compression by 1/4inch Pipe Male,0.0000,Min Level,06 Oct 2025
MIN,B480806,BLOCKED,Min,1/2inch Compression by 3/8inch Pipe Male,0.0000,Min Level,06 Oct 2025
MIN,B490202,BLOCKED,Min,1/8inch Compression by 1/8inch Pipe Male Elbow,0.0000,Min Level,06 Oct 2025
MIN,B490402,BLOCKED,Min,1/4inch Compression by 1/8inch Pipe Male Elbow,0.0000,Min Level,06 Oct 2025
MIN,B490404,BLOCKED,Min,1/4inch Compression by 1/4inch Pipe Male Elbow,0.0000,Min Level,06 Oct 2025
MIN,B490604,BLOCKED,Min,3/8inch Compression by 1/4inch Pipe Male Elbow,0.0000,Min Level,06 Oct 2025
MIN,B490606,BLOCKED,Min,3/8inch Compression by 3/8inch Pipe Male Elbow,0.0000,Min Level,06 Oct 2025
MIN,B490804,BLOCKED,Min,1/2inch Compression by 1/4inch Pipe Male Elbow,0.0000,Min Level,06 Oct 2025
MIN,B490806,BLOCKED,Min,1/2inch Compression by 3/8inch Pipe Male Elbow,0.0000,Min Level,06 Oct 2025
MIN,B490808,BLOCKED,Min,1/2inch Compression by 1/2inch Pipe Male Elbow,0.0000,Min Level,06 Oct 2025
MIN,B5/16TPC,BLOCKED,Min,5/16inch Comp to 5/16inch Comp Test Point,0.0000,Min Level,06 Oct 2025
MIN,B61-04,Brass Fittings,Min,1/4inch Compression Nut/Tube OD,0.0000,Min Level,06 Oct 2025
MIN,B61-04M,Brass Fittings,Min,4mm brass nut,0.0000,Min Level,06 Oct 2025
MIN,B61-05,Brass Fittings,Min,5/16 Compression Nut,0.0000,Min Level,06 Oct 2025
MIN,B61-06,Brass Fittings,Min,3/8inch Compression Nut/Tube OD,0.0000,Min Level,06 Oct 2025
MIN,B61-08,Brass Fittings,Min,1/2inch Compression Nut/Tube OD,0.0000,Min Level,06 Oct 2025
MIN,B61-15MM NUT,Brass Fittings,Min,15mm Compression Nut (HF-246),0.0000,Min Level,06 Oct 2025
MIN,B62-02,Brass Fittings,Min,1/8inch Compression Union/Tube OD,0.0000,Min Level,06 Oct 2025
MIN,B62-03,Brass Fittings,Min,3/16inch Compression Union/Tube OD,0.0000,Min Level,06 Oct 2025
MIN,B62-04,Brass Fittings,Min,1/4inch Compression Union/Tube OD,0.0000,Min Level,06 Oct 2025
MIN,B62-05,Brass Fittings,Min,5/16inch Compression Union/Tube OD,0.0000,Min Level,06 Oct 2025
MIN,B62-06,Brass Fittings,Min,3/8inch Compression Union/Tube OD,0.0000,Min Level,06 Oct 2025
MIN,B62-08,Brass Fittings,Min,1/2inch Compression Union/Tube OD,0.0000,Min Level,06 Oct 2025
MIN,B690402,BLOCKED,Min,1/4inch Compression by 1/8inch Male Elbow,0.0000,Min Level,06 Oct 2025
MIN,B690404,BLOCKED,Min,1/4inch Compression by 1/4inch Male Elbow,0.0000,Min Level,06 Oct 2025
MIN,B690502,BLOCKED,Min,5/16inch Compression by 1/8inch Male Elbow,0.0000,Min Level,06 Oct 2025
MIN,B690504,Brass Fittings,Min,5/16inch Compression by 1/4inch Male Elbow,0.0000,Min Level,06 Oct 2025
MIN,B690602,BLOCKED,Min,3/8inch Compression by 1/8inch Male Elbow,0.0000,Min Level,06 Oct 2025
MIN,B690604,BLOCKED,Min,3/8inch Compression by 1/4inch Male Elbow,0.0000,Min Level,06 Oct 2025
MIN,B690606,Brass Fittings,Min,3/8inch Compression by 3/8inch Male Elbow,0.0000,Min Level,06 Oct 2025
MIN,B690804,Brass Fittings,Min,1/2inch Compression by 1/4inch Male Elbow,0.0000,Min Level,06 Oct 2025
MIN,B690806,BLOCKED,Min,1/2inch Compression by 3/8inch Male Elbow,0.0000,Min Level,06 Oct 2025
MIN,BACKPLATELHWO,BLOCKED,Min,Backplate LH WO ST,0.0000,Min Level,06 Oct 2025
MIN,BAF204,Brass Fittings,Min,1/8inch Male to 6mm Hosetail,0.0000,Min Level,06 Oct 2025
MIN,BAF206,Brass Fittings,Min,1/8inch Male to 10mm Hosetail,0.0000,Min Level,06 Oct 2025
MIN,BAF406,Brass Fittings,Min,1/4inch Male to 10mm Hosetail,0.0000,Min Level,06 Oct 2025
MIN,BAF408,Brass Fittings,Min,1/4inch Male to 13mm hosetail,0.0000,Min Level,06 Oct 2025
MIN,BAF604,Brass Fittings,Min,3/8inch Male to 6mm Hosetail,0.0000,Min Level,06 Oct 2025
MIN,BAF606,Brass Fittings,Min,3/8inch Male to 10mm Hosetail,0.0000,Min Level,06 Oct 2025
MIN,BAF608,Brass Fittings,Min,3/8inch Male to 13mm Hosetail,0.0000,Min Level,06 Oct 2025
MIN,BAF806,Brass Fittings,Min,1/2inch Male to 10mm Hosetail,0.0000,Min Level,06 Oct 2025
MIN,BAF808,Brass Fittings,Min,1/2inch Male to 13mm Hosetail,0.0000,Min Level,06 Oct 2025
MIN,BAMT90,BLOCKED,Min,Bamboo Torch 90cm,0.0000,Min Level,06 Oct 2025
MIN,BAR5MM,BLOCKED,Min,5mm Barrel - Stl,0.0000,Min Level,06 Oct 2025
MIN,BATBP,Brass Fittings,Min,Allen Type Bleeder Plug,0.0000,Min Level,06 Oct 2025
MIN,BBC,Brass Fittings,Min,Bullnose to Cadac,0.0000,Min Level,06 Oct 2025
MIN,BBCHV,Brass Fittings,Min,Back Check Valve - Liquid Pigtails,0.0000,Min Level,06 Oct 2025
MIN,BBQ3/1,Braais _AND_ Products,Min,BBQ Brush 3 in 1,0.0000,Min Level,06 Oct 2025
MIN,BBQBB,Braais _AND_ Products,Min,BBQ Basting Brush - 2 piece,0.0000,Min Level,06 Oct 2025
MIN,BBQBBR,Braais _AND_ Products,Min,Barrel Braai,0.0000,Min Level,06 Oct 2025
MIN,BBQBRAAI,Braais _AND_ Products,Min,Portable Braai - Circular,0.0000,Min Level,06 Oct 2025
MIN,BBQBT,BLOCKED,Min,BBQ Tongs Cross over - (oval jaw) DISCON,0.0000,Min Level,06 Oct 2025
MIN,BBQBTL,Braais _AND_ Products,Min,BBQ Tongs Cross over (Square jaw) 38cm,0.0000,Min Level,06 Oct 2025
MIN,BBQCF,BLOCKED,Min,Carving Fork 28cm,0.0000,Min Level,06 Oct 2025
MIN,BBQER2P,Braais _AND_ Products,Min,Egg Rings 2 piece,0.0000,Min Level,06 Oct 2025
MIN,BBQGBM,Braais _AND_ Products,Min,BBQ Grill and Braai Mats (2),0.0000,Min Level,06 Oct 2025
MIN,BBQGGB004,Braais _AND_ Products,Min,Gas Braai Black - 3PLS1 Burner Auto,0.0000,Min Level,06 Oct 2025
MIN,BBQGRID103,BLOCKED,Min,Roadster Hi-Side Grid - S/S 435x335,0.0000,Min Level,06 Oct 2025
MIN,BBQGRID107,BLOCKED,Min,Roadster Grid HandsFree - S/S 435x335,0.0000,Min Level,06 Oct 2025
MIN,BBQGRID112,BLOCKED,Min,GTO Grid - S/S 230x280 with stand/bag,0.0000,Min Level,06 Oct 2025
MIN,BBQGRID500,Braais _AND_ Products,Min,GTO Grid - Chrome 230x280,0.0000,Min Level,06 Oct 2025
MIN,BBQGRID502,Braais _AND_ Products,Min,Roadster Grid H/F - Chrome 435x335x20,0.0000,Min Level,06 Oct 2025
MIN,BBQGRID503,Braais _AND_ Products,Min,Roadster Grid H/S - Chrome 435x335x45,0.0000,Min Level,06 Oct 2025
MIN,BBQGRIDBB,Braais _AND_ Products,Min,S/S BBQ Grid - 43cm x 34cm x 2cm,0.0000,Min Level,06 Oct 2025
MIN,BBQGRIDBM,Braais _AND_ Products,Min,BBQ Grid Bag Medium,0.0000,Min Level,06 Oct 2025
MIN,BBQGRIDCG,Braais _AND_ Products,Min,Galvanised Chicken Braai Grid,0.0000,Min Level,06 Oct 2025
MIN,BBQGRIDHF,BLOCKED,Min,Roadster Grid H/F(502) - Chrome 435x335,0.0000,Min Level,06 Oct 2025
MIN,BBQGRIDIM,Braais _AND_ Products,Min,S/S BBQ Grid - 43cm x 34cm x 2cm,0.0000,Min Level,06 Oct 2025
MIN,BBQGRIDKD,Braais _AND_ Products,Min,S/S BBQ Grid Kudu 50 cm x 41.5 cm x 2cm,0.0000,Min Level,06 Oct 2025
MIN,BBQGRIDSB,Braais _AND_ Products,Min,S/S BBQ Grid - 34cm x 31.5cm x 2cm,0.0000,Min Level,06 Oct 2025
MIN,BBQGRIDWB,Braais _AND_ Products,Min,S/S BBQ Grid - 43cm x 34cm x 4.5cm,0.0000,Min Level,06 Oct 2025
MIN,BBQJFC,Braais _AND_ Products,Min,Cast Iron Jaffle Iron,0.0000,Min Level,06 Oct 2025
MIN,BBQJFL,Braais _AND_ Products,Min,BBQ Jaffle Iron,0.0000,Min Level,06 Oct 2025
MIN,BBQKS7,BLOCKED,Min,Knive Set - 6pc,0.0000,Min Level,06 Oct 2025
MIN,BBQLB,Braais _AND_ Products,Min,BBQ Long Brush,0.0000,Min Level,06 Oct 2025
MIN,BBQLS4,BLOCKED,Min,Long Soda Spoons - 4pc,0.0000,Min Level,06 Oct 2025
MIN,BBQPNBL00,Braais _AND_ Products,Min,Large Foldup Picnic Braai,0.0000,Min Level,06 Oct 2025
MIN,BBQPNBM00,Braais _AND_ Products,Min,Medium Fold-Up Picnic braai,0.0000,Min Level,06 Oct 2025
MIN,BBQPNBS000,Braais _AND_ Products,Min,Small Foldup Picnic Braai,0.0000,Min Level,06 Oct 2025
MIN,BBQSA-001,Braais _AND_ Products,Min,Small Adjustable Fold up Braai,0.0000,Min Level,06 Oct 2025
MIN,BBQSB,Braais _AND_ Products,Min,BBQ Short Brush,0.0000,Min Level,06 Oct 2025
MIN,BBQSM,Braais _AND_ Products,Min,BBQ Spit Motor - Battery,0.0000,Min Level,06 Oct 2025
MIN,BBQSMAC,Braais _AND_ Products,Min,BBQ Spit Motor with 220v AC adaptor,0.0000,Min Level,06 Oct 2025
MIN,BBQSS2,BLOCKED,Min,2pc Serving Spoon,0.0000,Min Level,06 Oct 2025
MIN,BBQSSCK,BLOCKED,Min,Stainless Steel BBQ Cleaning Kit-4 items,0.0000,Min Level,06 Oct 2025
MIN,BBQTBC,Braais _AND_ Products,Min,Barrel Claw Tongs (Long Handle),0.0000,Min Level,06 Oct 2025
MIN,BBQTBS,Braais _AND_ Products,Min,Barrel Spatula Tong (Long Handle),0.0000,Min Level,06 Oct 2025
MIN,BBQTC,Braais _AND_ Products,Min,BBQ Tongs Clampshell 40cm,0.0000,Min Level,06 Oct 2025
MIN,BBQTCL,Braais _AND_ Products,Min,Claw Tong,0.0000,Min Level,06 Oct 2025
MIN,BBQTH,Braais _AND_ Products,Min,BBQ Thermometer (insert),0.0000,Min Level,06 Oct 2025
MIN,BBQTL,BLOCKED,Min,BBQ Tongs (35cm Clampshell),0.0000,Min Level,06 Oct 2025
MIN,BBQTLSP,Braais _AND_ Products,Min,BBQ Tongs Starter Pack - Clamshell,0.0000,Min Level,06 Oct 2025
MIN,BBQTSP,Braais _AND_ Products,Min,Spatula Tong,0.0000,Min Level,06 Oct 2025
MIN,BBQTST,Braais _AND_ Products,Min,Skottel Tong (Plastic ),0.0000,Min Level,06 Oct 2025
MIN,BBST001,Kitchenware,Min,Bamboo Steamer,0.0000,Min Level,06 Oct 2025
MIN,BC/A-001,Hardware,Min,B.B Axle A-12 Balloon (A8/A12),0.0000,Min Level,06 Oct 2025
MIN,BC/B-004,Hardware,Min,B.B Cup Set - Chrome,0.0000,Min Level,06 Oct 2025
MIN,BC/B-008,Hardware,Min,Ball Retainers 1/4x7(Back Axle 20inch16MTB),0.0000,Min Level,06 Oct 2025
MIN,BC/B-010,Hardware,Min,Ball Retainers 1/4x9 (Middle Axle MTB),0.0000,Min Level,06 Oct 2025
MIN,BC/B-012,Hardware,Min,Ball Retainers 3/16(Front Axle 20inch MTB),0.0000,Min Level,06 Oct 2025
MIN,BC/B-014,Hardware,Min,Ball Retainers 5/32x16 Fork Fitting,0.0000,Min Level,06 Oct 2025
MIN,BC/C-011,Hardware,Min,1/2x3/32x116 Links MTB/Racing,0.0000,Min Level,06 Oct 2025
MIN,BC/P-013,Hardware,Min,Pump Connection 11inch Silky Finish D/V LO,0.0000,Min Level,06 Oct 2025
MIN,BC/S-003,Hardware,Min,Saddle - 90x3 Synthetic leather Black,0.0000,Min Level,06 Oct 2025
MIN,BC/T-004,Hardware,Min,Tube Master - 26x195,0.0000,Min Level,06 Oct 2025
MIN,BC/T-0043,Hardware,Min,Tube - Eagle 20x1.75/1.95,0.0000,Min Level,06 Oct 2025
MIN,BC/T-0044,Hardware,Min,Tube - Eagle 24x1.75/1.95,0.0000,Min Level,06 Oct 2025
MIN,BC/T-0045,Hardware,Min,Tube - Eagle 26x1.75/1.95,0.0000,Min Level,06 Oct 2025
MIN,BC/T-017,Hardware,Min,Tyres Nylon - 20x2x125,0.0000,Min Level,06 Oct 2025
MIN,BC/T-020,Hardware,Min,Tyres Nylon - 26 x 195,0.0000,Min Level,06 Oct 2025
MIN,BC/T-040,Hardware,Min,Tube Metro 29inchx195/210EL/P-024:20m,0.0000,Min Level,06 Oct 2025
MIN,BC10V,Boiling Table/Burners,Min,C10/20 Spare Valve,0.0000,Min Level,06 Oct 2025
MIN,BCA002,Hardware,Min,B.B.AXLEY - 16/2C,0.0000,Min Level,06 Oct 2025
MIN,BCA005,Hardware,Min,B.B. AXLE C less nut type,0.0000,Min Level,06 Oct 2025
MIN,BCA6V,Brass Fittings,Min,CA6 Wok Burner Valve,0.0000,Min Level,06 Oct 2025
MIN,BCA7V,Brass Fittings,Min,Cast Iron Burner Valve,0.0000,Min Level,06 Oct 2025
MIN,BCB,Brass Fittings,Min,Cadac to Bullnose,0.0000,Min Level,06 Oct 2025
MIN,BCB006,Hardware,Min,Ball Retainers 1/4 x 11 Coaster,0.0000,Min Level,06 Oct 2025
MIN,BCB037,Hardware,Min,Ball Retainer 3/16 x15,0.0000,Min Level,06 Oct 2025
MIN,BCB45,Brass Fittings,Min,Cadac to Bullnose - 45 Degrees,0.0000,Min Level,06 Oct 2025
MIN,BCBADA103,Brass Fittings,Min,Adaptor Cadac to Bullnose,0.0000,Min Level,06 Oct 2025
MIN,BCC018,Hardware,Min,Cotterpin 10mm,0.0000,Min Level,06 Oct 2025
MIN,BCCB,Brass Fittings,Min,Cadac - Cadac Short Brass,0.0000,Min Level,06 Oct 2025
MIN,BCCF,Brass Fittings,Min,Cadac to Cadac with Finger Control N/S,0.0000,Min Level,06 Oct 2025
MIN,BCCL,Brass Fittings,Min,Cadac to Cadac Long,0.0000,Min Level,06 Oct 2025
MIN,BCCS,Brass Fittings,Min,Cadac to Cadac Short 30mm,0.0000,Min Level,06 Oct 2025
MIN,BCDSG,Boiling Table/Burners,Min,Bench Cock Double (Safegas),0.0000,Min Level,06 Oct 2025
MIN,BCH004,Hardware,Min,BMX/MTB Front Axle Thick,0.0000,Min Level,06 Oct 2025
MIN,BCH008,Hardware,Min,MB Rear Axle with Spacer,0.0000,Min Level,06 Oct 2025
MIN,BCP015,Hardware,Min,Pump Connection 6 A/V New Model for BMX,0.0000,Min Level,06 Oct 2025
MIN,BCP017,Hardware,Min,Rubber Patch Strip - P1404,0.0000,Min Level,06 Oct 2025
MIN,BCP024,Hardware,Min,Amazon Pump,0.0000,Min Level,06 Oct 2025
MIN,BCS031,Hardware,Min,Solution 20cc,0.0000,Min Level,06 Oct 2025
MIN,BCS033,Hardware,Min,Saddle Ballon PVC Soft,0.0000,Min Level,06 Oct 2025
MIN,BCSSG,Boiling Table/Burners,Min,Bench Cock 1 Way 1/4inch Inlet,0.0000,Min Level,06 Oct 2025
MIN,BCT045,Hardware,Min,Tube Eagle 26x1.75/1.95,0.0000,Min Level,06 Oct 2025
MIN,BCUT,Braais _AND_ Products,Min,Biltong Cutter,0.0000,Min Level,06 Oct 2025
MIN,BCW007,Hardware,Min,Wheel Rear 20 x 1.95 Ass W/Hub _AND_ Spokes,0.0000,Min Level,06 Oct 2025
MIN,BEL1/2,Brass Fittings,Min,1/2inch Male/ Female Brass Elbow,0.0000,Min Level,06 Oct 2025
MIN,BEL1/2FH,Brass Fittings,Min,1/2inch Female to Hosetail Elbow,0.0000,Min Level,06 Oct 2025
MIN,BEL1/4,Brass Fittings,Min,1/4inch Male Female Brass Elbow,0.0000,Min Level,06 Oct 2025
MIN,BEL1/4FH,Brass Fittings,Min,1/4inch Female to Hosetail Elbow,0.0000,Min Level,06 Oct 2025
MIN,BEL3/8,Brass Fittings,Min,3/8inch Male Female Brass Elbow,0.0000,Min Level,06 Oct 2025
MIN,BEL3/8FH,Brass Fittings,Min,3/8inch Female to Hosetail Elbow,0.0000,Min Level,06 Oct 2025
MIN,BELF1/4,Brass Fittings,Min,1/4inch Female Elbow,0.0000,Min Level,06 Oct 2025
MIN,BELM6/6,Brass Fittings,Min,3/8inch Male Elbow,0.0000,Min Level,06 Oct 2025
MIN,BELM8/8,Brass Fittings,Min,1/2inch Male Elbow,0.0000,Min Level,06 Oct 2025
MIN,BELR1418,Brass Fittings,Min,1/4inch Male _ASTK_1/8inch Female Brass Elbow Flare,0.0000,Min Level,06 Oct 2025
MIN,BFHH,Brass Fittings,Min,Handwheel 3/8inch (Cadac) to 1/8inch Male,0.0000,Min Level,06 Oct 2025
MIN,BFLUE14-18L,Gas Water Heaters _AND_ Access,Min,Bosch Flue 14-18litre,0.0000,Min Level,06 Oct 2025
MIN,BFPF38-480604,Brass Fittings,Min,1/4inch Male to 3/8inch Flare Pipe,0.0000,Min Level,06 Oct 2025
MIN,BFRIDGE,BLOCKED,Min,Bar Fridge,0.0000,Min Level,06 Oct 2025
MIN,BFT1/2,Brass Fittings,Min,1/2inch Female Tee,0.0000,Min Level,06 Oct 2025
MIN,BFT1/4,Brass Fittings,Min,1/4inch Female Tee,0.0000,Min Level,06 Oct 2025
MIN,BFT3/8,Brass Fittings,Min,3/8inch Female Tee,0.0000,Min Level,06 Oct 2025
MIN,BG3/8P,BLOCKED,Min,3/8inch Brass Plug,0.0000,Min Level,06 Oct 2025
MIN,BGE143,BLOCKED,Min,3 Way Fireplace Pilot Light,0.0000,Min Level,06 Oct 2025
MIN,BGGWB14-18L,Gas Water Heaters _AND_ Access,Min,Bosch Gas Geyser Weather box 14-18l,0.0000,Min Level,06 Oct 2025
MIN,BGILV,Brass Fittings,Min,Brass Inline Shut off Valve 8mm,0.0000,Min Level,06 Oct 2025
MIN,BGPWHS030,BLOCKED,Min,320mm CO Pilot ( LP27/10/320/M9 A),0.0000,Min Level,06 Oct 2025
MIN,BGSPI,BLOCKED,Min,Cylinder Control Spindle,0.0000,Min Level,06 Oct 2025
MIN,BGSPIC,Brass Fittings,Min,Cylinder Replacement Spindles CADAC,0.0000,Min Level,06 Oct 2025
MIN,BGVWHS028,BLOCKED,Min,Gas Fire Valve( A1 /V4-50A),0.0000,Min Level,06 Oct 2025
MIN,BHHS20MMG,Brass Fittings,Min,Galvanised Hospital Saddles 20mm,0.0000,Min Level,06 Oct 2025
MIN,BHHS25MMG,Brass Fittings,Min,Galvanised Hospital Saddles 25mm,0.0000,Min Level,06 Oct 2025
MIN,BHHS32MMG,Brass Fittings,Min,Galvanised Hospital Saddles 32mm,0.0000,Min Level,06 Oct 2025
MIN,BHN114/1S,Brass Fittings,Min,11/4inch Male to 1inch Male Steel Hexnip BSP,0.0000,Min Level,06 Oct 2025
MIN,BHN1212,Brass Fittings,Min,1/2inchM Hex Nip,0.0000,Min Level,06 Oct 2025
MIN,BHN1214,Brass Fittings,Min,1/2inchM -1/4inchM Hex Reducing Nip,0.0000,Min Level,06 Oct 2025
MIN,BHN1234,BLOCKED,Min,1/2inch Female to 3/4inch Male,0.0000,Min Level,06 Oct 2025
MIN,BHN1238,Brass Fittings,Min,1/2inchM -3/8inchM Hex Reducing Nip,0.0000,Min Level,06 Oct 2025
MIN,BHN1414,Brass Fittings,Min,1/4inchM Hex Nip,0.0000,Min Level,06 Oct 2025
MIN,BHN1418,Brass Fittings,Min,1/4inchmale to 1/8inch female Reducing Hex Nip,0.0000,Min Level,06 Oct 2025
MIN,BHN1818,Brass Fittings,Min,1/8inch Hex Nip,0.0000,Min Level,06 Oct 2025
MIN,BHN1X1/2,Brass Fittings,Min,1inch to 1/2inch Hex Nip,0.0000,Min Level,06 Oct 2025
MIN,BHN3412,BLOCKED,Min,3/4inch Female to 1/2inch Male Reducer,0.0000,Min Level,06 Oct 2025
MIN,BHN3414,Brass Fittings,Min,3/4inch Male to 1/4inch Male Hex Nip,0.0000,Min Level,06 Oct 2025
MIN,BHN3434,Brass Fittings,Min,3/4 male hex nipple,0.0000,Min Level,06 Oct 2025
MIN,BHN3814,Brass Fittings,Min,3/8inchM -1/4inchM Hex Reducing Nip,0.0000,Min Level,06 Oct 2025
MIN,BHN3818,Brass Fittings,Min,38inch Male to 1/8inch Male Brass Nipple,0.0000,Min Level,06 Oct 2025
MIN,BHN3838,Brass Fittings,Min,3/8inch Male Hex Nip,0.0000,Min Level,06 Oct 2025
MIN,BHNR3412,Brass Fittings,Min,3/4inch to 1/2inch Reducing Male Nipple,0.0000,Min Level,06 Oct 2025
MIN,BHWL,Brass Fittings,Min,Bullnose Handwheel to 1/4inch Male,0.0000,Min Level,06 Oct 2025
MIN,BIFA,BLOCKED,Min,Adaptor 1/4inch Inverted Flare x 1/8 Male,0.0000,Min Level,06 Oct 2025
MIN,BIFA2,Brass Fittings,Min,Adaptor 1/8inch Inverted Flare x 1/4inch Male,0.0000,Min Level,06 Oct 2025
MIN,BIFA3,Brass Fittings,Min,Adaptor 1/4inch Female to 7/16inch Flare,0.0000,Min Level,06 Oct 2025
MIN,BJC,Brass Fittings,Min,Jet Cleaner,0.0000,Min Level,06 Oct 2025
MIN,BLCON,Brass Fittings,Min,8mm 90deg Connector,0.0000,Min Level,06 Oct 2025
MIN,BLEAMMONIA,BLOCKED,Min,Ammonia 5lt,0.0000,Min Level,06 Oct 2025
MIN,BLEFABSOFT,BLOCKED,Min,Fabsoft Blue 5lt,0.0000,Min Level,06 Oct 2025
MIN,BLEGREENDET5L,BLOCKED,Min,Green Detergent 5l,0.0000,Min Level,06 Oct 2025
MIN,BLOMAPPT,Canister Gas Products,Min,Mapp Gas Blow Full Hand Torch (SG) N/S,0.0000,Min Level,06 Oct 2025
MIN,BLOW1,Canister Gas Products,Min,Canister Blow Torch (2 burners) MANUAL,0.0000,Min Level,06 Oct 2025
MIN,BLOW1062L,Canister Gas Products,Min,Blow Torch with 50mm burner,0.0000,Min Level,06 Oct 2025
MIN,BLOW1071L,Canister Gas Products,Min,Torch - 60mm burner,0.0000,Min Level,06 Oct 2025
MIN,BLOW1071LKR,BLOCKED,Min,Blow Torch with Handle  Hose  HP Reg 700,0.0000,Min Level,06 Oct 2025
MIN,BLOW1071LP,Canister Gas Products,Min,Torch - 60mm burner - Piezo,0.0000,Min Level,06 Oct 2025
MIN,BLOW1073LKR,BLOCKED,Min,Blow Torch with Handle  Hose  HP Reg 900,0.0000,Min Level,06 Oct 2025
MIN,BLOW108,BLOCKED,Min,Blowtorch with Burners 35mm 45mm 60mm,0.0000,Min Level,06 Oct 2025
MIN,BLOW2,Canister Gas Products,Min,Canister Blow Torch 4 Burners - MANUAL,0.0000,Min Level,06 Oct 2025
MIN,BLOW25PGB,Canister Gas Products,Min,Grassburner 25P with Piezo Start,0.0000,Min Level,06 Oct 2025
MIN,BLOW3,Canister Gas Products,Min,Blow Torch 3 Burner PLS Hose Plumbing,0.0000,Min Level,06 Oct 2025
MIN,BLOW4,Canister Gas Products,Min,Blow Torch 3 Burner PLS Hose Heating I006,0.0000,Min Level,06 Oct 2025
MIN,BLOW5,Canister Gas Products,Min,Blowtorch 60mm Burner and Trigger,0.0000,Min Level,06 Oct 2025
MIN,BLOW7/16,Canister Gas Products,Min,7/16 Canister Blow Torch - Piezo,0.0000,Min Level,06 Oct 2025
MIN,BLOW920,Canister Gas Products,Min,Canister Blow Torch Handle (C),0.0000,Min Level,06 Oct 2025
MIN,BLOWCT,Canister Gas Products,Min,Culinary Torch 45 degree,0.0000,Min Level,06 Oct 2025
MIN,BLOWI008L,Canister Gas Products,Min,Torch Set x 3 Burners - 35 45 50mm,0.0000,Min Level,06 Oct 2025
MIN,BLOWI060L,BLOCKED,Min,Blowtorch with 45mm Burner NO STOCK,0.0000,Min Level,06 Oct 2025
MIN,BLOWI1071L,BLOCKED,Min,Torch 70cm Length with 60mm Burner,0.0000,Min Level,06 Oct 2025
MIN,BLOWMT,BLOCKED,Min,Mapp Gas Torch - Piezo,0.0000,Min Level,06 Oct 2025
MIN,BLOWMTHO,Canister Gas Products,Min,Torch Head Only WT1 Mapp Gas,0.0000,Min Level,06 Oct 2025
MIN,BLOWT,Canister Gas Products,Min,Blow Torch Piezo Canister type,0.0000,Min Level,06 Oct 2025
MIN,BLOWT2,BLOCKED,Min,Blow Torch Piezo Canister Type (Green),0.0000,Min Level,06 Oct 2025
MIN,BLSTEM,Brass Fittings,Min,Liquid Stem,0.0000,Min Level,06 Oct 2025
MIN,BMANAD,Brass Fittings,Min,Adaptor - Manifold 1/2inchMale to Bullnose,0.0000,Min Level,06 Oct 2025
MIN,BMCV,Brass Fittings,Min,Multicontrol Valve,0.0000,Min Level,06 Oct 2025
MIN,BOL1/2,Brass Fittings,Min,1/2inch Olive,0.0000,Min Level,06 Oct 2025
MIN,BOL1/4,Brass Fittings,Min,1/4inch Olive,0.0000,Min Level,06 Oct 2025
MIN,BOL1/8,Brass Fittings,Min,1/8inch Olives,0.0000,Min Level,06 Oct 2025
MIN,BOL15MM,Brass Fittings,Min,15mm Olive (HF-232),0.0000,Min Level,06 Oct 2025
MIN,BOL3/16,Brass Fittings,Min,3/16inch Olives,0.0000,Min Level,06 Oct 2025
MIN,BOL3/4,Brass Fittings,Min,3/4inch Olives,0.0000,Min Level,06 Oct 2025
MIN,BOL3/8,Brass Fittings,Min,3/8inch Olives,0.0000,Min Level,06 Oct 2025
MIN,BOL4M,Brass Fittings,Min,4mm brass olive,0.0000,Min Level,06 Oct 2025
MIN,BOL5/16,Brass Fittings,Min,5/16inch Olives,0.0000,Min Level,06 Oct 2025
MIN,BOS11LPG,Gas Water Heaters _AND_ Access,Min,11 Litre Bosch Geyser Battery  LPG,0.0000,Min Level,06 Oct 2025
MIN,BOS11LPGH,Gas Water Heaters _AND_ Access,Min,11 Bosch Water Heater - Hydro,0.0000,Min Level,06 Oct 2025
MIN,BOS14LBG,Gas Water Heaters _AND_ Access,Min,14lt Water Heater (Bosch) battery,0.0000,Min Level,06 Oct 2025
MIN,BOS14LPGH,Gas Water Heaters _AND_ Access,Min,14litre Gas Water Heater - BOSCH HYDRO,0.0000,Min Level,06 Oct 2025
MIN,BOS18LBG,Gas Water Heaters _AND_ Access,Min,18litre Bosch Water Heater - Battery,0.0000,Min Level,06 Oct 2025
MIN,BOS18LPGH,Gas Water Heaters _AND_ Access,Min,18litre Bosch Water Heater - Hydro,0.0000,Min Level,06 Oct 2025
MIN,BOS20FFNG,BLOCKED,Min,20litre Fan Forced Natural Gas Bosch,0.0000,Min Level,06 Oct 2025
MIN,BOS20LOPT,BLOCKED,Min,20litre Optiflo Water Heater - Bosch,0.0000,Min Level,06 Oct 2025
MIN,BOTBP,BLOCKED,Min,Old Type Bleeder Plug,0.0000,Min Level,06 Oct 2025
MIN,BRAA,BLOCKED,Min,APR003 - Full Braai Apron,0.0000,Min Level,06 Oct 2025
MIN,BRAAPR/B/BU,BLOCKED,Min,Cotton twill apron (Black Blue Red),0.0000,Min Level,06 Oct 2025
MIN,BRB1214,Brass Fittings,Min,Reducing Bush 1/2inchM -1/4inchF,0.0000,Min Level,06 Oct 2025
MIN,BRB1218,Brass Fittings,Min,Reducing Bush 1/2inchM to 1/8inchF,0.0000,Min Level,06 Oct 2025
MIN,BRB1234,Brass Fittings,Min,3/4inch Female to 1/2inch Male Reducer,0.0000,Min Level,06 Oct 2025
MIN,BRB1238,Brass Fittings,Min,Reducing Bush 1/2inchF to 3/8inchM,0.0000,Min Level,06 Oct 2025
MIN,BRB1418,Brass Fittings,Min,Reducing Bush 1/4inchM -1/8inchF,0.0000,Min Level,06 Oct 2025
MIN,BRB1438,Brass Fittings,Min,Reducing Bush 3/8inch Female to 1/4inch Male,0.0000,Min Level,06 Oct 2025
MIN,BRB3412,Brass Fittings,Min,Reducing Bush 3/4inchM to 1/2inch F,0.0000,Min Level,06 Oct 2025
MIN,BRB3414,Brass Fittings,Min,Reducing Bush 3/4inch M to 1/4inch F,0.0000,Min Level,06 Oct 2025
MIN,BRB3418,Brass Fittings,Min,Reducing Bush 3/4inch M to 1/8inch F,0.0000,Min Level,06 Oct 2025
MIN,BRB3438,Brass Fittings,Min,Reducing Bush 3/4inchM to 3/8inch F,0.0000,Min Level,06 Oct 2025
MIN,BRB3812,Brass Fittings,Min,Reducing Bush 3/8inchF to 1/2inch M,0.0000,Min Level,06 Oct 2025
MIN,BRB3814,Brass Fittings,Min,Reducing Bush 3/8inchM-1/4inchF,0.0000,Min Level,06 Oct 2025
MIN,BRB3818,Brass Fittings,Min,Reducing Bush 3/8inchM to 1/8inchF,0.0000,Min Level,06 Oct 2025
MIN,BRENTLAMP,Lamps _AND_ General,Min,Brentwood Gas Lamps 300cp,0.0000,Min Level,06 Oct 2025
MIN,BSBTVALVE,Brass Fittings,Min,CA 3 Single Boiling Table Valve,0.0000,Min Level,06 Oct 2025
MIN,BSCON,Brass Fittings,Min,8mm Brass Straight Joiner,0.0000,Min Level,06 Oct 2025
MIN,BSCON6,Brass Fittings,Min,6mm Brass Straight Joiner,0.0000,Min Level,06 Oct 2025
MIN,BSCONC,Brass Fittings,Min,8mm Straight Connector _AND_ 2 clamps,0.0000,Min Level,06 Oct 2025
MIN,BSOC1/2,Brass Fittings,Min,1/2inch Female Sockets,0.0000,Min Level,06 Oct 2025
MIN,BSOC1/4,Brass Fittings,Min,1/4inch Female Sockets,0.0000,Min Level,06 Oct 2025
MIN,BSOC1/8,Brass Fittings,Min,1/8inch Female Sockets,0.0000,Min Level,06 Oct 2025
MIN,BSOC3/4,Brass Fittings,Min,3/4inch Female Sockets,0.0000,Min Level,06 Oct 2025
MIN,BSOC3/8,Brass Fittings,Min,3/8inch Female Sockets,0.0000,Min Level,06 Oct 2025
MIN,BT2BB,Boiling Table/Burners,Min,2 Burner B/Table folding Legs Black H/D,0.0000,Min Level,06 Oct 2025
MIN,BT2BG,BLOCKED,Min,2 Burner B/Table folding Legs Round Blk,0.0000,Min Level,06 Oct 2025
MIN,BT2BHP,Boiling Table/Burners,Min,2 Burner Boiling Table High Pressure,0.0000,Min Level,06 Oct 2025
MIN,BT2C40,Boiling Table/Burners,Min,2 Burner Boiling Tabe C40 Long Legs,0.0000,Min Level,06 Oct 2025
MIN,BT3BB,Boiling Table/Burners,Min,3 Burner B/Table folding Legs Black H/D,0.0000,Min Level,06 Oct 2025
MIN,BT3BG,BLOCKED,Min,3 Burner B/Table Folding Legs Round Blk,0.0000,Min Level,06 Oct 2025
MIN,BT4BB,Boiling Table/Burners,Min,4 Burner B/Table folding Legs Black H/D,0.0000,Min Level,06 Oct 2025
MIN,BT4BG,BLOCKED,Min,4 Burner B/Table folding Legs Round Blac,0.0000,Min Level,06 Oct 2025
MIN,BT4BHP,Boiling Table/Burners,Min,4 Burner Boiling Table High Pressure,0.0000,Min Level,06 Oct 2025
MIN,BTCON,Brass Fittings,Min,Brass T connector - 8mm,0.0000,Min Level,06 Oct 2025
MIN,BTHT,Brass Fittings,Min,Bullnose to Hosetail,0.0000,Min Level,06 Oct 2025
MIN,BTP1/2FH,Brass Fittings,Min,1/2inch Female to Hosetail Test Point,0.0000,Min Level,06 Oct 2025
MIN,BTP1/2MF,Brass Fittings,Min,1/2inch Male Female Test Point,0.0000,Min Level,06 Oct 2025
MIN,BTP3/8MF,Brass Fittings,Min,3/8inch Male Female Test Point,0.0000,Min Level,06 Oct 2025
MIN,BTRB,Boiling Table/Burners,Min,Boiling Table Replacement Burner,0.0000,Min Level,06 Oct 2025
MIN,BUN1/2,Brass Fittings,Min,1/2inch Compression Union,0.0000,Min Level,06 Oct 2025
MIN,BUN1/2-5/16,Brass Fittings,Min,1/2inch Compression to 5/16inch Compression,0.0000,Min Level,06 Oct 2025
MIN,BUN1/4,Brass Fittings,Min,1/4inch Compression Union,0.0000,Min Level,06 Oct 2025
MIN,BUN1238,BLOCKED,Min,1/2inch to 3/8 Compression Union,0.0000,Min Level,06 Oct 2025
MIN,BUN3/8,Brass Fittings,Min,3/8inch Compression Union,0.0000,Min Level,06 Oct 2025
MIN,BUN3/8-5/16,Brass Fittings,Min,3/8inch Compression to 5/16inch Compression,0.0000,Min Level,06 Oct 2025
MIN,BUN4/6,Brass Fittings,Min,1/4inch Compression to 3/8 Compression Red,0.0000,Min Level,06 Oct 2025
MIN,BUN516,Brass Fittings,Min,5/16inch Compression Union,0.0000,Min Level,06 Oct 2025
MIN,BUN8/6,Brass Fittings,Min,1/2inch Compression to 3/8inch Compression,0.0000,Min Level,06 Oct 2025
MIN,BUNBSG,Boiling Table/Burners,Min,Bunsen Burner Blue Base,0.0000,Min Level,06 Oct 2025
MIN,BUNBW,Boiling Table/Burners,Min,Bunsen Burner with Valve,0.0000,Min Level,06 Oct 2025
MIN,BV05180008,Brass Fittings,Min,Pressure Release Valve Liquid,0.0000,Min Level,06 Oct 2025
MIN,BV0518009,Brass Fittings,Min,Pressure release Valve 2580kps,0.0000,Min Level,06 Oct 2025
MIN,BVALSBT,BLOCKED,Min,Single Boiling Table Valve only,0.0000,Min Level,06 Oct 2025
MIN,BVN05110004,Brass Fittings,Min,Valve Needle Brass 1/4inch Male to Female,0.0000,Min Level,06 Oct 2025
MIN,BWML,Regulators/Pigtails,Min,Bullnose Wheel With male - Long (VAPIG),0.0000,Min Level,06 Oct 2025
MIN,BXCON,Brass Fittings,Min,8mm X Piece,0.0000,Min Level,06 Oct 2025
MIN,BYCON,Brass Fittings,Min,8mm Y Piece,0.0000,Min Level,06 Oct 2025
MIN,C2BSSH,Stove _AND_ Hobs,Min,Cadac 2 Burner S/S Gas Hob,0.0000,Min Level,06 Oct 2025
MIN,C30BT,Boiling Table/Burners,Min,C30 Cast Iron Boiling Table Single,0.0000,Min Level,06 Oct 2025
MIN,C40BT,Boiling Table/Burners,Min,C40 Cast Iron Boiling Table Single,0.0000,Min Level,06 Oct 2025
MIN,C4BHSS,Stove _AND_ Hobs,Min,4 Burner Gas Hob - Side Knobs,0.0000,Min Level,06 Oct 2025
MIN,C5BHSS,Stove _AND_ Hobs,Min,5 Burner Gas Hob - Front Knobs,0.0000,Min Level,06 Oct 2025
MIN,C98345S100,General Spares,Min,Patio BBQ Side Burner Valve (Cadac),0.0000,Min Level,06 Oct 2025
MIN,C98345S55,General Spares,Min,Control Switch/VAlve/Piezo Braai Cadac,0.0000,Min Level,06 Oct 2025
MIN,C98345S57,General Spares,Min,Patio BBQ Tube Burner,0.0000,Min Level,06 Oct 2025
MIN,CAD6501,General Spares,Min,Cadac Safari HP Hose Adap 3/8inch,0.0000,Min Level,06 Oct 2025
MIN,CAD98700SP021,General Spares,Min,Stratos Flame Tamer,0.0000,Min Level,06 Oct 2025
MIN,CADCDBC,Hardware,Min,Calf Debudder Complete,0.0000,Min Level,06 Oct 2025
MIN,CADCDBH,Hardware,Min,Calf Debudder Head only,0.0000,Min Level,06 Oct 2025
MIN,CADEGR,Lamps _AND_ General,Min,Cadac Easilite Glass - Round,0.0000,Min Level,06 Oct 2025
MIN,CADPP28L,Braais _AND_ Products,Min,PAELLA PAN 28CM PLS LID,0.0000,Min Level,06 Oct 2025
MIN,CADPP36,Braais _AND_ Products,Min,Cadac Paella Pan 36cm,0.0000,Min Level,06 Oct 2025
MIN,CADPP47,Braais _AND_ Products,Min,Cadac Paella Pan 47cm,0.0000,Min Level,06 Oct 2025
MIN,CADRBG,Braais _AND_ Products,Min,Grill Cast Iron Reversible Braai,0.0000,Min Level,06 Oct 2025
MIN,CADSB,Braais _AND_ Products,Min,Cadac SKOTTEL BRAAI,0.0000,Min Level,06 Oct 2025
MIN,CAMS001,BLOCKED,Min,Camping Stove 1Burner  Grill and Oven,0.0000,Min Level,06 Oct 2025
MIN,CAMS002,BLOCKED,Min,Camping Stove 2 Burner and Oven,0.0000,Min Level,06 Oct 2025
MIN,CANFPB,Braais _AND_ Products,Min,Flat Pack Braai in a Bag - S/S,0.0000,Min Level,06 Oct 2025
MIN,CBFCC,Braais _AND_ Products,Min,Cadac - Bornfree Camp Cruiser,0.0000,Min Level,06 Oct 2025
MIN,CBFPW,Braais _AND_ Products,Min,Cooler Box Freezer Pack - White,0.0000,Min Level,06 Oct 2025
MIN,CBIR20F,Boiling Table/Burners,Min,Ceramic Burner 10000btu 272x170x80mm,0.0000,Min Level,06 Oct 2025
MIN,CBIR32,Boiling Table/Burners,Min,Ceramic Burner 10000BTU 320x82x60mm,0.0000,Min Level,06 Oct 2025
MIN,CBIR33,Boiling Table/Burners,Min,Ceramic Burner 10000btu 445x83x62mm,0.0000,Min Level,06 Oct 2025
MIN,CBIR34,Boiling Table/Burners,Min,Ceramic Burner 13500btu 570x83x65mm,0.0000,Min Level,06 Oct 2025
MIN,CBKC20T,Boiling Table/Burners,Min,Chicken Brooder 272x170x80,0.0000,Min Level,06 Oct 2025
MIN,CCBN,Brass Fittings,Min,Cadac Cylinder Broach Nut,0.0000,Min Level,06 Oct 2025
MIN,CCCR,Brass Fittings,Min,Cadac Cylinder Copper Ring,0.0000,Min Level,06 Oct 2025
MIN,CCYL10,Cylinders/Heaters/General,Min,9kg Composite Gas Cylinder,0.0000,Min Level,06 Oct 2025
MIN,CCYL10SS,Cylinders/Heaters/General,Min,9kg Composite Cylinders Shop Soiled,0.0000,Min Level,06 Oct 2025
MIN,CCYL16FLT,Cylinders/Heaters/General,Min,16kg Forklift Composite Cylinder,0.0000,Min Level,06 Oct 2025
MIN,CCYL5,BLOCKED,Min,5kg Composite Gas Cylinder,0.0000,Min Level,06 Oct 2025
MIN,CCYL5SS,BLOCKED,Min,5kg Composite Gas Cylinder SHOP SOILED,0.0000,Min Level,06 Oct 2025
MIN,CCYL9,BLOCKED,Min,9kg Composite Gas Cylinder,0.0000,Min Level,06 Oct 2025
MIN,CEXTRAC1,Cylinders/Heaters/General,Min,Cylinder Valve Extraction Tool,0.0000,Min Level,06 Oct 2025
MIN,CEXTRAC2,Cylinders/Heaters/General,Min,Cylinder Valve Extraction Tool Large,0.0000,Min Level,06 Oct 2025
MIN,CF205GE,Kitchenware,Min,205L Chest Freezer,0.0000,Min Level,06 Oct 2025
MIN,CF270FFGE,Kitchenware,Min,270l Chest Fridge / Freezer Gas/Elec Wh,0.0000,Min Level,06 Oct 2025
MIN,CF30DN,Boiling Table/Burners,Min,C30 Manifold with Compression Fittings,0.0000,Min Level,06 Oct 2025
MIN,CF45CB,Camping Products,Min,45litre Cooler Box S/S,0.0000,Min Level,06 Oct 2025
MIN,CF45GES,Camping Products,Min,CAMPING CHEST FREEZER (45L) (Stainless Steel),0.0000,Min Level,06 Oct 2025
MIN,CF65GES,Camping Products,Min,CAMPING CHEST FREEZER (65L) (Stainless S,0.0000,Min Level,06 Oct 2025
MIN,CF70CB,Camping Products,Min,70litre Cooler Box S/S,0.0000,Min Level,06 Oct 2025
MIN,CF70GES,Camping Products,Min,70litre Chest Freezer S/S,0.0000,Min Level,06 Oct 2025
MIN,CGHCF,Cylinders/Heaters/General,Min,Gas Heater and Cooker Flat - Core,0.0000,Min Level,06 Oct 2025
MIN,CGHCR,Cylinders/Heaters/General,Min,Gas Heater and Cooker Round - Core,0.0000,Min Level,06 Oct 2025
MIN,CGOXY01,BLOCKED,Min,Cartridge - Bernzomatic Oxygen,0.0000,Min Level,06 Oct 2025
MIN,CHEF18P2,Refillable Torches,Min,Refillable Butane Torch,0.0000,Min Level,06 Oct 2025
MIN,CHEFEX,BLOCKED,Min,Executive Chef's Torch,0.0000,Min Level,06 Oct 2025
MIN,CHEFPK,Refillable Torches,Min,Chef Torch Clear Refillable,0.0000,Min Level,06 Oct 2025
MIN,CHEJF,Kitchenware,Min,Chef Torch Black Jetflame,0.0000,Min Level,06 Oct 2025
MIN,CHELB,BLOCKED,Min,Chef Torch Blue,0.0000,Min Level,06 Oct 2025
MIN,CHELBK,BLOCKED,Min,Chef Torch Black,0.0000,Min Level,06 Oct 2025
MIN,CHESS,Refillable Torches,Min,Chef Torch Stainless Steel,0.0000,Min Level,06 Oct 2025
MIN,CHOCKASTRO,BLOCKED,Min,Complete C/O Regulator Kit -ASTRO,0.0000,Min Level,06 Oct 2025
MIN,CHOCKC,BLOCKED,Min,5kg Vented Inline Regulator KIT,0.0000,Min Level,06 Oct 2025
MIN,CHOCKCGAS,BLOCKED,Min,Complete Change over Regulator Kit - Cga,0.0000,Min Level,06 Oct 2025
MIN,CHOCKHP,BLOCKED,Min,Complete C/O Kit High Pressure,0.0000,Min Level,06 Oct 2025
MIN,CIBP7,Braais _AND_ Products,Min,Cast Iron Baking Pot Size 7 and lid,0.0000,Min Level,06 Oct 2025
MIN,CICFP,Kitchenware,Min,Cast Iron Cookware - Frying Pan,0.0000,Min Level,06 Oct 2025
MIN,CICW7PC,Braais _AND_ Products,Min,Cast Iron Cookware Set - 7piece,0.0000,Min Level,06 Oct 2025
MIN,CIFP12,Braais _AND_ Products,Min,Baked Pot Size 12,0.0000,Min Level,06 Oct 2025
MIN,CIG01,Braais _AND_ Products,Min,Cast Iron Top Grid 440 x 170mm,0.0000,Min Level,06 Oct 2025
MIN,CIG04,Braais _AND_ Products,Min,Top Grid 320 x 484mm CIG105,0.0000,Min Level,06 Oct 2025
MIN,CIG06,BLOCKED,Min,Cast Iron Plate 320mm x 484mm,0.0000,Min Level,06 Oct 2025
MIN,CIG104,Braais _AND_ Products,Min,Cast Iron Grate 495mm x 405mm,0.0000,Min Level,06 Oct 2025
MIN,CIG105,BLOCKED,Min,Cast Iron Grate 480mm x 320mm,0.0000,Min Level,06 Oct 2025
MIN,CIG4842,Braais _AND_ Products,Min,Cast Iron Grid 480mm x 400mm,0.0000,Min Level,06 Oct 2025
MIN,CIGA230,Braais _AND_ Products,Min,Cast Iron Grid 230mm x 480mm,0.0000,Min Level,06 Oct 2025
MIN,CIP1/4S,Braais _AND_ Products,Min,Cast Iron Potjie 1/4 Stand,0.0000,Min Level,06 Oct 2025
MIN,CIP320,Braais _AND_ Products,Min,Cast Iron Plate 495mm x 335mm,0.0000,Min Level,06 Oct 2025
MIN,CIP400,BLOCKED,Min,Cast Iron Plate 480mm x 400mm,0.0000,Min Level,06 Oct 2025
MIN,CIP4842,Braais _AND_ Products,Min,Cast Iron Ribbed Plate 484mm x 400mm,0.0000,Min Level,06 Oct 2025
MIN,CIPP14,Braais _AND_ Products,Min,1/4 Cast Iron Potjie Pot,0.0000,Min Level,06 Oct 2025
MIN,CIPP3,Braais _AND_ Products,Min,Potjie Pot Size 3,0.0000,Min Level,06 Oct 2025
MIN,CIPP4,Braais _AND_ Products,Min,Cast Iron Potjie Pot - Size 4,0.0000,Min Level,06 Oct 2025
MIN,CIPP6,Braais _AND_ Products,Min,Cast Iron Potjie - Size 6 Pot _AND_ Lid,0.0000,Min Level,06 Oct 2025
MIN,CIPP8,Braais _AND_ Products,Min,Cast Iron Potjie Pot Size 8,0.0000,Min Level,06 Oct 2025
MIN,CIPR484,Braais _AND_ Products,Min,Cast Iron Plate 320mm x 484mm,0.0000,Min Level,06 Oct 2025
MIN,CIRWG,Boiling Table/Burners,Min,Cast Iron Ribbed Wavy Grate (450x155),0.0000,Min Level,06 Oct 2025
MIN,CISPS,BLOCKED,Min,Mini Cast Iron Salt _AND_ Pepper Cellar Set,0.0000,Min Level,06 Oct 2025
MIN,CITB,Boiling Table/Burners,Min,Cast Iron Tube Burner,0.0000,Min Level,06 Oct 2025
MIN,CIWBCA6,Boiling Table/Burners,Min,Cast Iron Wok Burner with legs,0.0000,Min Level,06 Oct 2025
MIN,CIWBCA6O,Boiling Table/Burners,Min,Cast Iron Wok Burner only - no legs,0.0000,Min Level,06 Oct 2025
MIN,CLA16/8W2,Brass Fittings,Min,Hose Clamp S/S 6-16mm CS006,0.0000,Min Level,06 Oct 2025
MIN,CLA22/8W2,Brass Fittings,Min,Hose Clamp S/S 10-22mm CS010,0.0000,Min Level,06 Oct 2025
MIN,CLA22/8W4,BLOCKED,Min,Hose Clamp S/S 10-22mm CS010,0.0000,Min Level,06 Oct 2025
MIN,CLA25/12W4,Brass Fittings,Min,Hose Clamp S/S 10-25mm CS011,0.0000,Min Level,06 Oct 2025
MIN,CLA32/12W2,Brass Fittings,Min,Hose Clamp 14 - 32 mm uc014,0.0000,Min Level,06 Oct 2025
MIN,CLA57/12W2,Brass Fittings,Min,Hose clamp s/s 32-57mm UC032,0.0000,Min Level,06 Oct 2025
MIN,CLAE215-18,Brass Fittings,Min,Hose Clamps Oetiker 15 - 18mm,0.0000,Min Level,06 Oct 2025
MIN,CLAFCF16MM,Brass Fittings,Min,16mm Clamps no screws (2),0.0000,Min Level,06 Oct 2025
MIN,CLAGC0118,BLOCKED,Min,6-16mm S/S Clamps,0.0000,Min Level,06 Oct 2025
MIN,CLAGC0121,BLOCKED,Min,14-32mm S/S Clamps,0.0000,Min Level,06 Oct 2025
MIN,CLAGC0122,Brass Fittings,Min,17mm - 38mm S/S Clamps,0.0000,Min Level,06 Oct 2025
MIN,CLAGC0125,Brass Fittings,Min,38mm - 63mm S/S Clamps,0.0000,Min Level,06 Oct 2025
MIN,CLAGCO124,Brass Fittings,Min,25mm - 51mm S/S Clamps,0.0000,Min Level,06 Oct 2025
MIN,CLAMP,Brass Fittings,Min,Hose Clamps - Mild Steel,0.0000,Min Level,06 Oct 2025
MIN,CLAMP15MMR,Brass Fittings,Min,15mm Hose Clamp Rubber,0.0000,Min Level,06 Oct 2025
MIN,CLAMP22MMR,Brass Fittings,Min,22mm Hose Clamp Rubber,0.0000,Min Level,06 Oct 2025
MIN,CLAMPH,BLOCKED,Min,Hose Clamp - High Quality Steel,0.0000,Min Level,06 Oct 2025
MIN,CLAMPHS,Brass Fittings,Min,Hose Clamps - Stainless Band/Galv screws,0.0000,Min Level,06 Oct 2025
MIN,CLAMPSP,Brass Fittings,Min,Clamp with screws and plug 16mm,0.0000,Min Level,06 Oct 2025
MIN,CLAMPSP2,Brass Fittings,Min,Clamp with screws and plug 20mm,0.0000,Min Level,06 Oct 2025
MIN,CLAMPSS,Brass Fittings,Min,Hose Clamp - Stainless Steel 6mm-16mm,0.0000,Min Level,06 Oct 2025
MIN,CLGC0125,Brass Fittings,Min,38-63mm S/S Clamps,0.0000,Min Level,06 Oct 2025
MIN,CLNS,Brass Fittings,Min,Cylinder Locknut Spanner,0.0000,Min Level,06 Oct 2025
MIN,CLWBST,Braais _AND_ Products,Min,Braai Sandwich Toaster - 4 Slices,0.0000,Min Level,06 Oct 2025
MIN,CLWCB6,Camping Products,Min,Coolerbag Nylon 6pack 22x16x16cm,0.0000,Min Level,06 Oct 2025
MIN,CLWCB8,Camping Products,Min,Coolerbox Hardbody 8litre,0.0000,Min Level,06 Oct 2025
MIN,CLWCBP,Camping Products,Min,Coolerbag Picnic with Handles 46x28x22cm,0.0000,Min Level,06 Oct 2025
MIN,CLWCBT,Camping Products,Min,Coolerbag 32x19x31cm Black,0.0000,Min Level,06 Oct 2025
MIN,CLWFR,Camping Products,Min,Fishing Rod Spinnig Set,0.0000,Min Level,06 Oct 2025
MIN,CLWGG,Braais _AND_ Products,Min,Garden Gloves - Coloured,0.0000,Min Level,06 Oct 2025
MIN,CLWGKTS,Braais _AND_ Products,Min,Kids Garden Tool Kit,0.0000,Min Level,06 Oct 2025
MIN,CLWHSB,Braais _AND_ Products,Min,Bucket Hat Set with Glasses - Boy,0.0000,Min Level,06 Oct 2025
MIN,CLWHSG,Braais _AND_ Products,Min,Bucket Hat Set with Glasses - Girl,0.0000,Min Level,06 Oct 2025
MIN,CLWMDBE,Kitchenware,Min,Mug Daily Barrel Embossed 200ml,0.0000,Min Level,06 Oct 2025
MIN,CLWNFE,Camping Products,Min,Fishing Net - Extendable 87cm,0.0000,Min Level,06 Oct 2025
MIN,CLWNFN,Camping Products,Min,Fishing Net - Nylon 115cm,0.0000,Min Level,06 Oct 2025
MIN,CLWPDT23,Kitchenware,Min,Pet Dog Toy Treat 23cm,0.0000,Min Level,06 Oct 2025
MIN,CLWPDT27,Kitchenware,Min,Pet Dog Toy Treat 27cm,0.0000,Min Level,06 Oct 2025
MIN,CLWSBM,Kitchenware,Min,Silicone Bathmat 36cm x 59cm,0.0000,Min Level,06 Oct 2025
MIN,CLWSCHS,Kitchenware,Min,Kaylees Sweet Choc Hotchoc Stick,0.0000,Min Level,06 Oct 2025
MIN,CLWST3,Kitchenware,Min,Serving Tongs 3 pack - Soft Grip Handle,0.0000,Min Level,06 Oct 2025
MIN,CMAN30,Boiling Table/Burners,Min,C30 Manifold - Single Hosetail Bottom,0.0000,Min Level,06 Oct 2025
MIN,CMAN30D,BLOCKED,Min,C30 Manifold - Double Hosetail Bottom,0.0000,Min Level,06 Oct 2025
MIN,CMAN30DT,Boiling Table/Burners,Min,C30 Manifold - Double Hosetail Top,0.0000,Min Level,06 Oct 2025
MIN,CMAN30T,Boiling Table/Burners,Min,C30 Manifold - Single Hosetail TOP,0.0000,Min Level,06 Oct 2025
MIN,CMAN40,Boiling Table/Burners,Min,C40 Manifold,0.0000,Min Level,06 Oct 2025
MIN,CMAN50,Boiling Table/Burners,Min,C50 Manifold only,0.0000,Min Level,06 Oct 2025
MIN,CMGD,Safety Equipment,Min,Carbon Monoxide Gas Detector - Battery,0.0000,Min Level,06 Oct 2025
MIN,COCROCKS,Braais _AND_ Products,Min,Rock Pack (2kg),0.0000,Min Level,06 Oct 2025
MIN,CONV1,General Spares,Min,Standard Fridge Burner,0.0000,Min Level,06 Oct 2025
MIN,CONV2,General Spares,Min,Ocean Type Refrigeration Convers Burner,0.0000,Min Level,06 Oct 2025
MIN,COOK1,BLOCKED,Min,Cooker Top Toaster,0.0000,Min Level,06 Oct 2025
MIN,COOK2,Cooker Tops,Min,Galvanised Cooker Top (Made in SA),0.0000,Min Level,06 Oct 2025
MIN,COOK2P,Cooker Tops,Min,Cooker Top with Piezo Ignitor (20 min),0.0000,Min Level,06 Oct 2025
MIN,COOK2PD,Stove _AND_ Hobs,Min,Cook 2 Pro Deluxe - Cadac,0.0000,Min Level,06 Oct 2025
MIN,COOK3,Cooker Tops,Min,Perforated Burner,0.0000,Min Level,06 Oct 2025
MIN,COOK4,Cooker Tops,Min,Boxed Potjiekos Cooker Top,0.0000,Min Level,06 Oct 2025
MIN,COOK4C,Cooker Tops,Min,Potjiekos Cooker Top (Cadac),0.0000,Min Level,06 Oct 2025
MIN,COOK5,Cooker Tops,Min,Chrome Cooker Top Boxed (Atlas),0.0000,Min Level,06 Oct 2025
MIN,COOK716,Cooker Tops,Min,Cooker top for 7/16 Canister,0.0000,Min Level,06 Oct 2025
MIN,COOKA,BLOCKED,Min,Autotrail Cooker,0.0000,Min Level,06 Oct 2025
MIN,COOKAE,Cooker Tops,Min,Cooker Top Eco Alva (Washer _AND_ Jet ),0.0000,Min Level,06 Oct 2025
MIN,COOKAL,Cooker Tops,Min,Cooker Top Alva,0.0000,Min Level,06 Oct 2025
MIN,COOKBT,Braais _AND_ Products,Min,BBQ Toaster - Gas,0.0000,Min Level,06 Oct 2025
MIN,COOKD,BLOCKED,Min,Small Cooker - Select,0.0000,Min Level,06 Oct 2025
MIN,COOKI,Cooker Tops,Min,Cooker Top - Chrome Bag,0.0000,Min Level,06 Oct 2025
MIN,COOKI2,Cooker Tops,Min,Cooker Top,0.0000,Min Level,06 Oct 2025
MIN,COOKL,Cooker Tops,Min,Large Cooker Top - Boxed,0.0000,Min Level,06 Oct 2025
MIN,COOKM,Cooker Tops,Min,Cooker Top Medium,0.0000,Min Level,06 Oct 2025
MIN,COOKP,Canister Gas Products,Min,Butane Cooker 100,0.0000,Min Level,06 Oct 2025
MIN,COOKP1,BLOCKED,Min,Butane Cooker,0.0000,Min Level,06 Oct 2025
MIN,COOKS,BLOCKED,Min,Supreme Cooker Top,0.0000,Min Level,06 Oct 2025
MIN,COOKSC2,Cooker Tops,Min,Cooker Top (in bag) - Safegas,0.0000,Min Level,06 Oct 2025
MIN,COOKSCT2,Brass Fittings,Min,Perforated Burner for Cooker Top SCT-2,0.0000,Min Level,06 Oct 2025
MIN,COOKSG,Cooker Tops,Min,Chrome Cooker Top in Box (Safegas),0.0000,Min Level,06 Oct 2025
MIN,COOKT,Cooker Tops,Min,Perforated Burner (Tall),0.0000,Min Level,06 Oct 2025
MIN,COOKTEL,BLOCKED,Min,Telsure Cooker Top ( Saffy),0.0000,Min Level,06 Oct 2025
MIN,COPE1/2,Copper Products,Min,1/2inch (12.7mm) Copper Elbow 90deg,0.0000,Min Level,06 Oct 2025
MIN,COPE1/4,Copper Products,Min,1/4inch (6.35mm) Copper Elbow 90deg,0.0000,Min Level,06 Oct 2025
MIN,COPE3/4,Copper Products,Min,3/4inch Copper Elbow 90deg,0.0000,Min Level,06 Oct 2025
MIN,COPE3/8,Copper Products,Min,3/8inch (9.53mm) Copper Elbow 90deg,0.0000,Min Level,06 Oct 2025
MIN,COPE3/845,Copper Products,Min,3/8inch Copper Elbow 45 degrees,0.0000,Min Level,06 Oct 2025
MIN,COPE451/2,Copper Products,Min,1/2inch Copper 45degree Elbow,0.0000,Min Level,06 Oct 2025
MIN,COPE453/4,Copper Products,Min,3/4inch Copper 45degree Elbow,0.0000,Min Level,06 Oct 2025
MIN,COPE455/8,Copper Products,Min,5/8inch Copper 45degree Elbow,0.0000,Min Level,06 Oct 2025
MIN,COPE457/8,Copper Products,Min,7/8inch Hard Drawn Copper 45 degree elbows,0.0000,Min Level,06 Oct 2025
MIN,COPE5/8H,Copper Products,Min,5/8inch Copper Elbows 90deg,0.0000,Min Level,06 Oct 2025
MIN,COPEH7/8,Copper Products,Min,7/8inch Copper Elbows 90deg,0.0000,Min Level,06 Oct 2025
MIN,COPS,Copper Products,Min,1/4inch Copper Straight,0.0000,Min Level,06 Oct 2025
MIN,COPS1/2,Copper Products,Min,1/2inch (12.7mm) Copper Straight,0.0000,Min Level,06 Oct 2025
MIN,COPS3/4,Copper Products,Min,3/4inch Copper Straight,0.0000,Min Level,06 Oct 2025
MIN,COPS3/8,Copper Products,Min,3/8inch (9.53mm) Copper Straight,0.0000,Min Level,06 Oct 2025
MIN,COPS5/8,Copper Products,Min,5/8inch Copper Straight,0.0000,Min Level,06 Oct 2025
MIN,COPS7/8,Copper Products,Min,7/8inch Copper Union,0.0000,Min Level,06 Oct 2025
MIN,COPSR1238,Copper Products,Min,1/2inch to 3/8inch Copper Straight Reducer,0.0000,Min Level,06 Oct 2025
MIN,COPSR14516,Copper Products,Min,1/4inch to 5/16inch Copper Reducer Straight,0.0000,Min Level,06 Oct 2025
MIN,COPSR3412,Copper Products,Min,3/4inch to 1/2inch Copper Reducer,0.0000,Min Level,06 Oct 2025
MIN,COPSR3458,Copper Products,Min,3/4inch to 5/8inch Copper Reducer,0.0000,Min Level,06 Oct 2025
MIN,COPSR3814,Copper Products,Min,Copper Straight Reducer 3/8inch to 1/4inch,0.0000,Min Level,06 Oct 2025
MIN,COPSR5812,Copper Products,Min,5/8inch to 1/2inch Copper Reducer,0.0000,Min Level,06 Oct 2025
MIN,COPSR7/8-5/8,Copper Products,Min,5/8inch to 7/8inch Copper Reducer,0.0000,Min Level,06 Oct 2025
MIN,COPT1/2,Copper Products,Min,1/2inch (12.7mm) Copper Tee,0.0000,Min Level,06 Oct 2025
MIN,COPT1/4,Copper Products,Min,1/4inch Copper Tee,0.0000,Min Level,06 Oct 2025
MIN,COPT3/4,Copper Products,Min,3/4inch Copper Tee,0.0000,Min Level,06 Oct 2025
MIN,COPT3/8,Copper Products,Min,3/8inch (9.53mm) Copper Tee,0.0000,Min Level,06 Oct 2025
MIN,COPT5/8H,Copper Products,Min,5/8inch Hard Drawn Copper Tee,0.0000,Min Level,06 Oct 2025
MIN,COPTH7/8,Copper Products,Min,7/8inch Copper Tee,0.0000,Min Level,06 Oct 2025
MIN,COS002,Cylinders/Heaters/General,Min,Complete ODS System - Heater,0.0000,Min Level,06 Oct 2025
MIN,COTHP,Doors _AND_ Window Frames _AND_ Fitt,Min,Cottage Hinge Pin - Stl,0.0000,Min Level,06 Oct 2025
MIN,COTUH1/2,Copper Products,Min,1/2inch Hard Drawn Copper Pipe 5.5m 12.73mm,0.0000,Min Level,06 Oct 2025
MIN,COTUH1/4,Copper Products,Min,1/4inch Copper Tubing (Hard drawn) 5.5m,0.0000,Min Level,06 Oct 2025
MIN,COTUH3/8,Copper Products,Min,3/8inch Copper Tubing (Hard drawn) 5.5m,0.0000,Min Level,06 Oct 2025
MIN,COTUH5/8,Copper Products,Min,TUBING HARD 5/8inch 15.88mm 0.71wt (80),0.0000,Min Level,06 Oct 2025
MIN,COTUH7/8,Copper Products,Min,7/8inch Hard drawn Copper Tubing,0.0000,Min Level,06 Oct 2025
MIN,COTUS1/2,Copper Products,Min,1/2inch (12.7mm) Copper Tubing 15.2M (Soft),0.0000,Min Level,06 Oct 2025
MIN,COTUS1/4,Copper Products,Min,1/4inch (6.35mm) Copper Tubing 15.2M (Soft),0.0000,Min Level,06 Oct 2025
MIN,COTUS3/16,Copper Products,Min,3/16inch Soft Drawn Copper Tubing 4.76mm,0.0000,Min Level,06 Oct 2025
MIN,COTUS3/4,Copper Products,Min,3/4 soft copper tubing 19.05mm (15.2m),0.0000,Min Level,06 Oct 2025
MIN,COTUS3/8,Copper Products,Min,3/8inch (9.53mm) Copper Tubing 15.2M (Soft),0.0000,Min Level,06 Oct 2025
MIN,COTUS5/16,Copper Products,Min,5/16inch Copper Tubing Soft Drawn,0.0000,Min Level,06 Oct 2025
MIN,COTUS5/8,Copper Products,Min,5/8inch (15.88mm) Copper Tubing Soft Drawn,0.0000,Min Level,06 Oct 2025
MIN,COTUS7/8,Copper Products,Min,7/8inch Soft Drawn Copper Tubing 15 2m,0.0000,Min Level,06 Oct 2025
MIN,COUE1/2,Brass Fittings,Min,1/2inch Compression Elbow,0.0000,Min Level,06 Oct 2025
MIN,COUE1/4,Brass Fittings,Min,1/4inch Compression Elbow,0.0000,Min Level,06 Oct 2025
MIN,COUE3/8,Brass Fittings,Min,3/8inch Compression Elbow,0.0000,Min Level,06 Oct 2025
MIN,COUE4C4M,Brass Fittings,Min,1/4inch Compression to 1/4inch Male Elbow,0.0000,Min Level,06 Oct 2025
MIN,COUE5/16,Brass Fittings,Min,5/16inch Compression Elbow,0.0000,Min Level,06 Oct 2025
MIN,COUE5/4,Brass Fittings,Min,5/16inch Compression to 1/4inch Male Elbow,0.0000,Min Level,06 Oct 2025
MIN,COUE5/6,Brass Fittings,Min,5/16inch Compression to 3/8inch Male ELBOW,0.0000,Min Level,06 Oct 2025
MIN,COUE6C4M,Brass Fittings,Min,3/8inch Compression by 1/4inch Male Elbow,0.0000,Min Level,06 Oct 2025
MIN,COUE8/6,Brass Fittings,Min,1/2inch Compression to 3/8inch Male Elbow,0.0000,Min Level,06 Oct 2025
MIN,COUEM8/8,Brass Fittings,Min,1/2inch Compression_ASTK_ 1/2inch Male Elbow,0.0000,Min Level,06 Oct 2025
MIN,COUP12/12,Brass Fittings,Min,3/4inch Compression to 3/4inch Male,0.0000,Min Level,06 Oct 2025
MIN,COUP12/8,Brass Fittings,Min,3/4inch Compression to 1/2inch Male,0.0000,Min Level,06 Oct 2025
MIN,COUP15/12F,Brass Fittings,Min,15mm Compression to 1/2inch Female,0.0000,Min Level,06 Oct 2025
MIN,COUP15/12M,Brass Fittings,Min,15mm Compression to 1/2inch Male,0.0000,Min Level,06 Oct 2025
MIN,COUP15/6,Brass Fittings,Min,15mm Compression to 3/8inch Male,0.0000,Min Level,06 Oct 2025
MIN,COUP15S14M,Brass Fittings,Min,15mm ID Solder to 1/4inch Male,0.0000,Min Level,06 Oct 2025
MIN,COUP15S38M,Brass Fittings,Min,15mm ID Solder to 3/8inch Male,0.0000,Min Level,06 Oct 2025
MIN,COUP2/2,Brass Fittings,Min,1/8inch Compression by 1/8inch Male,0.0000,Min Level,06 Oct 2025
MIN,COUP2234,Brass Fittings,Min,22 mm Compression to 3/4inch Female,0.0000,Min Level,06 Oct 2025
MIN,COUP22MM1/2F,Brass Fittings,Min,22mm Compression to 1/2 Female,0.0000,Min Level,06 Oct 2025
MIN,COUP22MM1/2M,Brass Fittings,Min,22mm Compression to 1/2inch Male,0.0000,Min Level,06 Oct 2025
MIN,COUP4/2,Brass Fittings,Min,1/4inch Compression by 1/8inch Male,0.0000,Min Level,06 Oct 2025
MIN,COUP4/4,Brass Fittings,Min,1/4inch Compression by 1/4inch Male,0.0000,Min Level,06 Oct 2025
MIN,COUP4/6,Brass Fittings,Min,1/4inch Compression by 3/8inch Male,0.0000,Min Level,06 Oct 2025
MIN,COUP4/6F,Brass Fittings,Min,1/4 Compression to 3/8 Female,0.0000,Min Level,06 Oct 2025
MIN,COUP4/8,Brass Fittings,Min,1/4inch Compression to 1/2inch Male,0.0000,Min Level,06 Oct 2025
MIN,COUP4/8F,Brass Fittings,Min,1/4inch Compression to 1/2inch Female,0.0000,Min Level,06 Oct 2025
MIN,COUP4C/2F,Brass Fittings,Min,1/4inch Compression by 1/8inch Female,0.0000,Min Level,06 Oct 2025
MIN,COUP4C/4F,Brass Fittings,Min,1/4inch Compression by 1/4inch Female,0.0000,Min Level,06 Oct 2025
MIN,COUP5/2,Brass Fittings,Min,5/16inch Compression by 1/8inch Male,0.0000,Min Level,06 Oct 2025
MIN,COUP5/4,Brass Fittings,Min,5/16inch Compression by 1/4inch Male,0.0000,Min Level,06 Oct 2025
MIN,COUP5/6,Brass Fittings,Min,5/16inch Compression by 3/8inch Male,0.0000,Min Level,06 Oct 2025
MIN,COUP5/81/2F,Brass Fittings,Min,5/8 Compression to 1/2 female,0.0000,Min Level,06 Oct 2025
MIN,COUP5/81/2M,Brass Fittings,Min,5/8inch Compression to 1/2inch Male,0.0000,Min Level,06 Oct 2025
MIN,COUP5/83/8M,Brass Fittings,Min,5/8inch Compression to 3/8inch Male,0.0000,Min Level,06 Oct 2025
MIN,COUP5C/2F,Brass Fittings,Min,5/16inch Compression by 1/8inch Female,0.0000,Min Level,06 Oct 2025
MIN,COUP5C/4F,BLOCKED,Min,5/16: Compression by 1/4inch Female,0.0000,Min Level,06 Oct 2025
MIN,COUP5C4F,Brass Fittings,Min,5/16inch Compression to 1/4inch Female,0.0000,Min Level,06 Oct 2025
MIN,COUP5C6F,Brass Fittings,Min,5/16inch Compression to 3/8inch Female,0.0000,Min Level,06 Oct 2025
MIN,COUP6/2,Brass Fittings,Min,3/8inch Compression by 1/8inch Male,0.0000,Min Level,06 Oct 2025
MIN,COUP6/4,Brass Fittings,Min,3/8inch Compression by 1/4inch Male,0.0000,Min Level,06 Oct 2025
MIN,COUP6/6,Brass Fittings,Min,3/8inch Compression by 3/8inch Male,0.0000,Min Level,06 Oct 2025
MIN,COUP6/8,Brass Fittings,Min,3/8inch Compression by 1/2inch Male,0.0000,Min Level,06 Oct 2025
MIN,COUP6C/4F,Brass Fittings,Min,3/8inch Compression by 1/4inch Female,0.0000,Min Level,06 Oct 2025
MIN,COUP6C/6F,Brass Fittings,Min,3/8inch Compression by 3/8inch Female,0.0000,Min Level,06 Oct 2025
MIN,COUP6C/8F,Brass Fittings,Min,3/8inch Compression by 1/2inch Female,0.0000,Min Level,06 Oct 2025
MIN,COUP6S4M,Brass Fittings,Min,3/8inch Solder ID to 1/4inch Male,0.0000,Min Level,06 Oct 2025
MIN,COUP6S6M,Brass Fittings,Min,3/8inch Solder ID to 3/8inch Male,0.0000,Min Level,06 Oct 2025
MIN,COUP8/4,Brass Fittings,Min,1/2inch Compression by 1/4inch Male,0.0000,Min Level,06 Oct 2025
MIN,COUP8/6,Brass Fittings,Min,1/2inch Compression by 3/8inch Male,0.0000,Min Level,06 Oct 2025
MIN,COUP8/8,Brass Fittings,Min,1/2inch Compression by 1/2inch Male,0.0000,Min Level,06 Oct 2025
MIN,COUP8C/4F,Brass Fittings,Min,1/2inch Compression by 1/4inch Female,0.0000,Min Level,06 Oct 2025
MIN,COUP8C/6F,Brass Fittings,Min,1/2inch Compression by 3/8inch Female,0.0000,Min Level,06 Oct 2025
MIN,COUP8C/8F,Brass Fittings,Min,1/2inch Compression by 1/2inch Female,0.0000,Min Level,06 Oct 2025
MIN,COUP8S6M,Brass Fittings,Min,1/2inch Solder ID to 3/8inch Male,0.0000,Min Level,06 Oct 2025
MIN,COUP8S8F,Brass Fittings,Min,1/2inch Solder to 1/2inch Female,0.0000,Min Level,06 Oct 2025
MIN,COUPS15/6,Brass Fittings,Min,15mm ID to 3/8inch ID Solder Reducer,0.0000,Min Level,06 Oct 2025
MIN,COUS3812,Brass Fittings,Min,3/8inch Male to 1/2inch Copper Solder,0.0000,Min Level,06 Oct 2025
MIN,COUT1/2,Brass Fittings,Min,1/2inch Compression Tee,0.0000,Min Level,06 Oct 2025
MIN,COUT1/4,Brass Fittings,Min,1/4inch Compression Tee,0.0000,Min Level,06 Oct 2025
MIN,COUT3/8,Brass Fittings,Min,3/8inch Compression Tee,0.0000,Min Level,06 Oct 2025
MIN,COUT5/16,Brass Fittings,Min,5/16inch Compression Tee,0.0000,Min Level,06 Oct 2025
MIN,COUT5C4M5C,Brass Fittings,Min,5/16inch Comp_ASTK_1/4inchMale_ASTK_5/16inchComp Tee,0.0000,Min Level,06 Oct 2025
MIN,COUT6C6M6C,Brass Fittings,Min,3/8inch Comp_ASTK_3/8inch Male_ASTK_3/8inch Comp Tee,0.0000,Min Level,06 Oct 2025
MIN,COV003,BLOCKED,Min,Complete Valve - Heater,0.0000,Min Level,06 Oct 2025
MIN,COWL1,Gas Water Heaters _AND_ Access,Min,110mm Galv Cowl,0.0000,Min Level,06 Oct 2025
MIN,COWL100,Gas Water Heaters _AND_ Access,Min,100mm Cowl,0.0000,Min Level,06 Oct 2025
MIN,COWL125,Gas Water Heaters _AND_ Access,Min,125mm Galvanised Cowl,0.0000,Min Level,06 Oct 2025
MIN,COWL150,Gas Water Heaters _AND_ Access,Min,150mm Galvanised Cowl,0.0000,Min Level,06 Oct 2025
MIN,COWL160,Gas Water Heaters _AND_ Access,Min,160mm Galvanised Cowl,0.0000,Min Level,06 Oct 2025
MIN,COWL1SS,Gas Water Heaters _AND_ Access,Min,110mm Stainless Steel Cowl,0.0000,Min Level,06 Oct 2025
MIN,COWL2,Gas Water Heaters _AND_ Access,Min,130mm Galv Cowl,0.0000,Min Level,06 Oct 2025
MIN,COWL2SS,Gas Water Heaters _AND_ Access,Min,130mm Stainless Steel Cowl,0.0000,Min Level,06 Oct 2025
MIN,COWL90,Gas Water Heaters _AND_ Access,Min,90mm Galvanised Cowl,0.0000,Min Level,06 Oct 2025
MIN,CQ1/4,Brass Fittings,Min,Quick Coupler - 1/4inch Set Female - female,0.0000,Min Level,06 Oct 2025
MIN,CQ1/4MF,Brass Fittings,Min,Quick coupler 1/4inch Male to Female,0.0000,Min Level,06 Oct 2025
MIN,CQ1/4PROBE,Brass Fittings,Min,1/4inch Quick Coupler - Male Probe only,0.0000,Min Level,06 Oct 2025
MIN,CQ3/8,Brass Fittings,Min,Quick Coupler - 3/8inch Set,0.0000,Min Level,06 Oct 2025
MIN,CS006-16/8W4,Brass Fittings,Min,GMS4 W/drive Hose Clamp 304s/s 6-16mm,0.0000,Min Level,06 Oct 2025
MIN,CS010-22/8W4,Brass Fittings,Min,GMS6 W/drive Hose Clamp 304s/s 10-22mm,0.0000,Min Level,06 Oct 2025
MIN,CS033-57/12WA,Brass Fittings,Min,GSS28 W/drive Hose Clamp 304s/s33-57mm,0.0000,Min Level,06 Oct 2025
MIN,CS10-22/8W4,Brass Fittings,Min,Hose Clamp - 20mm S/S,0.0000,Min Level,06 Oct 2025
MIN,CS13-27/12W4,Brass Fittings,Min,Hose Clamp - 25mm S/S,0.0000,Min Level,06 Oct 2025
MIN,CS14-32/12W4,Brass Fittings,Min,Hose Clamp - 30mm S/S,0.0000,Min Level,06 Oct 2025
MIN,CSAD1/2,Copper Products,Min,1/2inch Copper Saddles,0.0000,Min Level,06 Oct 2025
MIN,CSAD1/4,Copper Products,Min,1/4inch Copper Saddles,0.0000,Min Level,06 Oct 2025
MIN,CSAD3/4,Copper Products,Min,3/4inch Copper Saddles,0.0000,Min Level,06 Oct 2025
MIN,CSAD3/8,Copper Products,Min,3/8inch Copper Saddle,0.0000,Min Level,06 Oct 2025
MIN,CTHT,Brass Fittings,Min,Cadac to Hosetail,0.0000,Min Level,06 Oct 2025
MIN,CTHT90,Brass Fittings,Min,Cadac to Hosetail 90' (Tank Adaptor),0.0000,Min Level,06 Oct 2025
MIN,CYCCOWLLG,Gas Water Heaters _AND_ Access,Min,Cyclone Cowl - Large,0.0000,Min Level,06 Oct 2025
MIN,CYCCOWLSM,Gas Water Heaters _AND_ Access,Min,Cyclone Cowl - Small,0.0000,Min Level,06 Oct 2025
MIN,CYL19CFA,Cylinders/Heaters/General,Min,19kg Gas Cylinder,0.0000,Min Level,06 Oct 2025
MIN,CYL2KC,Cylinders/Heaters/General,Min,2kg Gas Cylinder - Cadac,0.0000,Min Level,06 Oct 2025
MIN,CYL2SG,Cylinders/Heaters/General,Min,Safegas 2kg Gas Cylinder,0.0000,Min Level,06 Oct 2025
MIN,CYL3CM,Cylinders/Heaters/General,Min,3kg Gas Cylinder (CM),0.0000,Min Level,06 Oct 2025
MIN,CYL3I,Cylinders/Heaters/General,Min,3kg Cylinders (Ind),0.0000,Min Level,06 Oct 2025
MIN,CYL3KA,Cylinders/Heaters/General,Min,ALVA 3kg Gas Cylinder,0.0000,Min Level,06 Oct 2025
MIN,CYL3KC,Cylinders/Heaters/General,Min,CADAC 3kg Gas Cylinder,0.0000,Min Level,06 Oct 2025
MIN,CYL3KGRG,Cylinders/Heaters/General,Min,3 Kg Gas Cylinder Grey (Redeoway),0.0000,Min Level,06 Oct 2025
MIN,CYL3KP,Cylinders/Heaters/General,Min,PABAR 3kg Gas Cylinder,0.0000,Min Level,06 Oct 2025
MIN,CYL3S,Cylinders/Heaters/General,Min,Safegas 3kg Gas Cylinder,0.0000,Min Level,06 Oct 2025
MIN,CYL4 5KP,Cylinders/Heaters/General,Min,PABAR 4.5kg Cylinder,0.0000,Min Level,06 Oct 2025
MIN,CYL4.5KA,BLOCKED,Min,X,0.0000,Min Level,06 Oct 2025
MIN,CYL4.5KGRG,BLOCKED,Min,4.5KG Gas Cylinder,0.0000,Min Level,06 Oct 2025
MIN,CYL5A,Cylinders/Heaters/General,Min,ALVA - 5kg Gas Cylinder,0.0000,Min Level,06 Oct 2025
MIN,CYL5CM,Cylinders/Heaters/General,Min,5kg Gas Cylinder (CM),0.0000,Min Level,06 Oct 2025
MIN,CYL5I,Cylinders/Heaters/General,Min,5 kg Cylinder (Indian),0.0000,Min Level,06 Oct 2025
MIN,CYL5KC,Cylinders/Heaters/General,Min,CADAC 5kg Gas Cylinder,0.0000,Min Level,06 Oct 2025
MIN,CYL5KGRG,Cylinders/Heaters/General,Min,5 Kg Gas Cylinder Grey,0.0000,Min Level,06 Oct 2025
MIN,CYL5S,Cylinders/Heaters/General,Min,Safegas 5kg Gas Cylinder,0.0000,Min Level,06 Oct 2025
MIN,CYL6AF,Cylinders/Heaters/General,Min,6kg Afrox Gas Cylinder,0.0000,Min Level,06 Oct 2025
MIN,CYL7KC,Cylinders/Heaters/General,Min,7kg Cadac Gas Cylinder,0.0000,Min Level,06 Oct 2025
MIN,CYL7KP,BLOCKED,Min,PABAR 7kg Gas Cylinder (Made in RSA),0.0000,Min Level,06 Oct 2025
MIN,CYL9AL,Cylinders/Heaters/General,Min,9kg Alva Gas Cylinder,0.0000,Min Level,06 Oct 2025
MIN,CYL9CA,Cylinders/Heaters/General,Min,9 kg Gas Cylinder - Cadac,0.0000,Min Level,06 Oct 2025
MIN,CYL9CFA,Cylinders/Heaters/General,Min,9kg Gas Cylinders,0.0000,Min Level,06 Oct 2025
MIN,CYL9KP,Cylinders/Heaters/General,Min,PABAR 9kg Pabar Gas Cylinder,0.0000,Min Level,06 Oct 2025
MIN,CYL9S,Cylinders/Heaters/General,Min,9kg Cylinder (no gas) Safegas,0.0000,Min Level,06 Oct 2025
MIN,CYLCH,Brass Fittings,Min,3kg -5kg Cylinder Carry Handle,0.0000,Min Level,06 Oct 2025
MIN,CYLEGO007,Hardware,Min,Gas Cylinder Easy Opener,0.0000,Min Level,06 Oct 2025
MIN,CYLTH,Cylinders/Heaters/General,Min,Infrared Cylinder Top Heater,0.0000,Min Level,06 Oct 2025
MIN,CYLTHCCR107,BLOCKED,Min,Canister Dish Heater 80gm/hr,0.0000,Min Level,06 Oct 2025
MIN,CYLTHCCR108,Cylinders/Heaters/General,Min,Outdoor Feestanding Canister Heater,0.0000,Min Level,06 Oct 2025
MIN,CYLTHS,Cylinders/Heaters/General,Min,Infrared Cylinder Top Heater Square,0.0000,Min Level,06 Oct 2025
MIN,CYLTHSC,Cylinders/Heaters/General,Min,Ceramic For Cylinder Top Heater Square,0.0000,Min Level,06 Oct 2025
MIN,CYLTHSCH,Cylinders/Heaters/General,Min,Ceramic for Cylinder Top Heater _AND_ Holder,0.0000,Min Level,06 Oct 2025
MIN,CYLTHSTEM,General Spares,Min,Cylinder Top Heater Spare Valve,0.0000,Min Level,06 Oct 2025
MIN,D09LZEGG,BLOCKED,Min,09lt Water Heater Zero Start,0.0000,Min Level,06 Oct 2025
MIN,D10LGGLED,BLOCKED,Min,10lt Water Heater (Delta),0.0000,Min Level,06 Oct 2025
MIN,D12FGLED,BLOCKED,Min,12lt Fan Forced Gas Water Heater,0.0000,Min Level,06 Oct 2025
MIN,D12LGGLED,BLOCKED,Min,12lt Water Heater (inc S/S Flue) Delta,0.0000,Min Level,06 Oct 2025
MIN,D12LZEGG,BLOCKED,Min,12lt Water Heater Zero Start (Delta),0.0000,Min Level,06 Oct 2025
MIN,D14LZEGG,BLOCKED,Min,14lt Water Heater Zero Start.,0.0000,Min Level,06 Oct 2025
MIN,D16LGGLED,BLOCKED,Min,16lt Water Heater (inc Stainless Flue),0.0000,Min Level,06 Oct 2025
MIN,D18LZEGG,BLOCKED,Min,18lt Gas Water Heater Zero Start,0.0000,Min Level,06 Oct 2025
MIN,D20LFFG,BLOCKED,Min,20litre Fan Forced Water Heater (Delta),0.0000,Min Level,06 Oct 2025
MIN,D20LGGLED,BLOCKED,Min,20lt Water Heater (incl s/s flue) Delta,0.0000,Min Level,06 Oct 2025
MIN,D2BSSA,Stove _AND_ Hobs,Min,2 Burner Auto S/S with honeycomb burners,0.0000,Min Level,06 Oct 2025
MIN,D2BSSAF,BLOCKED,Min,2 Burner Auto S/S with Reg and Hose,0.0000,Min Level,06 Oct 2025
MIN,D4BGHOB,BLOCKED,Min,4 Burner S/Steel Hob Cast Iron Trivets,0.0000,Min Level,06 Oct 2025
MIN,D5BHOB,BLOCKED,Min,5 Burner S/Steel Hob Cast Iron Trivets,0.0000,Min Level,06 Oct 2025
MIN,D5LGGLED,BLOCKED,Min,5lt Water Heater Sink (Delta),0.0000,Min Level,06 Oct 2025
MIN,DAMAGEDSTOCK,Damaged Stock,Min,Damaged stock returned by customers GEO,0.0000,Min Level,06 Oct 2025
MIN,DAMAGEDSTOCKW,Damaged Stock,Min,Damaged stock returned by customers JHB,0.0000,Min Level,06 Oct 2025
MIN,DAMAL2BSSA,BLOCKED,Min,2 Plate S/S stoves - Damaged (Alva)),0.0000,Min Level,06 Oct 2025
MIN,DAMST,BLOCKED,Min,X,0.0000,Min Level,06 Oct 2025
MIN,DAMSTOCKDBN,Damaged Stock,Min,Damaged Stock Returned DBN,0.0000,Min Level,06 Oct 2025
MIN,DAMWCKK,BLOCKED,Min,Damaged Kettles - Condere,0.0000,Min Level,06 Oct 2025
MIN,DAMWZKK,BLOCKED,Min,Damaged - Kettles,0.0000,Min Level,06 Oct 2025
MIN,DBLOWT,BLOCKED,Min,Damaged Blow Torch,0.0000,Min Level,06 Oct 2025
MIN,DBT20,Boiling Table/Burners,Min,Double Cast Iron Boiling Table,0.0000,Min Level,06 Oct 2025
MIN,DBT20EC,BLOCKED,Min,X,0.0000,Min Level,06 Oct 2025
MIN,DCOWL1,BLOCKED,Min,Cowl For Zero Start (9l-12l),0.0000,Min Level,06 Oct 2025
MIN,DCOWL2,BLOCKED,Min,127mm Cowl for Zero Start (14l - 18l),0.0000,Min Level,06 Oct 2025
MIN,DE10LGGLED,BLOCKED,Min,10litre Gas Water Heater - Outdoor,0.0000,Min Level,06 Oct 2025
MIN,DE12LGGCON,BLOCKED,Min,12lt Water Heater Constant Temperature,0.0000,Min Level,06 Oct 2025
MIN,DE12LZEGG,BLOCKED,Min,12lt Water Heater - Zero Start incl flue,0.0000,Min Level,06 Oct 2025
MIN,DE16LGGCON,BLOCKED,Min,16lt Water Heater Constant Temperature,0.0000,Min Level,06 Oct 2025
MIN,DE18LGGCON,BLOCKED,Min,18lt Water Heater Constant Temperature,0.0000,Min Level,06 Oct 2025
MIN,DE2BHOB,Stove _AND_ Hobs,Min,2 Burner Stainless Hob Cast Iron Trivets,0.0000,Min Level,06 Oct 2025
MIN,DE4BGSB,Stove _AND_ Hobs,Min,4 Burner Gas Stove - Black FFD (Manual),0.0000,Min Level,06 Oct 2025
MIN,DE4BHOB,Stove _AND_ Hobs,Min,Stainless 4 Burner Hob Cast Iron Trivets,0.0000,Min Level,06 Oct 2025
MIN,DE5BHOB,Stove _AND_ Hobs,Min,5 Burner Hob Stainless Cast Iron Trivets,0.0000,Min Level,06 Oct 2025
MIN,DEN08LGGTYB,BLOCKED,Min,8lt Water Heater (Diaphragm)incl flue B,0.0000,Min Level,06 Oct 2025
MIN,DEN10LGGTYD,BLOCKED,Min,10lt Water Heater (Sterling Silver) D,0.0000,Min Level,06 Oct 2025
MIN,DEN10UZN,Gas Water Heaters _AND_ Access,Min,10litre inchJet Fininch Water Intake Zero D,0.0000,Min Level,06 Oct 2025
MIN,DEN12FFZ,Gas Water Heaters _AND_ Access,Min,12 litre Fan Forced CT Zero B,0.0000,Min Level,06 Oct 2025
MIN,DEN12LFFGG,BLOCKED,Min,12litre Fan Forced Water Heater,0.0000,Min Level,06 Oct 2025
MIN,DEN12LGGCON,BLOCKED,Min,12Litre Constant Temperature Type B,0.0000,Min Level,06 Oct 2025
MIN,DEN12LGGCOND,Gas Water Heaters _AND_ Access,Min,12litre Constant Temp no flue (D),0.0000,Min Level,06 Oct 2025
MIN,DEN12LGGLED,BLOCKED,Min,12litre Gas Water Heater - Outdoor S/S,0.0000,Min Level,06 Oct 2025
MIN,DEN12LGGLEDB,BLOCKED,Min,12litre Water Heater incl flue (B),0.0000,Min Level,06 Oct 2025
MIN,DEN12LGGTYD,BLOCKED,Min,12lt Water Heater (Sterling Silver) D,0.0000,Min Level,06 Oct 2025
MIN,DEN12LSSGGTYD,BLOCKED,Min,12lt Water Heater (S/S) TYPE D no flue,0.0000,Min Level,06 Oct 2025
MIN,DEN12LZEGG,Gas Water Heaters _AND_ Access,Min,12 litre Zero Start Water Heater B N/F,0.0000,Min Level,06 Oct 2025
MIN,DEN12LZEGGD,BLOCKED,Min,12lt Water Heater Zero Start D NO FLUE,0.0000,Min Level,06 Oct 2025
MIN,DEN12UZN,Gas Water Heaters _AND_ Access,Min,12litre inchJet Fininch Water Intake Zero D,0.0000,Min Level,06 Oct 2025
MIN,DEN14UZN,BLOCKED,Min,14litre inchJet Fininch Water Intake Zero D,0.0000,Min Level,06 Oct 2025
MIN,DEN16FFB,Gas Water Heaters _AND_ Access,Min,16litre Fan Forced/CT/Zero (B) with flue,0.0000,Min Level,06 Oct 2025
MIN,DEN16FFD,Gas Water Heaters _AND_ Access,Min,16litre Fan Forced/Constant/Zero D,0.0000,Min Level,06 Oct 2025
MIN,DEN16FFGG,BLOCKED,Min,16litre Fan Forced Water Heater,0.0000,Min Level,06 Oct 2025
MIN,DEN16LGGCON,BLOCKED,Min,16Litre Constant Temperature Type B,0.0000,Min Level,06 Oct 2025
MIN,DEN16LGGCOND,Gas Water Heaters _AND_ Access,Min,16litre Constant Temp no flue (D),0.0000,Min Level,06 Oct 2025
MIN,DEN16LGGLED,BLOCKED,Min,16litre Water Heater S/S Type D no flue,0.0000,Min Level,06 Oct 2025
MIN,DEN16LGGLEDB,BLOCKED,Min,16lt Water Heater Type B incl flu,0.0000,Min Level,06 Oct 2025
MIN,DEN16LGGTYD,BLOCKED,Min,16lt Water Heater (Sterling Silver) D,0.0000,Min Level,06 Oct 2025
MIN,DEN16LZEGG,Gas Water Heaters _AND_ Access,Min,16lt Water Heater Zero Start B,0.0000,Min Level,06 Oct 2025
MIN,DEN16LZEGGD,Gas Water Heaters _AND_ Access,Min,16lt Water Heater Zero Start D NO FLUE,0.0000,Min Level,06 Oct 2025
MIN,DEN16UZN,Gas Water Heaters _AND_ Access,Min,16litre inchJet Fininch Water Heater Zero D,0.0000,Min Level,06 Oct 2025
MIN,DEN20LGGCOND,BLOCKED,Min,20litre Constant Temp no flue (D),0.0000,Min Level,06 Oct 2025
MIN,DEN20LGGLED,BLOCKED,Min,20litre Gas Water Heater - Outdoor (D),0.0000,Min Level,06 Oct 2025
MIN,DEN20LGGTYB,BLOCKED,Min,20lt Water Heater Type B incl flue,0.0000,Min Level,06 Oct 2025
MIN,DEN20LZEGG,Gas Water Heaters _AND_ Access,Min,20lt Water Heater Zero Start incl flue B,0.0000,Min Level,06 Oct 2025
MIN,DEN20LZEGGD,Gas Water Heaters _AND_ Access,Min,20lt Water Heater Zero Start NO FLU (D),0.0000,Min Level,06 Oct 2025
MIN,DEN5.5LGGGEN,BLOCKED,Min,5 5litre Portable Water Heater (Genie),0.0000,Min Level,06 Oct 2025
MIN,DEN55LZA,Gas Water Heaters _AND_ Access,Min,5.5litre Gas Water Heater - Sink,0.0000,Min Level,06 Oct 2025
MIN,DEN5GS0BC,BLOCKED,Min,5 Burner Gas Stove _AND_ oven _AND_ side cabinet,0.0000,Min Level,06 Oct 2025
MIN,DEN5GSOB,BLOCKED,Min,5 Burner Gas Stove with Oven - S/S,0.0000,Min Level,06 Oct 2025
MIN,DEN5GSOSS,Stove _AND_ Hobs,Min,5 Burner Stainless Steel Gas Stove/Oven,0.0000,Min Level,06 Oct 2025
MIN,DEN6LGGTYD,BLOCKED,Min,6lt Water Heater (Sterling Silver) D,0.0000,Min Level,06 Oct 2025
MIN,DEN8LGGLEDB,BLOCKED,Min,8Litre Silver Gas Water Heater B (Flue),0.0000,Min Level,06 Oct 2025
MIN,DEN8LGGTYD,BLOCKED,Min,8lt Water Heater (Sterling Silver) D,0.0000,Min Level,06 Oct 2025
MIN,DEN9LZB,Gas Water Heaters _AND_ Access,Min,9lt Water Heater Zero Start with flue B,0.0000,Min Level,06 Oct 2025
MIN,DEN9LZEGGD,Gas Water Heaters _AND_ Access,Min,9 litre Zero Start D no flue,0.0000,Min Level,06 Oct 2025
MIN,DENCOVDE7,Gas Water Heaters _AND_ Access,Min,Weather Box - Hole on the side 12-20lt,0.0000,Min Level,06 Oct 2025
MIN,DENF110SS,Gas Water Heaters _AND_ Access,Min,110mm x 600mm Stainless Steel Flue,0.0000,Min Level,06 Oct 2025
MIN,DENGCFFZ,Gas Water Heaters _AND_ Access,Min,Geyser Cover-hole on the side 12-16l FFZ,0.0000,Min Level,06 Oct 2025
MIN,DENGGCOV16,BLOCKED,Min,Weather Box 16 litre folded,0.0000,Min Level,06 Oct 2025
MIN,DENGGCOV2G,Gas Water Heaters _AND_ Access,Min,Weather Box - foldable 16-28 Litre flue,0.0000,Min Level,06 Oct 2025
MIN,DENGGCVO16Z,BLOCKED,Min,Weather Box 16 litre Zero Start folded,0.0000,Min Level,06 Oct 2025
MIN,DENWB6-12,Gas Water Heaters _AND_ Access,Min,Galvanised Weather Box 6-12litre,0.0000,Min Level,06 Oct 2025
MIN,DEXTA,BLOCKED,Min,Dual Ext Arm Cadac (Proudly made RSA),0.0000,Min Level,06 Oct 2025
MIN,DEXTAS,Cylinders/Heaters/General,Min,Dual Extension Arm Blue N/S,0.0000,Min Level,06 Oct 2025
MIN,DFLUE12,Gas Water Heaters _AND_ Access,Min,Flue for 9/12lt Water Heater Zero Start,0.0000,Min Level,06 Oct 2025
MIN,DFLUE18,Gas Water Heaters _AND_ Access,Min,Flue 14lt-18lt Water Heater Zero Start,0.0000,Min Level,06 Oct 2025
MIN,DGWC,Gas Water Heaters _AND_ Access,Min,Water Heater Cover - 110/130mm,0.0000,Min Level,06 Oct 2025
MIN,DH10DD,Gas Water Heaters _AND_ Access,Min,10lt Water Heater,0.0000,Min Level,06 Oct 2025
MIN,DH12CTB,Gas Water Heaters _AND_ Access,Min,12 litre Water Heater - Constant Temp(B),0.0000,Min Level,06 Oct 2025
MIN,DH12CTD,Gas Water Heaters _AND_ Access,Min,12litre Constant Temp Water Heater (D),0.0000,Min Level,06 Oct 2025
MIN,DH12DD,Gas Water Heaters _AND_ Access,Min,12lt Water Heater (Dewhot),0.0000,Min Level,06 Oct 2025
MIN,DH12ECDW,BLOCKED,Min,12Lt EcoDew White,0.0000,Min Level,06 Oct 2025
MIN,DH12LPB,Gas Water Heaters _AND_ Access,Min,12lt Water Heater EcoFlow B,0.0000,Min Level,06 Oct 2025
MIN,DH12LPD,Gas Water Heaters _AND_ Access,Min,12 Litre Water Heater LP EcoFlow (D),0.0000,Min Level,06 Oct 2025
MIN,DH16CTD,Gas Water Heaters _AND_ Access,Min,16lt Water Heater Constant Temp(Dewhot),0.0000,Min Level,06 Oct 2025
MIN,DH16ECDW,Gas Water Heaters _AND_ Access,Min,16Lt EcoDew White,0.0000,Min Level,06 Oct 2025
MIN,DH16LFLU,BLOCKED,Min,16lt - 20lt Flue Pipe (Dewhot),0.0000,Min Level,06 Oct 2025
MIN,DH16LGGLED,BLOCKED,Min,16lt Water Heater (Dewhot),0.0000,Min Level,06 Oct 2025
MIN,DH16LGGSC,BLOCKED,Min,16 Litre Water Heater DH- Silver Coated,0.0000,Min Level,06 Oct 2025
MIN,DH16LPD,Gas Water Heaters _AND_ Access,Min,16lt Water Heater Low Pressure (EcoFlow),0.0000,Min Level,06 Oct 2025
MIN,DH20FFC,Gas Water Heaters _AND_ Access,Min,20lt Room Sealed Fan Forced Water Heater,0.0000,Min Level,06 Oct 2025
MIN,DH20FFD,Gas Water Heaters _AND_ Access,Min,20Litre Fan Forced - O/D (with remote),0.0000,Min Level,06 Oct 2025
MIN,DH2BCSO,Stove _AND_ Hobs,Min,2 Burner Camping Stove and Oven,0.0000,Min Level,06 Oct 2025
MIN,DH2BSSH,Stove _AND_ Hobs,Min,2 Burner Stainless Steel Hob,0.0000,Min Level,06 Oct 2025
MIN,DH30FFD,Gas Water Heaters _AND_ Access,Min,30lt Fan Forced Water Heater D (Wifi),0.0000,Min Level,06 Oct 2025
MIN,DH4BSSH,Stove _AND_ Hobs,Min,4 Burner Stainless Steel Hob,0.0000,Min Level,06 Oct 2025
MIN,DH4BSSHS,Stove _AND_ Hobs,Min,4 Burner Hob S/S - Slimline,0.0000,Min Level,06 Oct 2025
MIN,DH4BSSHT,Stove _AND_ Hobs,Min,4 Burner Hob S/S - Tempered,0.0000,Min Level,06 Oct 2025
MIN,DH5DS,Gas Water Heaters _AND_ Access,Min,5 litre Water Heater Display Stand DH,0.0000,Min Level,06 Oct 2025
MIN,DH5DSA,BLOCKED,Min,5lt Water Heater Display Stand Kit,0.0000,Min Level,06 Oct 2025
MIN,DH5DSCOM,BLOCKED,Min,DH5 Display Stand Complete,0.0000,Min Level,06 Oct 2025
MIN,DH5ECDW,Gas Water Heaters _AND_ Access,Min,5lt White Eco-Dew (Dewhot) INCL FLUE,0.0000,Min Level,06 Oct 2025
MIN,DH5LPA,Gas Water Heaters _AND_ Access,Min,5Litre Eco LP Gas Water Heater - Dewhot,0.0000,Min Level,06 Oct 2025
MIN,DH5LSR,Gas Water Heaters _AND_ Access,Min,5 litre Water Heater Shower Rose,0.0000,Min Level,06 Oct 2025
MIN,DH5WMT50,BLOCKED,Min,Wall Mounted Water Tank - 50litres,0.0000,Min Level,06 Oct 2025
MIN,DH6DD,Gas Water Heaters _AND_ Access,Min,6lt Water Heater (Dewhot),0.0000,Min Level,06 Oct 2025
MIN,DH6LFLU,BLOCKED,Min,6lt Flue Pipe,0.0000,Min Level,06 Oct 2025
MIN,DH8/10/12LFLU,BLOCKED,Min,8Llt /10lt/12lt Flue Pipe (Dewhot),0.0000,Min Level,06 Oct 2025
MIN,DH8DD,Gas Water Heaters _AND_ Access,Min,8lt Water Heater (Dewhot),0.0000,Min Level,06 Oct 2025
MIN,DH8ECDW,BLOCKED,Min,8Lt EcoDew White,0.0000,Min Level,06 Oct 2025
MIN,DH8LPB,Gas Water Heaters _AND_ Access,Min,8Lt Water Heater EcoFlow (Low Pressure),0.0000,Min Level,06 Oct 2025
MIN,DHANTIF,Gas Water Heaters _AND_ Access,Min,Anti Freeze Valve,0.0000,Min Level,06 Oct 2025
MIN,DHGGC110,BLOCKED,Min,110mm Cowl,0.0000,Min Level,06 Oct 2025
MIN,DHGGC130,BLOCKED,Min,130mm Cowl,0.0000,Min Level,06 Oct 2025
MIN,DHGGCOV12LP,BLOCKED,Min,12litre Low Pressure Geyser Cover (16lt),0.0000,Min Level,06 Oct 2025
MIN,DHGGCOV16,Gas Water Heaters _AND_ Access,Min,Large Water Heater Cover(Dewhot)71x47,0.0000,Min Level,06 Oct 2025
MIN,DHGGCOV16CT,Gas Water Heaters _AND_ Access,Min,Extra Large Cover (Dewhot)74x48,0.0000,Min Level,06 Oct 2025
MIN,DHGGCOV20,Gas Water Heaters _AND_ Access,Min,20lt Fan Forced Water Heater Cover 74x48,0.0000,Min Level,06 Oct 2025
MIN,DHGGCOV30,Gas Water Heaters _AND_ Access,Min,30lt FF Outdoor water heater cover,0.0000,Min Level,06 Oct 2025
MIN,DHGGCOV6,Gas Water Heaters _AND_ Access,Min,Small Water Heater Cover 48x36,0.0000,Min Level,06 Oct 2025
MIN,DHGGCOV8,Gas Water Heaters _AND_ Access,Min,Medium Water Heater Cover (Dewhot)63x41,0.0000,Min Level,06 Oct 2025
MIN,DHGGCOVED16,BLOCKED,Min,16lt EcoDew Water Heater Cover,0.0000,Min Level,06 Oct 2025
MIN,DHGGCOVED8-12,BLOCKED,Min,8-12litre EcoDew Water Heaters Cover,0.0000,Min Level,06 Oct 2025
MIN,DHGGCOVRS20,BLOCKED,Min,20litre FF Cover,0.0000,Min Level,06 Oct 2025
MIN,DHGGFF130,BLOCKED,Min,130mm Flexi Flue,0.0000,Min Level,06 Oct 2025
MIN,DHGGFLUE20C,Gas Water Heaters _AND_ Access,Min,20litre FF Compact Flue,0.0000,Min Level,06 Oct 2025
MIN,DHGGFS110,BLOCKED,Min,110mm x 300mm Solid Flue,0.0000,Min Level,06 Oct 2025
MIN,DHGGFS130,BLOCKED,Min,130mm x 300mm Solid Flue,0.0000,Min Level,06 Oct 2025
MIN,DHGGVOCED8-12,BLOCKED,Min,8-12 EcoDew Water Heater Covers,0.0000,Min Level,06 Oct 2025
MIN,DHGRK,BLOCKED,Min,Dewhot Water Heater Basic Repair Kit,0.0000,Min Level,06 Oct 2025
MIN,DHIDT,Gas Water Heaters _AND_ Access,Min,Installer Drill Template - Dewhot,0.0000,Min Level,06 Oct 2025
MIN,DHRS20RC,Gas Water Heaters _AND_ Access,Min,Remote Control for 20litre Fan Forced,0.0000,Min Level,06 Oct 2025
MIN,DHSV,Gas Water Heaters _AND_ Access,Min,Solar Valve Dewhot Water Heaters,0.0000,Min Level,06 Oct 2025
MIN,DISPPHC,Cylinders/Heaters/General,Min,Paraffin Heater/Cooker,0.0000,Min Level,06 Oct 2025
MIN,DLB001,Hardware,Min,Door Locks Budget,0.0000,Min Level,06 Oct 2025
MIN,DLC001,Hardware,Min,Door Locks Chrome,0.0000,Min Level,06 Oct 2025
MIN,DNWBFFZ,Gas Water Heaters _AND_ Access,Min,Weather Box for FFZ Geysers,0.0000,Min Level,06 Oct 2025
MIN,DRB30,Boiling Table/Burners,Min,Double Ring Burner - Single Hosetail Bottom Manifold,0.0000,Min Level,06 Oct 2025
MIN,DRB30BMD,Boiling Table/Burners,Min,Double Ring Burner (Brass) Double,0.0000,Min Level,06 Oct 2025
MIN,DRB30BMS,Boiling Table/Burners,Min,Double Ring Burner (Brass) Single,0.0000,Min Level,06 Oct 2025
MIN,DRB30D,BLOCKED,Min,Double Ring Burner - Double Hose Bottom,0.0000,Min Level,06 Oct 2025
MIN,DRB30DT,BLOCKED,Min,Double Ring Burner - Double Hose (Top),0.0000,Min Level,06 Oct 2025
MIN,DRB30F,Boiling Table/Burners,Min,Double Ring Burner with Feet,0.0000,Min Level,06 Oct 2025
MIN,DRB30T,BLOCKED,Min,Double Ring Burner - Single (Top),0.0000,Min Level,06 Oct 2025
MIN,DREGINA,BLOCKED,Min,Damaged Astro Regulators,0.0000,Min Level,06 Oct 2025
MIN,EAPSB,BLOCKED,Min,Easy Seal Putty,0.0000,Min Level,06 Oct 2025
MIN,EASP,BLOCKED,Min,Easy Putty,0.0000,Min Level,06 Oct 2025
MIN,ECOC1/19,BLOCKED,Min,Single 19Kg Cylinder Holder System,0.0000,Min Level,06 Oct 2025
MIN,ECOC1/48,BLOCKED,Min,Single 48Kg Cylinder Holder System,0.0000,Min Level,06 Oct 2025
MIN,ECOC2/19,GAS Cylinder Holding Systems,Min,Double 19Kg (Proudly made in RSA),0.0000,Min Level,06 Oct 2025
MIN,ECOC2/48,GAS Cylinder Holding Systems,Min,Double 48Kg Cylinder Holder System,0.0000,Min Level,06 Oct 2025
MIN,ECOCRSD,GAS Cylinder Holding Systems,Min,Cylinder Restraint - Double,0.0000,Min Level,06 Oct 2025
MIN,ECOCRSS,GAS Cylinder Holding Systems,Min,Cylinder Restraint - Single,0.0000,Min Level,06 Oct 2025
MIN,EGA8CVA,Gas Water Heaters _AND_ Access,Min,Atlas 8litre Complete Valve Assembly,0.0000,Min Level,06 Oct 2025
MIN,ELW001,Kitchenware,Min,Electric Leg Warmer,0.0000,Min Level,06 Oct 2025
MIN,EMVHP,Brass Fittings,Min,Standard HP Electro Magnet Valve,0.0000,Min Level,06 Oct 2025
MIN,EMVM,Brass Fittings,Min,Electro Magnet 35mm Valve,0.0000,Min Level,06 Oct 2025
MIN,EMVS,General Spares,Min,Electro Magnet 45mm Valve,0.0000,Min Level,06 Oct 2025
MIN,EXT100,Cylinders/Heaters/General,Min,100mm Extension,0.0000,Min Level,06 Oct 2025
MIN,EXT1000,Cylinders/Heaters/General,Min,1000mm Extention C to C (Made in SA),0.0000,Min Level,06 Oct 2025
MIN,EXT1200V,Cylinders/Heaters/General,Min,Extension 1200mm with valve,0.0000,Min Level,06 Oct 2025
MIN,EXT250,Cylinders/Heaters/General,Min,250mm Extention C to C (Made in RSA),0.0000,Min Level,06 Oct 2025
MIN,EXT50,Cylinders/Heaters/General,Min,50mm Extension C to C (Made in SA),0.0000,Min Level,06 Oct 2025
MIN,EXT500,Brass Fittings,Min,500mm Extension C to C,0.0000,Min Level,06 Oct 2025
MIN,EXT600,BLOCKED,Min,600mm Extension C to C,0.0000,Min Level,06 Oct 2025
MIN,EXT600V,Cylinders/Heaters/General,Min,600mm Extension with valve,0.0000,Min Level,06 Oct 2025
MIN,FANL16,BLOCKED,Min,16inch Long Fan,0.0000,Min Level,06 Oct 2025
MIN,FANL18,BLOCKED,Min,18inch Standing Fan - 3 speed Condere,0.0000,Min Level,06 Oct 2025
MIN,FANS16R,Cordless Fans,Min,Rechargeable 16inch AC/DC Standing Fan,0.0000,Min Level,06 Oct 2025
MIN,FANT16,BLOCKED,Min,16inch Table Top Fan,0.0000,Min Level,06 Oct 2025
MIN,FANT16F,Cordless Fans,Min,Cordless 16inch AC/DC Fan (Floor),0.0000,Min Level,06 Oct 2025
MIN,FANT16R,Cordless Fans,Min,Cordless 16inch AC/DC Fan (Table Top),0.0000,Min Level,06 Oct 2025
MIN,FANT16RSP,Cordless Fans,Min,Rechargeable 16inch AC/DC Fan Solar Panel,0.0000,Min Level,06 Oct 2025
MIN,FANT6M,Cordless Fans,Min,Rechargeable USB Fan Colour Light 6inch,0.0000,Min Level,06 Oct 2025
MIN,FANT6R,Cordless Fans,Min,6inch Cordless Fan With Solar Panel,0.0000,Min Level,06 Oct 2025
MIN,FANT6S,Cordless Fans,Min,6inch Cordless Fan With Solar Panel _AND_ Legs,0.0000,Min Level,06 Oct 2025
MIN,FIRAKMIN,Safety Equipment,Min,Mining First Aid Kit,0.0000,Min Level,06 Oct 2025
MIN,FIRB1,Safety Equipment,Min,1 2m x 1 2m Fire Blanket,0.0000,Min Level,06 Oct 2025
MIN,FIRB1.0,BLOCKED,Min,1m x 1m Fire Blanket,0.0000,Min Level,06 Oct 2025
MIN,FIRB2,Safety Equipment,Min,1.8m x 1.8m Fire Blanket,0.0000,Min Level,06 Oct 2025
MIN,FIRBB450S,Safety Equipment,Min,Backing Board Small - 450mm,0.0000,Min Level,06 Oct 2025
MIN,FIRBB600M,Safety Equipment,Min,Backing Board Medium - 600mm,0.0000,Min Level,06 Oct 2025
MIN,FIRBBMBRA,Safety Equipment,Min,J Bracket for Medium Backing Board,0.0000,Min Level,06 Oct 2025
MIN,FIRBBUBRA,Safety Equipment,Min,Bracket - Uni for Fire Extinguisher 70mm,0.0000,Min Level,06 Oct 2025
MIN,FIRBMED005,Safety Equipment,Min,108 - Shop/Office Refill Kit - First Aid,0.0000,Min Level,06 Oct 2025
MIN,FIRCC,Cylinders/Heaters/General,Min,Canister Fire Stick 190gram,0.0000,Min Level,06 Oct 2025
MIN,FIRHQ,BLOCKED,Min,High Quality Cadac Fire Stick,0.0000,Min Level,06 Oct 2025
MIN,FIRKB,Safety Equipment,Min,Key Box,0.0000,Min Level,06 Oct 2025
MIN,FIRLM,BLOCKED,Min,500ml Little Firemen Discontinued,0.0000,Min Level,06 Oct 2025
MIN,FIRRC,Safety Equipment,Min,Fire Reel Complete,0.0000,Min Level,06 Oct 2025
MIN,FIRRH,Safety Equipment,Min,Fire Reel Hose Only 30m x20mm Red,0.0000,Min Level,06 Oct 2025
MIN,FIRTB,Cylinders/Heaters/General,Min,Bullnose Fire stick,0.0000,Min Level,06 Oct 2025
MIN,FIRTC,Cylinders/Heaters/General,Min,Cadac Fire Stick,0.0000,Min Level,06 Oct 2025
MIN,FIRTCHQ,Cylinders/Heaters/General,Min,Firestick High Quality (New) Cadac Fitt,0.0000,Min Level,06 Oct 2025
MIN,FIRTCS,BLOCKED,Min,Cadac Fire Stick with swivel fitting,0.0000,Min Level,06 Oct 2025
MIN,FIRX1,Safety Equipment,Min,1kg Fire Extinguisher,0.0000,Min Level,06 Oct 2025
MIN,FIRX15,Safety Equipment,Min,1 5kg Fire Extinguisher,0.0000,Min Level,06 Oct 2025
MIN,FIRX25,Safety Equipment,Min,2.5 kg DCP Fire Extinguisher,0.0000,Min Level,06 Oct 2025
MIN,FIRX25VB,Safety Equipment,Min,Vehicle Brackets 2 5kg Extinguisher,0.0000,Min Level,06 Oct 2025
MIN,FIRX45,Safety Equipment,Min,4.5kg DCP Fire Extinguisher,0.0000,Min Level,06 Oct 2025
MIN,FIRX45C,Safety Equipment,Min,4.5kg Fire Extinguisher Cover,0.0000,Min Level,06 Oct 2025
MIN,FIRX45VB,Safety Equipment,Min,Vehicle Brackets 4.5kg Fire Extinguisher,0.0000,Min Level,06 Oct 2025
MIN,FIRX5CO2,Safety Equipment,Min,5kg CO2 Fire Extinguisher,0.0000,Min Level,06 Oct 2025
MIN,FIRX6,BLOCKED,Min,0 6kg DCP Fire Extinguisher-Discontinued,0.0000,Min Level,06 Oct 2025
MIN,FIRX9,Safety Equipment,Min,9kg DCP Fire Extinguisher,0.0000,Min Level,06 Oct 2025
MIN,FIRX9VB,Safety Equipment,Min,Vehicle Brackets 9kg Fire Extinguisher,0.0000,Min Level,06 Oct 2025
MIN,FIRXCO2,Safety Equipment,Min,Fire Extinguisher 2kg CO2,0.0000,Min Level,06 Oct 2025
MIN,FIRXSFE,Safety Equipment,Min,Fire Exit Sign 190x190 FB2,0.0000,Min Level,06 Oct 2025
MIN,FIRXSFEXT,Safety Equipment,Min,Fire Extinguisher Sign (FB2) 190x190,0.0000,Min Level,06 Oct 2025
MIN,FIRXSRA,Safety Equipment,Min,Red Arrow 190x190 FB1,0.0000,Min Level,06 Oct 2025
MIN,FLEX500MM1/2F,Brass Fittings,Min,500mm Flexi Pipe 1/2inch,0.0000,Min Level,06 Oct 2025
MIN,FLEX500MM3/4F,Brass Fittings,Min,500mm Flexi Pipe 3/4inch,0.0000,Min Level,06 Oct 2025
MIN,FLEXCFC300W,Gas Water Heaters _AND_ Access,Min,Water Flex Connector - 300mm x 1/2inch,0.0000,Min Level,06 Oct 2025
MIN,FLEXCFC400W,Gas Water Heaters _AND_ Access,Min,Water Flex Connector - 400mm x 1/2inch,0.0000,Min Level,06 Oct 2025
MIN,FLEXHA001G,Gas Water Heaters _AND_ Access,Min,Extendable Gas Hose S/S 1/2inchF 400-800mm,0.0000,Min Level,06 Oct 2025
MIN,FLEXHA003G,Gas Water Heaters _AND_ Access,Min,Gas Extendable Hose S/S 1/2inch F - 175-340,0.0000,Min Level,06 Oct 2025
MIN,FLEXUSGW1/2,Gas Water Heaters _AND_ Access,Min,Unisuper 100-230mm 1/2inch MF - Gas _AND_ Water,0.0000,Min Level,06 Oct 2025
MIN,FLEXUSGW3/4,Gas Water Heaters _AND_ Access,Min,Unisuper 100-230mm 3/4MF Gas _AND_ Water,0.0000,Min Level,06 Oct 2025
MIN,FLI,Cylinders/Heaters/General,Min,Gas Filling Level Indicator,0.0000,Min Level,06 Oct 2025
MIN,FLMT,BLOCKED,Min,Flashlight and Tazer,0.0000,Min Level,06 Oct 2025
MIN,FPF130,Gas Water Heaters _AND_ Access,Min,Flue Pipe Flashing 130mm,0.0000,Min Level,06 Oct 2025
MIN,FPFL110,Gas Water Heaters _AND_ Access,Min,Flue Pipe Flashing 110mm,0.0000,Min Level,06 Oct 2025
MIN,FPFL11045,Gas Water Heaters _AND_ Access,Min,Flue Pipe Flashing 110mm 45 degrees,0.0000,Min Level,06 Oct 2025
MIN,FPFL13045,Gas Water Heaters _AND_ Access,Min,Flue Pipe Flashing 130mm 45 degrees,0.0000,Min Level,06 Oct 2025
MIN,FSBBQGC,Kitchenware,Min,Food safe BBQ Grid Cleaner Spray,0.0000,Min Level,06 Oct 2025
MIN,FTBRASS,General Spares,Min,Foot Bracket Assembly,0.0000,Min Level,06 Oct 2025
MIN,FTHT,Brass Fittings,Min,1/2inch Female to Hosetail 90deg (Steel),0.0000,Min Level,06 Oct 2025
MIN,G4BHOB,Stove _AND_ Hobs,Min,Stainless 4 Burner Hob PLS Cast Iron Triv,0.0000,Min Level,06 Oct 2025
MIN,G4GBGHOB,Stove _AND_ Hobs,Min,4 Burner Hob Glass,0.0000,Min Level,06 Oct 2025
MIN,G5GBGHOB,Stove _AND_ Hobs,Min,5 Burner Hob Glass,0.0000,Min Level,06 Oct 2025
MIN,GASED,Safety Equipment,Min,Electronic Gas Detector,0.0000,Min Level,06 Oct 2025
MIN,GASEXPRO,Cylinders/Heaters/General,Min,Mapp Gas Cylinder 400gr 3600deg (F),0.0000,Min Level,06 Oct 2025
MIN,GBH,Brass Fittings,Min,Bulk Head and Nuts HF-291,0.0000,Min Level,06 Oct 2025
MIN,GBHD,Brass Fittings,Min,Double Cupboard Bulk Head - HF-287,0.0000,Min Level,06 Oct 2025
MIN,GBV1/2BT,Brass Fittings,Min,1/2inch Ball Valve Butterfly Handle,0.0000,Min Level,06 Oct 2025
MIN,GBV1/2L,BLOCKED,Min,1/2inch Locakable Gas Ball Valve,0.0000,Min Level,06 Oct 2025
MIN,GBV1/2N,Brass Fittings,Min,1/2inch Ball Valve Long Handle,0.0000,Min Level,06 Oct 2025
MIN,GBV1/4BT,Brass Fittings,Min,1/4inch Ball Valve Butterfly Handle,0.0000,Min Level,06 Oct 2025
MIN,GBV1/4M,Brass Fittings,Min,1/4inch Female Ball Valve to 1/4inch Male,0.0000,Min Level,06 Oct 2025
MIN,GBV1/4N,Brass Fittings,Min,1/4inch Ball Valve Long Handle,0.0000,Min Level,06 Oct 2025
MIN,GBV1N,Brass Fittings,Min,1inch Gas Ball Valve Long Handle,0.0000,Min Level,06 Oct 2025
MIN,GBV3/4B,Brass Fittings,Min,3/4inch Ball Valve Butterfly Handle,0.0000,Min Level,06 Oct 2025
MIN,GBV3/4N,Brass Fittings,Min,3/4inch Gas Ball Valve Long Handle,0.0000,Min Level,06 Oct 2025
MIN,GBV3/8BT,Brass Fittings,Min,3/8inch Ball Valve Butterfly Handle,0.0000,Min Level,06 Oct 2025
MIN,GBV3/8N,Brass Fittings,Min,3/8inch Ball Valve Long Handle,0.0000,Min Level,06 Oct 2025
MIN,GBVM3/8,Brass Fittings,Min,3/8inch Female Ball Valve to 3/8inch Male,0.0000,Min Level,06 Oct 2025
MIN,GC1/19,BLOCKED,Min,Single 19Kg Gas Cage (Made in RSA),0.0000,Min Level,06 Oct 2025
MIN,GC1/19A,BLOCKED,Min,Single 19 kg Gas Cage Collapsible,0.0000,Min Level,06 Oct 2025
MIN,GC1/19CJBS,BLOCKED,Min,Single 19 Gas Cage steel sides/roof,0.0000,Min Level,06 Oct 2025
MIN,GC1/19FP,GAS Cylinder Holding Systems,Min,Single 19kg Gas Cage Collapsible,0.0000,Min Level,06 Oct 2025
MIN,GC1/19GCJB,BLOCKED,Min,Single 19kg Gas Cage Collapsible Galv,0.0000,Min Level,06 Oct 2025
MIN,GC1/48,BLOCKED,Min,Single 48kg Gas Cage,0.0000,Min Level,06 Oct 2025
MIN,GC1/489A,BLOCKED,Min,Single 48kg Gas Cylinder Cage Colapsible,0.0000,Min Level,06 Oct 2025
MIN,GC1/48FP,GAS Cylinder Holding Systems,Min,Single 48kg Gas Cage Collapsible,0.0000,Min Level,06 Oct 2025
MIN,GC1/48S,BLOCKED,Min,Single 48kg cylinder cage special,0.0000,Min Level,06 Oct 2025
MIN,GC1/9,BLOCKED,Min,X,0.0000,Min Level,06 Oct 2025
MIN,GC1/9A,BLOCKED,Min,X,0.0000,Min Level,06 Oct 2025
MIN,GC1/9AS,GAS Cylinder Holding Systems,Min,SIngle 9kg Gas Cylinder Cage - Asembled,0.0000,Min Level,06 Oct 2025
MIN,GC1/9FP,GAS Cylinder Holding Systems,Min,Single 9 kg Gas Cage Collapsible,0.0000,Min Level,06 Oct 2025
MIN,GC1/9SPECIAL,GAS Cylinder Holding Systems,Min,9kg Gas Cylinder Cage - Special,0.0000,Min Level,06 Oct 2025
MIN,GC1/9SS,BLOCKED,Min,Single 9kg Gas Cage with 2.2mm steel,0.0000,Min Level,06 Oct 2025
MIN,GC2/19,BLOCKED,Min,X,0.0000,Min Level,06 Oct 2025
MIN,GC2/19A,BLOCKED,Min,X,0.0000,Min Level,06 Oct 2025
MIN,GC2/19CGJB,BLOCKED,Min,Double 19kg Gas Cage Collapsible Galv,0.0000,Min Level,06 Oct 2025
MIN,GC2/19CJBG,GAS Cylinder Holding Systems,Min,Double 19kg Gas Cage Galvanised,0.0000,Min Level,06 Oct 2025
MIN,GC2/19FP,GAS Cylinder Holding Systems,Min,Double 19kg Gas Cage Collapsible,0.0000,Min Level,06 Oct 2025
MIN,GC2/19GS,BLOCKED,Min,19kg Double Cage - Special/Galv,0.0000,Min Level,06 Oct 2025
MIN,GC2/19SS,BLOCKED,Min,Double 19kg Gas Cage with 2.2mm steel,0.0000,Min Level,06 Oct 2025
MIN,GC2/48,BLOCKED,Min,Double 48Kg Gas Cage,0.0000,Min Level,06 Oct 2025
MIN,GC2/48A,BLOCKED,Min,Double 48kg Gas Cylinder Cage Colapsible,0.0000,Min Level,06 Oct 2025
MIN,GC2/48FP,GAS Cylinder Holding Systems,Min,Double 48kg Gas Cage Collapsible,0.0000,Min Level,06 Oct 2025
MIN,GC2/48G,GAS Cylinder Holding Systems,Min,Double 48 Cylinder Cage - Galvanised F/P,0.0000,Min Level,06 Oct 2025
MIN,GC2/48RS,GAS Cylinder Holding Systems,Min,Gas Cage Double 48kg Raw Steel,0.0000,Min Level,06 Oct 2025
MIN,GC2/48S,BLOCKED,Min,Double 48 Gas Cage - steel sides,0.0000,Min Level,06 Oct 2025
MIN,GC2/9,BLOCKED,Min,Double 9kg Gas Cage,0.0000,Min Level,06 Oct 2025
MIN,GC2/9A,BLOCKED,Min,Double 9kg Gas Cylinder Cage Collapsible,0.0000,Min Level,06 Oct 2025
MIN,GC2/9FP,GAS Cylinder Holding Systems,Min,Double 9kg Gas Cage Collapsible,0.0000,Min Level,06 Oct 2025
MIN,GC4/48,BLOCKED,Min,4 X 48kg Cylinder Gas Cage,0.0000,Min Level,06 Oct 2025
MIN,GC4/48S,BLOCKED,Min,4 x 48kg cylinder cage special,0.0000,Min Level,06 Oct 2025
MIN,GC6/48GCJB,BLOCKED,Min,6 x 48 fully galvanised cylinder cage,0.0000,Min Level,06 Oct 2025
MIN,GCAR1,Canister Gas Products,Min,190gm Canisters,0.0000,Min Level,06 Oct 2025
MIN,GCAR1R,BLOCKED,Min,190 gram C200 Supergas - Rothenberger,0.0000,Min Level,06 Oct 2025
MIN,GCAR1RR,Canister Gas Products,Min,190gram Canister - Reusable C200 ILL,0.0000,Min Level,06 Oct 2025
MIN,GCAR2,Cylinders/Heaters/General,Min,220gm Canisters,0.0000,Min Level,06 Oct 2025
MIN,GCAR2A,BLOCKED,Min,220gm Canisters Alva,0.0000,Min Level,06 Oct 2025
MIN,GCAR4,Cylinders/Heaters/General,Min,MultiGas Cartridge 750ml/420gram (R),0.0000,Min Level,06 Oct 2025
MIN,GCAR5,Cylinders/Heaters/General,Min,500gm Screw type Canisters,0.0000,Min Level,06 Oct 2025
MIN,GCAR6,BLOCKED,Min,Bernzomatic Propane Cartridge,0.0000,Min Level,06 Oct 2025
MIN,GCAR7,Cylinders/Heaters/General,Min,750ml MAPP Gas Cart 2700c Rothenburger,0.0000,Min Level,06 Oct 2025
MIN,GCAR716D,Canister Gas Products,Min,7/16 220gram dumpie canister,0.0000,Min Level,06 Oct 2025
MIN,GCAR8,Cylinders/Heaters/General,Min,330gr Can Butane/Propane 7/16 600ml,0.0000,Min Level,06 Oct 2025
MIN,GCAR9,Canister Gas Products,Min,450gr Butane Cartridge,0.0000,Min Level,06 Oct 2025
MIN,GCBASE,Cylinders/Heaters/General,Min,Gas Cartridge Base,0.0000,Min Level,06 Oct 2025
MIN,GCC2/19,BLOCKED,Min,Double 19kg Gas Cage (Customised),0.0000,Min Level,06 Oct 2025
MIN,GCCD19,BLOCKED,Min,Gas Cage Custom Double 19kg,0.0000,Min Level,06 Oct 2025
MIN,GCCD48,BLOCKED,Min,Gas Cage Custom Double 48kg,0.0000,Min Level,06 Oct 2025
MIN,GCE181FLM,Brass Fittings,Min,Forklift Fitting 1/4inchF x Male Adaptor,0.0000,Min Level,06 Oct 2025
MIN,GCE182FLF,Brass Fittings,Min,Forklift Fitting 1/4inchF-1/4inchF NPT,0.0000,Min Level,06 Oct 2025
MIN,GCGCKG,Regulators/Pigtails,Min,Replacement Gaskets 52mm Carb SET,0.0000,Min Level,06 Oct 2025
MIN,GCGCKL,Regulators/Pigtails,Min,Gas Conversion Generator Kit 5-7kw,0.0000,Min Level,06 Oct 2025
MIN,GCGCKS,Regulators/Pigtails,Min,Gas Conversion Generator Kit - Small,0.0000,Min Level,06 Oct 2025
MIN,GCTD48,GAS Cylinder Holding Systems,Min,Gas Cylinder Trolley - Double 48kg,0.0000,Min Level,06 Oct 2025
MIN,GCTS48,GAS Cylinder Holding Systems,Min,Gas Cylinder Trolley - Single 48kg,0.0000,Min Level,06 Oct 2025
MIN,GD01030001,Safety Equipment,Min,Hand Held LED Gas Detector SE155 LPG,0.0000,Min Level,06 Oct 2025
MIN,GDF05,Doors _AND_ Window Frames _AND_ Fitt,Min,Galvanised Door Frames 115mm x 0.5mm,0.0000,Min Level,06 Oct 2025
MIN,GDF140,Doors _AND_ Window Frames _AND_ Fitt,Min,Galvanised Door Frame 1.0mm x 140mm,0.0000,Min Level,06 Oct 2025
MIN,GDFLH6,Doors _AND_ Window Frames _AND_ Fitt,Min,Galvanised Door Frames 0.6mm Left,0.0000,Min Level,06 Oct 2025
MIN,GDFLH8,Doors _AND_ Window Frames _AND_ Fitt,Min,Galvanized Door Frames 0.8mm Left Hand,0.0000,Min Level,06 Oct 2025
MIN,GDFRH6,Doors _AND_ Window Frames _AND_ Fitt,Min,Galvanised Door Frames 0.6mm Right,0.0000,Min Level,06 Oct 2025
MIN,GDFRH8,Doors _AND_ Window Frames _AND_ Fitt,Min,Galvanized Door Frames 0.8mm Right Hand,0.0000,Min Level,06 Oct 2025
MIN,GDFSL140,Doors _AND_ Window Frames _AND_ Fitt,Min,Galvanised Stable Door Frame 140mm Left,0.0000,Min Level,06 Oct 2025
MIN,GDFSL8,Doors _AND_ Window Frames _AND_ Fitt,Min,Galvanised Stable Door Frame 0.8mm Left,0.0000,Min Level,06 Oct 2025
MIN,GDFSR140,Doors _AND_ Window Frames _AND_ Fitt,Min,Galvanised Stable Door Frame 140mm Right,0.0000,Min Level,06 Oct 2025
MIN,GDFSR8,Doors _AND_ Window Frames _AND_ Fitt,Min,Galvanised Stable Door Frame 0.8mm Right,0.0000,Min Level,06 Oct 2025
MIN,GF1/26BAR,Regulators/Pigtails,Min,Filter Small 50micron 6 Bar GF015SC,0.0000,Min Level,06 Oct 2025
MIN,GFBBBB,Gourmet Foods,Min,Beer Bread - Biltong,0.0000,Min Level,06 Oct 2025
MIN,GFBBCO,Gourmet Foods,Min,Beer Bread - Cheese and Onion,0.0000,Min Level,06 Oct 2025
MIN,GFBBGH,Gourmet Foods,Min,Beer Bread - Garlic and Herb,0.0000,Min Level,06 Oct 2025
MIN,GFBBRO,Gourmet Foods,Min,Beer Bread - Rosemary and Olive,0.0000,Min Level,06 Oct 2025
MIN,GFBMBM,Gourmet Foods,Min,Bread Mix - Banana,0.0000,Min Level,06 Oct 2025
MIN,GFBMCM,Gourmet Foods,Min,Bread Mix - Chakalaka,0.0000,Min Level,06 Oct 2025
MIN,GFBMCO,Gourmet Foods,Min,Bread Mix - Cornbread _AND_ Muffin Mix,0.0000,Min Level,06 Oct 2025
MIN,GFBMRB,Gourmet Foods,Min,Roosterkoek Brood Stokkies,0.0000,Min Level,06 Oct 2025
MIN,GFCRCM,Gourmet Foods,Min,Cinnamon Rolls - Chocolate,0.0000,Min Level,06 Oct 2025
MIN,GFCROM,Gourmet Foods,Min,Cinnamon Rolls - Original,0.0000,Min Level,06 Oct 2025
MIN,GFFJAM,Gourmet Foods,Min,Flapjacks - Apple,0.0000,Min Level,06 Oct 2025
MIN,GFFJBM,Gourmet Foods,Min,Flapjacks - Banana,0.0000,Min Level,06 Oct 2025
MIN,GFFJOM,Gourmet Foods,Min,Flapjacks Mix - Original,0.0000,Min Level,06 Oct 2025
MIN,GFGR265D,Stove _AND_ Hobs,Min,Gas/Electric Fridge - GR265D,0.0000,Min Level,06 Oct 2025
MIN,GFHCEN001,Regulators/Pigtails,Min,Gas Filling Hose,0.0000,Min Level,06 Oct 2025
MIN,GFHD150,Doors _AND_ Window Frames _AND_ Fitt,Min,150mm Heavy Duty Doorframes,0.0000,Min Level,06 Oct 2025
MIN,GFHGCE193,Regulators/Pigtails,Min,Filling Connector -5/8inchLH x 1/4inch NPT,0.0000,Min Level,06 Oct 2025
MIN,GFHGCE661,Regulators/Pigtails,Min,Gas Filling Hose Quick Acting Ext Con,0.0000,Min Level,06 Oct 2025
MIN,GFHHANDWHEEL,Brass Fittings,Min,Gas Filling Hose Handwheel,0.0000,Min Level,06 Oct 2025
MIN,GFHNS,BLOCKED,Min,Honey Sticks 8g individual servings (20),0.0000,Min Level,06 Oct 2025
MIN,GFHQAV1/2,Brass Fittings,Min,Gas Filling Hose Quick Acting Valve 1/2inch,0.0000,Min Level,06 Oct 2025
MIN,GFHQAVC,Brass Fittings,Min,Filling Quick Acting Valve Cadac,0.0000,Min Level,06 Oct 2025
MIN,GFMD115,Doors _AND_ Window Frames _AND_ Fitt,Min,115mm Medium Duty Doorframes,0.0000,Min Level,06 Oct 2025
MIN,GFMNBS,BLOCKED,Min,Braai Marshmallows with stick,0.0000,Min Level,06 Oct 2025
MIN,GFPBGO,Gourmet Foods,Min,Pizza Base - Green Onion,0.0000,Min Level,06 Oct 2025
MIN,GFPBOM,Gourmet Foods,Min,Pizza Base - Original,0.0000,Min Level,06 Oct 2025
MIN,GFPFHM,Gourmet Foods,Min,Pumpkin Fritter - Honey,0.0000,Min Level,06 Oct 2025
MIN,GFPFOM,Gourmet Foods,Min,Pumpkin Fritter - Original,0.0000,Min Level,06 Oct 2025
MIN,GFPFWM,Gourmet Foods,Min,Pumkin Pancake/Waffle Mix - Original,0.0000,Min Level,06 Oct 2025
MIN,GFSBB,Gourmet Foods,Min,Salt Grinder - Beer Braai Infusion,0.0000,Min Level,06 Oct 2025
MIN,GFSBG,Gourmet Foods,Min,Salt Grinder - Braai and Grill,0.0000,Min Level,06 Oct 2025
MIN,GFSBS,Gourmet Foods,Min,Salt Grinder - Balsamic Salt,0.0000,Min Level,06 Oct 2025
MIN,GFSCB,Gourmet Foods,Min,Salt Grinder - Chilli Braai,0.0000,Min Level,06 Oct 2025
MIN,GFSCP,Gourmet Foods,Min,Salt Grinder - Curry Paprika,0.0000,Min Level,06 Oct 2025
MIN,GFSHS,Gourmet Foods,Min,Salt Grinder - Himalayan Salt,0.0000,Min Level,06 Oct 2025
MIN,GFSLH,Gourmet Foods,Min,Salt Grinder - Lemon and Herb,0.0000,Min Level,06 Oct 2025
MIN,GFSRI,Gourmet Foods,Min,Salt Grinder - Rooibos Infusion,0.0000,Min Level,06 Oct 2025
MIN,GFSSI,Gourmet Foods,Min,Salt Grinder - Shiraz Braai Infusion,0.0000,Min Level,06 Oct 2025
MIN,GFVM,Gourmet Foods,Min,Vetkoek Mix,0.0000,Min Level,06 Oct 2025
MIN,GGCOV8/12,BLOCKED,Min,8lt - 12lt Geyser Cover,0.0000,Min Level,06 Oct 2025
MIN,GGCOVL,Gas Water Heaters _AND_ Access,Min,Water Heater Cover 450mm x 280mm x875mm,0.0000,Min Level,06 Oct 2025
MIN,GGCOVP2026,Gas Water Heaters _AND_ Access,Min,Gas Water Heater Cover Paloma 20/26,0.0000,Min Level,06 Oct 2025
MIN,GGCOVS,Gas Water Heaters _AND_ Access,Min,Water Heater Cover 420mmx280mmx640mm,0.0000,Min Level,06 Oct 2025
MIN,GGCOVSX,Gas Water Heaters _AND_ Access,Min,Water Heater Cover 450mmx270mmx660mm,0.0000,Min Level,06 Oct 2025
MIN,GGCVM,BLOCKED,Min,Gas Geyser Cover,0.0000,Min Level,06 Oct 2025
MIN,GHB55,Stove _AND_ Hobs,Min,Gas Hob Burner Black Cap 55mm,0.0000,Min Level,06 Oct 2025
MIN,GHBC100,Stove _AND_ Hobs,Min,Gas Hob Burner Black Cap 100mm,0.0000,Min Level,06 Oct 2025
MIN,GHBC130,Stove _AND_ Hobs,Min,Gas Hob Burner Black Cap 130mm,0.0000,Min Level,06 Oct 2025
MIN,GHBC60,Stove _AND_ Hobs,Min,Gas Hob Burner Black Cap 60mm,0.0000,Min Level,06 Oct 2025
MIN,GHBC77,Stove _AND_ Hobs,Min,Gas Hob Burner Black Cap 77mm,0.0000,Min Level,06 Oct 2025
MIN,GHT1P,BLOCKED,Min,Small 1 Panel Heater 3kg,0.0000,Min Level,06 Oct 2025
MIN,GHT3P,BLOCKED,Min,Small 3 Panel Heater 3kg,0.0000,Min Level,06 Oct 2025
MIN,GHTRA,BLOCKED,Min,3 Panel Roll-A-Bout Heater 9kg Gold Air,0.0000,Min Level,06 Oct 2025
MIN,GHTRA2,BLOCKED,Min,2 Panel Gas Heater 3-5kg (GREY),0.0000,Min Level,06 Oct 2025
MIN,GHTRAAL,BLOCKED,Min,3 Panel Roll about Heater 9kg - Alva,0.0000,Min Level,06 Oct 2025
MIN,GHTRADE,Cylinders/Heaters/General,Min,3 Panel Gas Heater Roll-About,0.0000,Min Level,06 Oct 2025
MIN,GHTRADER,BLOCKED,Min,3 Panel Roll-a-bout gas heater - RED,0.0000,Min Level,06 Oct 2025
MIN,GHTRC,Cylinders/Heaters/General,Min,3 Panel Heater - Core,0.0000,Min Level,06 Oct 2025
MIN,GHTRCBF,Cylinders/Heaters/General,Min,Blue Flame 3 Panel Heater - CORE,0.0000,Min Level,06 Oct 2025
MIN,GKREGS,Regulators/Pigtails,Min,Geyser Kit with Swivel Regulator,0.0000,Min Level,06 Oct 2025
MIN,GLI,Cylinders/Heaters/General,Min,Magnetic Gas Level Indicators,0.0000,Min Level,06 Oct 2025
MIN,GPG13010001,BLOCKED,Min,Gas Pressure Gauge 0-250kpa HP,0.0000,Min Level,06 Oct 2025
MIN,GPG13010003,BLOCKED,Min,Gas Pressure Gauge 0-6kpa LP,0.0000,Min Level,06 Oct 2025
MIN,GRCON,Solar Mounting Solutions,Min,90 Panel Ground Mount Structures P/Panel,0.0000,Min Level,06 Oct 2025
MIN,GRCON1,Solar Mounting Solutions,Min,Panel Ground Mount Structure Per Panel,0.0000,Min Level,06 Oct 2025
MIN,GRCON2,Solar Mounting Solutions,Min,200 Panel Ground Mount Structure,0.0000,Min Level,06 Oct 2025
MIN,GRCON3,Solar Mounting Solutions,Min,4 Strings of 80 Panel Ground Mount,0.0000,Min Level,06 Oct 2025
MIN,GRI107,BLOCKED,Min,Roadster Grid Large incl Bag Handsfree,0.0000,Min Level,06 Oct 2025
MIN,GSMP,Cooker Tops,Min,Portable Pocket Cooker Top (450gram),0.0000,Min Level,06 Oct 2025
MIN,GSSP100,Gas Water Heaters _AND_ Access,Min,100mm Flue Pipe,0.0000,Min Level,06 Oct 2025
MIN,GSSP100.05,Gas Water Heaters _AND_ Access,Min,100mm x .50m Galvanised Flue Pipe,0.0000,Min Level,06 Oct 2025
MIN,GSSP100X1.2,Gas Water Heaters _AND_ Access,Min,100mm x 1.2m Galvanised Flue Pipe,0.0000,Min Level,06 Oct 2025
MIN,GSSP1110,Gas Water Heaters _AND_ Access,Min,110mm Galv Pipe,0.0000,Min Level,06 Oct 2025
MIN,GSSP1130,Gas Water Heaters _AND_ Access,Min,130mm Galv Pipe,0.0000,Min Level,06 Oct 2025
MIN,GSSP115,BLOCKED,Min,Galvanised Flue Pipe 110mm x 115mm x900m,0.0000,Min Level,06 Oct 2025
MIN,GSSP116,Gas Water Heaters _AND_ Access,Min,116mm x 1m flue,0.0000,Min Level,06 Oct 2025
MIN,GSSP13SS,Gas Water Heaters _AND_ Access,Min,130mm x 600mm Stainless Steel Flue,0.0000,Min Level,06 Oct 2025
MIN,GSSP150,BLOCKED,Min,150mm x 1m Flue,0.0000,Min Level,06 Oct 2025
MIN,GSSP1501,Gas Water Heaters _AND_ Access,Min,150mm Flue x 900mm,0.0000,Min Level,06 Oct 2025
MIN,GSSP160,Gas Water Heaters _AND_ Access,Min,160mm Galvanised Flue Pipe,0.0000,Min Level,06 Oct 2025
MIN,GSSP190,Gas Water Heaters _AND_ Access,Min,90mm Galv Pipe,0.0000,Min Level,06 Oct 2025
MIN,GSSP1SS,Gas Water Heaters _AND_ Access,Min,110mm Stainless Steel Flue,0.0000,Min Level,06 Oct 2025
MIN,GSSP3SS,Gas Water Heaters _AND_ Access,Min,130mm Stainless Steel Elbow,0.0000,Min Level,06 Oct 2025
MIN,GSSPE1,Gas Water Heaters _AND_ Access,Min,110mm Galv Elbow 90deg,0.0000,Min Level,06 Oct 2025
MIN,GSSPE100,Gas Water Heaters _AND_ Access,Min,100mm Galvanised Elbow 90deg,0.0000,Min Level,06 Oct 2025
MIN,GSSPE15045,Gas Water Heaters _AND_ Access,Min,150mm Galvanised Elbow 45deg,0.0000,Min Level,06 Oct 2025
MIN,GSSPE160,Gas Water Heaters _AND_ Access,Min,160mm Galvanised Elbow 90deg,0.0000,Min Level,06 Oct 2025
MIN,GSSPE2,Gas Water Heaters _AND_ Access,Min,90mm Galvanised Elbow 90deg,0.0000,Min Level,06 Oct 2025
MIN,GSSPE3,Gas Water Heaters _AND_ Access,Min,130mm Galv Elbow 90deg,0.0000,Min Level,06 Oct 2025
MIN,GSSPE345,Gas Water Heaters _AND_ Access,Min,130mm 45 Degree Bend,0.0000,Min Level,06 Oct 2025
MIN,GSSPE45,Gas Water Heaters _AND_ Access,Min,110mm 45 Degree Bend,0.0000,Min Level,06 Oct 2025
MIN,GSSPE5,Gas Water Heaters _AND_ Access,Min,150mm Galv Elbow 90deg,0.0000,Min Level,06 Oct 2025
MIN,GSSPESS,Gas Water Heaters _AND_ Access,Min,110mm Stainless Steel Elbow 90deg,0.0000,Min Level,06 Oct 2025
MIN,GSSPSSS1,Gas Water Heaters _AND_ Access,Min,Stainless Steel Flue 130mm x 250mm,0.0000,Min Level,06 Oct 2025
MIN,GSSPSSSF,BLOCKED,Min,Stainless Steel Flue 110mm x 250mm,0.0000,Min Level,06 Oct 2025
MIN,GSV,Regulators/Pigtails,Min,Gas Safety Shut off Valve (1 8kg Reg),0.0000,Min Level,06 Oct 2025
MIN,HBIMB-3013-18,Hardware,Min,Hacksaw Blade HSS Steel 18TPI White,0.0000,Min Level,06 Oct 2025
MIN,HBIMB-3013-24,Hardware,Min,Hacksaw Blade HSS - White 24TPI,0.0000,Min Level,06 Oct 2025
MIN,HBIMB-3013-32,Hardware,Min,Hacksaw Blade HSS Steel 32TPI White,0.0000,Min Level,06 Oct 2025
MIN,HCS RP-3025-24,Hardware,Min,Hacksaw Blade Double Edge - 24TPI Blue,0.0000,Min Level,06 Oct 2025
MIN,HCSC-3013-18,Hardware,Min,Hacksaw Blade Carbo Steel 18TPI - Orange,0.0000,Min Level,06 Oct 2025
MIN,HCSC-3013-24,Hardware,Min,Hacksaw Blade HC - Orange 24TPI,0.0000,Min Level,06 Oct 2025
MIN,HCSC-3013-32,Hardware,Min,Hacksaw Blade Carbon Steel 32TPI White,0.0000,Min Level,06 Oct 2025
MIN,HCSHNDLE,Hardware,Min,Hacksaw Blade double Edege with Handle,0.0000,Min Level,06 Oct 2025
MIN,HFS100,Stove _AND_ Hobs,Min,Hob Flame Spreader 100mm,0.0000,Min Level,06 Oct 2025
MIN,HFS75,Stove _AND_ Hobs,Min,Hob Flame Spreader 75mm,0.0000,Min Level,06 Oct 2025
MIN,HHPDH18-26,Doors _AND_ Window Frames _AND_ Fitt,Min,Econo Patio Door Lock,0.0000,Min Level,06 Oct 2025
MIN,HNB1204,Brass Fittings,Min,3/4inch Male to 1/4inch Male,0.0000,Min Level,06 Oct 2025
MIN,HNB1206,Brass Fittings,Min,3/4inch Male to 3/8inch Male,0.0000,Min Level,06 Oct 2025
MIN,HOSE1/2C,Brass Fittings,Min,1/2inch Compression to Hosetail 8mm,0.0000,Min Level,06 Oct 2025
MIN,HOSE1/2F,Brass Fittings,Min,1/2inch Hosetail Female 8mm,0.0000,Min Level,06 Oct 2025
MIN,HOSE1/2FA,Brass Fittings,Min,1/2inch Female to Hosetail with Washer-Alum,0.0000,Min Level,06 Oct 2025
MIN,HOSE1/2FB,BLOCKED,Min,1/2inch Female to Hosetail BSP,0.0000,Min Level,06 Oct 2025
MIN,HOSE1/2FES,Brass Fittings,Min,1/2inch Female to Hosetail Elbow Swivel,0.0000,Min Level,06 Oct 2025
MIN,HOSE1/2FS,Brass Fittings,Min,1/2inch Female to Hosetail Swivel,0.0000,Min Level,06 Oct 2025
MIN,HOSE1/2M,Brass Fittings,Min,1/2inch Hosetail Male 8mm,0.0000,Min Level,06 Oct 2025
MIN,HOSE1/2SWF,BLOCKED,Min,1/2inch Female Swivel to 8mm Hosetail,0.0000,Min Level,06 Oct 2025
MIN,HOSE1/4C,Brass Fittings,Min,1/4inch Compression to Hosetail 8mm,0.0000,Min Level,06 Oct 2025
MIN,HOSE1/4F,Brass Fittings,Min,1/4inch Hosetail Female 8mm,0.0000,Min Level,06 Oct 2025
MIN,HOSE1/4M,Brass Fittings,Min,1/4inch Hosetail 8mm,0.0000,Min Level,06 Oct 2025
MIN,HOSE1/4MB,BLOCKED,Min,1/4inch Male to Hosetail BSP,0.0000,Min Level,06 Oct 2025
MIN,HOSE1/8F,Brass Fittings,Min,1/8inch Hosetail Female 8mm,0.0000,Min Level,06 Oct 2025
MIN,HOSE1/8M,Brass Fittings,Min,1/8inch Hosetail Male 8mm,0.0000,Min Level,06 Oct 2025
MIN,HOSE1M,Brass Fittings,Min,1inch Male to Hosetail,0.0000,Min Level,06 Oct 2025
MIN,HOSE3/4F,Brass Fittings,Min,3/4inch Female Hosetail 8mm,0.0000,Min Level,06 Oct 2025
MIN,HOSE3/4M,Brass Fittings,Min,3/4inch Hosetail Male 8mm,0.0000,Min Level,06 Oct 2025
MIN,HOSE3/8C,Brass Fittings,Min,3/8inch Compression to Hosetail 8mm,0.0000,Min Level,06 Oct 2025
MIN,HOSE3/8F,Brass Fittings,Min,3/8inch Hosetail Female 8mm,0.0000,Min Level,06 Oct 2025
MIN,HOSE3/8FB,BLOCKED,Min,3/8inch Female to Hosetails BSP,0.0000,Min Level,06 Oct 2025
MIN,HOSE3/8M,Brass Fittings,Min,3/8inch Hosetail Male 8mm,0.0000,Min Level,06 Oct 2025
MIN,HOSE3/8MB,BLOCKED,Min,3/8inch Male to Hosetail BSP,0.0000,Min Level,06 Oct 2025
MIN,HOSE5/16C,Brass Fittings,Min,5/16inch Compression to Hosetail 8mm,0.0000,Min Level,06 Oct 2025
MIN,HOSEACE,Gas Hose,Min,Acetylene Hose 8mm,0.0000,Min Level,06 Oct 2025
MIN,HOSEADA17,Gas Hose,Min,Adaptor 7/16 to Cadac with hose,0.0000,Min Level,06 Oct 2025
MIN,HOSEC,BLOCKED,Min,1 5m Gas Hose PLS 2 clamps pre packed,0.0000,Min Level,06 Oct 2025
MIN,HOSECRG,BLOCKED,Min,1 5m Gas Hose PLS Reg PLS 2 clamps prepack,0.0000,Min Level,06 Oct 2025
MIN,HOSECRGB,BLOCKED,Min,1 5m Gas Hose PLSBullnose Reg PLS 2 clamps,0.0000,Min Level,06 Oct 2025
MIN,HOSECRGS,BLOCKED,Min,1 5m Gas Hose PLS S Reg PLS 2 clamps prepack,0.0000,Min Level,06 Oct 2025
MIN,HOSEH,BLOCKED,Min,High Pressure Orange Hose,0.0000,Min Level,06 Oct 2025
MIN,HOSEL,Gas Hose,Min,8mm Gas Hose 30m,0.0000,Min Level,06 Oct 2025
MIN,HOSEL100,Gas Hose,Min,100metre roll of 8mm Orange Hose,0.0000,Min Level,06 Oct 2025
MIN,HOSEL6,Gas Hose,Min,6mm Orange Gas Hose,0.0000,Min Level,06 Oct 2025
MIN,HOSELPM,Gas Hose,Min,Orange Gas Hose Per 50cm,0.0000,Min Level,06 Oct 2025
MIN,HOSEOXY,Gas Hose,Min,Oxygen Hose 8mm,0.0000,Min Level,06 Oct 2025
MIN,HOSES3/8,Brass Fittings,Min,3/8inch ID Solder to Hosetail,0.0000,Min Level,06 Oct 2025
MIN,HOSESR,Gas Hose,Min,Rubber Gas Hose Steel Reinforced 17Bar,0.0000,Min Level,06 Oct 2025
MIN,HOSEW,Gas Hose,Min,8mm Orange Hose - Watex 30m,0.0000,Min Level,06 Oct 2025
MIN,HPRB201,Boiling Table/Burners,Min,High Pressure Ring Burner,0.0000,Min Level,06 Oct 2025
MIN,HPRBMAN,Boiling Table/Burners,Min,High Pres Ring Burner 201 Valve/Manifold,0.0000,Min Level,06 Oct 2025
MIN,HSSF-3013-24,Hardware,Min,Hacksaw Blade Flexible - Red 24TPI,0.0000,Min Level,06 Oct 2025
MIN,HSSFF1/2,Gas Water Heaters _AND_ Access,Min,Stainless Steel Hose F/F 1/2inch 750mm,0.0000,Min Level,06 Oct 2025
MIN,HSSMF1/2,Gas Water Heaters _AND_ Access,Min,Stainless Steel Hose M/F 1/2inch 750mm,0.0000,Min Level,06 Oct 2025
MIN,I432,Brass Fittings,Min,Valve for Stove,0.0000,Min Level,06 Oct 2025
MIN,I456,Brass Fittings,Min,Valve for Gaz Cylinders,0.0000,Min Level,06 Oct 2025
MIN,IBRM,Braais _AND_ Products,Min,Insulated Braai Mittens,0.0000,Min Level,06 Oct 2025
MIN,IC00003,BLOCKED,Min,Bio-Wheat Wholegrain 2kg,0.0000,Min Level,06 Oct 2025
MIN,IC00005,BLOCKED,Min,Bio-Wheat Bran 750g,0.0000,Min Level,06 Oct 2025
MIN,IC00019,BLOCKED,Min,Rich Hot Chocolate 250g,0.0000,Min Level,06 Oct 2025
MIN,IC00020,BLOCKED,Min,White Hot Chocolate 250g,0.0000,Min Level,06 Oct 2025
MIN,IC00021,BLOCKED,Min,Hazelnut Hot Chocolate 250g,0.0000,Min Level,06 Oct 2025
MIN,IC00023,BLOCKED,Min,Sugar Free Hot Chocolate 250g,0.0000,Min Level,06 Oct 2025
MIN,IC00024,BLOCKED,Min,Dark Cane Sugar Free Hot Choc 250g,0.0000,Min Level,06 Oct 2025
MIN,IC00029,BLOCKED,Min,Xylitol 200g,0.0000,Min Level,06 Oct 2025
MIN,IC00030,BLOCKED,Min,Chai Latte 250g,0.0000,Min Level,06 Oct 2025
MIN,IC00031,BLOCKED,Min,Sugar Free Chai 250g,0.0000,Min Level,06 Oct 2025
MIN,IC00037,BLOCKED,Min,Rich Hot Chocolate - 1kg,0.0000,Min Level,06 Oct 2025
MIN,IC00038,BLOCKED,Min,White Hot Chocolate - 1kg,0.0000,Min Level,06 Oct 2025
MIN,IC00039,BLOCKED,Min,Hazelnut Hot Chocolate - 1kg,0.0000,Min Level,06 Oct 2025
MIN,IC00041,BLOCKED,Min,Dark Thick Hot Chocolate - 1kg,0.0000,Min Level,06 Oct 2025
MIN,IC00061,BLOCKED,Min,Honey Squeeze Jar,0.0000,Min Level,06 Oct 2025
MIN,IC00062,BLOCKED,Min,Honey Glass Jar,0.0000,Min Level,06 Oct 2025
MIN,IC00065,BLOCKED,Min,Fig Jam 250ml,0.0000,Min Level,06 Oct 2025
MIN,IC00066,BLOCKED,Min,Fig and Granadilla Jam 250ml,0.0000,Min Level,06 Oct 2025
MIN,IC00067,BLOCKED,Min,Cocktail Fig Preserve 250ml,0.0000,Min Level,06 Oct 2025
MIN,IC00068,BLOCKED,Min,Brandied Figs 125ml,0.0000,Min Level,06 Oct 2025
MIN,IC00069,BLOCKED,Min,Fig and Granadilla Chutney 250ml,0.0000,Min Level,06 Oct 2025
MIN,IGNCE,General Spares,Min,Ceramic Ignitor Electrode,0.0000,Min Level,06 Oct 2025
MIN,IGNCE650,Brass Fittings,Min,Ceramic Electrode with 650mm Lead Wire,0.0000,Min Level,06 Oct 2025
MIN,IGNCE750,General Spares,Min,Ceramic Electrode with 750mm Lead Wire,0.0000,Min Level,06 Oct 2025
MIN,IGNP,General Spares,Min,Piezo Ignitor,0.0000,Min Level,06 Oct 2025
MIN,IGNPDEL,Cylinders/Heaters/General,Min,Piezo Ignitor Heater (DEL),0.0000,Min Level,06 Oct 2025
MIN,IGNPJM,Brass Fittings,Min,Piezo Ignitor Jetmaster Fire Place,0.0000,Min Level,06 Oct 2025
MIN,IGNRPK,General Spares,Min,Replacement Piezo Kit,0.0000,Min Level,06 Oct 2025
MIN,IGNW1000,General Spares,Min,1000mm Ignition Lead Wire,0.0000,Min Level,06 Oct 2025
MIN,IGNW1200,General Spares,Min,1200mm Ignition Lead Wire,0.0000,Min Level,06 Oct 2025
MIN,IGNW150,General Spares,Min,150mm Ignition Lead Wire,0.0000,Min Level,06 Oct 2025
MIN,IGNW200,General Spares,Min,200mm Ignition Lead Wire,0.0000,Min Level,06 Oct 2025
MIN,IGNW250,General Spares,Min,250mm Ignition Lead Wire,0.0000,Min Level,06 Oct 2025
MIN,IGNW320,General Spares,Min,320mm Ignition Lead Wire,0.0000,Min Level,06 Oct 2025
MIN,IGNW350,General Spares,Min,350mm Ignition Lead Wire,0.0000,Min Level,06 Oct 2025
MIN,IGNW450,General Spares,Min,450mm Ignition Wire,0.0000,Min Level,06 Oct 2025
MIN,IGNW500,General Spares,Min,500mm Piezo Lead Wire,0.0000,Min Level,06 Oct 2025
MIN,IGNW550,General Spares,Min,550mm Ignition Wire Heater (Del) 2 panel,0.0000,Min Level,06 Oct 2025
MIN,IGNW6,General Spares,Min,600mm Ignition Lead Wire,0.0000,Min Level,06 Oct 2025
MIN,IGNW750,General Spares,Min,750mm Ignition Lead Wire,0.0000,Min Level,06 Oct 2025
MIN,IGNW800,General Spares,Min,800mm Ignition Wire Heater (Del),0.0000,Min Level,06 Oct 2025
MIN,IGNW9,General Spares,Min,900mm Ignition Lead Wire,0.0000,Min Level,06 Oct 2025
MIN,INDS,Stove _AND_ Hobs,Min,Induction Stove,0.0000,Min Level,06 Oct 2025
MIN,INS290PHO022,Safety Equipment,Min,Assemply Point Sign S290x290 PHO,0.0000,Min Level,06 Oct 2025
MIN,INSBK,PTFE Tape,Min,Insulation Tape Black,0.0000,Min Level,06 Oct 2025
MIN,INSBL,PTFE Tape,Min,Insulation Tape Blue,0.0000,Min Level,06 Oct 2025
MIN,INSGR,PTFE Tape,Min,Insulation Tape Green,0.0000,Min Level,06 Oct 2025
MIN,INSRE,PTFE Tape,Min,Insulation Tape Red,0.0000,Min Level,06 Oct 2025
MIN,INSWH,PTFE Tape,Min,Insulation Tape White,0.0000,Min Level,06 Oct 2025
MIN,INSYE,PTFE Tape,Min,Insulation Tape Yellow,0.0000,Min Level,06 Oct 2025
MIN,JACK01,Boiling Table/Burners,Min,Ceramic Burner 2250,0.0000,Min Level,06 Oct 2025
MIN,JACK01C,Boiling Table/Burners,Min,Ceramic for Jackwal 2250,0.0000,Min Level,06 Oct 2025
MIN,JET017,General Spares,Min,Cylinder Top Heater Jet,0.0000,Min Level,06 Oct 2025
MIN,JET1,Brass Fittings,Min,Cooker Top Jet (No. 15),0.0000,Min Level,06 Oct 2025
MIN,JET13,Brass Fittings,Min,Griller Jet/Spud Jet,0.0000,Min Level,06 Oct 2025
MIN,JET1T,Brass Fittings,Min,Cook2 Jet,0.0000,Min Level,06 Oct 2025
MIN,JET2,Brass Fittings,Min,Lamp Jets (J31),0.0000,Min Level,06 Oct 2025
MIN,JET21,Brass Fittings,Min,CADAC Cooker Jet (2),0.0000,Min Level,06 Oct 2025
MIN,JET24,Brass Fittings,Min,JET for Skottel and Grillogas 2pk,0.0000,Min Level,06 Oct 2025
MIN,JET28,Brass Fittings,Min,Typhoon and Firefly Jet,0.0000,Min Level,06 Oct 2025
MIN,JET3,Brass Fittings,Min,Braai Jets (J95),0.0000,Min Level,06 Oct 2025
MIN,JET32,Brass Fittings,Min,Cadac Saphire Heater Jet,0.0000,Min Level,06 Oct 2025
MIN,JET58,Brass Fittings,Min,Calf Debudder Jet,0.0000,Min Level,06 Oct 2025
MIN,JET5CH,Brass Fittings,Min,Cylinder Top Heater Square - Jet,0.0000,Min Level,06 Oct 2025
MIN,JETAM09,Brass Fittings,Min,Amal Jet .90mm,0.0000,Min Level,06 Oct 2025
MIN,JETAM1,Brass Fittings,Min,Amal Jet 1mm,0.0000,Min Level,06 Oct 2025
MIN,JETAM75,Brass Fittings,Min,Amal Jet 0.75mm,0.0000,Min Level,06 Oct 2025
MIN,JETECT,Brass Fittings,Min,Eco Cooker Top Jet GJE Alva,0.0000,Min Level,06 Oct 2025
MIN,JETFS,Brass Fittings,Min,Jet for Firestick,0.0000,Min Level,06 Oct 2025
MIN,JETHJ,Brass Fittings,Min,Jet M6 x 0.75 - 0.95mm,0.0000,Min Level,06 Oct 2025
MIN,JETL12,Brass Fittings,Min,100 cp Lamp Alva Jet (GJL12),0.0000,Min Level,06 Oct 2025
MIN,JETOHW,BLOCKED,Min,Jet - Old Hotwheel .7mm GJB N/S,0.0000,Min Level,06 Oct 2025
MIN,JETPC,Brass Fittings,Min,.24mm Jet Potjie Cooker Top/New Hotwheel,0.0000,Min Level,06 Oct 2025
MIN,K8LPWG,Gas Water Heaters _AND_ Access,Min,8 litre Low Pressure Water Heater(Kexin),0.0000,Min Level,06 Oct 2025
MIN,KET001,BLOCKED,Min,Kettles,0.0000,Min Level,06 Oct 2025
MIN,KEY1,Brass Fittings,Min,Cylinder Control Key,0.0000,Min Level,06 Oct 2025
MIN,KEY2,Cylinders/Heaters/General,Min,Cadac Cylinder Control Key,0.0000,Min Level,06 Oct 2025
MIN,KEYT,Brass Fittings,Min,Cylinder Control Key - Trojan,0.0000,Min Level,06 Oct 2025
MIN,KITSF,Kitchenware,Min,Kitchen Silicone Funnel,0.0000,Min Level,06 Oct 2025
MIN,KNS005,BLOCKED,Min,5 piece knife set black,0.0000,Min Level,06 Oct 2025
MIN,KNS006,BLOCKED,Min,6 piece Knife Set,0.0000,Min Level,06 Oct 2025
MIN,KNS006C,BLOCKED,Min,6 piece knife set coloured,0.0000,Min Level,06 Oct 2025
MIN,KX8LPGG,BLOCKED,Min,8litre Low Pressure Gas Water Heater,0.0000,Min Level,06 Oct 2025
MIN,L2PK,Refills _AND_ Lighters,Min,Alva 2 Pack Gas Lighters,0.0000,Min Level,06 Oct 2025
MIN,L2PKC,Refills _AND_ Lighters,Min,Trigger Gas Lighter (2 pack),0.0000,Min Level,06 Oct 2025
MIN,L2PKSC,Refills _AND_ Lighters,Min,Slimline lighter Cadac 2 pack,0.0000,Min Level,06 Oct 2025
MIN,LABGL,Braais _AND_ Products,Min,Alluminium Braai Gas Lighter (Insert),0.0000,Min Level,06 Oct 2025
MIN,LAMP,Lamps _AND_ General,Min,100CP Lamp,0.0000,Min Level,06 Oct 2025
MIN,LAMP1,Lamps _AND_ General,Min,120CP Lamp- Fishing Lamp,0.0000,Min Level,06 Oct 2025
MIN,LAMP3,Lamps _AND_ General,Min,300CP Lamp,0.0000,Min Level,06 Oct 2025
MIN,LAMPCCR104,Lamps _AND_ General,Min,100cp Canister Lamp,0.0000,Min Level,06 Oct 2025
MIN,LAMPCCR105,Lamps _AND_ General,Min,300cp Canister Lamp,0.0000,Min Level,06 Oct 2025
MIN,LAMPF716,Lamps _AND_ General,Min,Firefly Lamp - 7/16 screw thread,0.0000,Min Level,06 Oct 2025
MIN,LAMPG1,Lamps _AND_ General,Min,Lamp Glass 100cp,0.0000,Min Level,06 Oct 2025
MIN,LAMPG104,Lamps _AND_ General,Min,Lamp Glass for CCR104,0.0000,Min Level,06 Oct 2025
MIN,LAMPG105,Lamps _AND_ General,Min,Lamp Glass for CCR105,0.0000,Min Level,06 Oct 2025
MIN,LAMPG3,BLOCKED,Min,Lamp Glass 300cp,0.0000,Min Level,06 Oct 2025
MIN,LAMPGF,Lamps _AND_ General,Min,Lamp Glass for Firefly Lamps,0.0000,Min Level,06 Oct 2025
MIN,LAMPGFR,Lamps _AND_ General,Min,Frosted Lamp 100cp Glass,0.0000,Min Level,06 Oct 2025
MIN,LAMPGSC,Lamps _AND_ General,Min,Cone Shaped Lamp Glass,0.0000,Min Level,06 Oct 2025
MIN,LAMPP,Lamps _AND_ General,Min,Butane Piezo Lamp (Firefly),0.0000,Min Level,06 Oct 2025
MIN,LAMPP2,BLOCKED,Min,X,0.0000,Min Level,06 Oct 2025
MIN,LBLC,Refills _AND_ Lighters,Min,Blue Flame Cigar Lighter Coloured/SS,0.0000,Min Level,06 Oct 2025
MIN,LEAK001,BLOCKED,Min,Leaklock,0.0000,Min Level,06 Oct 2025
MIN,LED001,BLOCKED,Min,LED Lights - FJDZ 052 incl battery,0.0000,Min Level,06 Oct 2025
MIN,LED002,BLOCKED,Min,Desk Lamp - LED/Usb,0.0000,Min Level,06 Oct 2025
MIN,LED003,LED Lights,Min,Round Camping Lamp - colours,0.0000,Min Level,06 Oct 2025
MIN,LED004,BLOCKED,Min,Desk Lamp - LED/Usb Calendar Display,0.0000,Min Level,06 Oct 2025
MIN,LED005,LED Lights,Min,15w Led Camping Lamp WD833,0.0000,Min Level,06 Oct 2025
MIN,LED006,BLOCKED,Min,Round Work Light - LED black,0.0000,Min Level,06 Oct 2025
MIN,LED007,BLOCKED,Min,Emergency LED Light - WD 802T/FJDZ 129,0.0000,Min Level,06 Oct 2025
MIN,LED008,LED Lights,Min,Lantern - WD 833 /FJDZ 095,0.0000,Min Level,06 Oct 2025
MIN,LED009,BLOCKED,Min,Remote Control Globe - SL 678/FJDZ 125,0.0000,Min Level,06 Oct 2025
MIN,LED010,BLOCKED,Min,LED Multifunction Torch - FJDZ085,0.0000,Min Level,06 Oct 2025
MIN,LED011,BLOCKED,Min,LED Flashlight - FJDZ033,0.0000,Min Level,06 Oct 2025
MIN,LED012,LED Lights,Min,Multifunction Work Light Recharg FJDZ036,0.0000,Min Level,06 Oct 2025
MIN,LED013,BLOCKED,Min,Solar Powered Cob Wall Light - Large,0.0000,Min Level,06 Oct 2025
MIN,LED014,BLOCKED,Min,Solar Motion Sensor Light Small,0.0000,Min Level,06 Oct 2025
MIN,LED015,BLOCKED,Min,Emergency LED Rechargeable Large FJDZ131,0.0000,Min Level,06 Oct 2025
MIN,LED016,BLOCKED,Min,Round LED Light with Remote,0.0000,Min Level,06 Oct 2025
MIN,LED017,LED Lights,Min,LED Mini Torch Rechargeable FJDZ029,0.0000,Min Level,06 Oct 2025
MIN,LED017A,LED Lights,Min,Mini Flashight no box,0.0000,Min Level,06 Oct 2025
MIN,LED018,BLOCKED,Min,LED Flame Lamp - Battery FJDZ011,0.0000,Min Level,06 Oct 2025
MIN,LED019,BLOCKED,Min,Colourful Camping Light Recharge FJDZ126,0.0000,Min Level,06 Oct 2025
MIN,LED020,LED Lights,Min,Rechargeable Remote Globe (Screw type),0.0000,Min Level,06 Oct 2025
MIN,LED030,LED Lights,Min,Large LED Flashlight - FJDZ-191,0.0000,Min Level,06 Oct 2025
MIN,LED031,LED Lights,Min,Medium LED Flashlight - FJDZ-190,0.0000,Min Level,06 Oct 2025
MIN,LED060A,LED Lights,Min,Emergency Light-USB/Stand 6960W,0.0000,Min Level,06 Oct 2025
MIN,LED068,LED Lights,Min,LED Rechargeable Flashlight 17cm,0.0000,Min Level,06 Oct 2025
MIN,LED069,LED Lights,Min,LED Rechargeable Flashlight 15cm,0.0000,Min Level,06 Oct 2025
MIN,LED115,BLOCKED,Min,LED Emergency Light - Short FJDZ128,0.0000,Min Level,06 Oct 2025
MIN,LED125,BLOCKED,Min,Emergency Light Medium - FJDZ130,0.0000,Min Level,06 Oct 2025
MIN,LED127,BLOCKED,Min,Single Tube Emergency Light FJDZ127,0.0000,Min Level,06 Oct 2025
MIN,LED136,BLOCKED,Min,5 light source High Power Headlamp,0.0000,Min Level,06 Oct 2025
MIN,LED160,LED Lights,Min,High power Headlamp small,0.0000,Min Level,06 Oct 2025
MIN,LED184,LED Lights,Min,High Power Headlamp 3/5 bulbs,0.0000,Min Level,06 Oct 2025
MIN,LED210,BLOCKED,Min,Short Emergency Light (battery option),0.0000,Min Level,06 Oct 2025
MIN,LED226,LED Lights,Min,COB Magnetic Working Lamp- FJDZ226,0.0000,Min Level,06 Oct 2025
MIN,LED235,LED Lights,Min,Emergency Light -Solar/Usb/Stand,0.0000,Min Level,06 Oct 2025
MIN,LED238,LED Lights,Min,LED Headlamp Small - FJDZ238,0.0000,Min Level,06 Oct 2025
MIN,LED241,BLOCKED,Min,COB Headlamp Floodlight - FJDZ241,0.0000,Min Level,06 Oct 2025
MIN,LED300,LED Lights,Min,USB Light - MEDIUM (magnetic) WLW300,0.0000,Min Level,06 Oct 2025
MIN,LED500,LED Lights,Min,USB Light - LONG (Magnetic) WLW500,0.0000,Min Level,06 Oct 2025
MIN,LED6930,BLOCKED,Min,Short Rechargeable Emergency Light/Stand,0.0000,Min Level,06 Oct 2025
MIN,LED7110,LED Lights,Min,Short Emergency Light 21cm,0.0000,Min Level,06 Oct 2025
MIN,LED7603R,LED Lights,Min,Short Rechargeable Emergency Light S/H,0.0000,Min Level,06 Oct 2025
MIN,LED7738,LED Lights,Min,Short Emergency Light 23cm with dimmer,0.0000,Min Level,06 Oct 2025
MIN,LED985012,LED Lights,Min,Small White flashlight rechargable,0.0000,Min Level,06 Oct 2025
MIN,LED985015,LED Lights,Min,LED _AND_ COB light  USB  rechargable,0.0000,Min Level,06 Oct 2025
MIN,LEDHL21A,LED Lights,Min,Glare Charging Hand Lamp Med(with stand),0.0000,Min Level,06 Oct 2025
MIN,LEDKXK801,LED Lights,Min,Silicone Head Lamp,0.0000,Min Level,06 Oct 2025
MIN,LEDML1629,LED Lights,Min,Portable Rechargeable LED Light,0.0000,Min Level,06 Oct 2025
MIN,LEEDHL22A,LED Lights,Min,Glare Charging Hand Lamp Lrg(with stand),0.0000,Min Level,06 Oct 2025
MIN,LEG100,Boiling Table/Burners,Min,Legs for Cast Iron Boiling Tables,0.0000,Min Level,06 Oct 2025
MIN,LFAL,Refills _AND_ Lighters,Min,Alva Lighter 1 pack,0.0000,Min Level,06 Oct 2025
MIN,LFB18,Refills _AND_ Lighters,Min,Refill Butane 18ml,0.0000,Min Level,06 Oct 2025
MIN,LFB30,Refills _AND_ Lighters,Min,Refill Butane 300ml,0.0000,Min Level,06 Oct 2025
MIN,LFBALL,BLOCKED,Min,Lighterballs - 18 pack,0.0000,Min Level,06 Oct 2025
MIN,LFBALL10,Braais _AND_ Products,Min,8 Pack Lighter Balls,0.0000,Min Level,06 Oct 2025
MIN,LFBALLR,Braais _AND_ Products,Min,8 Pack Rhino Ball Firelighters,0.0000,Min Level,06 Oct 2025
MIN,LFBALS,Braais _AND_ Products,Min,Lighter Balls - 6pack,0.0000,Min Level,06 Oct 2025
MIN,LFFLLR,Braais _AND_ Products,Min,Triple Flint Replacements,0.0000,Min Level,06 Oct 2025
MIN,LFGL,Refills _AND_ Lighters,Min,Long Flame Gas Lighter,0.0000,Min Level,06 Oct 2025
MIN,LFGLF,Refills _AND_ Lighters,Min,Long Flame Gas Lighter - Flexible,0.0000,Min Level,06 Oct 2025
MIN,LFGLWP,Braais _AND_ Products,Min,Wind Proof Long Flame Gas Lighter,0.0000,Min Level,06 Oct 2025
MIN,LFTFL,Refills _AND_ Lighters,Min,Flint Lighter,0.0000,Min Level,06 Oct 2025
MIN,LG5BGHG,Stove _AND_ Hobs,Min,5 Burner Gas Hobs Cast Iron Grid Elec,0.0000,Min Level,06 Oct 2025
MIN,LIPIG,Regulators/Pigtails,Min,Liquid Pigtail 500mm,0.0000,Min Level,06 Oct 2025
MIN,LIPIG1,Regulators/Pigtails,Min,Liquid Pigtail 1metre,0.0000,Min Level,06 Oct 2025
MIN,LIPIG1 5,Regulators/Pigtails,Min,1 5 metre Liquid Pigtail,0.0000,Min Level,06 Oct 2025
MIN,LIPIGGCE165,Regulators/Pigtails,Min,1/2inch Female 1000mm Liquid Pigtail,0.0000,Min Level,06 Oct 2025
MIN,LLPL,Hardware,Min,LockLatch Pet Latch,0.0000,Min Level,06 Oct 2025
MIN,LPGVAP40KG,Regulators/Pigtails,Min,LPG Vapouriser 40kg/hr,0.0000,Min Level,06 Oct 2025
MIN,LSSSK,Refills _AND_ Lighters,Min,Lighter - Single Spark Klik,0.0000,Min Level,06 Oct 2025
MIN,LSUSB,Braais _AND_ Products,Min,Arc BBQ Lighter USB,0.0000,Min Level,06 Oct 2025
MIN,M630/940GIB,Boiling Table/Burners,Min,Megamaster 630/940 Gas Insert Burners,0.0000,Min Level,06 Oct 2025
MIN,M630/940GIV,Braais _AND_ Products,Min,Megamaster Gas Insert Valve,0.0000,Min Level,06 Oct 2025
MIN,MAN10X10S,Regulators/Pigtails,Min,10 by 10 Vapour Manifold,0.0000,Min Level,06 Oct 2025
MIN,MAN2X2L,Regulators/Pigtails,Min,2 x 2 Liquid Manifold,0.0000,Min Level,06 Oct 2025
MIN,MAN2X2SS,Regulators/Pigtails,Min,Stainless Steel 2 x 2 Vapour Manifold,0.0000,Min Level,06 Oct 2025
MIN,MAN2X2V,Regulators/Pigtails,Min,2 x 2 Vapour Manifold,0.0000,Min Level,06 Oct 2025
MIN,MAN2X2VC,Regulators/Pigtails,Min,2 x 2 Vapour Manifold - Compact,0.0000,Min Level,06 Oct 2025
MIN,MAN2X8,Regulators/Pigtails,Min,2 x 8 Vapour Manifold Compact,0.0000,Min Level,06 Oct 2025
MIN,MAN3X3L,Regulators/Pigtails,Min,3 x 3 Liquid Manifold,0.0000,Min Level,06 Oct 2025
MIN,MAN3X3SS,Regulators/Pigtails,Min,3 x 3 Vapour Manifold Stainless Steel,0.0000,Min Level,06 Oct 2025
MIN,MAN3X3V,Regulators/Pigtails,Min,3 x 3 Vapour Manifold,0.0000,Min Level,06 Oct 2025
MIN,MAN3X3VC,Regulators/Pigtails,Min,3 x 3 Vapour Manifold - Compact,0.0000,Min Level,06 Oct 2025
MIN,MAN4X1V,Regulators/Pigtails,Min,Single 4 On Manifold - Vapour,0.0000,Min Level,06 Oct 2025
MIN,MAN4X4SS,Regulators/Pigtails,Min,4 x 4 Stainless Steel Manifold,0.0000,Min Level,06 Oct 2025
MIN,MAN4X4V,Regulators/Pigtails,Min,4 x 4 Vapour Manifold,0.0000,Min Level,06 Oct 2025
MIN,MAN4X4VC,Regulators/Pigtails,Min,4 x 4 Vapour Manifold - Compact,0.0000,Min Level,06 Oct 2025
MIN,MAN5X5L,Regulators/Pigtails,Min,5 x 5 Liquid Manifold,0.0000,Min Level,06 Oct 2025
MIN,MAN5X5S,Regulators/Pigtails,Min,5x5 Vapour Manifold Staggered,0.0000,Min Level,06 Oct 2025
MIN,MAN5X5V,Regulators/Pigtails,Min,2 x 5 Vapour Manifold,0.0000,Min Level,06 Oct 2025
MIN,MAN8X8C,Regulators/Pigtails,Min,2 x 8 compact vapour manifold _AND_ fittings,0.0000,Min Level,06 Oct 2025
MIN,MANT1,Lamps _AND_ General,Min,100cp Double Tie Mantles 3PK,0.0000,Min Level,06 Oct 2025
MIN,MANT1D,Lamps _AND_ General,Min,100cp Double Tie Mantles 1PK,0.0000,Min Level,06 Oct 2025
MIN,MANT2,Lamps _AND_ General,Min,100cp Single Tie Mantles,0.0000,Min Level,06 Oct 2025
MIN,MANT3,Lamps _AND_ General,Min,300cp Double Tie Mantles 3pk,0.0000,Min Level,06 Oct 2025
MIN,MANT32,Lamps _AND_ General,Min,300cp Lamp Mantles 2pack,0.0000,Min Level,06 Oct 2025
MIN,MANT4,Lamps _AND_ General,Min,300cp Single Tie Mantles 3pk,0.0000,Min Level,06 Oct 2025
MIN,MANT5,Lamps _AND_ General,Min,80cp Double Tie Mantles (3pk),0.0000,Min Level,06 Oct 2025
MIN,MANTFL,Lamps _AND_ General,Min,Mantles for Firefly Lamps (3pk),0.0000,Min Level,06 Oct 2025
MIN,MFT1,Hardware,Min,Multifunctional Tool - Hammer/Claw,0.0000,Min Level,06 Oct 2025
MIN,MFT2,Hardware,Min,Multifunctional Tool - Hammer/Axe,0.0000,Min Level,06 Oct 2025
MIN,MFT3,Hardware,Min,Multifunctional Tool - Pliers,0.0000,Min Level,06 Oct 2025
MIN,MFT3M,Hardware,Min,Multifunctional Tool - Pliers MINI,0.0000,Min Level,06 Oct 2025
MIN,MFTGS,Hardware,Min,Multifunctional Tool - Garden Shears,0.0000,Min Level,06 Oct 2025
MIN,MFTKG2,Hardware,Min,Multifunctional Tool - Knife Dual Colour,0.0000,Min Level,06 Oct 2025
MIN,MFTKGAC,Hardware,Min,Multifunctional Tool - Knife Colour,0.0000,Min Level,06 Oct 2025
MIN,MFTKGS,BLOCKED,Min,Multifunctional Tool - Knife Silver,0.0000,Min Level,06 Oct 2025
MIN,MFTKS,Braais _AND_ Products,Min,Multi Function Tool - Knife Silver,0.0000,Min Level,06 Oct 2025
MIN,MHPC,General Spares,Min,Manual Hand Pump with Scale,0.0000,Min Level,06 Oct 2025
MIN,MHPSS,General Spares,Min,Spider Seal,0.0000,Min Level,06 Oct 2025
MIN,MICJT,Refillable Torches,Min,Micro Torch - Jewellers Torch Complete,0.0000,Min Level,06 Oct 2025
MIN,MICKT,BLOCKED,Min,Micro Torch 3 in 1,0.0000,Min Level,06 Oct 2025
MIN,MICPE,Refillable Torches,Min,Micro Torch Pencil,0.0000,Min Level,06 Oct 2025
MIN,MICPK,Refillable Torches,Min,Pocket Torch Red Body,0.0000,Min Level,06 Oct 2025
MIN,MICSI,Refillable Torches,Min,Micro Torch 3 in 1 Soldering Iron,0.0000,Min Level,06 Oct 2025
MIN,MJBHG501,Boiling Table/Burners,Min,Multi Jet Ring Burner HG501,0.0000,Min Level,06 Oct 2025
MIN,MPFC,Cleaning Chemicals,Min,Multi-purpose Foam Cleaner,0.0000,Min Level,06 Oct 2025
MIN,MPT0001,Solar Mounting Solutions,Min,Braclet L H48mm x W40mm,0.0000,Min Level,06 Oct 2025
MIN,MPT0002,Solar Mounting Solutions,Min,Braclet L Landscape H48mm : W40mm,0.0000,Min Level,06 Oct 2025
MIN,MPT0003,Solar Mounting Solutions,Min,Bracket - L Portrait (H48mm x W40mm),0.0000,Min Level,06 Oct 2025
MIN,MPT0004,Solar Mounting Solutions,Min,Bracket - L (W50mm) _AND_ Hanger Bolt,0.0000,Min Level,06 Oct 2025
MIN,MPT0007,Solar Mounting Solutions,Min,Bracket Seamless (L80mm),0.0000,Min Level,06 Oct 2025
MIN,MPT0008,Solar Mounting Solutions,Min,Rail Mini (100mm) Incl EPDM PLS Screws,0.0000,Min Level,06 Oct 2025
MIN,MPT0011,Solar Mounting Solutions,Min,Braket IBR - Incl EPDM _AND_ Screws,0.0000,Min Level,06 Oct 2025
MIN,MPT0012,Solar Mounting Solutions,Min,Roof Hook Excl Fasteners,0.0000,Min Level,06 Oct 2025
MIN,MPT0013,Solar Mounting Solutions,Min,Clamp - End 35mm,0.0000,Min Level,06 Oct 2025
MIN,MPT0015,Solar Mounting Solutions,Min,Clamp - Mid 35mm,0.0000,Min Level,06 Oct 2025
MIN,MPT0017,Solar Mounting Solutions,Min,Clamp - End 30/40mm,0.0000,Min Level,06 Oct 2025
MIN,MPT0018,Solar Mounting Solutions,Min,Clamp - Mid 35mm GP,0.0000,Min Level,06 Oct 2025
MIN,MPT0019,Solar Mounting Solutions,Min,Clamp Mid 40mm (2x GP),0.0000,Min Level,06 Oct 2025
MIN,MPT0020,Solar Mounting Solutions,Min,Earthing Lug (37x20mm),0.0000,Min Level,06 Oct 2025
MIN,MPT0021,Solar Mounting Solutions,Min,Grounding Lug (44x8.2 x 0.3mm),0.0000,Min Level,06 Oct 2025
MIN,MPT0022,Solar Mounting Solutions,Min,Rail - Short (L250mm) Incl EPDM _AND_ Screws,0.0000,Min Level,06 Oct 2025
MIN,MPT0024,Solar Mounting Solutions,Min,Cable Clip (18x10x21mm),0.0000,Min Level,06 Oct 2025
MIN,MPT0025,Solar Mounting Solutions,Min,Clamp - End 35mm GP,0.0000,Min Level,06 Oct 2025
MIN,MPT0026,Solar Mounting Solutions,Min,Clamp End 40mm (1x GP),0.0000,Min Level,06 Oct 2025
MIN,MPT0027,Solar Mounting Solutions,Min,Clamp End Adjustable 35/40mm,0.0000,Min Level,06 Oct 2025
MIN,MPT0028,Solar Mounting Solutions,Min,Screw - Self Tapping M5.5x25 (SUS304),0.0000,Min Level,06 Oct 2025
MIN,MPT0029,Solar Mounting Solutions,Min,Connector Rail (23.6 x 8mm),0.0000,Min Level,06 Oct 2025
MIN,MPT0032,Solar Mounting Solutions,Min,Bolt - Hanger M10x200 (SUS304),0.0000,Min Level,06 Oct 2025
MIN,MPT0033,Solar Mounting Solutions,Min,Screw - Self tapping M5.5x25 (SUS304),0.0000,Min Level,06 Oct 2025
MIN,MPT0037,Solar Mounting Solutions,Min,Screw - Self Tapping M6.3x80 (SUS304),0.0000,Min Level,06 Oct 2025
MIN,MPT0041,Solar Mounting Solutions,Min,Rail Top _AND_ Side D-03,0.0000,Min Level,06 Oct 2025
MIN,MPT0042,Solar Mounting Solutions,Min,Rail - D08 3300mm Top _AND_ Bottom,0.0000,Min Level,06 Oct 2025
MIN,MPT0044,Solar Mounting Solutions,Min,Rail - D08 5450mm Top _AND_ Bottom,0.0000,Min Level,06 Oct 2025
MIN,MPT0045,Solar Mounting Solutions,Min,Rail - D08 6200mm Top _AND_ Bottom,0.0000,Min Level,06 Oct 2025
MIN,MPT0046,Solar Mounting Solutions,Min,D - Nut,0.0000,Min Level,06 Oct 2025
MIN,MPT0047,Solar Mounting Solutions,Min,Brackets - Seamless Platform,0.0000,Min Level,06 Oct 2025
MIN,MPT0048,Solar Mounting Solutions,Min,Roof Hook Incl Fastners,0.0000,Min Level,06 Oct 2025
MIN,MPT0052,Solar Mounting Solutions,Min,Cap Screw M8x35mm,0.0000,Min Level,06 Oct 2025
MIN,MPT0053,Solar Mounting Solutions,Min,Spring Washer,0.0000,Min Level,06 Oct 2025
MIN,MPT0054,Solar Mounting Solutions,Min,Flat Washer,0.0000,Min Level,06 Oct 2025
MIN,MPT0055,Solar Mounting Solutions,Min,Rail Mini 80mm Excl Screws _AND_ EPDM,0.0000,Min Level,06 Oct 2025
MIN,MPT0062,Solar Mounting Solutions,Min,Clamp - End 30mm GP,0.0000,Min Level,06 Oct 2025
MIN,MPT0064,Solar Mounting Solutions,Min,Clamp - Mid 30mm GP,0.0000,Min Level,06 Oct 2025
MIN,MPT0082,Solar Mounting Solutions,Min,Bracket - Corrugated (L80mm),0.0000,Min Level,06 Oct 2025
MIN,MPT0109,Solar Mounting Solutions,Min,Rail - D04 3300mm Top _AND_ Side Anodized,0.0000,Min Level,06 Oct 2025
MIN,MPT0110,Solar Mounting Solutions,Min,Rail - D04 4400mm Top _AND_ Side Anodized,0.0000,Min Level,06 Oct 2025
MIN,MPT0111,Solar Mounting Solutions,Min,Rail - D04 5450mm Top _AND_ Side Anodized,0.0000,Min Level,06 Oct 2025
MIN,MPT0112,Solar Mounting Solutions,Min,Rail - D04 6200mm Top _AND_ Side Anodized,0.0000,Min Level,06 Oct 2025
MIN,MPT0116,Solar Mounting Solutions,Min,Rail - D04 6200mm Top _AND_ Side Mill Finish,0.0000,Min Level,06 Oct 2025
MIN,MPT0117,Solar Mounting Solutions,Min,Rail Top _AND_ Bottom D-09 3300x44x28mm,0.0000,Min Level,06 Oct 2025
MIN,MPT0118,Solar Mounting Solutions,Min,Rail Top _AND_ Bottom d-09 500gm-1 AA15 4400,0.0000,Min Level,06 Oct 2025
MIN,MPT0120,Solar Mounting Solutions,Min,Rail - Top _AND_ Bottom D-09 AA15 6200x44x28,0.0000,Min Level,06 Oct 2025
MIN,MPT0122,Solar Mounting Solutions,Min,Rail - D09 4400mm Top _AND_ Bottom Mill Fin,0.0000,Min Level,06 Oct 2025
MIN,MPT0123,Solar Mounting Solutions,Min,Rail - D09 5450mm Top _AND_ Bottom Mill Fin,0.0000,Min Level,06 Oct 2025
MIN,MPT0124,Solar Mounting Solutions,Min,Rail - D09 6200mmTop _AND_ Bottom Mill Fin,0.0000,Min Level,06 Oct 2025
MIN,MPT0130,Solar Mounting Solutions,Min,Cap Screw M8x20mm,0.0000,Min Level,06 Oct 2025
MIN,MPT0145,Solar Mounting Solutions,Min,Bracket: Seamless Platform (L45mm),0.0000,Min Level,06 Oct 2025
MIN,MPT0146,Solar Mounting Solutions,Min,Bracket Seamless Brown Build landscape,0.0000,Min Level,06 Oct 2025
MIN,MPT0152,Solar Mounting Solutions,Min,Seamless Brown Build,0.0000,Min Level,06 Oct 2025
MIN,MPT0202,Solar Mounting Solutions,Min,Spring Nut M8,0.0000,Min Level,06 Oct 2025
MIN,MPT0220,Solar Mounting Solutions,Min,Rail - D09 600mm T/B Rail Anodized,0.0000,Min Level,06 Oct 2025
MIN,MPT0238,Solar Mounting Solutions,Min,Walkway AL5052,0.0000,Min Level,06 Oct 2025
MIN,MPT0241,Solar Mounting Solutions,Min,Connector H Walkway A A15 01,0.0000,Min Level,06 Oct 2025
MIN,MPTAFM20X27,Solar Mounting Solutions,Min,M20x27 Square Nut Zinc Plated,0.0000,Min Level,06 Oct 2025
MIN,MTH001,Hardware,Min,Magnetic Tool Holder 12inch,0.0000,Min Level,06 Oct 2025
MIN,MTH002,Hardware,Min,Magnetic Tool Holder 18inch,0.0000,Min Level,06 Oct 2025
MIN,MTH003,Hardware,Min,Magnetic Tool Holder 24inch,0.0000,Min Level,06 Oct 2025
MIN,NCL,Brass Fittings,Min,Nozzle Tip Cleaner,0.0000,Min Level,06 Oct 2025
MIN,NONSTOCK,Nonstock,Min,Nonstock Item,0.0000,Min Level,06 Oct 2025
MIN,NRVF,General Spares,Min,Non Return Valve 1/4 NPT x 1/4 NPT Femal,0.0000,Min Level,06 Oct 2025
MIN,OIL,Wooden Boards,Min,Wooden Board Oil 200ml,0.0000,Min Level,06 Oct 2025
MIN,OMTH,Braais _AND_ Products,Min,Meat Thermometer - S/S 5x10.7cm,0.0000,Min Level,06 Oct 2025
MIN,OMVALVE,Brass Fittings,Min,Cylinder Replacement Valve 3-5kg,0.0000,Min Level,06 Oct 2025
MIN,OMVALVEB,Brass Fittings,Min,Cylinder Replacement Valve Bullnose,0.0000,Min Level,06 Oct 2025
MIN,OMVALVEBD,Brass Fittings,Min,Dual Bullnose Cylinder Valve (Pipe),0.0000,Min Level,06 Oct 2025
MIN,OMVALVEBT,Brass Fittings,Min,Cylinder Replacement Valve Bleeder Type,0.0000,Min Level,06 Oct 2025
MIN,ORYXCT,BLOCKED,Min,3kg Oryx Cylinder and Cooker top,0.0000,Min Level,06 Oct 2025
MIN,OTCB,BLOCKED,Min,OCEAN TYPE CONVERSION BURNER,0.0000,Min Level,06 Oct 2025
MIN,OTHER,General Spares,Min,Oven Thermometer,0.0000,Min Level,06 Oct 2025
MIN,PAFHT,Cylinders/Heaters/General,Min,Paraffin Heater,0.0000,Min Level,06 Oct 2025
MIN,PARFPS,Stove _AND_ Hobs,Min,Paraffin Premier Stove,0.0000,Min Level,06 Oct 2025
MIN,PARLAMP,Lamps _AND_ General,Min,Paraffin Lamp Base,0.0000,Min Level,06 Oct 2025
MIN,PARLAMPG,Lamps _AND_ General,Min,Paraffin Gas Lamp Glass,0.0000,Min Level,06 Oct 2025
MIN,PATHISW,Cylinders/Heaters/General,Min,Short Black Patio Heater GHP30,0.0000,Min Level,06 Oct 2025
MIN,PATHRED,BLOCKED,Min,Patio Heater - Red with Reg _AND_ Hose,0.0000,Min Level,06 Oct 2025
MIN,PATIH,Cylinders/Heaters/General,Min,Powder Coated Patio Heater GHP17,0.0000,Min Level,06 Oct 2025
MIN,PATIHDQ,Cylinders/Heaters/General,Min,Patio Heater Designer Quartz GHP20,0.0000,Min Level,06 Oct 2025
MIN,PATIHP12IR,Cylinders/Heaters/General,Min,Ceramic Infrared Patio Heater - Black,0.0000,Min Level,06 Oct 2025
MIN,PATIHSS,Cylinders/Heaters/General,Min,Stainless Steel Patio Heater GHP18,0.0000,Min Level,06 Oct 2025
MIN,PBGA63BB002Q,Regulators/Pigtails,Min,Pressure Gauge 0-10Bar (1000kpa),0.0000,Min Level,06 Oct 2025
MIN,PCHB,Gas Piping,Min,Pipe Clamp 12mm steel - Holder Bat,0.0000,Min Level,06 Oct 2025
MIN,PCKA68BB,BLOCKED,Min,Pressure Gauge 0-16kPa 68mm,0.0000,Min Level,06 Oct 2025
MIN,PCR19MM,PEX Pipe and Fittings,Min,Pipe Clamp Rubber 15mm-19mm and screws,0.0000,Min Level,06 Oct 2025
MIN,PCR23MM,PEX Pipe and Fittings,Min,Pipe Clamp Rubber 3mm with screws,0.0000,Min Level,06 Oct 2025
MIN,PDIYB,Boiling Table/Burners,Min,Pot DIY Burner Short,0.0000,Min Level,06 Oct 2025
MIN,PDIYBC,Boiling Table/Burners,Min,DIY Burner Cap only (120mm),0.0000,Min Level,06 Oct 2025
MIN,PDIYBL,Boiling Table/Burners,Min,Pot DIY Burner Long,0.0000,Min Level,06 Oct 2025
MIN,PDIYBS,Boiling Table/Burners,Min,Spring for DIY Pot Burner only (350mm),0.0000,Min Level,06 Oct 2025
MIN,PDIYBSS,Boiling Table/Burners,Min,Spring for DIY Pot Burner only (270mm),0.0000,Min Level,06 Oct 2025
MIN,PEG024,Camping Products,Min,15cm Straight Peg 3mm (5pk),0.0000,Min Level,06 Oct 2025
MIN,PEG025,Camping Products,Min,20cm Straight Peg 3mm (5pk),0.0000,Min Level,06 Oct 2025
MIN,PEG026,Camping Products,Min,25cm Straight Peg 3mm (5pk),0.0000,Min Level,06 Oct 2025
MIN,PEG030,Camping Products,Min,30cm Anchor Peg 5mm (5pk),0.0000,Min Level,06 Oct 2025
MIN,PEG031,Camping Products,Min,Peg Groundsheet,0.0000,Min Level,06 Oct 2025
MIN,PEG200AS/YZ,Doors _AND_ Window Frames _AND_ Fitt,Min,Peg Stay Alum Econo 200mm - Stl YZ,0.0000,Min Level,06 Oct 2025
MIN,PEGSCR6X12S/YZ,Doors _AND_ Window Frames _AND_ Fitt,Min,Peg Stay Screw M6x12 - Stl Y/Z,0.0000,Min Level,06 Oct 2025
MIN,PEGSTAYFIXBWO,Doors _AND_ Window Frames _AND_ Fitt,Min,Peg Stay Fixing Bracket Wide WO,0.0000,Min Level,06 Oct 2025
MIN,PEX2025SS,BLOCKED,Min,2025 Stainless Steel Sleeve,0.0000,Min Level,06 Oct 2025
MIN,PEXS0001,PEX Pipe and Fittings,Min,PEX Pipe For LPGas -1216,0.0000,Min Level,06 Oct 2025
MIN,PEXS0002,PEX Pipe and Fittings,Min,PEX-AL-PEX 1620,0.0000,Min Level,06 Oct 2025
MIN,PEXS0003,PEX Pipe and Fittings,Min,PEX-AL-PEX -2025 (Light Stone),0.0000,Min Level,06 Oct 2025
MIN,PEXS1216-1/2C,BLOCKED,Min,1216 to 1/2inch Compression,0.0000,Min Level,06 Oct 2025
MIN,PEXS1216-1/2F,PEX Pipe and Fittings,Min,1216 to 1/2inch Female,0.0000,Min Level,06 Oct 2025
MIN,PEXS1216-1/2FD,PEX Pipe and Fittings,Min,1216 to 1/2inch Demountable Female,0.0000,Min Level,06 Oct 2025
MIN,PEXS1216-1/2FE,PEX Pipe and Fittings,Min,1216 to 1/2inch Female Elbow,0.0000,Min Level,06 Oct 2025
MIN,PEXS1216-1/2FT,PEX Pipe and Fittings,Min,1216 to 1/2inch Female Tee,0.0000,Min Level,06 Oct 2025
MIN,PEXS1216-1/2M,PEX Pipe and Fittings,Min,1216 to 1/2inch Male Union,0.0000,Min Level,06 Oct 2025
MIN,PEXS1216-1/2ME,PEX Pipe and Fittings,Min,1216 to 1/2inch Male Elbow,0.0000,Min Level,06 Oct 2025
MIN,PEXS1216-1/2MT,PEX Pipe and Fittings,Min,1216 to 1/2inch Male Tee,0.0000,Min Level,06 Oct 2025
MIN,PEXS1216-1/4M,PEX Pipe and Fittings,Min,1216 to 1/4inch Male Union,0.0000,Min Level,06 Oct 2025
MIN,PEXS1216-10MMS,PEX Pipe and Fittings,Min,1216 to 10mm solder,0.0000,Min Level,06 Oct 2025
MIN,PEXS1216-1216BV,PEX Pipe and Fittings,Min,1216 to 1216 Inline Ball Valve,0.0000,Min Level,06 Oct 2025
MIN,PEXS1216-15MMID,PEX Pipe and Fittings,Min,1216 to 15mm ID Solder,0.0000,Min Level,06 Oct 2025
MIN,PEXS1216-15MMOD,PEX Pipe and Fittings,Min,1216 to 15mm Compression 013A,0.0000,Min Level,06 Oct 2025
MIN,PEXS1216-15MMS,BLOCKED,Min,1216 to 15mm Solder Union,0.0000,Min Level,06 Oct 2025
MIN,PEXS1216-1620,PEX Pipe and Fittings,Min,1216 to 1620 Reducer,0.0000,Min Level,06 Oct 2025
MIN,PEXS1216-1620UE,PEX Pipe and Fittings,Min,1216 to 1620 Unequal Elbow,0.0000,Min Level,06 Oct 2025
MIN,PEXS1216-1620UT,BLOCKED,Min,1216 to 1620 to 1216 Unequal Tee,0.0000,Min Level,06 Oct 2025
MIN,PEXS1216-2025R,PEX Pipe and Fittings,Min,1216 to 2025 Reducer,0.0000,Min Level,06 Oct 2025
MIN,PEXS1216-2025RU,BLOCKED,Min,1216 to 2025 Reducing Union,0.0000,Min Level,06 Oct 2025
MIN,PEXS1216-2025UE,BLOCKED,Min,1216 to 2025 Unequal Elbow,0.0000,Min Level,06 Oct 2025
MIN,PEXS1216-2025UT,PEX Pipe and Fittings,Min,1216 to 2025 to 1216 Unequal Tee,0.0000,Min Level,06 Oct 2025
MIN,PEXS1216-3/4F,PEX Pipe and Fittings,Min,1216 to 3/4inch Female,0.0000,Min Level,06 Oct 2025
MIN,PEXS1216-3/4M,PEX Pipe and Fittings,Min,1216 to 3/4inch Male Union,0.0000,Min Level,06 Oct 2025
MIN,PEXS1216-3/8C,PEX Pipe and Fittings,Min,1216 to 3/8inch Compression,0.0000,Min Level,06 Oct 2025
MIN,PEXS1216-3/8M,PEX Pipe and Fittings,Min,1216 to 3/8inch Male,0.0000,Min Level,06 Oct 2025
MIN,PEXS1216-3/8MBV,PEX Pipe and Fittings,Min,1216 to 3/8inch Male Ball Valve,0.0000,Min Level,06 Oct 2025
MIN,PEXS1216-3/8ME,PEX Pipe and Fittings,Min,1216 to 3/8inch Male Elbow,0.0000,Min Level,06 Oct 2025
MIN,PEXS1216-5/16C,PEX Pipe and Fittings,Min,1216 to 5/16inch Compression,0.0000,Min Level,06 Oct 2025
MIN,PEXS1216-5/16M,BLOCKED,Min,1216 to 5/16inch Male,0.0000,Min Level,06 Oct 2025
MIN,PEXS1216-8MMS,PEX Pipe and Fittings,Min,1216 to 8mm Solder Union,0.0000,Min Level,06 Oct 2025
MIN,PEXS1216-HT,PEX Pipe and Fittings,Min,1216 to Hosetail Direct 8mm,0.0000,Min Level,06 Oct 2025
MIN,PEXS1216-HTBH,PEX Pipe and Fittings,Min,1216 to Hosetail Bulkhead,0.0000,Min Level,06 Oct 2025
MIN,PEXS1216-SCU1/2,PEX Pipe and Fittings,Min,1216 to 1/2inch Compression,0.0000,Min Level,06 Oct 2025
MIN,PEXS1216-T10BVC,PEX Pipe and Fittings,Min,1216 to Hosetail Ball Valve Crimp,0.0000,Min Level,06 Oct 2025
MIN,PEXS12161/2FWME,PEX Pipe and Fittings,Min,1216 to 1/2inch Female Wall Mounted Elbow,0.0000,Min Level,06 Oct 2025
MIN,PEXS121612FT,BLOCKED,Min,1216 to 1/2inch Female to 1216 Unequal Tee,0.0000,Min Level,06 Oct 2025
MIN,PEXS121612ME,BLOCKED,Min,1216 to 1/2inch Male Elbow,0.0000,Min Level,06 Oct 2025
MIN,PEXS121612MT,BLOCKED,Min,1216 to 1/2inch Male to 1216 Unequal Tee,0.0000,Min Level,06 Oct 2025
MIN,PEXS1216C,PEX Pipe and Fittings,Min,1216 Collar Only,0.0000,Min Level,06 Oct 2025
MIN,PEXS1216CSOC,PEX Pipe and Fittings,Min,1216 Closed Socket,0.0000,Min Level,06 Oct 2025
MIN,PEXS1216CSOCF,BLOCKED,Min,1216 Closed Socket with Flat Bottom,0.0000,Min Level,06 Oct 2025
MIN,PEXS1216CUTTER,PEX Pipe and Fittings,Min,42mm Pipe Cutter,0.0000,Min Level,06 Oct 2025
MIN,PEXS1216EC,PEX Pipe and Fittings,Min,1216 End Cap,0.0000,Min Level,06 Oct 2025
MIN,PEXS1216EE,PEX Pipe and Fittings,Min,1216 to 1216 Equal Elbow,0.0000,Min Level,06 Oct 2025
MIN,PEXS1216ET,PEX Pipe and Fittings,Min,1216 to 1216 to 1216 Equal Tee,0.0000,Min Level,06 Oct 2025
MIN,PEXS1216EU,PEX Pipe and Fittings,Min,1216 to 1216 Equal Union,0.0000,Min Level,06 Oct 2025
MIN,PEXS1216IBPT,PEX Pipe and Fittings,Min,1216 Insert Bendable Pressing Tool,0.0000,Min Level,06 Oct 2025
MIN,PEXS1216IBS,PEX Pipe and Fittings,Min,1216 Inner Bending Spring,0.0000,Min Level,06 Oct 2025
MIN,PEXS1216INSERC2,PEX Pipe and Fittings,Min,1216 insert for Clamp 2,0.0000,Min Level,06 Oct 2025
MIN,PEXS1216INSERT1,PEX Pipe and Fittings,Min,1216 Crimp Insert for Clamp 1,0.0000,Min Level,06 Oct 2025
MIN,PEXS1216MC,PEX Pipe and Fittings,Min,Pexs 1216 Mini Clamp,0.0000,Min Level,06 Oct 2025
MIN,PEXS1216OBS,PEX Pipe and Fittings,Min,1216 Outer Bending Spring,0.0000,Min Level,06 Oct 2025
MIN,PEXS1216ORING,PEX Pipe and Fittings,Min,1216 O'Ring,0.0000,Min Level,06 Oct 2025
MIN,PEXS1216PHBS,PEX Pipe and Fittings,Min,1216 Plastic Holder Bats,0.0000,Min Level,06 Oct 2025
MIN,PEXS1216SP,BLOCKED,Min,1216 Sprague Sleeve Gas UPI p/m Stone,0.0000,Min Level,06 Oct 2025
MIN,PEXS1216SS,BLOCKED,Min,1216 Pex Protective Sleeve - Soft 20m,0.0000,Min Level,06 Oct 2025
MIN,PEXS1216SSS,PEX Pipe and Fittings,Min,1216 Stainless Steel Sleeve,0.0000,Min Level,06 Oct 2025
MIN,PEXS1216TP,PEX Pipe and Fittings,Min,1216 Test Point,0.0000,Min Level,06 Oct 2025
MIN,PEXS1216UVPS,BLOCKED,Min,1216 UV PROTECTIVE IMPACT SLEEVE p/m 50m,0.0000,Min Level,06 Oct 2025
MIN,PEXS1216WMSO,PEX Pipe and Fittings,Min,1216 Wall Mount Sockets Open,0.0000,Min Level,06 Oct 2025
MIN,PEXS1620-1/2F,PEX Pipe and Fittings,Min,1620 to 1/2inch Female Union,0.0000,Min Level,06 Oct 2025
MIN,PEXS1620-1/2FD,PEX Pipe and Fittings,Min,1620 to 1/2inch Demountable Female,0.0000,Min Level,06 Oct 2025
MIN,PEXS1620-1/2FE,PEX Pipe and Fittings,Min,1620 to 1/2inch Female Elbow,0.0000,Min Level,06 Oct 2025
MIN,PEXS1620-1/2FT,PEX Pipe and Fittings,Min,1620 to 1/2inch Female Tee,0.0000,Min Level,06 Oct 2025
MIN,PEXS1620-1/2M,PEX Pipe and Fittings,Min,1620 to 1/2inch Male Union,0.0000,Min Level,06 Oct 2025
MIN,PEXS1620-1/2ME,PEX Pipe and Fittings,Min,1620 to 1/2inch Male Elbow,0.0000,Min Level,06 Oct 2025
MIN,PEXS1620-1/2MT,PEX Pipe and Fittings,Min,1620 to 1/2inch Male Tee,0.0000,Min Level,06 Oct 2025
MIN,PEXS1620-1/4M,PEX Pipe and Fittings,Min,1620 to 1/4 inch Male,0.0000,Min Level,06 Oct 2025
MIN,PEXS1620-1216RE,BLOCKED,Min,1620 to 1216 Reducing Elbow,0.0000,Min Level,06 Oct 2025
MIN,PEXS1620-1216UT,PEX Pipe and Fittings,Min,1620 to 1216 to 1620 Unequal Tee,0.0000,Min Level,06 Oct 2025
MIN,PEXS1620-1620BV,PEX Pipe and Fittings,Min,1620 to 1620 Inline Ball Valve,0.0000,Min Level,06 Oct 2025
MIN,PEXS1620-3/4F,PEX Pipe and Fittings,Min,1620 to 3/4inch Female Union,0.0000,Min Level,06 Oct 2025
MIN,PEXS1620-3/4FD,PEX Pipe and Fittings,Min,1620 to 3/4inch Demountable Female,0.0000,Min Level,06 Oct 2025
MIN,PEXS1620-3/4FE,PEX Pipe and Fittings,Min,1620 to 3/4inch Female Elbow,0.0000,Min Level,06 Oct 2025
MIN,PEXS1620-3/4M,PEX Pipe and Fittings,Min,1620 to 3/4inch Male Union,0.0000,Min Level,06 Oct 2025
MIN,PEXS1620-3/8M,PEX Pipe and Fittings,Min,1620 to 3/8inch Male Union,0.0000,Min Level,06 Oct 2025
MIN,PEXS1620-HT,PEX Pipe and Fittings,Min,1620 to 8mm Hosetail Direct,0.0000,Min Level,06 Oct 2025
MIN,PEXS1620C,PEX Pipe and Fittings,Min,1620 Collar Only,0.0000,Min Level,06 Oct 2025
MIN,PEXS1620CSOC,PEX Pipe and Fittings,Min,1620 Closed Socket,0.0000,Min Level,06 Oct 2025
MIN,PEXS1620CUTTER,BLOCKED,Min,1620 Cutter,0.0000,Min Level,06 Oct 2025
MIN,PEXS1620EC,PEX Pipe and Fittings,Min,1620 End Cap,0.0000,Min Level,06 Oct 2025
MIN,PEXS1620EE,PEX Pipe and Fittings,Min,1620 Equal Elbow,0.0000,Min Level,06 Oct 2025
MIN,PEXS1620ET,PEX Pipe and Fittings,Min,1620 to 1620 to 1620 Equal Tee,0.0000,Min Level,06 Oct 2025
MIN,PEXS1620EU,PEX Pipe and Fittings,Min,1620 Equal Union,0.0000,Min Level,06 Oct 2025
MIN,PEXS1620IBPT,PEX Pipe and Fittings,Min,1620 Insert - Bendable Pressing Tool,0.0000,Min Level,06 Oct 2025
MIN,PEXS1620IBS,PEX Pipe and Fittings,Min,1620 Inner Bending Spring,0.0000,Min Level,06 Oct 2025
MIN,PEXS1620INSERC2,PEX Pipe and Fittings,Min,1620 Insert for Clamp 2,0.0000,Min Level,06 Oct 2025
MIN,PEXS1620INSERT1,PEX Pipe and Fittings,Min,1620 Crimp Insert for Clamp 1,0.0000,Min Level,06 Oct 2025
MIN,PEXS1620OBS,PEX Pipe and Fittings,Min,1620 Outer Bending Spring,0.0000,Min Level,06 Oct 2025
MIN,PEXS1620ORING,PEX Pipe and Fittings,Min,1620 O' Ring,0.0000,Min Level,06 Oct 2025
MIN,PEXS1620REAMER,BLOCKED,Min,1620 Reamer,0.0000,Min Level,06 Oct 2025
MIN,PEXS1620SLEEVE,BLOCKED,Min,1620 Sleeves Only,0.0000,Min Level,06 Oct 2025
MIN,PEXS1620SS,BLOCKED,Min,1620 Pex Protective Sleeve - Soft 20m,0.0000,Min Level,06 Oct 2025
MIN,PEXS1620SSS,PEX Pipe and Fittings,Min,1620 Stainless Steel Sleeve,0.0000,Min Level,06 Oct 2025
MIN,PEXS1620TP,PEX Pipe and Fittings,Min,1620 Test Point,0.0000,Min Level,06 Oct 2025
MIN,PEXS1620WMSO,PEX Pipe and Fittings,Min,1620 Wall Mount Socket Open,0.0000,Min Level,06 Oct 2025
MIN,PEXS2025-1/2F,PEX Pipe and Fittings,Min,2025 to 1/2inch Female Union,0.0000,Min Level,06 Oct 2025
MIN,PEXS2025-1/2FE,PEX Pipe and Fittings,Min,2025 to 1/2inch Female Elbow,0.0000,Min Level,06 Oct 2025
MIN,PEXS2025-1/2FT,PEX Pipe and Fittings,Min,2025 to 1/2inch Female Tee,0.0000,Min Level,06 Oct 2025
MIN,PEXS2025-1/2M,PEX Pipe and Fittings,Min,2025 to 1/2inch Male,0.0000,Min Level,06 Oct 2025
MIN,PEXS2025-1/2ME,PEX Pipe and Fittings,Min,2025 to 1/2inch Male Elbow,0.0000,Min Level,06 Oct 2025
MIN,PEXS2025-1216R,PEX Pipe and Fittings,Min,2025 to 1216 Reducer,0.0000,Min Level,06 Oct 2025
MIN,PEXS2025-1216RE,PEX Pipe and Fittings,Min,2025 to 1216 Reducing Elbow,0.0000,Min Level,06 Oct 2025
MIN,PEXS2025-1216UE,PEX Pipe and Fittings,Min,2025 to 1216 Unequal Elbow,0.0000,Min Level,06 Oct 2025
MIN,PEXS2025-1216UT,PEX Pipe and Fittings,Min,2025 to 1216 to 2025 Unequal Tee,0.0000,Min Level,06 Oct 2025
MIN,PEXS2025-1620R,PEX Pipe and Fittings,Min,2025 to 1620 Reducer,0.0000,Min Level,06 Oct 2025
MIN,PEXS2025-1620RE,PEX Pipe and Fittings,Min,2025 to 1620 Reducing Elbow,0.0000,Min Level,06 Oct 2025
MIN,PEXS2025-1620UT,PEX Pipe and Fittings,Min,2025 to 1620 to 2025 Unequal Tee,0.0000,Min Level,06 Oct 2025
MIN,PEXS2025-2025BV,PEX Pipe and Fittings,Min,2025 to 2025 Inline Ball Valve,0.0000,Min Level,06 Oct 2025
MIN,PEXS2025-3/4F,PEX Pipe and Fittings,Min,2025 to 3/4inch Female Union,0.0000,Min Level,06 Oct 2025
MIN,PEXS2025-3/4FD,PEX Pipe and Fittings,Min,2025 to 3/4inch Female Demountable Union,0.0000,Min Level,06 Oct 2025
MIN,PEXS2025-3/4M,PEX Pipe and Fittings,Min,2025 to 3/4inch Male,0.0000,Min Level,06 Oct 2025
MIN,PEXS2025-3/8M,PEX Pipe and Fittings,Min,2025 to 3/8inch Male Union,0.0000,Min Level,06 Oct 2025
MIN,PEXS2025C,PEX Pipe and Fittings,Min,2025 Collar Only,0.0000,Min Level,06 Oct 2025
MIN,PEXS2025CSOC,PEX Pipe and Fittings,Min,2025 Wall Mount Sockets Closed,0.0000,Min Level,06 Oct 2025
MIN,PEXS2025EC,PEX Pipe and Fittings,Min,2025 End Cap,0.0000,Min Level,06 Oct 2025
MIN,PEXS2025EE,PEX Pipe and Fittings,Min,2025 Equal Elbow,0.0000,Min Level,06 Oct 2025
MIN,PEXS2025ET,PEX Pipe and Fittings,Min,2025 Equal Tee,0.0000,Min Level,06 Oct 2025
MIN,PEXS2025EU,PEX Pipe and Fittings,Min,2025 Equal Union,0.0000,Min Level,06 Oct 2025
MIN,PEXS2025IBS,PEX Pipe and Fittings,Min,2025 Inner Bending Spring,0.0000,Min Level,06 Oct 2025
MIN,PEXS2025OBS,PEX Pipe and Fittings,Min,2025 Outer Bending Spring,0.0000,Min Level,06 Oct 2025
MIN,PEXS2025OR,PEX Pipe and Fittings,Min,2025 O' Ring,0.0000,Min Level,06 Oct 2025
MIN,PEXS2025SS,BLOCKED,Min,2025 Pex Protective Sleeve - Soft 20m,0.0000,Min Level,06 Oct 2025
MIN,PEXS2025SSS,PEX Pipe and Fittings,Min,2025 Stainless Steel Sleeve,0.0000,Min Level,06 Oct 2025
MIN,PEXS2025WMSO,PEX Pipe and Fittings,Min,2025 Wall Mount Socket Open,0.0000,Min Level,06 Oct 2025
MIN,PEXS2026EU,BLOCKED,Min,2025 Equal Union,0.0000,Min Level,06 Oct 2025
MIN,PEXS2632-3/4F,PEX Pipe and Fittings,Min,2632 to 3/4 femlae union,0.0000,Min Level,06 Oct 2025
MIN,PEXS2632-3/4M,PEX Pipe and Fittings,Min,2632 to 3/4 male,0.0000,Min Level,06 Oct 2025
MIN,PEXS2632EE,PEX Pipe and Fittings,Min,2632 Equal Elbow,0.0000,Min Level,06 Oct 2025
MIN,PEXS2632ISERC2,PEX Pipe and Fittings,Min,2632 Insert for Crimping Tool 2,0.0000,Min Level,06 Oct 2025
MIN,PEXSCRIMPTOOL1,PEX Pipe and Fittings,Min,PEX Crimping Tool (inc 2 inserts),0.0000,Min Level,06 Oct 2025
MIN,PEXSCRIMPTOOL2,PEX Pipe and Fittings,Min,Adjustable Crimping Tool (inc 4 inserts),0.0000,Min Level,06 Oct 2025
MIN,PEXSCRIMPTOOL3,PEX Pipe and Fittings,Min,PEX Hand Press Tool 1216 only,0.0000,Min Level,06 Oct 2025
MIN,PEXSINSERT20252,PEX Pipe and Fittings,Min,2025 Insert for Crimping Tool 2,0.0000,Min Level,06 Oct 2025
MIN,PEXSMAN2,PEX Pipe and Fittings,Min,2 Manifold PEX,0.0000,Min Level,06 Oct 2025
MIN,PEXSMAN3,PEX Pipe and Fittings,Min,3 Manifold PEX,0.0000,Min Level,06 Oct 2025
MIN,PEXSOBS2025,PEX Pipe and Fittings,Min,Outer Bending Spring - 2025,0.0000,Min Level,06 Oct 2025
MIN,PEXSOBS2632,PEX Pipe and Fittings,Min,Outer Bending Spring - 2632,0.0000,Min Level,06 Oct 2025
MIN,PEXSREAMER,PEX Pipe and Fittings,Min,PEX Reamer,0.0000,Min Level,06 Oct 2025
MIN,PEXSREAML,PEX Pipe and Fittings,Min,Large Pex Reamer,0.0000,Min Level,06 Oct 2025
MIN,PEXSSPRAG20MMS,PEX Pipe and Fittings,Min,S20mm - Sprag 20mm (50m)split,0.0000,Min Level,06 Oct 2025
MIN,PEXSTPK,PEX Pipe and Fittings,Min,Pexs Test Point Kit,0.0000,Min Level,06 Oct 2025
MIN,PEXSUVSP25,PEX Pipe and Fittings,Min,UV Sprague for PEX 25mm Yellow,0.0000,Min Level,06 Oct 2025
MIN,PEXSUVSP32,PEX Pipe and Fittings,Min,UV Sprague for PEX 32mm Yellow,0.0000,Min Level,06 Oct 2025
MIN,PEXW0001,PEX Pipe and Fittings,Min,WATER-Pex Pipe 1216 p/m,0.0000,Min Level,06 Oct 2025
MIN,PEXW0002,PEX Pipe and Fittings,Min,WATER-Pex Pipe 1620 p/m,0.0000,Min Level,06 Oct 2025
MIN,PEXW0003,PEX Pipe and Fittings,Min,WATER-Pex Pipe 2025 p/m,0.0000,Min Level,06 Oct 2025
MIN,PEXW1/2-1/2AV,PEX Pipe and Fittings,Min,WATER PEXS 1/2 to 1/2 Angle Valve,0.0000,Min Level,06 Oct 2025
MIN,PEXW1216-1/2F,PEX Pipe and Fittings,Min,WATER PEXS 1216 to 1/2 Female Union,0.0000,Min Level,06 Oct 2025
MIN,PEXW1216-1/2FE,PEX Pipe and Fittings,Min,WATER PEXS 1216 to 1/2 Female Elbow,0.0000,Min Level,06 Oct 2025
MIN,PEXW1216-1/2FEW,PEX Pipe and Fittings,Min,WATER PEXS 1216 to 1/2 Female Elbow Wall Plate,0.0000,Min Level,06 Oct 2025
MIN,PEXW1216-1/2M,PEX Pipe and Fittings,Min,WATER PEXS 1216 to 12inch Male Union,0.0000,Min Level,06 Oct 2025
MIN,PEXW1216-1/2ME,PEX Pipe and Fittings,Min,WATER PEXS 1216 to 1/2 Male Elbow,0.0000,Min Level,06 Oct 2025
MIN,PEXW1216-1216BV,PEX Pipe and Fittings,Min,WATER PEXS 1216 to 1216 Inline Ball Valve,0.0000,Min Level,06 Oct 2025
MIN,PEXW1216-1216SU,PEX Pipe and Fittings,Min,WATER PEXS 1216 to 1216 Straight Union,0.0000,Min Level,06 Oct 2025
MIN,PEXW1216-15C,PEX Pipe and Fittings,Min,WATER PEXS 1216 to 15mm Conex,0.0000,Min Level,06 Oct 2025
MIN,PEXW1216-15EMW,PEX Pipe and Fittings,Min,WATER PEXS 1216 to 15 Elbow Multi Weld,0.0000,Min Level,06 Oct 2025
MIN,PEXW1216-1620UE,PEX Pipe and Fittings,Min,WATER PEXS 1216 to 1620 Unequal Elbow,0.0000,Min Level,06 Oct 2025
MIN,PEXW1216-3/4F,PEX Pipe and Fittings,Min,WATER PEXS 1216 to 3/4 Female Union,0.0000,Min Level,06 Oct 2025
MIN,PEXW1216-3/4M,PEX Pipe and Fittings,Min,WATER-1216 to 3/4 Male Union,0.0000,Min Level,06 Oct 2025
MIN,PEXW1216EE,PEX Pipe and Fittings,Min,WATER PEXS 1216 to 1216 Equal Elbow,0.0000,Min Level,06 Oct 2025
MIN,PEXW1216ET,PEX Pipe and Fittings,Min,WATER PEXS 1216 to 1216 Equal Tee,0.0000,Min Level,06 Oct 2025
MIN,PEXW1620-1/2F,PEX Pipe and Fittings,Min,WATER PEXS 1620 to 1/2inch Female Union,0.0000,Min Level,06 Oct 2025
MIN,PEXW1620-1/2FE,PEX Pipe and Fittings,Min,WATER PEXS 1620 to 1/2 Female Elbow,0.0000,Min Level,06 Oct 2025
MIN,PEXW1620-1/2FEW,PEX Pipe and Fittings,Min,WATER PEXS 1620 to 1/2inch Female Elbow Wall Plate,0.0000,Min Level,06 Oct 2025
MIN,PEXW1620-1/2M,PEX Pipe and Fittings,Min,WATER PEXS 1620 to 1/2inch Male,0.0000,Min Level,06 Oct 2025
MIN,PEXW1620-1216RC,PEX Pipe and Fittings,Min,WATER PEXS 1620 to 1216 Reducing Coupler,0.0000,Min Level,06 Oct 2025
MIN,PEXW1620-1216UT,PEX Pipe and Fittings,Min,WATER PEXS 1620 to 1216 Unequal Tee,0.0000,Min Level,06 Oct 2025
MIN,PEXW1620-15C,PEX Pipe and Fittings,Min,WATER PEXS 1620 to 15 Conex to 20mm Pex,0.0000,Min Level,06 Oct 2025
MIN,PEXW1620-15EMW,PEX Pipe and Fittings,Min,WATER PEXS 1620 to 15 Elbow Multi Weld,0.0000,Min Level,06 Oct 2025
MIN,PEXW1620-1620SU,PEX Pipe and Fittings,Min,WATER PEXS 1620 to 1620 Straight Union,0.0000,Min Level,06 Oct 2025
MIN,PEXW1620-22C,PEX Pipe and Fittings,Min,WATER PEXS 1620 to 22mm Compression/Connex,0.0000,Min Level,06 Oct 2025
MIN,PEXW1620-3/4F,PEX Pipe and Fittings,Min,WATER PEXS 1620 to 3/4 Female Union,0.0000,Min Level,06 Oct 2025
MIN,PEXW1620_ASTK_3/4FD,PEX Pipe and Fittings,Min,WATER-1620_ASTK_3/4FD,0.0000,Min Level,06 Oct 2025
MIN,PEXW1620_ASTK_3/4M,PEX Pipe and Fittings,Min,WATER-1620_ASTK_3/4inchMale Union,0.0000,Min Level,06 Oct 2025
MIN,PEXW1620_ASTK_3/4ME,PEX Pipe and Fittings,Min,WATER-1620_ASTK_3/4 Male Elbow,0.0000,Min Level,06 Oct 2025
MIN,PEXW1620EE,PEX Pipe and Fittings,Min,WATER-1620_ASTK_1620 Equal Elbow,0.0000,Min Level,06 Oct 2025
MIN,PEXW1620ET,PEX Pipe and Fittings,Min,WATER-1620_ASTK_1620 Equal Tee,0.0000,Min Level,06 Oct 2025
MIN,PEXW2025_ASTK_1/2F,PEX Pipe and Fittings,Min,WATER-2025_ASTK_1/2inch Female Union,0.0000,Min Level,06 Oct 2025
MIN,PEXW2025_ASTK_1/2M,PEX Pipe and Fittings,Min,WATER-2025_ASTK_1/2inch Male Union,0.0000,Min Level,06 Oct 2025
MIN,PEXW2025_ASTK_1216RC,PEX Pipe and Fittings,Min,WATER-2025_ASTK_1216 Reducing Coupler,0.0000,Min Level,06 Oct 2025
MIN,PEXW2025_ASTK_1216UT,PEX Pipe and Fittings,Min,WATER-2025_ASTK_1216 Unequal Tee,0.0000,Min Level,06 Oct 2025
MIN,PEXW2025_ASTK_1F,PEX Pipe and Fittings,Min,WATER-2025_ASTK_1 Female Union,0.0000,Min Level,06 Oct 2025
MIN,PEXW2025_ASTK_1M,PEX Pipe and Fittings,Min,WATER-2025_ASTK_1inch Male Union,0.0000,Min Level,06 Oct 2025
MIN,PEXW2025-2025SU,,Min,WATER PEXS 2025 to 2025 Straight Union,0.0000,Min Level,06 Oct 2025
MIN,PEXW2025-3/4F,,Min,WATER PEXS 2025 to 3/4inch Female Union,0.0000,Min Level,06 Oct 2025
MIN,PEXW2025_ASTK_3/4FD,PEX Pipe and Fittings,Min,WATER-2025_ASTK_3/4inch Female Demountable Union,0.0000,Min Level,06 Oct 2025
MIN,PEXW2025_ASTK_3/4FT,PEX Pipe and Fittings,Min,WATER-2025_ASTK_3/4inch Female Tee,0.0000,Min Level,06 Oct 2025
MIN,PEXW2025_ASTK_3/4M,PEX Pipe and Fittings,Min,WATER-2025_ASTK_3/4inch Male Union,0.0000,Min Level,06 Oct 2025
MIN,PEXW2025EE,PEX Pipe and Fittings,Min,WATER-2025 Equal Elbow,0.0000,Min Level,06 Oct 2025
MIN,PEXW2025ET,PEX Pipe and Fittings,Min,WATER-2025_ASTK_2025 Equal Tee,0.0000,Min Level,06 Oct 2025
MIN,PFTS001,General Spares,Min,Pumpfitt Top Seal,0.0000,Min Level,06 Oct 2025
MIN,PG13,Gas Piping,Min,Pipe Clamp 12mm steel - Holder Bat,0.0000,Min Level,06 Oct 2025
MIN,PG13010001,Regulators/Pigtails,Min,Pressure Gauge 0-250kPa 63mm HP,0.0000,Min Level,06 Oct 2025
MIN,PG13010003,Regulators/Pigtails,Min,Pressure Gauge 0-6kpa 63mm,0.0000,Min Level,06 Oct 2025
MIN,PGGA68BB,Regulators/Pigtails,Min,Pressure Gauge 68mm 0-16kPa,0.0000,Min Level,06 Oct 2025
MIN,PH28CMDV,Gas Water Heaters _AND_ Access,Min,28lt Eco Max Internal Paloma,0.0000,Min Level,06 Oct 2025
MIN,PH28CMX,Gas Water Heaters _AND_ Access,Min,Paloma 28l External Gas Geyser,0.0000,Min Level,06 Oct 2025
MIN,PHTT20,Cylinders/Heaters/General,Min,Table Top Patio heater,0.0000,Min Level,06 Oct 2025
MIN,PHW,Lamps _AND_ General,Min,Pariffin Wick Cotton 7/8inch 10m Roll,0.0000,Min Level,06 Oct 2025
MIN,PPEDMAT,BLOCKED,Min,Disinfectant mat 70cm x 90cm,0.0000,Min Level,06 Oct 2025
MIN,PPEFSC,BLOCKED,Min,Face Shield Clear,0.0000,Min Level,06 Oct 2025
MIN,PPEMMR,BLOCKED,Min,Material Mask Reusable,0.0000,Min Level,06 Oct 2025
MIN,PPEMMRD,BLOCKED,Min,Material Mask Reusable Double,0.0000,Min Level,06 Oct 2025
MIN,PPP003,General Spares,Min,Primus Stove - Valve Spanner,0.0000,Min Level,06 Oct 2025
MIN,PPP005,General Spares,Min,Primus Stove - Nipple No1,0.0000,Min Level,06 Oct 2025
MIN,PPP009,General Spares,Min,Primus Stove - Head Washer No 1-31,0.0000,Min Level,06 Oct 2025
MIN,PPP013,General Spares,Min,Primus Stove - Leather Pump/Washer 008,0.0000,Min Level,06 Oct 2025
MIN,PPP015,General Spares,Min,Primus Stove - Flame Ring No 1-002,0.0000,Min Level,06 Oct 2025
MIN,PPP017,General Spares,Min,Primus Stove - Valve 009,0.0000,Min Level,06 Oct 2025
MIN,PPP018,General Spares,Min,Primus Stove - Cleaning Needles,0.0000,Min Level,06 Oct 2025
MIN,PPP030,General Spares,Min,Primus Stove - Roarer Head No 1,0.0000,Min Level,06 Oct 2025
MIN,PPP031,General Spares,Min,Primus Stove - Silent Head No 5,0.0000,Min Level,06 Oct 2025
MIN,PPP034,General Spares,Min,Primus Stove - Pump No 1,0.0000,Min Level,06 Oct 2025
MIN,PPP035,Hardware,Min,Paraffin Pump - 20l,0.0000,Min Level,06 Oct 2025
MIN,PPW004,General Spares,Min,Heater Wick R5,0.0000,Min Level,06 Oct 2025
MIN,PRIMSTO,Stove _AND_ Hobs,Min,Primus Stove Original,0.0000,Min Level,06 Oct 2025
MIN,PRJB001,BLOCKED,Min,Portable and Rechargeable Juice Blender,0.0000,Min Level,06 Oct 2025
MIN,PSB001,BLOCKED,Min,Pedestal Single burner (Wok),0.0000,Min Level,06 Oct 2025
MIN,PTFE1,BLOCKED,Min,12mm x 10m (Made in RSA),0.0000,Min Level,06 Oct 2025
MIN,PTFE1950B,PTFE Tape,Min,19mm x 50m 0.1mm (blue cover),0.0000,Min Level,06 Oct 2025
MIN,PTFE1B,BLOCKED,Min,12mm X 10M,0.0000,Min Level,06 Oct 2025
MIN,PTFE1BN,PTFE Tape,Min,12mm x12m 0.100mm 0.45g/cm (blue cover),0.0000,Min Level,06 Oct 2025
MIN,PTFE2,BLOCKED,Min,12mm x 40m,0.0000,Min Level,06 Oct 2025
MIN,PTFE3,PTFE Tape,Min,12mm x 20m (Made in RSA),0.0000,Min Level,06 Oct 2025
MIN,PTFE3B,PTFE Tape,Min,19mm x 1mm x 30m x 6 5grams (Gas),0.0000,Min Level,06 Oct 2025
MIN,PTFE4,BLOCKED,Min,19mm x 40m (Made in RSA),0.0000,Min Level,06 Oct 2025
MIN,PTFE4B,BLOCKED,Min,19mm x 40M,0.0000,Min Level,06 Oct 2025
MIN,PTFE4BH,PTFE Tape,Min,19mm x 0.1mm x 40m - 0.45g/cm,0.0000,Min Level,06 Oct 2025
MIN,PTFEG,PTFE Tape,Min,12mm x 12m x .65gram (Gas cream tape),0.0000,Min Level,06 Oct 2025
MIN,PTFEGW,PTFE Tape,Min,12mm x 12metre .65gram (Gas White tape),0.0000,Min Level,06 Oct 2025
MIN,PTFEP,PTFE Tape,Min,12mm x 0.075mm x 10m (red/pink cover),0.0000,Min Level,06 Oct 2025
MIN,PTFEPE,PTFE Tape,Min,19mm x 30mm x 0.45g 100mic PE,0.0000,Min Level,06 Oct 2025
MIN,PTFEQ,BLOCKED,Min,12mm x 0.075mm x 10m (red min 1000),0.0000,Min Level,06 Oct 2025
MIN,PTFESB1,BLOCKED,Min,12mm x 12m 100mic .65gram Gas white,0.0000,Min Level,06 Oct 2025
MIN,PTGCS,General Spares,Min,Pump to Gearbox Connector Set,0.0000,Min Level,06 Oct 2025
MIN,PUM005,Gas Water Heaters _AND_ Access,Min,Pump Adaptor 6lt _AND_ 12lt,0.0000,Min Level,06 Oct 2025
MIN,PWDRC,Solar Mounting Solutions,Min,Powder coating,0.0000,Min Level,06 Oct 2025
MIN,QRBC50,Boiling Table/Burners,Min,Four Ring Burner,0.0000,Min Level,06 Oct 2025
MIN,RAM5016,BLOCKED,Min,SSF - Scissors Saftey Folding,0.0000,Min Level,06 Oct 2025
MIN,REG03010005,BLOCKED,Min,12kg/hr Adjustable LP Reg 1/4inch x 1/2inch,0.0000,Min Level,06 Oct 2025
MIN,REG03020101,Regulators/Pigtails,Min,18kg 1/4inchF.NPT 1st HP stage regulator,0.0000,Min Level,06 Oct 2025
MIN,REG03020102,Regulators/Pigtails,Min,70kg p/h HP Regulator 1/2inch,0.0000,Min Level,06 Oct 2025
MIN,REG03020104,Regulators/Pigtails,Min,21kg 1/4inchF 1st Stage Regulator HP,0.0000,Min Level,06 Oct 2025
MIN,REG03030011,Regulators/Pigtails,Min,RG015-2B 1/2inch Governor 2 Bar in 10-27mBa,0.0000,Min Level,06 Oct 2025
MIN,REG03030020,Regulators/Pigtails,Min,EKB25/GB5 regulator U type G 28mb,0.0000,Min Level,06 Oct 2025
MIN,REG03030022,Regulators/Pigtails,Min,10kg Regulator Type Q ERG-SE,0.0000,Min Level,06 Oct 2025
MIN,REG03030023,Regulators/Pigtails,Min,ERG-SE 50 Regulatror 1inchFC,0.0000,Min Level,06 Oct 2025
MIN,REG03030101,Regulators/Pigtails,Min,20kg 1/2inchF 2nd Stage Regulator,0.0000,Min Level,06 Oct 2025
MIN,REG03040002,Regulators/Pigtails,Min,15kg 1/4inchF.NPT x 1/2inchF.NPT two stage reg,0.0000,Min Level,06 Oct 2025
MIN,REG10BP456,Regulators/Pigtails,Min,10kg/h 3/4inch Novacomet 3.7kpa 37mlb,0.0000,Min Level,06 Oct 2025
MIN,REG10LPC,Regulators/Pigtails,Min,10kg LP Inline 2nd Stage Regulator Cav,0.0000,Min Level,06 Oct 2025
MIN,REG10LPM,Regulators/Pigtails,Min,10kg LP Inline Regulator Mondial,0.0000,Min Level,06 Oct 2025
MIN,REG12/18HP,Regulators/Pigtails,Min,12kg High Pressure adjustable Reg,0.0000,Min Level,06 Oct 2025
MIN,REG12LP,Regulators/Pigtails,Min,12kg Low Pressure inline,0.0000,Min Level,06 Oct 2025
MIN,REG12LPSS,Regulators/Pigtails,Min,12kg Single Stage LP Regulator 1/2inch,0.0000,Min Level,06 Oct 2025
MIN,REG20/40HPC,Regulators/Pigtails,Min,20kg - 40kg HP Inline Regulator Cavagna,0.0000,Min Level,06 Oct 2025
MIN,REG2B,Regulators/Pigtails,Min,2kg Bullnose Regulator,0.0000,Min Level,06 Oct 2025
MIN,REG2S15C,Regulators/Pigtails,Min,Cavagna 2 Stage Regulator 15kg 988TW,0.0000,Min Level,06 Oct 2025
MIN,REGAUTOCO,BLOCKED,Min,Auto Changeover Reg 2.8kpa 4kg ACR6,0.0000,Min Level,06 Oct 2025
MIN,REGAUTOCO4KGLP,BLOCKED,Min,Auto Changeover Reg (White) 4kg/h 37mbar,0.0000,Min Level,06 Oct 2025
MIN,REGAUTOCO9KG,BLOCKED,Min,Cavagna LP Auto C/O 9.7kg,0.0000,Min Level,06 Oct 2025
MIN,REGAUTOHPCOK,BLOCKED,Min,High Pressure Auto Changeover Kit,0.0000,Min Level,06 Oct 2025
MIN,REGBHP,Regulators/Pigtails,Min,High Pressure B/N Regulator (Red),0.0000,Min Level,06 Oct 2025
MIN,REGBHP2,BLOCKED,Min,High Pressure B/N Regulator (Cgas),0.0000,Min Level,06 Oct 2025
MIN,REGBHPC,BLOCKED,Min,High Pressure B/N 5-12kg CAVAGNA,0.0000,Min Level,06 Oct 2025
MIN,REGBWG,Regulators/Pigtails,Min,Bullnose Regulator with pressure gauge,0.0000,Min Level,06 Oct 2025
MIN,REGCB,Regulators/Pigtails,Min,Bullnose Regulator-Cadac,0.0000,Min Level,06 Oct 2025
MIN,REGCE401,Regulators/Pigtails,Min,Brass 401 Regulator,0.0000,Min Level,06 Oct 2025
MIN,REGCO10HP,Regulators/Pigtails,Min,Auto Changeover High Pressure Reg 10kg,0.0000,Min Level,06 Oct 2025
MIN,REGCO2S9.7,Regulators/Pigtails,Min,2 Stage Auto C/O Cavagna Reg 9.7kg,0.0000,Min Level,06 Oct 2025
MIN,REGHP12KG,BLOCKED,Min,12kg High Pressure Regulator,0.0000,Min Level,06 Oct 2025
MIN,REGHP15,BLOCKED,Min,15kg High Pressure Regulator,0.0000,Min Level,06 Oct 2025
MIN,REGHP18KG,BLOCKED,Min,18kg 1/4inch NPT 1st stage regulator,0.0000,Min Level,06 Oct 2025
MIN,REGHP20,Regulators/Pigtails,Min,20kg / hr 2.8kPa Regulator,0.0000,Min Level,06 Oct 2025
MIN,REGHPCGASNUT,BLOCKED,Min,3/8inch LH Nut and Hosetail,0.0000,Min Level,06 Oct 2025
MIN,REGHPI5/12KG,BLOCKED,Min,5-12kg Inline HP regulator - Cavagna,0.0000,Min Level,06 Oct 2025
MIN,REGHPI5/12NG,Regulators/Pigtails,Min,5/12kg Inline HP Regulator - no gauge,0.0000,Min Level,06 Oct 2025
MIN,REGI5KGN,BLOCKED,Min,5kg Inline Regulator NV with bracket,0.0000,Min Level,06 Oct 2025
MIN,REGIN,BLOCKED,Min,4kg Vented Inline Regulator _AND_ Bracket,0.0000,Min Level,06 Oct 2025
MIN,REGINM4,Regulators/Pigtails,Min,4kg Inline Regulator Mondial,0.0000,Min Level,06 Oct 2025
MIN,REGINA4,Regulators/Pigtails,Min,4kg Non-Vented Inline Reg _AND_ Brck Astro,0.0000,Min Level,06 Oct 2025
MIN,REGINABR,Regulators/Pigtails,Min,Brackets for Inline Regulators,0.0000,Min Level,06 Oct 2025
MIN,REGINAS,BLOCKED,Min,4kg Astro Regulator Inline No Bracket,0.0000,Min Level,06 Oct 2025
MIN,REGINC5,Regulators/Pigtails,Min,5kg Vented Inline Reg _AND_ Bracket CAVAGNA,0.0000,Min Level,06 Oct 2025
MIN,REGINR300,Regulators/Pigtails,Min,R300 5kg Inline Regulator,0.0000,Min Level,06 Oct 2025
MIN,REGINS4,Regulators/Pigtails,Min,4kg LP Inline Regulator with bracket,0.0000,Min Level,06 Oct 2025
MIN,REGINW4,Regulators/Pigtails,Min,4kg Inline Regulator (WH) NV _AND_ Bracket,0.0000,Min Level,06 Oct 2025
MIN,REGLP10 5KG,BLOCKED,Min,Red Baron LP 10 5kg 2.8kpa (Mondial),0.0000,Min Level,06 Oct 2025
MIN,REGSB,Regulators/Pigtails,Min,Bullnose 1kg /hr - regulator,0.0000,Min Level,06 Oct 2025
MIN,REGSBC,BLOCKED,Min,Bullnose Regulators - Cavagna,0.0000,Min Level,06 Oct 2025
MIN,REGSS,Regulators/Pigtails,Min,Swivel (Cadac) 1.5kg /hr - regulator,0.0000,Min Level,06 Oct 2025
MIN,RETURNS,,Min,Returned -,0.0000,Min Level,06 Oct 2025
MIN,RG025-2B,Regulators/Pigtails,Min,1inch Governor 2 Bar Regulator,0.0000,Min Level,06 Oct 2025
MIN,RH2BSSF,Stove _AND_ Hobs,Min,Red Heart 2 plate s/s stove incl reg/hos,0.0000,Min Level,06 Oct 2025
MIN,RM5001,Camping Products,Min,PH - Aluminium Pot Holder,0.0000,Min Level,06 Oct 2025
MIN,RM5002,Camping Products,Min,CKS - Chow Kit Scout,0.0000,Min Level,06 Oct 2025
MIN,RM5003,Camping Products,Min,CKAS - S/S Chow Kit Army Style,0.0000,Min Level,06 Oct 2025
MIN,RM5007,Camping Products,Min,AMP - Air Mattress Plugs,0.0000,Min Level,06 Oct 2025
MIN,RM5009,Camping Products,Min,LXS - Ultra Light Cutlery Set4pc Clipped,0.0000,Min Level,06 Oct 2025
MIN,RM5011,Camping Products,Min,CM - Compass Map,0.0000,Min Level,06 Oct 2025
MIN,RM5012,Camping Products,Min,FSM - Fire Starter Magnesium,0.0000,Min Level,06 Oct 2025
MIN,RM5013,Camping Products,Min,CW - Compass Wrist,0.0000,Min Level,06 Oct 2025
MIN,RM5014,Camping Products,Min,TCC - Table Cloths Clamps 4pc,0.0000,Min Level,06 Oct 2025
MIN,RM5016,Camping Products,Min,SFS- Scissors Folding Safety,0.0000,Min Level,06 Oct 2025
MIN,RM5020,Camping Products,Min,BM8 - Biners Mini 8mm 2pk,0.0000,Min Level,06 Oct 2025
MIN,RM5021,Camping Products,Min,COGI - Can Opener GI Style,0.0000,Min Level,06 Oct 2025
MIN,RM5023,Camping Products,Min,SP - Saw Pocket,0.0000,Min Level,06 Oct 2025
MIN,RM5031,Camping Products,Min,MACH - Machete,0.0000,Min Level,06 Oct 2025
MIN,RM5033,Camping Products,Min,MRWPP - Mallet Rubber With Peg Puller,0.0000,Min Level,06 Oct 2025
MIN,RM5036,Camping Products,Min,DBSFT - Dustpan _AND_ Broom Set for Tent,0.0000,Min Level,06 Oct 2025
MIN,RM5037,Camping Products,Min,SSF - Shovel Steel Folding,0.0000,Min Level,06 Oct 2025
MIN,RM5040,BLOCKED,Min,TSSF - Toaster Stainless Steel Folding,0.0000,Min Level,06 Oct 2025
MIN,RM5041,Camping Products,Min,PWPS - Pouch Waterproof Small,0.0000,Min Level,06 Oct 2025
MIN,RM5042,Camping Products,Min,PWPM - Medium Waterproof Pouch,0.0000,Min Level,06 Oct 2025
MIN,RM5043,Camping Products,Min,PWPL - Large Waterproof Pouch,0.0000,Min Level,06 Oct 2025
MIN,RM5045,Camping Products,Min,SS20L - Shower Solar 20litre,0.0000,Min Level,06 Oct 2025
MIN,RM5046,Camping Products,Min,TBE -Tarpaulin Blanket Emergency,0.0000,Min Level,06 Oct 2025
MIN,RM5047,BLOCKED,Min,GSMP - Gas Stove Mini Portable (screw),0.0000,Min Level,06 Oct 2025
MIN,RM5051,Camping Products,Min,ALDP - Aluminium Dixies (2pk),0.0000,Min Level,06 Oct 2025
MIN,RMCOM009,BLOCKED,Min,CW1 - Compass Wrist on card,0.0000,Min Level,06 Oct 2025
MIN,RN20EDNM,Gas Water Heaters _AND_ Access,Min,20litre Rinnai External Water Heater,0.0000,Min Level,06 Oct 2025
MIN,RN26EDNM,Gas Water Heaters _AND_ Access,Min,26litre Rinnai External Water Heater,0.0000,Min Level,06 Oct 2025
MIN,RSAC,BLOCKED,Min,Astro Regulator Single Kit,0.0000,Min Level,06 Oct 2025
MIN,RTIWPR,Hardware,Min,Bakkie Windscreen Protection Rubber 2.8m,0.0000,Min Level,06 Oct 2025
MIN,RTM-027S,Canister Gas Products,Min,Mapp Torch - with Hose,0.0000,Min Level,06 Oct 2025
MIN,S1BSSA,Stove _AND_ Hobs,Min,1 Burner Auto Stainless Steel Stove,0.0000,Min Level,06 Oct 2025
MIN,S20WHLP,Gas Water Heaters _AND_ Access,Min,20 Litre Zero Pressure Gas Water Heater,0.0000,Min Level,06 Oct 2025
MIN,S2BAG,BLOCKED,Min,2 Burner Auto Ignition Glass,0.0000,Min Level,06 Oct 2025
MIN,S2BGSA,Stove _AND_ Hobs,Min,2 Burner AutoBlack Glass Top,0.0000,Min Level,06 Oct 2025
MIN,S2BH204S,Stove _AND_ Hobs,Min,2 Burner Stainless Steel Hob,0.0000,Min Level,06 Oct 2025
MIN,S2BHX2G1,Stove _AND_ Hobs,Min,2 Burner Glass Hob,0.0000,Min Level,06 Oct 2025
MIN,S2BSSA,Stove _AND_ Hobs,Min,2 Burner Auto Stainless Steel Auto,0.0000,Min Level,06 Oct 2025
MIN,S2BSSAAL,Stove _AND_ Hobs,Min,2 Burner Stainless Steel Stove (Alu),0.0000,Min Level,06 Oct 2025
MIN,S2BSSAF,BLOCKED,Min,2 Burner Stainless Steel Stove _AND_ Reg/Hos,0.0000,Min Level,06 Oct 2025
MIN,S4BH604MC1,Stove _AND_ Hobs,Min,Hob 4 Burner Stainless Steel - Safegas,0.0000,Min Level,06 Oct 2025
MIN,S4BH640S,Stove _AND_ Hobs,Min,Hob 4 Burner Stainless Steel - Safegas,0.0000,Min Level,06 Oct 2025
MIN,S4BHOB,Stove _AND_ Hobs,Min,Stainless 4 Burner Hob Sunbeam,0.0000,Min Level,06 Oct 2025
MIN,S4BHX4S1,Stove _AND_ Hobs,Min,4 Burner Hob S/S (555mmx485mm),0.0000,Min Level,06 Oct 2025
MIN,S4BHX4S2,Stove _AND_ Hobs,Min,4 Burner Hob Stainless Steel - Safegas,0.0000,Min Level,06 Oct 2025
MIN,S5BH915MCI,BLOCKED,Min,5 Burner Hob S/S,0.0000,Min Level,06 Oct 2025
MIN,S5BH950S1,BLOCKED,Min,5 Burner Hob S/S with glass panel,0.0000,Min Level,06 Oct 2025
MIN,S5BH950S2,BLOCKED,Min,5 Burner Hob S/S,0.0000,Min Level,06 Oct 2025
MIN,S5BHX5G2,Stove _AND_ Hobs,Min,5 Burner Hob -Glass (Safegas),0.0000,Min Level,06 Oct 2025
MIN,S5BHX5G3,Stove _AND_ Hobs,Min,5 Burner Hob - Glass (Safegas),0.0000,Min Level,06 Oct 2025
MIN,S5BHX5S1,Stove _AND_ Hobs,Min,5 Burner Hob - Stainless Steel (Safegas),0.0000,Min Level,06 Oct 2025
MIN,S5BHX5S2,Stove _AND_ Hobs,Min,5 Burner Hob - Stainless Steel (Safegas),0.0000,Min Level,06 Oct 2025
MIN,S9150180060,Hardware,Min,P60 Zirconia Flap D 180mm,0.0000,Min Level,06 Oct 2025
MIN,S9300180060,Hardware,Min,P60 ALOX Fibre Disc 180mm,0.0000,Min Level,06 Oct 2025
MIN,SABEWC2-2,Hardware,Min,Electrical Wire Connector PCT 2-2,0.0000,Min Level,06 Oct 2025
MIN,SABEWC2-3,Hardware,Min,Electrical Wire Connector PCT 2-3,0.0000,Min Level,06 Oct 2025
MIN,SABEWC212,Hardware,Min,Electrical Wire Connector PCT 212,0.0000,Min Level,06 Oct 2025
MIN,SABEWC213,Hardware,Min,Electrical Wire Connector PCT 213,0.0000,Min Level,06 Oct 2025
MIN,SABEWC214,Hardware,Min,Electrical Wire Connector PCT 214,0.0000,Min Level,06 Oct 2025
MIN,SABEWC215,Hardware,Min,Electrical Wire Connector PCT 215,0.0000,Min Level,06 Oct 2025
MIN,SABEWC218,Hardware,Min,Electrical Wire Connector PCT 218,0.0000,Min Level,06 Oct 2025
MIN,SAFNS190,BLOCKED,Min,No smoking sign 190mmx190mm,0.0000,Min Level,06 Oct 2025
MIN,SAFS3190X380,Safety Equipment,Min,3 Safety Signs in Frame 190 x 380,0.0000,Min Level,06 Oct 2025
MIN,SAFSGSO,Safety Equipment,Min,Gas Shut Off Valve Stickers,0.0000,Min Level,06 Oct 2025
MIN,SAFSPECIAL,BLOCKED,Min,Special Safety Sign,0.0000,Min Level,06 Oct 2025
MIN,SAFSPV2,Safety Equipment,Min,Safety Signs Large (Made in RSA),0.0000,Min Level,06 Oct 2025
MIN,SAFSPV3,Safety Equipment,Min,Gas Shut off Valve Sign (Made in RSA),0.0000,Min Level,06 Oct 2025
MIN,SAFSTI,Safety Equipment,Min,Safety Gas Flow Stickers (Made in RSA),0.0000,Min Level,06 Oct 2025
MIN,SAN1000,BLOCKED,Min,1 Litre Sanitiser,0.0000,Min Level,06 Oct 2025
MIN,SAN500,BLOCKED,Min,500ml Sanitiser,0.0000,Min Level,06 Oct 2025
MIN,SAN5000,BLOCKED,Min,5 litre Sanitiser Bottle,0.0000,Min Level,06 Oct 2025
MIN,SANEFS,BLOCKED,Min,Econo Footiser with 1ltre bottle,0.0000,Min Level,06 Oct 2025
MIN,SANEFSB,BLOCKED,Min,Spare Bottle for Foot Sanitiser,0.0000,Min Level,06 Oct 2025
MIN,SANFSG,BLOCKED,Min,Sanitiser Floor Stand Grey,0.0000,Min Level,06 Oct 2025
MIN,SBPVC100,PTFE Tape,Min,High Pressure PVC Glue - 100ml tube,0.0000,Min Level,06 Oct 2025
MIN,SBPVC50,PTFE Tape,Min,High Pressure PVC Glue - 50ml tube,0.0000,Min Level,06 Oct 2025
MIN,SBPVCHBL118,PTFE Tape,Min,PVC Cement Hot Blue Lava 118ml,0.0000,Min Level,06 Oct 2025
MIN,SBPVCHBL237,PTFE Tape,Min,PVC Cement Hot Blue Lava 237ml,0.0000,Min Level,06 Oct 2025
MIN,SBPVCHBL473,PTFE Tape,Min,PVC Cement Hot Blue Lava 473ml,0.0000,Min Level,06 Oct 2025
MIN,SBPVCO118,PTFE Tape,Min,PVC Cement Heavy Duty Clear Oatey 118ml,0.0000,Min Level,06 Oct 2025
MIN,SBPVCO237,PTFE Tape,Min,PVC Cement Heavy Duty Clear Oatey 237ml,0.0000,Min Level,06 Oct 2025
MIN,SBPVCO473,PTFE Tape,Min,PVC Cement Heavy Duty Clear Oatey 473ml,0.0000,Min Level,06 Oct 2025
MIN,SBPVCPCO473,PTFE Tape,Min,Primer _AND_ Cleaner PVC/CPVC Oatey 473ml,0.0000,Min Level,06 Oct 2025
MIN,SBPVCRO118,BLOCKED,Min,PVC Cement Rain Shine Oatey 118ml,0.0000,Min Level,06 Oct 2025
MIN,SBPVCRO237,BLOCKED,Min,PVC Cement Rain Shine Oatey 237ml,0.0000,Min Level,06 Oct 2025
MIN,SBPVCRO473,BLOCKED,Min,PVC Cement Rain Shine Oatey 473ml,0.0000,Min Level,06 Oct 2025
MIN,SBQPSA,PTFE Tape,Min,Quiet Pipe Shock Absorber,0.0000,Min Level,06 Oct 2025
MIN,SBSWGC,BLOCKED,Min,Self Stripping Elec Wire Gel Connector,0.0000,Min Level,06 Oct 2025
MIN,SBT10,Boiling Table/Burners,Min,Single Cast Iron Boiling Table,0.0000,Min Level,06 Oct 2025
MIN,SBWCC,Hardware,Min,Waterproof Conjoint Connectors,0.0000,Min Level,06 Oct 2025
MIN,SCREWSC100,Boiling Table/Burners,Min,Screws for C100/200/300 per pack,0.0000,Min Level,06 Oct 2025
MIN,SDFLH140,Doors _AND_ Window Frames _AND_ Fitt,Min,140mm Steel Doorframe - LH,0.0000,Min Level,06 Oct 2025
MIN,SDFRH140,Doors _AND_ Window Frames _AND_ Fitt,Min,140mm Steel Doorframe - RH,0.0000,Min Level,06 Oct 2025
MIN,SFGLD,Braais _AND_ Products,Min,Short Flame Gas Lighter - Disposable,0.0000,Min Level,06 Oct 2025
MIN,SFGLWP,Braais _AND_ Products,Min,Short Gas Lighter - Wind Proof,0.0000,Min Level,06 Oct 2025
MIN,SFPBC036,Nonstock,Min,Sugar Free Protein Bar Chocolate,0.0000,Min Level,06 Oct 2025
MIN,SFPBS022,Nonstock,Min,Sugar Free Protein Bar Strawberry,0.0000,Min Level,06 Oct 2025
MIN,SG11DD,Gas Water Heaters _AND_ Access,Min,11 litre Diaphragm water heater,0.0000,Min Level,06 Oct 2025
MIN,SG12LP,Gas Water Heaters _AND_ Access,Min,12 Litre Zero Pressure (Safegas),0.0000,Min Level,06 Oct 2025
MIN,SG16DD,Gas Water Heaters _AND_ Access,Min,16 Litre Diaphragm Water Heater,0.0000,Min Level,06 Oct 2025
MIN,SG16FFB,Gas Water Heaters _AND_ Access,Min,16 Litre Fan Force Water Heater,0.0000,Min Level,06 Oct 2025
MIN,SG16LPD,Gas Water Heaters _AND_ Access,Min,16lt Gas Water Heater LP (Safegas),0.0000,Min Level,06 Oct 2025
MIN,SG4BGSO,Stove _AND_ Hobs,Min,Saffy 4 Burner Gas Stove and Oven,0.0000,Min Level,06 Oct 2025
MIN,SG6DD,Gas Water Heaters _AND_ Access,Min,6 Litre Diaphragm water heater,0.0000,Min Level,06 Oct 2025
MIN,SG9LPD,Gas Water Heaters _AND_ Access,Min,9 Litre Low Pres Water Heater (Safegas),0.0000,Min Level,06 Oct 2025
MIN,SGAUTOSP018,Stove _AND_ Hobs,Min,Auto Knob for SGC502GL,0.0000,Min Level,06 Oct 2025
MIN,SGB01,Boiling Table/Burners,Min,1 Burner Lightweight Iron Stove,0.0000,Min Level,06 Oct 2025
MIN,SGB02,Boiling Table/Burners,Min,2 Burner Lightweight Iron Stove,0.0000,Min Level,06 Oct 2025
MIN,SGH301SP04,General Spares,Min,Heater Valve SGH301,0.0000,Min Level,06 Oct 2025
MIN,SGH302SP04,Cylinders/Heaters/General,Min,ODS with bracket for Heater,0.0000,Min Level,06 Oct 2025
MIN,SHEXT,Cylinders/Heaters/General,Min,9kg to CADAC Ext (Made in RSA),0.0000,Min Level,06 Oct 2025
MIN,SHEXT 150,BLOCKED,Min,9kg to CADAC Ext 150mm (Safegas),0.0000,Min Level,06 Oct 2025
MIN,SHEXT10,Cylinders/Heaters/General,Min,10kg Composite Cylinder to CADAC Ext,0.0000,Min Level,06 Oct 2025
MIN,SHEXT150,Cylinders/Heaters/General,Min,9kg Cylinder Shoulder Stand (Blue),0.0000,Min Level,06 Oct 2025
MIN,SHINDCK,Kitchenware,Min,Cheese Knife,0.0000,Min Level,06 Oct 2025
MIN,SIMM,Lamps _AND_ General,Min,Simmer Plate,0.0000,Min Level,06 Oct 2025
MIN,SIMM02,Braais _AND_ Products,Min,Simmer Plate with Plastic Handle,0.0000,Min Level,06 Oct 2025
MIN,SKMCV,General Spares,Min,Knob for Multicontrol Valve,0.0000,Min Level,06 Oct 2025
MIN,SKMHP,General Spares,Min,Service kit for Manual Hand Pump,0.0000,Min Level,06 Oct 2025
MIN,SLIDESTAYTS6/6,Doors _AND_ Window Frames _AND_ Fitt,Min,Slidestay Top Screw 6/6 ST YP,0.0000,Min Level,06 Oct 2025
MIN,SLIDSTAY175YP,Doors _AND_ Window Frames _AND_ Fitt,Min,Slidestay 175 ST YP,0.0000,Min Level,06 Oct 2025
MIN,SLIDSTAYBS6X9.5,Doors _AND_ Window Frames _AND_ Fitt,Min,Slidingstay Bottom Screw 6mmx9.5mm ST YP,0.0000,Min Level,06 Oct 2025
MIN,SM270010180,Hardware,Min,P180 Waterproof Abrasive,0.0000,Min Level,06 Oct 2025
MIN,SM270010220,Hardware,Min,P220 Waterproof Abrasive,0.0000,Min Level,06 Oct 2025
MIN,SM270010400,Hardware,Min,P400 Waterproof Abrasive,0.0000,Min Level,06 Oct 2025
MIN,SM270010600,Hardware,Min,P600 Waterproof Abrasive,0.0000,Min Level,06 Oct 2025
MIN,SM270010800,Hardware,Min,P800 Waterproof Abrasive,0.0000,Min Level,06 Oct 2025
MIN,SM270011000,Hardware,Min,P1000 Waterproof Abrasive,0.0000,Min Level,06 Oct 2025
MIN,SM73016-21,Hardware,Min,Dust Free Sanding Block 70 x 400mm,0.0000,Min Level,06 Oct 2025
MIN,SM878650281,Stove _AND_ Hobs,Min,Smeg Gas Oven Dual Thermocouple,0.0000,Min Level,06 Oct 2025
MIN,SM911115250,Hardware,Min,Metal Cutting Wheel (115 x 2.5 x 22.23),0.0000,Min Level,06 Oct 2025
MIN,SM911230320,Hardware,Min,Metal Cutting Wheel 230 x 3 x 22.23,0.0000,Min Level,06 Oct 2025
MIN,SM913115600,Hardware,Min,Metal Grinding Wheel (115 x 6.4 x 22.23),0.0000,Min Level,06 Oct 2025
MIN,SM913230800,Hardware,Min,Metal Grinding Wheel (230 x 8.0mm),0.0000,Min Level,06 Oct 2025
MIN,SM914115100,Hardware,Min,Inox Cutting Wheel 115 x100,0.0000,Min Level,06 Oct 2025
MIN,SM914P115100,Hardware,Min,Profess Inox Cutting Wheel 115 x 1.0,0.0000,Min Level,06 Oct 2025
MIN,SM914P230190,Hardware,Min,Profess Inox Cutting Wheel 180 x 1.9,0.0000,Min Level,06 Oct 2025
MIN,SM920440100,Hardware,Min,Abrasive Sponges 4x4 Coarse,0.0000,Min Level,06 Oct 2025
MIN,SM920440300,Hardware,Min,Abrasive Sponges 4x4 Fine,0.0000,Min Level,06 Oct 2025
MIN,SM960150417,Hardware,Min,Backing Pads 7 Holes Hard 150mm,0.0000,Min Level,06 Oct 2025
MIN,SM960150418,Hardware,Min,Backing Pads 9 Holes Medium 150mm,0.0000,Min Level,06 Oct 2025
MIN,SM966440002,Hardware,Min,Handfile Velcro 70 x 400mm,0.0000,Min Level,06 Oct 2025
MIN,SMODB,Safety Equipment,Min,Smoke Detector,0.0000,Min Level,06 Oct 2025
MIN,SOAREDH16EDVA,BLOCKED,Min,Valve Assembly/Gas Section 16lt Ecodew,0.0000,Min Level,06 Oct 2025
MIN,SP16LDGOTS,Gas Water Heaters _AND_ Access,Min,16lt DG Outlet Temp Sensor,0.0000,Min Level,06 Oct 2025
MIN,SPAEDHCR130,BLOCKED,Min,Spare roof with hole 130mm,0.0000,Min Level,06 Oct 2025
MIN,SPARE-16LDHLCD,Gas Water Heaters _AND_ Access,Min,LCD Screen - Dewhot 16litre,0.0000,Min Level,06 Oct 2025
MIN,SPARE-KNOBALVA,General Spares,Min,Patio Heater HiLo Knob,0.0000,Min Level,06 Oct 2025
MIN,SPARE16LFS,BLOCKED,Min,16litre geyser flue sensor,0.0000,Min Level,06 Oct 2025
MIN,SPARE2BWH,Brass Fittings,Min,Spare Hosetail Elbow - 2 burner stove,0.0000,Min Level,06 Oct 2025
MIN,SPARE5BHB,Stove _AND_ Hobs,Min,Spare Burner for 5 Burner hob,0.0000,Min Level,06 Oct 2025
MIN,SPARE5BHT,Stove _AND_ Hobs,Min,Spare Trivet for 5 Burner Hob,0.0000,Min Level,06 Oct 2025
MIN,SPAREA10GWI,BLOCKED,Min,10litre Gas/Water Inlet,0.0000,Min Level,06 Oct 2025
MIN,SPAREA12GWI,BLOCKED,Min,12litre Gas/Water Inlet - Atlas,0.0000,Min Level,06 Oct 2025
MIN,SPAREA12LHEX,BLOCKED,Min,12 litre Heat Exchanger,0.0000,Min Level,06 Oct 2025
MIN,SPAREA12LS,BLOCKED,Min,12 Litre Water Heater Solenoid - Atlas,0.0000,Min Level,06 Oct 2025
MIN,SPAREA16LHEX,BLOCKED,Min,16 litre Heat Exchanger,0.0000,Min Level,06 Oct 2025
MIN,SPAREA16LS,BLOCKED,Min,16 Litre Water Heater Solenoid - Atlas,0.0000,Min Level,06 Oct 2025
MIN,SPAREA20LWGS,BLOCKED,Min,20litre Complete Water _AND_ Gas Section (A),0.0000,Min Level,06 Oct 2025
MIN,SPAREA20S,BLOCKED,Min,20litre Solenoid,0.0000,Min Level,06 Oct 2025
MIN,SPAREA4HSB,Stove _AND_ Hobs,Min,Spare 4 Burner Hob Small Burner _AND_ Cap,0.0000,Min Level,06 Oct 2025
MIN,SPAREA4WC,Stove _AND_ Hobs,Min,Wok Burner small cap,0.0000,Min Level,06 Oct 2025
MIN,SPAREA4WCL,Stove _AND_ Hobs,Min,Wok Burner Large Ring Cap,0.0000,Min Level,06 Oct 2025
MIN,SPAREA5BCS,Stove _AND_ Hobs,Min,Spare 5 Burner Hob Caps Set - Atlas,0.0000,Min Level,06 Oct 2025
MIN,SPAREA5HBI,Stove _AND_ Hobs,Min,Spare 5 Burner Hob Battery Ignitor Box,0.0000,Min Level,06 Oct 2025
MIN,SPAREA6LS,BLOCKED,Min,6 litre Water Heater Solenoid - Atlas,0.0000,Min Level,06 Oct 2025
MIN,SPAREA8LS,BLOCKED,Min,8 Litre Water Heater Solenoid - Atlas,0.0000,Min Level,06 Oct 2025
MIN,SPAREAFSS,Stove _AND_ Hobs,Min,Atlas Hob Flame Spreader Set,0.0000,Min Level,06 Oct 2025
MIN,SPAREAGBD,BLOCKED,Min,Spare Atlas Geyser Double Battery Box,0.0000,Min Level,06 Oct 2025
MIN,SPAREAGD50,BLOCKED,Min,50mm Atlas Geyser Diapragm,0.0000,Min Level,06 Oct 2025
MIN,SPAREAGD55,BLOCKED,Min,55mm Atlas Geyser Diaphragm,0.0000,Min Level,06 Oct 2025
MIN,SPAREAGD75,BLOCKED,Min,75mm Atlas Geyser Diaphragm,0.0000,Min Level,06 Oct 2025
MIN,SPAREAHISL,General Spares,Min,Spare Hob Ignitor Short Lead - Atlas,0.0000,Min Level,06 Oct 2025
MIN,SPAREAL2PH,Stove _AND_ Hobs,Min,Auto Pot Holder Round (2BSSA),0.0000,Min Level,06 Oct 2025
MIN,SPAREALBAH,General Spares,Min,Spare Large Burner 4 Burner Hob,0.0000,Min Level,06 Oct 2025
MIN,SPAREALGB117,Cooker Tops,Min,Potjie Cooker Top/Hotwheel Burner,0.0000,Min Level,06 Oct 2025
MIN,SPAREALGK132,General Spares,Min,Spare Knob for Alva BBQ,0.0000,Min Level,06 Oct 2025
MIN,SPAREALGR377,Cylinders/Heaters/General,Min,Burner Head Mesh for Patio Heater,0.0000,Min Level,06 Oct 2025
MIN,SPAREALHKGK106,General Spares,Min,Spare Knob for Roll -about -Heater,0.0000,Min Level,06 Oct 2025
MIN,SPAREALHKNOB,BLOCKED,Min,Alva Heater Knob GH301/302 (107),0.0000,Min Level,06 Oct 2025
MIN,SPAREALK111,General Spares,Min,GK111 - 3 piece control knob,0.0000,Min Level,06 Oct 2025
MIN,SPAREALK127K,General Spares,Min,GK127 Kingfisher Knob,0.0000,Min Level,06 Oct 2025
MIN,SPAREALKGK109,General Spares,Min,Spare Heater Knobs 300/304/309/310/314,0.0000,Min Level,06 Oct 2025
MIN,SPAREALRHH,BLOCKED,Min,Housing Knob GH304/GH305/GH310 Heaters,0.0000,Min Level,06 Oct 2025
MIN,SPAREAWBH,General Spares,Min,Spare Wok Burner for Hob,0.0000,Min Level,06 Oct 2025
MIN,SPAREBAT,Gas Water Heaters _AND_ Access,Min,Batteries for Geysers (2pk) DURACELL,0.0000,Min Level,06 Oct 2025
MIN,SPAREBB14,BLOCKED,Min,Spare Battery Box for 14lt Zero,0.0000,Min Level,06 Oct 2025
MIN,SPAREBBA,BLOCKED,Min,Spare Water Heater Battery Box (A),0.0000,Min Level,06 Oct 2025
MIN,SPAREBTK,General Spares,Min,Blow Torch Knobs,0.0000,Min Level,06 Oct 2025
MIN,SPAREC98345S55,General Spares,Min,Control Switch/VAlve/Piezo,0.0000,Min Level,06 Oct 2025
MIN,SPARECBBQK,General Spares,Min,Cadac Patio BBQ Knob Plastic (98345S3),0.0000,Min Level,06 Oct 2025
MIN,SPARECCKNOB,Braais _AND_ Products,Min,Chad o' Chef Knob Standard Hob,0.0000,Min Level,06 Oct 2025
MIN,SPARECELG,Lamps _AND_ General,Min,Spare Easilite Lamp Glass - 1170-1,0.0000,Min Level,06 Oct 2025
MIN,SPARECFRI,General Spares,Min,Chip Fryer Ignitor,0.0000,Min Level,06 Oct 2025
MIN,SPAREDB20,BLOCKED,Min,Diaphragm Backer 20l 61mm,0.0000,Min Level,06 Oct 2025
MIN,SPAREDE14ZGS,Gas Water Heaters _AND_ Access,Min,14litre Zero Delta Gas Section,0.0000,Min Level,06 Oct 2025
MIN,SPAREDE16D,BLOCKED,Min,16litre Geyser Display,0.0000,Min Level,06 Oct 2025
MIN,SPAREDE16EC,Gas Water Heaters _AND_ Access,Min,16litre Electronic Controller,0.0000,Min Level,06 Oct 2025
MIN,SPAREDE16GI,Gas Water Heaters _AND_ Access,Min,12/16/20lt Water heater Gas Inlet only,0.0000,Min Level,06 Oct 2025
MIN,SPAREDE16LHE,Gas Water Heaters _AND_ Access,Min,16litre Low Pressure - Heat Exchanger,0.0000,Min Level,06 Oct 2025
MIN,SPAREDE20HE,Gas Water Heaters _AND_ Access,Min,20litre Heat Exchanger,0.0000,Min Level,06 Oct 2025
MIN,SPAREDE20S,Gas Water Heaters _AND_ Access,Min,20litre Solenoid,0.0000,Min Level,06 Oct 2025
MIN,SPAREDE3HVH,Cylinders/Heaters/General,Min,3 Panel Heater Valve Housing (Del),0.0000,Min Level,06 Oct 2025
MIN,SPAREDE5.5GS,Gas Water Heaters _AND_ Access,Min,Gas Section 5.5lt Delta Geyser,0.0000,Min Level,06 Oct 2025
MIN,SPAREDE50BD,BLOCKED,Min,50mm Black Diaphragm ( Delta),0.0000,Min Level,06 Oct 2025
MIN,SPAREDE54D,BLOCKED,Min,54mm Diaphragm (Delta),0.0000,Min Level,06 Oct 2025
MIN,SPAREDE5LC,Gas Water Heaters _AND_ Access,Min,5.5litre Ignition Controller - Delta,0.0000,Min Level,06 Oct 2025
MIN,SPAREDEB12BC,Gas Piping,Min,Circlip - 1/2inch Brass,0.0000,Min Level,06 Oct 2025
MIN,SPAREDEB12BG,Gas Piping,Min,Gasket - 1/2inch Brass,0.0000,Min Level,06 Oct 2025
MIN,SPAREDEBD85,Gas Water Heaters _AND_ Access,Min,85mm Black Diaphragm,0.0000,Min Level,06 Oct 2025
MIN,SPAREDED87,Gas Water Heaters _AND_ Access,Min,87mm Black Diaphragm,0.0000,Min Level,06 Oct 2025
MIN,SPAREDEECD,Gas Water Heaters _AND_ Access,Min,Electronic Controller 8/10/12 litres,0.0000,Min Level,06 Oct 2025
MIN,SPAREDEECZ,Gas Water Heaters _AND_ Access,Min,Electronic Controller - Zero Start (Del),0.0000,Min Level,06 Oct 2025
MIN,SPAREDEGPV12FFZ,Gas Water Heaters _AND_ Access,Min,Gas Proportional Valve for Typhoon 12LFF,0.0000,Min Level,06 Oct 2025
MIN,SPAREDEGWIC12,Gas Water Heaters _AND_ Access,Min,Gas _AND_ Water Inlet Complete - 12litre,0.0000,Min Level,06 Oct 2025
MIN,SPAREDEGWSC1216,Gas Water Heaters _AND_ Access,Min,Gas/Water Section Complete 12l/16l (Del),0.0000,Min Level,06 Oct 2025
MIN,SPAREDEHK2,Cylinders/Heaters/General,Min,2 Panel Heater Spare Knob (Del),0.0000,Min Level,06 Oct 2025
MIN,SPAREDEHK3,Cylinders/Heaters/General,Min,3 Panel Heater Spare Knob (Del),0.0000,Min Level,06 Oct 2025
MIN,SPAREDEHW,Cylinders/Heaters/General,Min,Caster/Wheel Heater (Del),0.0000,Min Level,06 Oct 2025
MIN,SPAREDEIB4B,Stove _AND_ Hobs,Min,Ignitor Box - 4 burner hob,0.0000,Min Level,06 Oct 2025
MIN,SPAREDEIB5B,Stove _AND_ Hobs,Min,Ignitor Box - 5 Burner Hob,0.0000,Min Level,06 Oct 2025
MIN,SPAREDEIGHG014,Stove _AND_ Hobs,Min,Ignition Wire/Ceramic/4 burner Hob HG014,0.0000,Min Level,06 Oct 2025
MIN,SPAREDEJ3H,General Spares,Min,Jet ODS for 3 Panel Heater,0.0000,Min Level,06 Oct 2025
MIN,SPAREDEJH2H,Cylinders/Heaters/General,Min,Spare Jet _AND_ Holder for 2 Panel heater,0.0000,Min Level,06 Oct 2025
MIN,SPAREDEJH3H,Cylinders/Heaters/General,Min,Jet _AND_ Holder for 3 Panel Heater,0.0000,Min Level,06 Oct 2025
MIN,SPAREDEJS4B,Stove _AND_ Hobs,Min,Hob Spares - Jet Set 4 Burner,0.0000,Min Level,06 Oct 2025
MIN,SPAREDEJS5B,Stove _AND_ Hobs,Min,Hob Spares - Jet Set 5 Burner,0.0000,Min Level,06 Oct 2025
MIN,SPAREDEKHCD,Stove _AND_ Hobs,Min,8mm Circular Design knob for Hob,0.0000,Min Level,06 Oct 2025
MIN,SPAREDEKHM,Stove _AND_ Hobs,Min,6mm Metal Knob for Hob,0.0000,Min Level,06 Oct 2025
MIN,SPAREDEMS,Gas Water Heaters _AND_ Access,Min,Micro Switch (2 wires),0.0000,Min Level,06 Oct 2025
MIN,SPAREDEMSWB,Gas Water Heaters _AND_ Access,Min,Microswitch with Bracket attached,0.0000,Min Level,06 Oct 2025
MIN,SPAREDENZTD,Gas Water Heaters _AND_ Access,Min,Temperature Display Zero Start,0.0000,Min Level,06 Oct 2025
MIN,SPAREDEOFS,Gas Water Heaters _AND_ Access,Min,Spare On/Off Switch (Delta),0.0000,Min Level,06 Oct 2025
MIN,SPAREDEOPVC,Gas Water Heaters _AND_ Access,Min,Drain Screw - coarse thread,0.0000,Min Level,06 Oct 2025
MIN,SPAREDEOPVF,Gas Water Heaters _AND_ Access,Min,Drain Screw - fine thread,0.0000,Min Level,06 Oct 2025
MIN,SPAREDEPVCT,Gas Water Heaters _AND_ Access,Min,Proportional Valve Contstant Temp,0.0000,Min Level,06 Oct 2025
MIN,SPAREDESPG138,Gas Water Heaters _AND_ Access,Min,Gas Valve with 2 Solenoid Valve - Zero,0.0000,Min Level,06 Oct 2025
MIN,SPAREDESPS012,Stove _AND_ Hobs,Min,Knob for Hob - 8mm Circular design,0.0000,Min Level,06 Oct 2025
MIN,SPAREDESPS014,Stove _AND_ Hobs,Min,Hob Pan Support - Silicone,0.0000,Min Level,06 Oct 2025
MIN,SPAREDETDR,Gas Water Heaters _AND_ Access,Min,Temperature Display - Round (Delta),0.0000,Min Level,06 Oct 2025
MIN,SPAREDETDS,BLOCKED,Min,Temperature Display - Square,0.0000,Min Level,06 Oct 2025
MIN,SPAREDEWF,Gas Water Heaters _AND_ Access,Min,Water Filter for Geysers,0.0000,Min Level,06 Oct 2025
MIN,SPAREDEWFSZ,Gas Water Heaters _AND_ Access,Min,Water Flow Sensor - Zero Start (Delta),0.0000,Min Level,06 Oct 2025
MIN,SPAREDEWIAV,Gas Water Heaters _AND_ Access,Min,Water Inlet Adjusting Valve,0.0000,Min Level,06 Oct 2025
MIN,SPAREDEWIAVK,Gas Water Heaters _AND_ Access,Min,Water Inlet Adjusting Valve with knob,0.0000,Min Level,06 Oct 2025
MIN,SPAREDEWSC12Z,Gas Water Heaters _AND_ Access,Min,Water Section Complete - 12litre Zero,0.0000,Min Level,06 Oct 2025
MIN,SPAREDEWSI10L,Gas Water Heaters _AND_ Access,Min,Water Section Incomplete 10Lt Delta,0.0000,Min Level,06 Oct 2025
MIN,SPAREDH10/12D,Gas Water Heaters _AND_ Access,Min,Spare 10lt-12l Diaphragm - Medium,0.0000,Min Level,06 Oct 2025
MIN,SPAREDH10/12R,Gas Water Heaters _AND_ Access,Min,Radiator 10/12litre S/S,0.0000,Min Level,06 Oct 2025
MIN,SPAREDH12CIC,Gas Water Heaters _AND_ Access,Min,Ignition Controller 12lt CT NEWCT03,0.0000,Min Level,06 Oct 2025
MIN,SPAREDH12CTR,Gas Water Heaters _AND_ Access,Min,12lt CT Heat Exchanger,0.0000,Min Level,06 Oct 2025
MIN,SPAREDH12GC,Gas Water Heaters _AND_ Access,Min,Spare 12litre Gas Chamber - DEWHOT,0.0000,Min Level,06 Oct 2025
MIN,SPAREDH12LGVA,BLOCKED,Min,Gas Valve Assembly 12litre,0.0000,Min Level,06 Oct 2025
MIN,SPAREDH12LPC,Gas Water Heaters _AND_ Access,Min,Low Pressure Ignition Controller,0.0000,Min Level,06 Oct 2025
MIN,SPAREDH12LPGVA,Gas Water Heaters _AND_ Access,Min,12lt LP Gas Valve Assembly Dewhot,0.0000,Min Level,06 Oct 2025
MIN,SPAREDH12LPWIA,Gas Water Heaters _AND_ Access,Min,12litre LP Water Inlet Assembly,0.0000,Min Level,06 Oct 2025
MIN,SPAREDH12LPWIS,Gas Water Heaters _AND_ Access,Min,Water Inlet Sensor - 12LP,0.0000,Min Level,06 Oct 2025
MIN,SPAREDH12LR,Gas Water Heaters _AND_ Access,Min,Spare 12litre LP - Radiator,0.0000,Min Level,06 Oct 2025
MIN,SPAREDH12SS-RAD,Gas Water Heaters _AND_ Access,Min,Radiator - 12L - S/S,0.0000,Min Level,06 Oct 2025
MIN,SPAREDH12WS,Gas Water Heaters _AND_ Access,Min,Water inlet / diaphragm complete,0.0000,Min Level,06 Oct 2025
MIN,SPAREDH16CD,Gas Water Heaters _AND_ Access,Min,Diaphragm 16CT -LHS,0.0000,Min Level,06 Oct 2025
MIN,SPAREDH16CDR,Gas Water Heaters _AND_ Access,Min,Diaphragm 16CT - RHS,0.0000,Min Level,06 Oct 2025
MIN,SPAREDH16CGPA,Gas Water Heaters _AND_ Access,Min,16CT Gas Pilot ignitor  flame out sensor,0.0000,Min Level,06 Oct 2025
MIN,SPAREDH16CGS,Gas Water Heaters _AND_ Access,Min,Complete Gas Section 16l incl solenoid,0.0000,Min Level,06 Oct 2025
MIN,SPAREDH16CGSF,Gas Water Heaters _AND_ Access,Min,Complete Gas Section 16litre S/S Flanged,0.0000,Min Level,06 Oct 2025
MIN,SPAREDH16CIC,Gas Water Heaters _AND_ Access,Min,Ignition Controller 16lt CT old,0.0000,Min Level,06 Oct 2025
MIN,SPAREDH16CICN,Gas Water Heaters _AND_ Access,Min,Ignition Contr 16lt CT New Black LCD,0.0000,Min Level,06 Oct 2025
MIN,SPAREDH16CLCD,Gas Water Heaters _AND_ Access,Min,LCD Display 16lt CT - NEW,0.0000,Min Level,06 Oct 2025
MIN,SPAREDH16CLG,BLOCKED,Min,Loom to Gas Section 16lt CT,0.0000,Min Level,06 Oct 2025
MIN,SPAREDH16CLL,Gas Water Heaters _AND_ Access,Min,Loom to LCD - 16lt CT OLD 102020,0.0000,Min Level,06 Oct 2025
MIN,SPAREDH16CTB,BLOCKED,Min,Battery Box 16lt CT,0.0000,Min Level,06 Oct 2025
MIN,SPAREDH16CTR,Gas Water Heaters _AND_ Access,Min,Spare 16lt CT - Radiator,0.0000,Min Level,06 Oct 2025
MIN,SPAREDH16CTRADC,Gas Water Heaters _AND_ Access,Min,16lt CT Copper Radiator,0.0000,Min Level,06 Oct 2025
MIN,SPAREDH16CVA,Gas Water Heaters _AND_ Access,Min,Valve Assembly/Gas Section CT,0.0000,Min Level,06 Oct 2025
MIN,SPAREDH16CWFS,Gas Water Heaters _AND_ Access,Min,Water Flow Sensor 16lt CT,0.0000,Min Level,06 Oct 2025
MIN,SPAREDH16CWIS,BLOCKED,Min,Water Inlet Temp Sensor 16lt CT,0.0000,Min Level,06 Oct 2025
MIN,SPAREDH16CWOS,BLOCKED,Min,Water Outlet Temp Sensor 16lt CT,0.0000,Min Level,06 Oct 2025
MIN,SPAREDH16D,Gas Water Heaters _AND_ Access,Min,Spare 16lt Diaphragm - Large,0.0000,Min Level,06 Oct 2025
MIN,SPAREDH16EDCGS,Gas Water Heaters _AND_ Access,Min,Compete Gas Section - 16litre Ecodew,0.0000,Min Level,06 Oct 2025
MIN,SPAREDH16EDCONT,Gas Water Heaters _AND_ Access,Min,16lt Ecodew Contoller,0.0000,Min Level,06 Oct 2025
MIN,SPAREDH16EDRAD,Gas Water Heaters _AND_ Access,Min,16 Litre Ecodew Radiator,0.0000,Min Level,06 Oct 2025
MIN,SPAREDH16EFRAD,Gas Water Heaters _AND_ Access,Min,16litre EcoFLow Radiator,0.0000,Min Level,06 Oct 2025
MIN,SPAREDH16EVA,Gas Water Heaters _AND_ Access,Min,Valve Assembly/Gas Section Comp 16lt ED,0.0000,Min Level,06 Oct 2025
MIN,SPAREDH16LGC,Gas Water Heaters _AND_ Access,Min,Spare 16lt Gas Chamber - DEWHOT,0.0000,Min Level,06 Oct 2025
MIN,SPAREDH16SSRADF,Gas Water Heaters _AND_ Access,Min,16lt S/S Radiator Flanged,0.0000,Min Level,06 Oct 2025
MIN,SPAREDH16VCAC,Gas Water Heaters _AND_ Access,Min,Valve Control Ass Complete - 16lt Thread,0.0000,Min Level,06 Oct 2025
MIN,SPAREDH16VCACF,Gas Water Heaters _AND_ Access,Min,Valve Control Assembly Comp 16lt-Flanged,0.0000,Min Level,06 Oct 2025
MIN,SPAREDH16WIDCF,Gas Water Heaters _AND_ Access,Min,16lt S/S Water Inlet/Diaph Comp Flanged,0.0000,Min Level,06 Oct 2025
MIN,SPAREDH16WIDCT,BLOCKED,Min,16lt S/S Water inlet/Diaphragm - Thread,0.0000,Min Level,06 Oct 2025
MIN,SPAREDH20FFDF,Gas Water Heaters _AND_ Access,Min,20lt Fan Forced Draught Fan,0.0000,Min Level,06 Oct 2025
MIN,SPAREDH20FFIC,Gas Water Heaters _AND_ Access,Min,20litre Fan Forced Ignition Controller,0.0000,Min Level,06 Oct 2025
MIN,SPAREDH20OPV,Gas Water Heaters _AND_ Access,Min,20litre Over Pressurization Valve,0.0000,Min Level,06 Oct 2025
MIN,SPAREDH2BBASEL,Stove _AND_ Hobs,Min,2 Burner S/S Base Large,0.0000,Min Level,06 Oct 2025
MIN,SPAREDH2BBASES,Stove _AND_ Hobs,Min,2 Burber S/S Base Small,0.0000,Min Level,06 Oct 2025
MIN,SPAREDH2BDISTL,Stove _AND_ Hobs,Min,2 Bunrer S/S Distribution Large,0.0000,Min Level,06 Oct 2025
MIN,SPAREDH2BDISTS,Stove _AND_ Hobs,Min,2 Burner S/S Distribution Small,0.0000,Min Level,06 Oct 2025
MIN,SPAREDH2BLARC,Stove _AND_ Hobs,Min,2 Burner S/S Large Burner Cap,0.0000,Min Level,06 Oct 2025
MIN,SPAREDH2BPANS,Stove _AND_ Hobs,Min,2 Burner S/S Pan support,0.0000,Min Level,06 Oct 2025
MIN,SPAREDH2BPS,Stove _AND_ Hobs,Min,2 Burner Hob Pan Support,0.0000,Min Level,06 Oct 2025
MIN,SPAREDH2BSMLLC,Stove _AND_ Hobs,Min,2 Burner S/S Small Burner Cap,0.0000,Min Level,06 Oct 2025
MIN,SPAREDH5GVA,Gas Water Heaters _AND_ Access,Min,5litre LP Gas Valve Assembly,0.0000,Min Level,06 Oct 2025
MIN,SPAREDH5LC,Gas Water Heaters _AND_ Access,Min,5litre LP Controller no LCD,0.0000,Min Level,06 Oct 2025
MIN,SPAREDH5LCL,Cylinders/Heaters/General,Min,5lt LP Controller with LCD,0.0000,Min Level,06 Oct 2025
MIN,SPAREDH5LFS,Gas Water Heaters _AND_ Access,Min,5litre Flow Sensor,0.0000,Min Level,06 Oct 2025
MIN,SPAREDH5LPWIA,Gas Water Heaters _AND_ Access,Min,5LP Water Inlet Assembly,0.0000,Min Level,06 Oct 2025
MIN,SPAREDH5LSS,Gas Water Heaters _AND_ Access,Min,5ltre LP Secondary Solenoid,0.0000,Min Level,06 Oct 2025
MIN,SPAREDH5R,Gas Water Heaters _AND_ Access,Min,5litre LP spare Radiator,0.0000,Min Level,06 Oct 2025
MIN,SPAREDH6-12CGS,Gas Water Heaters _AND_ Access,Min,Complete Gas Section 6l-12l inc solenoid,0.0000,Min Level,06 Oct 2025
MIN,SPAREDH6-12VCAC,Gas Water Heaters _AND_ Access,Min,Valve Control Assembly Complete 6-12 S/S,0.0000,Min Level,06 Oct 2025
MIN,SPAREDH6HE,Gas Water Heaters _AND_ Access,Min,Spare Heater Exchanger 6litre Geyser,0.0000,Min Level,06 Oct 2025
MIN,SPAREDH8LD,BLOCKED,Min,Spare Small Diaphragm Black - 50mm,0.0000,Min Level,06 Oct 2025
MIN,SPAREDH8SSRAD,Gas Water Heaters _AND_ Access,Min,8litre S/S Radiator,0.0000,Min Level,06 Oct 2025
MIN,SPAREDHBB,Gas Water Heaters _AND_ Access,Min,Spare Double Battery Box S/S or LP,0.0000,Min Level,06 Oct 2025
MIN,SPAREDHBBCT,BLOCKED,Min,Battery Box 16lt CT,0.0000,Min Level,06 Oct 2025
MIN,SPAREDHBBLP,BLOCKED,Min,Battery Box - Low Pressure,0.0000,Min Level,06 Oct 2025
MIN,SPAREDHBCT,Gas Water Heaters _AND_ Access,Min,Spare - Burner CT DH,0.0000,Min Level,06 Oct 2025
MIN,SPAREBDL73,Gas Water Heaters _AND_ Access,Min,Black Diaphragm Large 73mm 16lt,0.0000,Min Level,06 Oct 2025
MIN,SPAREBD54,Gas Water Heaters _AND_ Access,Min,Black Diaphragm Medium 54mm 6-12,0.0000,Min Level,06 Oct 2025
MIN,SPAREDHCB,Gas Water Heaters _AND_ Access,Min,Ignition Control Box S/S,0.0000,Min Level,06 Oct 2025
MIN,SPAREDHCEC8/12,Gas Water Heaters _AND_ Access,Min,Controller - Ecodew 8/12litre (10033),0.0000,Min Level,06 Oct 2025
MIN,SPAREDHCKORING,Gas Water Heaters _AND_ Access,Min,Dewhot Control Knob Oring,0.0000,Min Level,06 Oct 2025
MIN,SPAREDHCR110,Gas Water Heaters _AND_ Access,Min,Spare roof - medium (110),0.0000,Min Level,06 Oct 2025
MIN,SPAREDHCR130,Gas Water Heaters _AND_ Access,Min,Spare roof - Large (130),0.0000,Min Level,06 Oct 2025
MIN,SPAREDHCR130XL,Gas Water Heaters _AND_ Access,Min,Spare roof - extra large (130),0.0000,Min Level,06 Oct 2025
MIN,SPAREDHCTBBD,BLOCKED,Min,Double Battery Box - CT,0.0000,Min Level,06 Oct 2025
MIN,SPAREDHCTFOS,Gas Water Heaters _AND_ Access,Min,Flame Out Sensor - CT,0.0000,Min Level,06 Oct 2025
MIN,SPAREDHCTSBB,BLOCKED,Min,Single Battery Box - CT,0.0000,Min Level,06 Oct 2025
MIN,SPAREDHCTWIA,Gas Water Heaters _AND_ Access,Min,Water Inlet Assembly - CT,0.0000,Min Level,06 Oct 2025
MIN,SPAREDHDB10/12,BLOCKED,Min,Diaphragm Backer 10l-12l,0.0000,Min Level,06 Oct 2025
MIN,SPAREDHDB16,Gas Water Heaters _AND_ Access,Min,Diaphragm Backer 16l 52mm,0.0000,Min Level,06 Oct 2025
MIN,SPAREDHDB6/8,Gas Water Heaters _AND_ Access,Min,Diaphragm Backer 6l-12l 38mm,0.0000,Min Level,06 Oct 2025
MIN,SPAREDHDBBCT,Gas Water Heaters _AND_ Access,Min,Double Battery Box for New Type CT,0.0000,Min Level,06 Oct 2025
MIN,SPAREDHDCTLHS,Gas Water Heaters _AND_ Access,Min,Diaphragm CT - LHS,0.0000,Min Level,06 Oct 2025
MIN,SPAREDHDCTRHS,Gas Water Heaters _AND_ Access,Min,Diaphragm CT - RHS,0.0000,Min Level,06 Oct 2025
MIN,SPAREDHDP02,Gas Water Heaters _AND_ Access,Min,Diaphragm plunger Medium,0.0000,Min Level,06 Oct 2025
MIN,SPAREDHDP01,Gas Water Heaters _AND_ Access,Min,Diaphragm Plunger Small,0.0000,Min Level,06 Oct 2025
MIN,SPAREDHDP03,Gas Water Heaters _AND_ Access,Min,Diaphragm Plunger Large,0.0000,Min Level,06 Oct 2025
MIN,SPAREDHED8,BLOCKED,Min,Spare Radiator Washer 8litre Ecodew,0.0000,Min Level,06 Oct 2025
MIN,SPAREDHEDDPLL,Gas Water Heaters _AND_ Access,Min,Diaphragm Plunger Ecodew - Large,0.0000,Min Level,06 Oct 2025
MIN,SPAREDHEDLCD,Gas Water Heaters _AND_ Access,Min,LCD screen for Ecodew,0.0000,Min Level,06 Oct 2025
MIN,SPAREDHF,Gas Water Heaters _AND_ Access,Min,Spare Diaphragm Ferrules,0.0000,Min Level,06 Oct 2025
MIN,SPAREDHFOS12L,Gas Water Heaters _AND_ Access,Min,Flame Out Sensor 12litre LP/ED,0.0000,Min Level,06 Oct 2025
MIN,SPAREDHFOSP,Gas Water Heaters _AND_ Access,Min,Flame Out Sensor P Type,0.0000,Min Level,06 Oct 2025
MIN,SPAREDHTS85,Gas Water Heaters _AND_ Access,Min,Temperature Sensor 85c,0.0000,Min Level,06 Oct 2025
MIN,SPAREDHTS85,BLOCKED,Min,Temperature Sensor 85c,0.0000,Min Level,06 Oct 2025
MIN,SPAREDHGF1/2,Gas Water Heaters _AND_ Access,Min,Gas Filter 1/2inch for Gas Water Heater,0.0000,Min Level,06 Oct 2025
MIN,SPAREDHGF3/4,Gas Water Heaters _AND_ Access,Min,Gas Filter 3/4inch for Gas Water Heater,0.0000,Min Level,06 Oct 2025
MIN,SPAREDHGK,Gas Water Heaters _AND_ Access,Min,Spare Geyser Knob - Dewhot S/S,0.0000,Min Level,06 Oct 2025
MIN,SPAREDHGKED,Gas Water Heaters _AND_ Access,Min,Spare Geyser Knobs - Ecodew,0.0000,Min Level,06 Oct 2025
MIN,SPAREDHGPA,Gas Water Heaters _AND_ Access,Min,SPARE - Gas Pilot Assembly CT DH,0.0000,Min Level,06 Oct 2025
MIN,SPAREDHGT12,Gas Water Heaters _AND_ Access,Min,Spare Gas Tail Piece 12litre - Dewhot,0.0000,Min Level,06 Oct 2025
MIN,SPAREDHGT16,Gas Water Heaters _AND_ Access,Min,Spare Gas Tail Piece 16litre - Dewhot,0.0000,Min Level,06 Oct 2025
MIN,SPAREDHICCT,BLOCKED,Min,SPARE - Ignition Controller CT DH,0.0000,Min Level,06 Oct 2025
MIN,SPAREDHIP,Gas Water Heaters _AND_ Access,Min,Ignition Pins - DEWHOT,0.0000,Min Level,06 Oct 2025
MIN,SPAREDHIPL,Gas Water Heaters _AND_ Access,Min,Ignitor Pins Left - Dewhot,0.0000,Min Level,06 Oct 2025
MIN,SPAREDHLCD,Gas Water Heaters _AND_ Access,Min,LCD Display - DEWHOT,0.0000,Min Level,06 Oct 2025
MIN,SPAREDHLCDCT,BLOCKED,Min,Spare - LCD CT DH,0.0000,Min Level,06 Oct 2025
MIN,SPAREDHLG470K,Gas Water Heaters _AND_ Access,Min,Loom to Gas CT 470k (Original),0.0000,Min Level,06 Oct 2025
MIN,SPAREDHLGS,Gas Water Heaters _AND_ Access,Min,Loom to Gas Section CT 1.5K,0.0000,Min Level,06 Oct 2025
MIN,SPAREDHLLCD,Gas Water Heaters _AND_ Access,Min,Loom to LCD CT (New),0.0000,Min Level,06 Oct 2025
MIN,SPAREDHLPEDIPR,Gas Water Heaters _AND_ Access,Min,Ignitor Pins Right LP/ED - Dewhot,0.0000,Min Level,06 Oct 2025
MIN,SPAREDHLPLCD,Gas Water Heaters _AND_ Access,Min,LCD display - Low Pressure,0.0000,Min Level,06 Oct 2025
MIN,SPAREDHMS,Gas Water Heaters _AND_ Access,Min,Micro Switch,0.0000,Min Level,06 Oct 2025
MIN,SPAREDHMSWH,Gas Water Heaters _AND_ Access,Min,Holder for Microswitch,0.0000,Min Level,06 Oct 2025
MIN,SPAREDHNSL,Gas Water Heaters _AND_ Access,Min,Nesting Spring (Large),0.0000,Min Level,06 Oct 2025
MIN,SPAREDHNSS,Gas Water Heaters _AND_ Access,Min,Nesting Spring (Small),0.0000,Min Level,06 Oct 2025
MIN,SPAREDHNV,Gas Water Heaters _AND_ Access,Min,Non Return Valves - all,0.0000,Min Level,06 Oct 2025
MIN,SPAREDHO/OSU,Gas Water Heaters _AND_ Access,Min,ON/OFF Switches with protection cover,0.0000,Min Level,06 Oct 2025
MIN,SPAREDHOK,BLOCKED,Min,Spare O'Ring Kit - Dewhot,0.0000,Min Level,06 Oct 2025
MIN,SPAREDHOPVL,Gas Water Heaters _AND_ Access,Min,Over Pressurization Valve (Long),0.0000,Min Level,06 Oct 2025
MIN,SPAREDHOPVS,Gas Water Heaters _AND_ Access,Min,Over Pressurization Valve (Short),0.0000,Min Level,06 Oct 2025
MIN,SPAREDHORK,Gas Water Heaters _AND_ Access,Min,O' Ring for solenoid,0.0000,Min Level,06 Oct 2025
MIN,SPAREDHOTS,Gas Water Heaters _AND_ Access,Min,Outlet Temp Sensor LP _AND_ S/S (Blue/Black),0.0000,Min Level,06 Oct 2025
MIN,SPAREDHRS20FLL,Gas Water Heaters _AND_ Access,Min,Spare 20lt FF Flue Large,0.0000,Min Level,06 Oct 2025
MIN,SPAREDHRS20OWTS,Gas Water Heaters _AND_ Access,Min,20lt Fan Forced Outlet Water Temp Sensor,0.0000,Min Level,06 Oct 2025
MIN,SPAREDHRUBWAS,Gas Water Heaters _AND_ Access,Min,Spare Dewhot Rubber Washers,0.0000,Min Level,06 Oct 2025
MIN,SPAREDHRW1012SS,Gas Water Heaters _AND_ Access,Min,Radiator Washer 10/12 SS,0.0000,Min Level,06 Oct 2025
MIN,SPAREDHRW16SS,Gas Water Heaters _AND_ Access,Min,Radiator Washer 16 S/S,0.0000,Min Level,06 Oct 2025
MIN,SPAREDHRW6S/S,Gas Water Heaters _AND_ Access,Min,Radiator Washer 6 S/S,0.0000,Min Level,06 Oct 2025
MIN,SPAREDHRW8ED,Gas Water Heaters _AND_ Access,Min,Radiator Washer 8litre Ecodew,0.0000,Min Level,06 Oct 2025
MIN,SPAREDHRW8SS,BLOCKED,Min,Radiator Washer 8 S/S,0.0000,Min Level,06 Oct 2025
MIN,SPAREDHRWED12,Gas Water Heaters _AND_ Access,Min,Radiator Washer 12litre Ecodew,0.0000,Min Level,06 Oct 2025
MIN,SPAREDHRWED16,Gas Water Heaters _AND_ Access,Min,Radiator Washer 16litre Ecodew,0.0000,Min Level,06 Oct 2025
MIN,SPAREDHS,Gas Water Heaters _AND_ Access,Min,Solenoid first stage - DEWHOT,0.0000,Min Level,06 Oct 2025
MIN,SPAREDHSBBCT,Gas Water Heaters _AND_ Access,Min,Single Battery Box for Old Type CT,0.0000,Min Level,06 Oct 2025
MIN,SPARESDL73,Gas Water Heaters _AND_ Access,Min,Silicone Diaphragm Large 73mm 16lt,0.0000,Min Level,06 Oct 2025
MIN,SPARESDM54,Gas Water Heaters _AND_ Access,Min,Silicone Diaphragm Medium 54mm 6-12,0.0000,Min Level,06 Oct 2025
MIN,SPARESDS,Gas Water Heaters _AND_ Access,Min,Silicone Diaphragm Small (Dewhot),0.0000,Min Level,06 Oct 2025
MIN,SPARESDXL87,Gas Water Heaters _AND_ Access,Min,Silicone Diaphragm 87mm,0.0000,Min Level,06 Oct 2025
MIN,SPAREDHSS,Gas Water Heaters _AND_ Access,Min,Solenoid Small (8 - 16L),0.0000,Min Level,06 Oct 2025
MIN,SPAREDHTS,Gas Water Heaters _AND_ Access,Min,Outlet Temperature Sensor - Dewhot,0.0000,Min Level,06 Oct 2025
MIN,SPAREDHTS110,Gas Water Heaters _AND_ Access,Min,110 degree temp sensor,0.0000,Min Level,06 Oct 2025
MIN,SPAREDHTS130,Gas Water Heaters _AND_ Access,Min,Temp Sensor 12LP - 130 deg,0.0000,Min Level,06 Oct 2025
MIN,SPAREDHTS140,Gas Water Heaters _AND_ Access,Min,Temperature Sensor 140 degree,0.0000,Min Level,06 Oct 2025
MIN,SPAREDHTS75,Gas Water Heaters _AND_ Access,Min,Temperature Sensor 75c,0.0000,Min Level,06 Oct 2025
MIN,SPAREDHTS85,Gas Water Heaters _AND_ Access,Min,Temperature Sensor - 85degrees,0.0000,Min Level,06 Oct 2025
MIN,SPAREDHTS85,BLOCKED,Min,Temperature Sensor - 85degrees,0.0000,Min Level,06 Oct 2025
MIN,SPAREDHWI10,BLOCKED,Min,Spare Water Inlet 10litre - Dewhot,0.0000,Min Level,06 Oct 2025
MIN,SPAREDHWI12,BLOCKED,Min,Spare Water Inlet 12litre - Dewhot,0.0000,Min Level,06 Oct 2025
MIN,SPAREDHWI16,BLOCKED,Min,Spare Water Inlet 16litre - Dewhot,0.0000,Min Level,06 Oct 2025
MIN,SPAREDHWI6,BLOCKED,Min,Spare Water Inlet 6 litre - Dewhot,0.0000,Min Level,06 Oct 2025
MIN,SPAREDHWIDC6/12,Gas Water Heaters _AND_ Access,Min,Gas Inlet/Diaphragm Complete 6-12l S/S,0.0000,Min Level,06 Oct 2025
MIN,SPAREDHWIS16,Gas Water Heaters _AND_ Access,Min,Water Inlet Stem - 16s/s,0.0000,Min Level,06 Oct 2025
MIN,SPAREDHWIS6/12,Gas Water Heaters _AND_ Access,Min,Water Inlet Stem - 6/12s/s,0.0000,Min Level,06 Oct 2025
MIN,SPAREDHWITSCT,Gas Water Heaters _AND_ Access,Min,Water Inlet Temp Sensor CT DH,0.0000,Min Level,06 Oct 2025
MIN,SPAREDHWOTSCT,Gas Water Heaters _AND_ Access,Min,Water Outlet Temp Sensor CT DH,0.0000,Min Level,06 Oct 2025
MIN,SPAREDHWS12LP,Gas Water Heaters _AND_ Access,Min,Water Flow Sensor Low Pressure W/H,0.0000,Min Level,06 Oct 2025
MIN,SPAREDHWS16CT,BLOCKED,Min,Water Flow Sensor 16lt CT,0.0000,Min Level,06 Oct 2025
MIN,SPAREDLMPL,Gas Water Heaters _AND_ Access,Min,Medium Diaphragm Plunger,0.0000,Min Level,06 Oct 2025
MIN,SPAREDWRZ,Gas Water Heaters _AND_ Access,Min,Water Regulator Zero,0.0000,Min Level,06 Oct 2025
MIN,SPAREDZFWI,Gas Water Heaters _AND_ Access,Min,Zero Flow Water Inlet (Black),0.0000,Min Level,06 Oct 2025
MIN,SPAREFS105D,Gas Water Heaters _AND_ Access,Min,Temperature Sensor 105degrees - 5lt,0.0000,Min Level,06 Oct 2025
MIN,SPAREFS85S,BLOCKED,Min,Flue Sensor 85degrees 6-16lt Straight,0.0000,Min Level,06 Oct 2025
MIN,SPAREGCE501,Brass Fittings,Min,Relief valve 1/4,0.0000,Min Level,06 Oct 2025
MIN,SPAREGD20L,Gas Water Heaters _AND_ Access,Min,16 - 20l Water Heater diaphragm,0.0000,Min Level,06 Oct 2025
MIN,SPAREGK109,BLOCKED,Min,Spare Knob GH300/304/310/314,0.0000,Min Level,06 Oct 2025
MIN,SPAREGK132,General Spares,Min,Spare BBQ Knob - Neptune/Pheonix,0.0000,Min Level,06 Oct 2025
MIN,SPAREGK132C,General Spares,Min,Spare Knob Casing BBQ - Pheonix/Neptune,0.0000,Min Level,06 Oct 2025
MIN,SPAREGMSW,BLOCKED,Min,Spare Microswith for Geysers with holder,0.0000,Min Level,06 Oct 2025
MIN,SPAREGPCB20FF,Gas Water Heaters _AND_ Access,Min,PC Board for 20Litre Force Fed Geyser,0.0000,Min Level,06 Oct 2025
MIN,SPAREGSOLN16,Gas Water Heaters _AND_ Access,Min,Spares - Solenoid 16litre,0.0000,Min Level,06 Oct 2025
MIN,SPAREGSOLV20LFF,Gas Water Heaters _AND_ Access,Min,Solanoid Valve for 20L Force Fed Geyser,0.0000,Min Level,06 Oct 2025
MIN,SPAREGWI20LFF,Gas Water Heaters _AND_ Access,Min,Water Inlet for 20l Force Fed Geyser,0.0000,Min Level,06 Oct 2025
MIN,SPAREH6BS,Stove _AND_ Hobs,Min,Handle for 6 Burner Stove,0.0000,Min Level,06 Oct 2025
MIN,SPAREHPIECE,Brass Fittings,Min,H Piece for CF Burners,0.0000,Min Level,06 Oct 2025
MIN,SPAREHPODS,Cylinders/Heaters/General,Min,Spare Heater Pilot and ODS Complete,0.0000,Min Level,06 Oct 2025
MIN,SPAREIPGH,Stove _AND_ Hobs,Min,Spare Ignitor Pins for Gas Hob,0.0000,Min Level,06 Oct 2025
MIN,SPAREK12LD,Gas Water Heaters _AND_ Access,Min,Spare Kexin 12lt diaphragm,0.0000,Min Level,06 Oct 2025
MIN,SPAREK6PZ,General Spares,Min,Spare Knob for Zero 6 plate stove,0.0000,Min Level,06 Oct 2025
MIN,SPAREKNOB-ALVA2,General Spares,Min,Spare Knob for Alva 2 Plate GK123,0.0000,Min Level,06 Oct 2025
MIN,SPARELCDO16CT,Gas Water Heaters _AND_ Access,Min,LCD - 16CT (Old),0.0000,Min Level,06 Oct 2025
MIN,SPAREMCVKNOB,BLOCKED,Min,Spares - Multicontrolvalve Knob,0.0000,Min Level,06 Oct 2025
MIN,SPAREOFMSS,Gas Water Heaters _AND_ Access,Min,On/Off Microswitch Sensor - DEWHOT,0.0000,Min Level,06 Oct 2025
MIN,SPAREPAK2B,Gas Water Heaters _AND_ Access,Min,Paloma Kitchen Controller Cable,0.0000,Min Level,06 Oct 2025
MIN,SPAREPAMC-101N,Gas Water Heaters _AND_ Access,Min,Paloma Standard Kitchen Controller,0.0000,Min Level,06 Oct 2025
MIN,SPARERHV,Brass Fittings,Min,Valve for Roll-a-Bout Heater,0.0000,Min Level,06 Oct 2025
MIN,SPARERPFSS,Gas Water Heaters _AND_ Access,Min,Refill Pump Fittings Spider Seal GOR,0.0000,Min Level,06 Oct 2025
MIN,SPARES,General Spares,Min,SPARES -,0.0000,Min Level,06 Oct 2025
MIN,SPARESCIPSC,Braais _AND_ Products,Min,Spare Corks for Cast Iron Salt _AND_ Pepper,0.0000,Min Level,06 Oct 2025
MIN,SPARESG16EB,Gas Water Heaters _AND_ Access,Min,16litre Diaphragm Geyser Ignition Box,0.0000,Min Level,06 Oct 2025
MIN,SPARESG16GS,Gas Water Heaters _AND_ Access,Min,Gas Section for 16litre Safegas Geyser,0.0000,Min Level,06 Oct 2025
MIN,SPARESG16LD,Gas Water Heaters _AND_ Access,Min,16litre Diaphragm - Safegas,0.0000,Min Level,06 Oct 2025
MIN,SPARESG16SV,Gas Water Heaters _AND_ Access,Min,16litre Solenoid - Safegas,0.0000,Min Level,06 Oct 2025
MIN,SPARESG5BEB,Stove _AND_ Hobs,Min,Electronic Box 5 Burner Hob,0.0000,Min Level,06 Oct 2025
MIN,SPARESWH16EB,Gas Water Heaters _AND_ Access,Min,Electronic Ignition Box - 20lt Zero,0.0000,Min Level,06 Oct 2025
MIN,SPARET10LD,BLOCKED,Min,10lt Diaphram - 54mm,0.0000,Min Level,06 Oct 2025
MIN,SPARET12/16D,BLOCKED,Min,12/16lt Diaphram - 72mm,0.0000,Min Level,06 Oct 2025
MIN,SPARET16CT,Gas Water Heaters _AND_ Access,Min,16litre CT Electronic Box,0.0000,Min Level,06 Oct 2025
MIN,SPARET16FFGPV,Gas Water Heaters _AND_ Access,Min,Gas Proportional Valve for Typhoon 16LFF,0.0000,Min Level,06 Oct 2025
MIN,SPARET16HE,Gas Water Heaters _AND_ Access,Min,16litre Heat Exchanger - Typhoon CT,0.0000,Min Level,06 Oct 2025
MIN,SPAREBD50,Gas Water Heaters _AND_ Access,Min,Black Diaphram - 50mm,0.0000,Min Level,06 Oct 2025
MIN,SPARETCT010,Gas Water Heaters _AND_ Access,Min,Typhoon Constant Display Wire Loom,0.0000,Min Level,06 Oct 2025
MIN,SPARETCTEWL,Gas Water Heaters _AND_ Access,Min,Constant Temp Electronic Wire Loom,0.0000,Min Level,06 Oct 2025
MIN,SPARETCTPSA,Gas Water Heaters _AND_ Access,Min,Typhoon COnstant Pilot Spark Assembly,0.0000,Min Level,06 Oct 2025
MIN,SPARETCTWFSB,Gas Water Heaters _AND_ Access,Min,Typhoon Constant Water Flow Sensor Bent,0.0000,Min Level,06 Oct 2025
MIN,SPARETCTWIV16,Gas Water Heaters _AND_ Access,Min,Typhoon Constant Water Inlet Valve 16lt,0.0000,Min Level,06 Oct 2025
MIN,SPARETCWFS,Gas Water Heaters _AND_ Access,Min,Typhoon Constant Inlet Water Flow Sensor,0.0000,Min Level,06 Oct 2025
MIN,SPARETEB6-16,Gas Water Heaters _AND_ Access,Min,6-16lt Electronic Box,0.0000,Min Level,06 Oct 2025
MIN,SPARETFF019,Gas Water Heaters _AND_ Access,Min,Spare Typhoon Decor Display Board,0.0000,Min Level,06 Oct 2025
MIN,SPARETFF020,Gas Water Heaters _AND_ Access,Min,Spare Typhoon FF Display Box 12-16l,0.0000,Min Level,06 Oct 2025
MIN,SPARETFF032,Gas Water Heaters _AND_ Access,Min,Typhoon FF Flow Sensor,0.0000,Min Level,06 Oct 2025
MIN,SPARETFF037,Gas Water Heaters _AND_ Access,Min,Pilot Sensor with Wire -Typhoon FF,0.0000,Min Level,06 Oct 2025
MIN,SPARETFFM12/16,Gas Water Heaters _AND_ Access,Min,Typhoon Manifold 12/16litre FF,0.0000,Min Level,06 Oct 2025
MIN,SPARETFS85B,BLOCKED,Min,Flue Sensor 85degrees - 6lt Bent,0.0000,Min Level,06 Oct 2025
MIN,SPARETGH105,Boiling Table/Burners,Min,2250 Pilot Jet and Tube,0.0000,Min Level,06 Oct 2025
MIN,SPARETLED,Gas Water Heaters _AND_ Access,Min,LED display,0.0000,Min Level,06 Oct 2025
MIN,SPARETMDB,Gas Water Heaters _AND_ Access,Min,Display Box for Typhoon Multi Pressure,0.0000,Min Level,06 Oct 2025
MIN,SPARETMS,BLOCKED,Min,Micro Switch and Bracket,0.0000,Min Level,06 Oct 2025
MIN,SPARETS95,Gas Water Heaters _AND_ Access,Min,95 degrees Temp Sensor,0.0000,Min Level,06 Oct 2025
MIN,SPARETSPG002,Gas Water Heaters _AND_ Access,Min,Atlas Std Electronic box 12lt,0.0000,Min Level,06 Oct 2025
MIN,SPARETSPG011,Gas Water Heaters _AND_ Access,Min,Universal Outlet Pin for Display,0.0000,Min Level,06 Oct 2025
MIN,SPARETSPGCT12/2,Gas Water Heaters _AND_ Access,Min,Typhoon Constant Display Unit ( New),0.0000,Min Level,06 Oct 2025
MIN,SPARETUBB,BLOCKED,Min,Universal Battery Box - Typhoon,0.0000,Min Level,06 Oct 2025
MIN,SPARETUS,BLOCKED,Min,Universal Solenoid,0.0000,Min Level,06 Oct 2025
MIN,SPARETWS85,BLOCKED,Min,Water Sensor - 85degrees,0.0000,Min Level,06 Oct 2025
MIN,SPARETYFFWIV,Gas Water Heaters _AND_ Access,Min,Spare Typhoon FF Water Inlet Valve,0.0000,Min Level,06 Oct 2025
MIN,SPARETYMPFS,Gas Water Heaters _AND_ Access,Min,Flame Sensor for Multi Pressure Typhoon,0.0000,Min Level,06 Oct 2025
MIN,SPARETYMPIC,Gas Water Heaters _AND_ Access,Min,Typhoon Multi Pressure Ignition Control,0.0000,Min Level,06 Oct 2025
MIN,SPAREUKC,General Spares,Min,Universal BBQ Knob Set - Chrome,0.0000,Min Level,06 Oct 2025
MIN,SPAREUKNOB,General Spares,Min,Universal BBQ Black Knob Set N/S,0.0000,Min Level,06 Oct 2025
MIN,SPAREWHD55,BLOCKED,Min,Spare Water Heater Diaphragm 55,0.0000,Min Level,06 Oct 2025
MIN,SPAREWI10LT,Gas Water Heaters _AND_ Access,Min,Spare Water Inlet for 10Litre Geyser,0.0000,Min Level,06 Oct 2025
MIN,SPAREZ12CB,Gas Water Heaters _AND_ Access,Min,12litre Zero Appliances Control Box,0.0000,Min Level,06 Oct 2025
MIN,SPAREZ4LBC,Stove _AND_ Hobs,Min,Large Burner Cap - Zero 4 plate,0.0000,Min Level,06 Oct 2025
MIN,SPAREZ4MB,Stove _AND_ Hobs,Min,Medium burner - Zero 4 plate,0.0000,Min Level,06 Oct 2025
MIN,SPAREZ4MBC,Stove _AND_ Hobs,Min,Medium Burner Cap - Zero 4 plate,0.0000,Min Level,06 Oct 2025
MIN,SPAREZ4PKW,General Spares,Min,Spare 4 plate knobs - Zero White,0.0000,Min Level,06 Oct 2025
MIN,SPAREZ4SB,Stove _AND_ Hobs,Min,Small Burner - Zero 4 Plate,0.0000,Min Level,06 Oct 2025
MIN,SPAREZ4SBC,Stove _AND_ Hobs,Min,Small Burner Cap - Zero 4 plate,0.0000,Min Level,06 Oct 2025
MIN,SPAREZ61400MMT,Stove _AND_ Hobs,Min,1400mm Thermocouple Zero 6 plate,0.0000,Min Level,06 Oct 2025
MIN,SPAREZ6800MMT,Stove _AND_ Hobs,Min,800mm Thermocouple Zero 6 plate,0.0000,Min Level,06 Oct 2025
MIN,SPAREZ6BURNERM,Stove _AND_ Hobs,Min,6 Plate Stove White Burner - Medium Zero,0.0000,Min Level,06 Oct 2025
MIN,SPAREZ6GB,Stove _AND_ Hobs,Min,Grill Burner 6 burner stove,0.0000,Min Level,06 Oct 2025
MIN,SPAREZ6KNOBS,General Spares,Min,Spare Knobs for 6 plate Stove,0.0000,Min Level,06 Oct 2025
MIN,SPAREZ6OB,Stove _AND_ Hobs,Min,Oven Burner 6 Burner Stove,0.0000,Min Level,06 Oct 2025
MIN,SPAREZ6PBURNERL,Stove _AND_ Hobs,Min,6 Plate Stove White Burner - Large Zero,0.0000,Min Level,06 Oct 2025
MIN,SPAREZ6PBURNERS,Stove _AND_ Hobs,Min,6 Plate Stove White Burner - Small Zero,0.0000,Min Level,06 Oct 2025
MIN,SPAREZ6PFSL,Stove _AND_ Hobs,Min,Spare Zero 6 Plate Flame Spread - Large,0.0000,Min Level,06 Oct 2025
MIN,SPAREZ6PFSM,Stove _AND_ Hobs,Min,Spare Zero 6 plate Flame Spread - Medium,0.0000,Min Level,06 Oct 2025
MIN,SPAREZ6PFSS,Stove _AND_ Hobs,Min,Spare Zero 6 plate Flame Spread - Small,0.0000,Min Level,06 Oct 2025
MIN,SPAREZ6PWOG,Stove _AND_ Hobs,Min,Outside Glass 6 plate White stove - Zero,0.0000,Min Level,06 Oct 2025
MIN,SPAREZDD,Gas Water Heaters _AND_ Access,Min,Zero Water Heater Digital Display,0.0000,Min Level,06 Oct 2025
MIN,SPAREZLB,Stove _AND_ Hobs,Min,Large Burner - Zero 4 plate,0.0000,Min Level,06 Oct 2025
MIN,SPAREZRSP,Brass Fittings,Min,S18 Switch Pulse 6 Burner Stove,0.0000,Min Level,06 Oct 2025
MIN,SPAREZTHERM850,Stove _AND_ Hobs,Min,850mm Thermocouple - Zero,0.0000,Min Level,06 Oct 2025
MIN,SPAREZTOVALVE,Stove _AND_ Hobs,Min,Spare Zero - Oven Valve Tahiti,0.0000,Min Level,06 Oct 2025
MIN,SPB1WAY,Brass Fittings,Min,1 Way Pilot Burner,0.0000,Min Level,06 Oct 2025
MIN,SPG077,Gas Water Heaters _AND_ Access,Min,Altas Spares - CT Display Box,0.0000,Min Level,06 Oct 2025
MIN,SPG2025,BLOCKED,Min,Sprague 2025mm LPG UV - 50m,0.0000,Min Level,06 Oct 2025
MIN,SPIB16LDG,Gas Water Heaters _AND_ Access,Min,16lt DG Impulse Box Atlas,0.0000,Min Level,06 Oct 2025
MIN,SPLCC,BLOCKED,Min,Special - Lamp and Cooker Combo,0.0000,Min Level,06 Oct 2025
MIN,SPNTBLK,BLOCKED,Min,Spray Paint Black,0.0000,Min Level,06 Oct 2025
MIN,SPPJ10XLS,Kitchenware,Min,Self Powered Puffer Jacket S/L - 10XL,0.0000,Min Level,06 Oct 2025
MIN,SPPJ2XL,Kitchenware,Min,Self Powered Puffer Jacket - 2XL,0.0000,Min Level,06 Oct 2025
MIN,SPPJ4XL,Kitchenware,Min,Self Powered Puffer Jacket - 4XL,0.0000,Min Level,06 Oct 2025
MIN,SPPJ4XLBU,Kitchenware,Min,Self Powered Puffer Jacket blue - 4XL,0.0000,Min Level,06 Oct 2025
MIN,SPPJ4XLS,Kitchenware,Min,Self Powered Puffer Jacket S/L - 4XL,0.0000,Min Level,06 Oct 2025
MIN,SPPJ5XL,Kitchenware,Min,Self Powered Puffer Jacket - 5XL,0.0000,Min Level,06 Oct 2025
MIN,SPPJ6XL,Kitchenware,Min,Self Powered Puffer Jacket - 6XL,0.0000,Min Level,06 Oct 2025
MIN,SPPJ7XL,,Min,Self Powered Puffer Jacket - 7XL,0.0000,Min Level,06 Oct 2025
MIN,SPPJ7XLBU,Kitchenware,Min,Self Powered Puffer Jacket Blue - 7XL,0.0000,Min Level,06 Oct 2025
MIN,SPPJ7XLS,,Min,Self Powered Puffer Jacket S/L - 7XL,0.0000,Min Level,06 Oct 2025
MIN,SPPJ8XL,Kitchenware,Min,Self Powered Puffer Jacket - 8XL,0.0000,Min Level,06 Oct 2025
MIN,SPPJ8XLBU,,Min,Self Powered Puffer Jacket Blue - 8XL,0.0000,Min Level,06 Oct 2025
MIN,SPPJ8XLS,Kitchenware,Min,Self Powered Puffer Jacket S/L- 8XL,0.0000,Min Level,06 Oct 2025
MIN,SPPJL,Kitchenware,Min,Self Powered Puffer Jacket - LARGE,0.0000,Min Level,06 Oct 2025
MIN,SRB10,Boiling Table/Burners,Min,Single Ring Burner - CF10,0.0000,Min Level,06 Oct 2025
MIN,SRB1238,Brass Fittings,Min,Steel Reducing bush 1/2inchF to 3/8inch M,0.0000,Min Level,06 Oct 2025
MIN,SRB20,Boiling Table/Burners,Min,Single Ring Burner C20,0.0000,Min Level,06 Oct 2025
MIN,SRTG,PTFE Tape,Min,Silicone Repair Tape Grey 3m,0.0000,Min Level,06 Oct 2025
MIN,SSBBQC,Kitchenware,Min,Stainless Steel BBQ Cleaner Spray,0.0000,Min Level,06 Oct 2025
MIN,SSC1/2,Gas Piping,Min,Stainless Steel Corrugated Pipe 1/2inch,0.0000,Min Level,06 Oct 2025
MIN,SSC1/2F,Gas Piping,Min,S/S Corrugated Pipe 1/2inch Fitting Male,0.0000,Min Level,06 Oct 2025
MIN,SSC1/2FGT,Gas Piping,Min,GASTITE - 1/2inch Male Fitting,0.0000,Min Level,06 Oct 2025
MIN,SSC1/2GT,Gas Piping,Min,GASTITE - Corrugated S/Steel Piping,0.0000,Min Level,06 Oct 2025
MIN,SSC1/2NUT,Gas Piping,Min,S/S Corrugated Pipe Fitting - Nut_AND_Rings,0.0000,Min Level,06 Oct 2025
MIN,SSC22MMFDN28,Gas Piping,Min,22mm Female (1inch) to DN28 Pipe,0.0000,Min Level,06 Oct 2025
MIN,SSC3/4,Gas Piping,Min,3/4inch Corrugated Pipe - Uniroll,0.0000,Min Level,06 Oct 2025
MIN,SSC3/4AF,Gas Piping,Min,3/4inch Fitting Set for Corrugated Pipe,0.0000,Min Level,06 Oct 2025
MIN,SSCDE1/2,Gas Piping,Min,Corrugated Pipe 1/2inch,0.0000,Min Level,06 Oct 2025
MIN,SSCDE1/2FT,Gas Piping,Min,1/2 Fitting SSC1/2inch Female,0.0000,Min Level,06 Oct 2025
MIN,SSCDE3/4,Gas Piping,Min,Corrugated Pipe 3/4inch,0.0000,Min Level,06 Oct 2025
MIN,SSCDE3/4FT,Gas Piping,Min,3/4inch Fitting for SSC3/4 Female,0.0000,Min Level,06 Oct 2025
MIN,SSCDN20_ASTK_3/4F,Gas Piping,Min,DN20 _ASTK_ 3/4inch Famle - Gasitite,0.0000,Min Level,06 Oct 2025
MIN,SSCDN20_ASTK_3/4M,Gas Piping,Min,DN20 to 3/4inch Male - Gastite,0.0000,Min Level,06 Oct 2025
MIN,SSCDN22,Gas Piping,Min,Autoflare FGP FST 22 OMF,0.0000,Min Level,06 Oct 2025
MIN,SSCDN28,Gas Piping,Min,Autoflare FGP FST 28 OMF,0.0000,Min Level,06 Oct 2025
MIN,SSCDN28ET,Gas Piping,Min,DN28 Equal Tee,0.0000,Min Level,06 Oct 2025
MIN,SSCDN28F22MM,Gas Piping,Min,BSP 22mm Female for DB28 Tracpipe,0.0000,Min Level,06 Oct 2025
MIN,SSCFVDN12,Gas Piping,Min,Autoflare DN12 3/8inch,0.0000,Min Level,06 Oct 2025
MIN,SSCFVDN15,Gas Piping,Min,Autoflare DN15,0.0000,Min Level,06 Oct 2025
MIN,SSCFVDN15T,Gas Piping,Min,DN15 Equal Tee,0.0000,Min Level,06 Oct 2025
MIN,SSCG1/218MM,Gas Piping,Min,Stainless Steel Corrugated Pipe 18mm1/2inch,0.0000,Min Level,06 Oct 2025
MIN,SSCG1/23/4F,Gas Piping,Min,S/Steel Cor Pipe Fittings 1/2inch M,0.0000,Min Level,06 Oct 2025
MIN,SSCK6P,Kitchenware,Min,Stainless Steel Cookware - 6piece,0.0000,Min Level,06 Oct 2025
MIN,SSCOMF12,Gas Piping,Min,DN12 Equal Union,0.0000,Min Level,06 Oct 2025
MIN,SSCOMF15,Gas Piping,Min,DN15 Eual Union,0.0000,Min Level,06 Oct 2025
MIN,SSCOMF22,Gas Piping,Min,DN 22 Equal Union,0.0000,Min Level,06 Oct 2025
MIN,SSCV22C22T,Gas Piping,Min,22MM COMP FOR DN22 TRACPIPE,0.0000,Min Level,06 Oct 2025
MIN,SSCVDN12,BLOCKED,Min,DN12 Tracpipe N/S,0.0000,Min Level,06 Oct 2025
MIN,SSCVDN12T,Gas Piping,Min,TracPipe Tee DN12,0.0000,Min Level,06 Oct 2025
MIN,SSCVDN15,Gas Piping,Min,DN 15 Tracpipe,0.0000,Min Level,06 Oct 2025
MIN,SSCVDN22,Gas Piping,Min,DN22 TracPipe,0.0000,Min Level,06 Oct 2025
MIN,SSCVDN22T,Gas Piping,Min,DN22 Equal Tee,0.0000,Min Level,06 Oct 2025
MIN,SSCVFDN22,Gas Piping,Min,Autoflare for DN22,0.0000,Min Level,06 Oct 2025
MIN,SSF1/2UNF,Gas Piping,Min,S/S Corrugated Pipe Union,0.0000,Min Level,06 Oct 2025
MIN,SSFL1LT,BLOCKED,Min,1litre Stainless Steel Flask,0.0000,Min Level,06 Oct 2025
MIN,SSFL350,BLOCKED,Min,350ml Stainless Steel Flask,0.0000,Min Level,06 Oct 2025
MIN,SSW500,General Spares,Min,500 gram roll of Silver Solder Wire,0.0000,Min Level,06 Oct 2025
MIN,STEMB,Cylinders/Heaters/General,Min,Universal Black Stem,0.0000,Min Level,06 Oct 2025
MIN,STEMC,Cylinders/Heaters/General,Min,Universal Chrome Stem,0.0000,Min Level,06 Oct 2025
MIN,STEMSK,Brass Fittings,Min,Stem for Grillogas and SkottelBraai,0.0000,Min Level,06 Oct 2025
MIN,SUPDV-11,Safety Equipment,Min,Clear Direct Vent Goggles,0.0000,Min Level,06 Oct 2025
MIN,SUPINGOHSGW0,Safety Equipment,Min,Ingco Welding Goggles Flip Front (PVC),0.0000,Min Level,06 Oct 2025
MIN,SV002,Boiling Table/Burners,Min,Self - Vapourising Burner 320000BTU,0.0000,Min Level,06 Oct 2025
MIN,SV003,Boiling Table/Burners,Min,SELF-VAPOURISING BURNER 670 000 BTU,0.0000,Min Level,06 Oct 2025
MIN,SWH0912COV,Gas Water Heaters _AND_ Access,Min,9-12litre Gas Water Heater Cover(SG),0.0000,Min Level,06 Oct 2025
MIN,SWH1620COV,Gas Water Heaters _AND_ Access,Min,16-20litre Gas Water Heater Cover (SG),0.0000,Min Level,06 Oct 2025
MIN,T10LGGLED,Gas Water Heaters _AND_ Access,Min,10lt Water Heater (Typhoon) Inc Flue/Cow,0.0000,Min Level,06 Oct 2025
MIN,T12LGGCON,Gas Water Heaters _AND_ Access,Min,12 litre Water Heater - Constant Temp,0.0000,Min Level,06 Oct 2025
MIN,T12LGGLED,Gas Water Heaters _AND_ Access,Min,12lt Water Heater (Typhoon) Inc Flu/Cowl,0.0000,Min Level,06 Oct 2025
MIN,T12LZEGG,BLOCKED,Min,12litre Zero Start Water Heater,0.0000,Min Level,06 Oct 2025
MIN,T16GGCOV,BLOCKED,Min,16litre Water Heater Cover - Typhoon,0.0000,Min Level,06 Oct 2025
MIN,T16LLGLED,Gas Water Heaters _AND_ Access,Min,16lt Water Heater (Typhoon) Inc Flu/Cowl,0.0000,Min Level,06 Oct 2025
MIN,T16LZEGG,Gas Water Heaters _AND_ Access,Min,16 Litre Zero Start Water Heater,0.0000,Min Level,06 Oct 2025
MIN,T2BSSA,Stove _AND_ Hobs,Min,2 Burner S/S Stove Auto,0.0000,Min Level,06 Oct 2025
MIN,T2BSSAF,BLOCKED,Min,2 Burner S/S Stove Auto with Reg/Hose,0.0000,Min Level,06 Oct 2025
MIN,T2BSSH,Stove _AND_ Hobs,Min,2 Burner Stainless Steel Hob,0.0000,Min Level,06 Oct 2025
MIN,T4BSSH,Stove _AND_ Hobs,Min,4 Burner Stainless Steel Hob,0.0000,Min Level,06 Oct 2025
MIN,T5LGGLED,Gas Water Heaters _AND_ Access,Min,5.5 Litre Gas Water Heater - Typhoon D,0.0000,Min Level,06 Oct 2025
MIN,T6LGGLED,Gas Water Heaters _AND_ Access,Min,6lt Water Heater (Typhoon) inc Flue/Cowl,0.0000,Min Level,06 Oct 2025
MIN,TBT30,Boiling Table/Burners,Min,Triple Cast Iron Boiling Table,0.0000,Min Level,06 Oct 2025
MIN,TBT400,Braais _AND_ Products,Min,Top Braai Tong 400mm,0.0000,Min Level,06 Oct 2025
MIN,TBT600,Braais _AND_ Products,Min,Top Braai Tong 600mm,0.0000,Min Level,06 Oct 2025
MIN,TCALP,PEX Pipe and Fittings,Min,All Purpose Tube Cutter,0.0000,Min Level,06 Oct 2025
MIN,TCAMPSP,Gas Water Heaters _AND_ Access,Min,Turbo Shower Pump Kit with shower head,0.0000,Min Level,06 Oct 2025
MIN,TCGLD,Safety Equipment,Min,Combustible Gas Leak Detector (Hand),0.0000,Min Level,06 Oct 2025
MIN,TCMS,Stove _AND_ Hobs,Min,Typhoon Camp Mate Stove,0.0000,Min Level,06 Oct 2025
MIN,TDM001,Regulators/Pigtails,Min,Gas Pulse Meter (incl fittings to 3/4inchM),0.0000,Min Level,06 Oct 2025
MIN,TDM002,Regulators/Pigtails,Min,Gas Pulse Meter Brackets,0.0000,Min Level,06 Oct 2025
MIN,TENBOX6D,Camping Products,Min,Tentco Box - 6 Way Divider,0.0000,Min Level,06 Oct 2025
MIN,TENTBOX,Braais _AND_ Products,Min,Tentco Ammo Box,0.0000,Min Level,06 Oct 2025
MIN,TENTBOXRS,Camping Products,Min,Tentco Box - Rubber Seal,0.0000,Min Level,06 Oct 2025
MIN,TFFFLUE,Gas Water Heaters _AND_ Access,Min,Fan Forced Flue,0.0000,Min Level,06 Oct 2025
MIN,TGGCL,Gas Water Heaters _AND_ Access,Min,Gas Geyser Cover - Large,0.0000,Min Level,06 Oct 2025
MIN,TGGCM,Gas Water Heaters _AND_ Access,Min,Gas Geyser Cover - Medium,0.0000,Min Level,06 Oct 2025
MIN,TGGCOV12,Gas Water Heaters _AND_ Access,Min,Multi Pressure Cover 900 x 440 x 230,0.0000,Min Level,06 Oct 2025
MIN,TGGCOV14,Gas Water Heaters _AND_ Access,Min,Medium Cover 14 CT - 400x240x630,0.0000,Min Level,06 Oct 2025
MIN,TGGCOV14S,BLOCKED,Min,Medium Cover - Deluxe,0.0000,Min Level,06 Oct 2025
MIN,TGGCOV20,Gas Water Heaters _AND_ Access,Min,Cover - 20litre 480 x 730 x 240,0.0000,Min Level,06 Oct 2025
MIN,TGSSPC110,Gas Water Heaters _AND_ Access,Min,110mm Stainless Steel Flue and Cap,0.0000,Min Level,06 Oct 2025
MIN,TGSSPC130,Gas Water Heaters _AND_ Access,Min,130mm Stainless Steel Flue and Cap,0.0000,Min Level,06 Oct 2025
MIN,THERM1400,Brass Fittings,Min,1400mm Stove Thermocouple (KZ760-S5),0.0000,Min Level,06 Oct 2025
MIN,THERM200,General Spares,Min,200mm Standard Thermocouple,0.0000,Min Level,06 Oct 2025
MIN,THERMH450,General Spares,Min,450mm Thermocouple for Hob,0.0000,Min Level,06 Oct 2025
MIN,THERMHL600,General Spares,Min,Thermocouple Hob Lug 600mm,0.0000,Min Level,06 Oct 2025
MIN,THERMHL700,General Spares,Min,Thermocouple Hob Lug 700mm,0.0000,Min Level,06 Oct 2025
MIN,THERMS1000,General Spares,Min,1000mm Standard Thermocouple,0.0000,Min Level,06 Oct 2025
MIN,THERMS1200,General Spares,Min,1200mm Standard Thermocouple,0.0000,Min Level,06 Oct 2025
MIN,THERMS150,General Spares,Min,150mm Standard Thermocouple,0.0000,Min Level,06 Oct 2025
MIN,THERMS1500,General Spares,Min,1500mm Standard Thermocouple,0.0000,Min Level,06 Oct 2025
MIN,THERMS1800,General Spares,Min,1800mm Standard Thermocouple,0.0000,Min Level,06 Oct 2025
MIN,THERMS250,General Spares,Min,250mm Standard Thermocouple,0.0000,Min Level,06 Oct 2025
MIN,THERMS320,General Spares,Min,320mm Standard Thermocouple,0.0000,Min Level,06 Oct 2025
MIN,THERMS350,General Spares,Min,350mm Standard Thermocouple,0.0000,Min Level,06 Oct 2025
MIN,THERMS450,General Spares,Min,450mm Standard Thermocouple,0.0000,Min Level,06 Oct 2025
MIN,THERMS500,General Spares,Min,500mm Standard Thermocouple,0.0000,Min Level,06 Oct 2025
MIN,THERMS600,General Spares,Min,600 mm Standard Thermocouple,0.0000,Min Level,06 Oct 2025
MIN,THERMS700,General Spares,Min,700 mm Standard Thermocouple,0.0000,Min Level,06 Oct 2025
MIN,THERMU1200,General Spares,Min,1200mm Universal Thermocouple,0.0000,Min Level,06 Oct 2025
MIN,THERMU1500,General Spares,Min,1500mm Universal thermocouple,0.0000,Min Level,06 Oct 2025
MIN,THERMU1800,General Spares,Min,1800mm Universal Thermocouple,0.0000,Min Level,06 Oct 2025
MIN,THERMU450,General Spares,Min,450mm Universal Thermocouple,0.0000,Min Level,06 Oct 2025
MIN,THERMU600,General Spares,Min,600mm Universal Thermocouple,0.0000,Min Level,06 Oct 2025
MIN,THERMU900,General Spares,Min,900mm Universal Thermocouple,0.0000,Min Level,06 Oct 2025
MIN,THOBHBS,Stove _AND_ Hobs,Min,Hob - Flame Spreade for Wok,0.0000,Min Level,06 Oct 2025
MIN,THOBSL,Stove _AND_ Hobs,Min,Hob - Flame Spreader Large,0.0000,Min Level,06 Oct 2025
MIN,THOBSM,Stove _AND_ Hobs,Min,Hob -Flame Spreader Medium,0.0000,Min Level,06 Oct 2025
MIN,THOBSS,Stove _AND_ Hobs,Min,Hobb - Flame Spreader Small,0.0000,Min Level,06 Oct 2025
MIN,THRPASTE,Hardware,Min,Thread Paste,0.0000,Min Level,06 Oct 2025
MIN,TKBB1,BLOCKED,Min,Beer Bread 800gm,0.0000,Min Level,06 Oct 2025
MIN,TKPBB,BLOCKED,Min,Brown Pot Brood 800gm,0.0000,Min Level,06 Oct 2025
MIN,TKPBH,BLOCKED,Min,Healthy Seed Pot Brood 800gm,0.0000,Min Level,06 Oct 2025
MIN,TKPBS,BLOCKED,Min,Savoury Cheese Pot Brood 800gm,0.0000,Min Level,06 Oct 2025
MIN,TKPBW,BLOCKED,Min,White Pot Brood 800gm,0.0000,Min Level,06 Oct 2025
MIN,TKPPM,BLOCKED,Min,Pancake Mix,0.0000,Min Level,06 Oct 2025
MIN,TKVK1,BLOCKED,Min,Vet Koek 800gm,0.0000,Min Level,06 Oct 2025
MIN,TKVK2,BLOCKED,Min,Rooster Pot Brood,0.0000,Min Level,06 Oct 2025
MIN,TMBP0349,Hardware,Min,Pratley Frogz Eggz 50g,0.0000,Min Level,06 Oct 2025
MIN,TMDW0156,General Spares,Min,Wicks (Flame Stove) Pack 2,0.0000,Min Level,06 Oct 2025
MIN,TMGP0104,Hardware,Min,Pipe Hose _AND_ Fittings 12mmx20m 3Y Yellow,0.0000,Min Level,06 Oct 2025
MIN,TMGP0108,Hardware,Min,Pipe Hose 12mm x 20m H/Duty 8Y Red,0.0000,Min Level,06 Oct 2025
MIN,TMGP0110,Hardware,Min,Pipe Hose 12mm x 30m H/Duty 8Y Red,0.0000,Min Level,06 Oct 2025
MIN,TMGP0124,Hardware,Min,Pipe Hose _AND_ Fittings 12mmx30m 3Y TMS,0.0000,Min Level,06 Oct 2025
MIN,TMGP0126,Hardware,Min,Pipe Hose _AND_ Fittings 19mmx30m 3Y TMS,0.0000,Min Level,06 Oct 2025
MIN,TMHB0350,Hardware,Min,Brackets Corner 25mm (Box 100),0.0000,Min Level,06 Oct 2025
MIN,TMHB0351,Hardware,Min,Brackets Corner 50mm (Box 50),0.0000,Min Level,06 Oct 2025
MIN,TMHB0352,Hardware,Min,Brackets Corner 63mm S/C (Box 50),0.0000,Min Level,06 Oct 2025
MIN,TMHB0353,Hardware,Min,Brackets Corner 75mm (Box 50),0.0000,Min Level,06 Oct 2025
MIN,TMHB0354,Hardware,Min,Brackets Corner 100mm (Box 50),0.0000,Min Level,06 Oct 2025
MIN,TMHH0164,Hardware,Min,Hinges Butt BR/PL 75mm (10PR),0.0000,Min Level,06 Oct 2025
MIN,TMHH0165,Hardware,Min,Hinges Butt BR/PL 100mm (10PR),0.0000,Min Level,06 Oct 2025
MIN,TMHH0282,Hardware,Min,Hinges Fluch B.P. 75mm (10PRS),0.0000,Min Level,06 Oct 2025
MIN,TMHH0283,Hardware,Min,Hinges Flush B.P. 100mm (10PRS),0.0000,Min Level,06 Oct 2025
MIN,TMHH0453,Hardware,Min,Hinges Tee B/JAP 250mm (10PR),0.0000,Min Level,06 Oct 2025
MIN,TMHH0601,Hardware,Min,Hooks Cabin Brassed 100mm A 3032,0.0000,Min Level,06 Oct 2025
MIN,TMHH0660,Hardware,Min,Cup Hook Brass 20mm 10PCE/PER CARD,0.0000,Min Level,06 Oct 2025
MIN,TMHH0662,Hardware,Min,Cup Hook Brass 25mm 10PCE/PER CARD,0.0000,Min Level,06 Oct 2025
MIN,TMHH0720,Hardware,Min,Hooks Wardrobe Chrome Plated-Single,0.0000,Min Level,06 Oct 2025
MIN,TMHH0721,Hardware,Min,Hooks Wardrobe Brass Plated - Single,0.0000,Min Level,06 Oct 2025
MIN,TMHL0220,Hardware,Min,Locks Mortice 2l CP Blister,0.0000,Min Level,06 Oct 2025
MIN,TMHL0221,Hardware,Min,Locks Mortice CP 3 Lever Blister,0.0000,Min Level,06 Oct 2025
MIN,TMHL0230,Hardware,Min,Lock Mortice 2l Body Only CP Blister,0.0000,Min Level,06 Oct 2025
MIN,TMHL0231,Hardware,Min,Lock Mortice 3l Body Only B/Plated Blist,0.0000,Min Level,06 Oct 2025
MIN,TMHL0254,Hardware,Min,Locks Pad Disc Type 70mm Blister,0.0000,Min Level,06 Oct 2025
MIN,TMHL0331,Hardware,Min,Locks Pad Lock 25mm IRON (6),0.0000,Min Level,06 Oct 2025
MIN,TMHL0341,Hardware,Min,Locks Pad Lock 25mm BRASS (6),0.0000,Min Level,06 Oct 2025
MIN,TMHL0347,Hardware,Min,Locks Long/SH BRS 1/per card b/packing,0.0000,Min Level,06 Oct 2025
MIN,TMHL0348,Hardware,Min,Locks Long/sh BRS 40mm B/packing,0.0000,Min Level,06 Oct 2025
MIN,TMHL0366,Hardware,Min,Locks Pad BRS 38mm carded,0.0000,Min Level,06 Oct 2025
MIN,TMHL0368,Hardware,Min,Locks Pad BRS 50mm carded,0.0000,Min Level,06 Oct 2025
MIN,TPB1/4,Brass Fittings,Min,Pilot Burner with Bracket 1/4 - 3 way,0.0000,Min Level,06 Oct 2025
MIN,TR4740,Regulators/Pigtails,Min,Argon Cylinder Regulator,0.0000,Min Level,06 Oct 2025
MIN,TRB40,Boiling Table/Burners,Min,Triple Ring Burner C40 (with Manifold),0.0000,Min Level,06 Oct 2025
MIN,TRIVET01,Stove _AND_ Hobs,Min,Pot Trivet 130mm x 130mm S/S,0.0000,Min Level,06 Oct 2025
MIN,TTPH001,Cylinders/Heaters/General,Min,Table Top Patio Heater (Designer) Alva,0.0000,Min Level,06 Oct 2025
MIN,TUB1,BLOCKED,Min,450mm Stainless Steel Tube Burner,0.0000,Min Level,06 Oct 2025
MIN,TUB10,Boiling Table/Burners,Min,650mm Stainless Steel Tube Burner,0.0000,Min Level,06 Oct 2025
MIN,TUB2,Boiling Table/Burners,Min,460mm S/S Tube Burner,0.0000,Min Level,06 Oct 2025
MIN,TUB3,Boiling Table/Burners,Min,550mm Stainless Steel Tube Burner,0.0000,Min Level,06 Oct 2025
MIN,TUB4,Boiling Table/Burners,Min,600mm S/S Tube Burner,0.0000,Min Level,06 Oct 2025
MIN,TUB415U,Boiling Table/Burners,Min,415mm S/S Tube Burner - Loop,0.0000,Min Level,06 Oct 2025
MIN,TUB5,Boiling Table/Burners,Min,450mm S/S Tube Burner,0.0000,Min Level,06 Oct 2025
MIN,TUB500U,Boiling Table/Burners,Min,500mm S/Steel Tube Burner -Ushaped,0.0000,Min Level,06 Oct 2025
MIN,TUB6,Boiling Table/Burners,Min,400mm S/S Tube Burner,0.0000,Min Level,06 Oct 2025
MIN,TUB7,Boiling Table/Burners,Min,500mm S/S Tube Burner,0.0000,Min Level,06 Oct 2025
MIN,TUB8,Boiling Table/Burners,Min,400mm S/S Tube Burner (Bent),0.0000,Min Level,06 Oct 2025
MIN,TUB9,Boiling Table/Burners,Min,420mm Stainless Steel Tube Burner,0.0000,Min Level,06 Oct 2025
MIN,TUBBA,Boiling Table/Burners,Min,U-Shaped Ribbon Burners - GB128,0.0000,Min Level,06 Oct 2025
MIN,TUBC27,Boiling Table/Burners,Min,275mm x 85mm stainless steel chef burner,0.0000,Min Level,06 Oct 2025
MIN,TUBC33,Boiling Table/Burners,Min,330mm x 60mm Stainless Steel Chef Burner,0.0000,Min Level,06 Oct 2025
MIN,TUBCH30,Boiling Table/Burners,Min,Chad o' Chef Hob Burner,0.0000,Min Level,06 Oct 2025
MIN,TUBFL,Boiling Table/Burners,Min,Radiant 381 x 89mm (005),0.0000,Min Level,06 Oct 2025
MIN,TUBR002,Boiling Table/Burners,Min,Standard Radiant Enamel 371mm (holes),0.0000,Min Level,06 Oct 2025
MIN,TUBR003,BLOCKED,Min,Radiant Clip Type 371.5 x 108mm,0.0000,Min Level,06 Oct 2025
MIN,TUBR004,Boiling Table/Burners,Min,Radiant 419 x 101.5mm,0.0000,Min Level,06 Oct 2025
MIN,TUBR006,Boiling Table/Burners,Min,Radiant S/S 440 x144 5,0.0000,Min Level,06 Oct 2025
MIN,TUBRAD001,Boiling Table/Burners,Min,Cast Iron Radient 415mm x 50mm,0.0000,Min Level,06 Oct 2025
MIN,TUBRU,Boiling Table/Burners,Min,Adjustable Flame Tamer - 351mm - 487mm,0.0000,Min Level,06 Oct 2025
MIN,TUBU,Boiling Table/Burners,Min,Universal Tube Burner (351-487mm),0.0000,Min Level,06 Oct 2025
MIN,TUBUBB,Boiling Table/Burners,Min,Universal Braai Burner,0.0000,Min Level,06 Oct 2025
MIN,TWLDS,Hardware,Min,Leak Detection Spray - Weicon,0.0000,Min Level,06 Oct 2025
MIN,TY10MPB,Gas Water Heaters _AND_ Access,Min,10lt Water Heater (Typhoon) Multi Press,0.0000,Min Level,06 Oct 2025
MIN,TY12FFB,Gas Water Heaters _AND_ Access,Min,12litre Fan Forced Water Heater Typhoon,0.0000,Min Level,06 Oct 2025
MIN,TY12MPB,Gas Water Heaters _AND_ Access,Min,12lt Water Heater (Typhoon) Multi Press,0.0000,Min Level,06 Oct 2025
MIN,TY14CTD,Gas Water Heaters _AND_ Access,Min,14lt Water Heater Constant Temperature,0.0000,Min Level,06 Oct 2025
MIN,TY16CTD,Gas Water Heaters _AND_ Access,Min,16lt Water Heater Constant Temperature,0.0000,Min Level,06 Oct 2025
MIN,TY16FFB,Gas Water Heaters _AND_ Access,Min,16litre Fan Forced Gas Water Heater,0.0000,Min Level,06 Oct 2025
MIN,TY16FFD,Gas Water Heaters _AND_ Access,Min,16litre Fan Forced Gas Water Heater O/D,0.0000,Min Level,06 Oct 2025
MIN,TY16MPB,Gas Water Heaters _AND_ Access,Min,16lt Water Heater (Typhoon) Multi Press,0.0000,Min Level,06 Oct 2025
MIN,TY20FFB,Gas Water Heaters _AND_ Access,Min,20 litre Fan Forced Typhoon,0.0000,Min Level,06 Oct 2025
MIN,TY20FFD,Gas Water Heaters _AND_ Access,Min,20 Litre Fan Forced Outdoor,0.0000,Min Level,06 Oct 2025
MIN,TY26FFD,Gas Water Heaters _AND_ Access,Min,26 litre Fan Forced Water Heater Typhoon,0.0000,Min Level,06 Oct 2025
MIN,TY6LPB,Gas Water Heaters _AND_ Access,Min,Typhoon 6Lt Low Pressure In/outdoor,0.0000,Min Level,06 Oct 2025
MIN,TYPH7/16,BLOCKED,Min,Typhoon Burner - 7/16 Handle,0.0000,Min Level,06 Oct 2025
MIN,UBC,Boiling Table/Burners,Min,DIY Burner Complete,0.0000,Min Level,06 Oct 2025
MIN,USBA1,Camping Products,Min,USB Electrical Socket 1.8m,0.0000,Min Level,06 Oct 2025
MIN,USBA2,Camping Products,Min,USB Electrical Hexagon Socket 1.8m,0.0000,Min Level,06 Oct 2025
MIN,VALBC,BLOCKED,Min,Back Check Valve - Liquid Pigatil,0.0000,Min Level,06 Oct 2025
MIN,VALVE,Brass Fittings,Min,Change over Valve(Brass),0.0000,Min Level,06 Oct 2025
MIN,VALVED,Brass Fittings,Min,Change over Valve ( Double Valves),0.0000,Min Level,06 Oct 2025
MIN,VALVEFF,Brass Fittings,Min,Flame Failure Valve 1/4inch,0.0000,Min Level,06 Oct 2025
MIN,VALVEI,Brass Fittings,Min,Inverted Changeover Valve 7/16inch,0.0000,Min Level,06 Oct 2025
MIN,VAPIG,Regulators/Pigtails,Min,500mm Vapour Pigtail 1/4inch,0.0000,Min Level,06 Oct 2025
MIN,VAPIG1,Regulators/Pigtails,Min,1000mm Vapour Pigtail,0.0000,Min Level,06 Oct 2025
MIN,VAPIG1 2,BLOCKED,Min,1 2 Metre Vapour Pigtail,0.0000,Min Level,06 Oct 2025
MIN,VAPIG1 5,Regulators/Pigtails,Min,1500mm Vapour Pigtail 1/4inch,0.0000,Min Level,06 Oct 2025
MIN,VAPIG1 5MALE,Regulators/Pigtails,Min,1 5m Vapour Pigtail 1/4inch to 1/4inch Male,0.0000,Min Level,06 Oct 2025
MIN,VAPIG1B,Regulators/Pigtails,Min,1000mm Vapour Pigtail 1/4inch Brass Fitting,0.0000,Min Level,06 Oct 2025
MIN,VAPIG1M,Regulators/Pigtails,Min,1000mm Vapig Pigatil 1/4inchm to 1/4inchm,0.0000,Min Level,06 Oct 2025
MIN,VAPIG2,BLOCKED,Min,2000cm Vapour Pigtail 1/4inch,0.0000,Min Level,06 Oct 2025
MIN,VAPIG700MM,BLOCKED,Min,700mm Vapour Pigtail 1/4inch,0.0000,Min Level,06 Oct 2025
MIN,VAPIGB,BLOCKED,Min,500mm Vapour Pigtail 1/4inch Brass Fitting,0.0000,Min Level,06 Oct 2025
MIN,VAPIGF,Regulators/Pigtails,Min,500mm Vapour Pigtail Flared,0.0000,Min Level,06 Oct 2025
MIN,VAPIGF1,Regulators/Pigtails,Min,1000mm Vapour Pigtail Flared,0.0000,Min Level,06 Oct 2025
MIN,VAPIGFV,Regulators/Pigtails,Min,500mm Vapour Flared Pigtail - Bevelled,0.0000,Min Level,06 Oct 2025
MIN,VAPIGSPEC,BLOCKED,Min,R1-12x1.5ml - 3/4f-3/4f PT - 3/4 Female,0.0000,Min Level,06 Oct 2025
MIN,VAPORIZER,Regulators/Pigtails,Min,30kg/hr 220V Vapourizer _AND_ control panel,0.0000,Min Level,06 Oct 2025
MIN,VM3X3T,Regulators/Pigtails,Min,Vapour Manifold 3x3 T Fittings,0.0000,Min Level,06 Oct 2025
MIN,WASH1,Washers,Min,Rubber Washer,0.0000,Min Level,06 Oct 2025
MIN,WASH150,Washers,Min,Washers for SHEXT150,0.0000,Min Level,06 Oct 2025
MIN,WASH1L,Washers,Min,Rubber Lamp Washer 2 pack,0.0000,Min Level,06 Oct 2025
MIN,WASH1R,BLOCKED,Min,Rubber Washer - Cooker Top (RED),0.0000,Min Level,06 Oct 2025
MIN,WASH1WH,Washers,Min,Rubber Washer Cooker Top - HARD (White),0.0000,Min Level,06 Oct 2025
MIN,WASH2,Washers,Min,Fibre Washer,0.0000,Min Level,06 Oct 2025
MIN,WASH3,Washers,Min,Bullnose Regulator Washer (Flat 1/2cone),0.0000,Min Level,06 Oct 2025
MIN,WASH3/4,Washers,Min,3/4inch Rubber Washers,0.0000,Min Level,06 Oct 2025
MIN,WASH4,Washers,Min,Full Cone Washer,0.0000,Min Level,06 Oct 2025
MIN,WASH5,Washers,Min,Bullnose O Ring,0.0000,Min Level,06 Oct 2025
MIN,WASH8,Washers,Min,1/2inch Female Hosetail Washer Rubber,0.0000,Min Level,06 Oct 2025
MIN,WASH8F,Washers,Min,1/2inch Female Hosetail Washer Fibre,0.0000,Min Level,06 Oct 2025
MIN,WASH9,Washers,Min,Cooker Head Washer (RED),0.0000,Min Level,06 Oct 2025
MIN,WASHCH,BLOCKED,Min,WASCH,0.0000,Min Level,06 Oct 2025
MIN,WASHFL,BLOCKED,Min,Washers for Piezo Lamp/Torch WT02,0.0000,Min Level,06 Oct 2025
MIN,WASHFLH,Washers,Min,Forklift/Hyster Washer,0.0000,Min Level,06 Oct 2025
MIN,WASHPT,Washers,Min,Pigtail Washer,0.0000,Min Level,06 Oct 2025
MIN,WASHRO,Washers,Min,Rubber Cooker Top Washer (Orange),0.0000,Min Level,06 Oct 2025
MIN,WASHSP,Washers,Min,Washers for Spindles,0.0000,Min Level,06 Oct 2025
MIN,WBB01,Wooden Boards,Min,Wooden Bread Board (480x250x22),0.0000,Min Level,06 Oct 2025
MIN,WBBHL,Wooden Boards,Min,Baquette Board with Handle (146x530x18),0.0000,Min Level,06 Oct 2025
MIN,WBBL,Wooden Boards,Min,Baquette Board (146x530x18),0.0000,Min Level,06 Oct 2025
MIN,WBCB,BLOCKED,Min,Wine Bottle Carry Bag (Write a MSG),0.0000,Min Level,06 Oct 2025
MIN,WBCHB,Wooden Boards,Min,Wooden Board - Heart Cut-out,0.0000,Min Level,06 Oct 2025
MIN,WBFS,BLOCKED,Min,Wooden Board - Fish Shape,0.0000,Min Level,06 Oct 2025
MIN,WBHB001,Wooden Boards,Min,Wooden Big Heart Board 480 x 370 x 22,0.0000,Min Level,06 Oct 2025
MIN,WBHH,BLOCKED,Min,Wooden Board - Horse Head Shape,0.0000,Min Level,06 Oct 2025
MIN,WBLH,BLOCKED,Min,Wooden Board - Long Handle (146x600x15),0.0000,Min Level,06 Oct 2025
MIN,WBLS,Wooden Boards,Min,Wooden Lazy Suzan 450 x 60 x 450,0.0000,Min Level,06 Oct 2025
MIN,WBPB,Wooden Boards,Min,Wooden Board - Pizza Board (380x22),0.0000,Min Level,06 Oct 2025
MIN,WBPKBB,BLOCKED,Min,Potjie Pot Board and Burner,0.0000,Min Level,06 Oct 2025
MIN,WBPL,Wooden Boards,Min,Wooden Plate,0.0000,Min Level,06 Oct 2025
MIN,WBRB,BLOCKED,Min,Wooden Board - Rugby Ball Shape,0.0000,Min Level,06 Oct 2025
MIN,WBSAW,Wooden Boards,Min,Wooden Snack and Wine Board,0.0000,Min Level,06 Oct 2025
MIN,WBSB1,Wooden Boards,Min,Serving Board 1 Bowl,0.0000,Min Level,06 Oct 2025
MIN,WBSB3,Wooden Boards,Min,Serving Board 3 Bowls,0.0000,Min Level,06 Oct 2025
MIN,WBSBC,Wooden Boards,Min,Wooden Blackwood Biltong Cutter,0.0000,Min Level,06 Oct 2025
MIN,WBSH,Wooden Boards,Min,Wooden Board - Short Handle last stock,0.0000,Min Level,06 Oct 2025
MIN,WBSRSB3,Wooden Boards,Min,Round Serving Board - 3 Bowls,0.0000,Min Level,06 Oct 2025
MIN,WBSSB,Wooden Boards,Min,Serving Steak Board 2 Bowls,0.0000,Min Level,06 Oct 2025
MIN,WC1HBB,Doors _AND_ Window Frames _AND_ Fitt,Min,Window Frames C1HBB - Medium Duty,0.0000,Min Level,06 Oct 2025
MIN,WC2HBB,Doors _AND_ Window Frames _AND_ Fitt,Min,Window Frames C2HBB - Medium Duty,0.0000,Min Level,06 Oct 2025
MIN,WCB001,Wooden Boards,Min,Wooden Chopping Board (330x450x39),0.0000,Min Level,06 Oct 2025
MIN,WCHB01,Wooden Boards,Min,Wooden Cheese Board (170x280x20),0.0000,Min Level,06 Oct 2025
MIN,WCKK,Kitchenware,Min,Condere Coloured Whistling Kettles,0.0000,Min Level,06 Oct 2025
MIN,WE1HBB,Doors _AND_ Window Frames _AND_ Fitt,Min,Window Frames E1HBB - Medium Duty,0.0000,Min Level,06 Oct 2025
MIN,WFBB01,Wooden Boards,Min,Wooden French Bread Board (420x520x22),0.0000,Min Level,06 Oct 2025
MIN,WFNC1,Doors _AND_ Window Frames _AND_ Fitt,Min,Window Frames NC1 - Clisco,0.0000,Min Level,06 Oct 2025
MIN,WFNE1,Doors _AND_ Window Frames _AND_ Fitt,Min,WIndow Frames NE1 - Clisco,0.0000,Min Level,06 Oct 2025
MIN,WGBB01,BLOCKED,Min,Wooden Garlic Bread Board (198x700x22),0.0000,Min Level,06 Oct 2025
MIN,WHCP-500,Braais _AND_ Products,Min,500mm Coal Grate Fireplace with pebbles,0.0000,Min Level,06 Oct 2025
MIN,WHFPP,BLOCKED,Min,Fire Place Pebbles medium 20kg,0.0000,Min Level,06 Oct 2025
MIN,WHKK,BLOCKED,Min,Stainless Steel Whistling Kettle,0.0000,Min Level,06 Oct 2025
MIN,WHS003,Braais _AND_ Products,Min,Fire Place Pebbles - 20kg Bag,0.0000,Min Level,06 Oct 2025
MIN,WHS004,,Min,Bag of Pebbles for 1000mm fireplace,0.0000,Min Level,06 Oct 2025
MIN,WHS011,Braais _AND_ Products,Min,7kg Bag of Vermiculite,0.0000,Min Level,06 Oct 2025
MIN,WHS029FK,General Spares,Min,Wonderheat Fire Place Knobs,0.0000,Min Level,06 Oct 2025
MIN,WHS030,Brass Fittings,Min,320mm Co-Pilot for Fireplace,0.0000,Min Level,06 Oct 2025
MIN,WINBAR11,Doors _AND_ Window Frames _AND_ Fitt,Min,11mm Barrel - Stl,0.0000,Min Level,06 Oct 2025
MIN,WINBRA/YZ,Doors _AND_ Window Frames _AND_ Fitt,Min,Handle Bar R/H - ALUM Incl Screw/Bush,0.0000,Min Level,06 Oct 2025
MIN,WINBUSN,Doors _AND_ Window Frames _AND_ Fitt,Min,Nylon Bushes,0.0000,Min Level,06 Oct 2025
MIN,WIND350R,,Min,Tornado 350mm Turbine Galv Round,0.0000,Min Level,06 Oct 2025
MIN,WIND450F,,Min,450mm Galvanised Turbine Ventilator Flat,0.0000,Min Level,06 Oct 2025
MIN,WIND500R,,Min,Tornado 500mm Turbine Galv Round,0.0000,Min Level,06 Oct 2025
MIN,WINDOOB100B,Doors _AND_ Window Frames _AND_ Fitt,Min,Door Bolt 100mm Brass,0.0000,Min Level,06 Oct 2025
MIN,WINDOOBSC5X12,Doors _AND_ Window Frames _AND_ Fitt,Min,Door Bolt Screws M5x12,0.0000,Min Level,06 Oct 2025
MIN,WINHANBLA/YZ,Doors _AND_ Window Frames _AND_ Fitt,Min,Handle Bar L/H -ALUM Y/Z incl screw/Bush,0.0000,Min Level,06 Oct 2025
MIN,WINHANBRA/YZ,Doors _AND_ Window Frames _AND_ Fitt,Min,Handle Bar R/H - ALUM Incl screw/Bush,0.0000,Min Level,06 Oct 2025
MIN,WINHANSLB,Doors _AND_ Window Frames _AND_ Fitt,Min,Brass Handle - Left,0.0000,Min Level,06 Oct 2025
MIN,WINHANSLSHF/YZ,Doors _AND_ Window Frames _AND_ Fitt,Min,Handle Std L/H - H/F Steel Y/Z including,0.0000,Min Level,06 Oct 2025
MIN,WINHANSLSHFBP,Doors _AND_ Window Frames _AND_ Fitt,Min,Handle Std Left - H/F Steel B/P,0.0000,Min Level,06 Oct 2025
MIN,WINHANSLZ/YZ,Doors _AND_ Window Frames _AND_ Fitt,Min,Handle Std L/H - Zinc Y/Z,0.0000,Min Level,06 Oct 2025
MIN,WINHANSRB,Doors _AND_ Window Frames _AND_ Fitt,Min,Brass Handle - Right,0.0000,Min Level,06 Oct 2025
MIN,WINHANSRSHF/YZ,Doors _AND_ Window Frames _AND_ Fitt,Min,Handle Std R/H - H/F Steel Y/Z,0.0000,Min Level,06 Oct 2025
MIN,WINHANSRSHFBP,Doors _AND_ Window Frames _AND_ Fitt,Min,Handle Std Right - H/F Steel B/P,0.0000,Min Level,06 Oct 2025
MIN,WINHANSRZ/YZ,Doors _AND_ Window Frames _AND_ Fitt,Min,Handle Standard R/H - Econo,0.0000,Min Level,06 Oct 2025
MIN,WINHPLAWL25S,Doors _AND_ Window Frames _AND_ Fitt,Min,Handle Plate Weld On 25mm L/H - Stl,0.0000,Min Level,06 Oct 2025
MIN,WINHPLAWR25S,Doors _AND_ Window Frames _AND_ Fitt,Min,Handle Plate Weld On 25mm R/H - Stl,0.0000,Min Level,06 Oct 2025
MIN,WINHPLWLH,Doors _AND_ Window Frames _AND_ Fitt,Min,Handle Plate Weld On 25mm L/H - Stl,0.0000,Min Level,06 Oct 2025
MIN,WINHPWRH,Doors _AND_ Window Frames _AND_ Fitt,Min,Handle Plate Weld On 25mm R/H - Stl,0.0000,Min Level,06 Oct 2025
MIN,WINLHBH,Doors _AND_ Window Frames _AND_ Fitt,Min,Bargain Handles - LH incl Bush and Screw,0.0000,Min Level,06 Oct 2025
MIN,WINPEG150ASYZ,Doors _AND_ Window Frames _AND_ Fitt,Min,Pegstay 150mm - Stl Al/YZ,0.0000,Min Level,06 Oct 2025
MIN,WINPEG150B,Doors _AND_ Window Frames _AND_ Fitt,Min,Peg Stay 150mm Brass,0.0000,Min Level,06 Oct 2025
MIN,WINPEG200ASYZ,Doors _AND_ Window Frames _AND_ Fitt,Min,Peg Stay 200mm - Stl Al/YZ,0.0000,Min Level,06 Oct 2025
MIN,WINPEG200B,Doors _AND_ Window Frames _AND_ Fitt,Min,Peg Stay 200mm - Brass,0.0000,Min Level,06 Oct 2025
MIN,WINPEG200SHFBP,,Min,200mm Pegstay - H/F Steel B/P,0.0000,Min Level,06 Oct 2025
MIN,WINPEG250AS/YZ,Doors _AND_ Window Frames _AND_ Fitt,Min,Peg Stay 250mm - Stl Al Y/Z,0.0000,Min Level,06 Oct 2025
MIN,WINPEG250B,Doors _AND_ Window Frames _AND_ Fitt,Min,Peg Stay 250mm - Brs,0.0000,Min Level,06 Oct 2025
MIN,WINPEG250S/YZ,Doors _AND_ Window Frames _AND_ Fitt,Min,Peg Stay 250mm - Stl Znc Swl Y/Z,0.0000,Min Level,06 Oct 2025
MIN,WINPEG300AS/YZ,Doors _AND_ Window Frames _AND_ Fitt,Min,300mm Pegstay - Stl Al/YZ,0.0000,Min Level,06 Oct 2025
MIN,WINPEG300B,Doors _AND_ Window Frames _AND_ Fitt,Min,300mm Brass Pegstays,0.0000,Min Level,06 Oct 2025
MIN,WINPEGHB,Doors _AND_ Window Frames _AND_ Fitt,Min,Peg Holder Bracket Econo - Stl,0.0000,Min Level,06 Oct 2025
MIN,WINPEGPINEC,Doors _AND_ Window Frames _AND_ Fitt,Min,Peg Pin Econo - Stl,0.0000,Min Level,06 Oct 2025
MIN,WINPEGREST,Doors _AND_ Window Frames _AND_ Fitt,Min,Peg rest Bracket Econo - Stl,0.0000,Min Level,06 Oct 2025
MIN,WINPEGS200B,Doors _AND_ Window Frames _AND_ Fitt,Min,200mm Brass Pegstay,0.0000,Min Level,06 Oct 2025
MIN,WINPHOLBWS,Doors _AND_ Window Frames _AND_ Fitt,Min,Peg Holder Bracket Weld On,0.0000,Min Level,06 Oct 2025
MIN,WINPPINBWS,Doors _AND_ Window Frames _AND_ Fitt,Min,Peg Pin Bracket Weld On,0.0000,Min Level,06 Oct 2025
MIN,WINPREGBWS,Doors _AND_ Window Frames _AND_ Fitt,Min,Peg Rest Bracket Weld On - STL,0.0000,Min Level,06 Oct 2025
MIN,WINPS34YP,Doors _AND_ Window Frames _AND_ Fitt,Min,300mm Pegstay YP St Knuckle,0.0000,Min Level,06 Oct 2025
MIN,WINPSAE200,Doors _AND_ Window Frames _AND_ Fitt,Min,Peg Stay Alum Econo 200mm - Stl Y/Z,0.0000,Min Level,06 Oct 2025
MIN,WINRDNBES,Doors _AND_ Window Frames _AND_ Fitt,Min,Round Nose Bracket Econo - Stl,0.0000,Min Level,06 Oct 2025
MIN,WINRDNBWS,Doors _AND_ Window Frames _AND_ Fitt,Min,Round Nose Bracket Weld on - STL,0.0000,Min Level,06 Oct 2025
MIN,WINRHBH,Doors _AND_ Window Frames _AND_ Fitt,Min,Bargain Handles - RH incl Bush and Screw,0.0000,Min Level,06 Oct 2025
MIN,WINSCR6X12B,Doors _AND_ Window Frames _AND_ Fitt,Min,Peg Stay Screw 6x12 - Brass,0.0000,Min Level,06 Oct 2025
MIN,WINSCREW6X9.5BR,Doors _AND_ Window Frames _AND_ Fitt,Min,Sliding Stay screw 6x9.5 - Brass,0.0000,Min Level,06 Oct 2025
MIN,WINSLI150AS/YZ,Doors _AND_ Window Frames _AND_ Fitt,Min,Sliding Stay 150mm - Stl Al Y/Z,0.0000,Min Level,06 Oct 2025
MIN,WINSLI150B,Doors _AND_ Window Frames _AND_ Fitt,Min,150mm BRASS Sliding Stay,0.0000,Min Level,06 Oct 2025
MIN,WINSLI178AS/YZ,Doors _AND_ Window Frames _AND_ Fitt,Min,178mm Sliding Stay - Stl AL/YZ,0.0000,Min Level,06 Oct 2025
MIN,WINSLI178B,Doors _AND_ Window Frames _AND_ Fitt,Min,178mm BRASS Sliding Stay,0.0000,Min Level,06 Oct 2025
MIN,WINSLI178S/YZ,Doors _AND_ Window Frames _AND_ Fitt,Min,178mm Sliding Stay - Stl Zinc Y/Z,0.0000,Min Level,06 Oct 2025
MIN,WINSLI270B,Doors _AND_ Window Frames _AND_ Fitt,Min,Sliding Stay 270mm - Brass,0.0000,Min Level,06 Oct 2025
MIN,WINSLI270SHF,Doors _AND_ Window Frames _AND_ Fitt,Min,Sliding Stay 270mm H/F Steel,0.0000,Min Level,06 Oct 2025
MIN,WINSQNBWS,Doors _AND_ Window Frames _AND_ Fitt,Min,Square Nose Bracket Weld On,0.0000,Min Level,06 Oct 2025
MIN,WINSQRNOSEE,Doors _AND_ Window Frames _AND_ Fitt,Min,Square Nose Bracket Econo - Stl,0.0000,Min Level,06 Oct 2025
MIN,WINSSAE150,Doors _AND_ Window Frames _AND_ Fitt,Min,Sliding Stay Alum Econo 150mm Stl Y/Z,0.0000,Min Level,06 Oct 2025
MIN,WINSSS6X6SY/Z,Doors _AND_ Window Frames _AND_ Fitt,Min,Sliding Stay Screw M6x6 - Stl Y/Z,0.0000,Min Level,06 Oct 2025
MIN,WINTEARDROP,Doors _AND_ Window Frames _AND_ Fitt,Min,Stl Teardrop Hinge - Stl Pin,0.0000,Min Level,06 Oct 2025
MIN,WINTHUA/BP,Doors _AND_ Window Frames _AND_ Fitt,Min,Thumb Screws - BP on Alum,0.0000,Min Level,06 Oct 2025
MIN,WINTHUA/ZY,Doors _AND_ Window Frames _AND_ Fitt,Min,Thumb Screws - Z/Y on Alum,0.0000,Min Level,06 Oct 2025
MIN,WINWHSCR8X19,Doors _AND_ Window Frames _AND_ Fitt,Min,Handel Hex Screw M8x19 - Stl Y/Z,0.0000,Min Level,06 Oct 2025
MIN,WINWPSCR6X12B,Doors _AND_ Window Frames _AND_ Fitt,Min,Peg Stay Screw M6 x 12 BRS,0.0000,Min Level,06 Oct 2025
MIN,WK0035267,Stove _AND_ Hobs,Min,Thermocouple for HFS90GA5ES (middle),0.0000,Min Level,06 Oct 2025
MIN,WKCBK,Kitchenware,Min,Core Black Whistling Kettle - 3litre,0.0000,Min Level,06 Oct 2025
MIN,WKCBKT,Kitchenware,Min,Core Black Whistling Kettle - 2lt,0.0000,Min Level,06 Oct 2025
MIN,WKCBL,Kitchenware,Min,Core Blue Whistling Kettle - 3 Litre,0.0000,Min Level,06 Oct 2025
MIN,WKCG,Kitchenware,Min,Core Green Whistling Kettle -3 litre,0.0000,Min Level,06 Oct 2025
MIN,WKCIM,Kitchenware,Min,Core Metallic Ivory Whistling Kettle-3l,0.0000,Min Level,06 Oct 2025
MIN,WKCMMS,Kitchenware,Min,Core Matt Silver Whistling Kettle -1.5lt,0.0000,Min Level,06 Oct 2025
MIN,WKCP,Kitchenware,Min,Core Pink Whistling Kettle - 3 Litre,0.0000,Min Level,06 Oct 2025
MIN,WKCPM,Kitchenware,Min,Core Metallic Pink Whistling Kettle - 3l,0.0000,Min Level,06 Oct 2025
MIN,WKCR,Kitchenware,Min,Core Red Whistling Kettle - 3 litre,0.0000,Min Level,06 Oct 2025
MIN,WKCRT,BLOCKED,Min,Core Red Whistling Kettle - 1.6lt,0.0000,Min Level,06 Oct 2025
MIN,WKCS,Kitchenware,Min,Core Silver Whistling Kettle - 3 litre,0.0000,Min Level,06 Oct 2025
MIN,WKCST,Kitchenware,Min,Core Silver Whistling Kettle - 2lt,0.0000,Min Level,06 Oct 2025
MIN,WKCTMS,Kitchenware,Min,Core Matt Silver Whistling Kettle - 2lt,0.0000,Min Level,06 Oct 2025
MIN,WKCV,Kitchenware,Min,Core Violet Whistling Kettle - 3 litre,0.0000,Min Level,06 Oct 2025
MIN,WKCW,Kitchenware,Min,Core White Whistling Kettle - 3 litre,0.0000,Min Level,06 Oct 2025
MIN,WKCWT,Kitchenware,Min,Core White Whistling Kettle - 2lt,0.0000,Min Level,06 Oct 2025
MIN,WKNB,Kitchenware,Min,Jasnic 2 5litre Whistling Kettle Black,0.0000,Min Level,06 Oct 2025
MIN,WKNC,Kitchenware,Min,Whistling Kettle 3litre Colour (Jasnic),0.0000,Min Level,06 Oct 2025
MIN,WKNS,Kitchenware,Min,Whistling Kettle Silver 3litre (Jasnic),0.0000,Min Level,06 Oct 2025
MIN,WMGHZ12,Cylinders/Heaters/General,Min,Wall Mounted Patio Radient Heater _AND_ Brak,0.0000,Min Level,06 Oct 2025
MIN,WMGHZ16,Cylinders/Heaters/General,Min,Wall Mounted Gas Heater - Z16,0.0000,Min Level,06 Oct 2025
MIN,WNC2FBB,Doors _AND_ Window Frames _AND_ Fitt,Min,Window Frames NC2FBB - Medium Duty,0.0000,Min Level,06 Oct 2025
MIN,WNE1BB,Doors _AND_ Window Frames _AND_ Fitt,Min,Window Frames NE1BB - Medium Duty,0.0000,Min Level,06 Oct 2025
MIN,WPPG10,Brass Fittings,Min,Wall Plug Plastic Grey 10mm (50),0.0000,Min Level,06 Oct 2025
MIN,WSBB02,BLOCKED,Min,Wooden Steak Board - Large (400x600x26),0.0000,Min Level,06 Oct 2025
MIN,WSKC,Kitchenware,Min,Whistling Kettle Safeway - MIXED,0.0000,Min Level,06 Oct 2025
MIN,WSKCL,Kitchenware,Min,2litre Gas Kettle,0.0000,Min Level,06 Oct 2025
MIN,WSKDC,Kitchenware,Min,3lt Whistling Kettle Deluxe,0.0000,Min Level,06 Oct 2025
MIN,WSKS,BLOCKED,Min,Whistling Kettle Safeway - Silver,0.0000,Min Level,06 Oct 2025
MIN,WSSB01,Wooden Boards,Min,Wooden Steak Board - Small (285x450x23),0.0000,Min Level,06 Oct 2025
MIN,WSSB03,Wooden Boards,Min,Serving Steak Board,0.0000,Min Level,06 Oct 2025
MIN,WW15KG,General Spares,Min,Welding Wire 15kg Box,0.0000,Min Level,06 Oct 2025
MIN,WZKK,BLOCKED,Min,3 litre Whistling Kettle - Czajnik,0.0000,Min Level,06 Oct 2025
MIN,YGGLCG/WAY,BLOCKED,Min,Wifi Gateway,0.0000,Min Level,06 Oct 2025
MIN,YGGLCMON,BLOCKED,Min,BT Monitor (Std Sensors),0.0000,Min Level,06 Oct 2025
MIN,YGGLCSTD,BLOCKED,Min,Standard Sensor 3kg - 19kg,0.0000,Min Level,06 Oct 2025
MIN,YGGLCSTD2,BLOCKED,Min,Gas Level Check 2 x STD,0.0000,Min Level,06 Oct 2025
MIN,YGGLCXL,BLOCKED,Min,Sensor XL 48kg,0.0000,Min Level,06 Oct 2025
MIN,YGGLCXL2,BLOCKED,Min,Gas Level Check 2 x XL,0.0000,Min Level,06 Oct 2025
MIN,Z4BGSOB,Stove _AND_ Hobs,Min,Zero 4 Plate Stove Incl Gas Oven Black,0.0000,Min Level,06 Oct 2025
MIN,Z4BGSOSS,Stove _AND_ Hobs,Min,Zero 4 Plate Stove Incl Gas Oven S/Steel,0.0000,Min Level,06 Oct 2025
MIN,Z4BGSOW,Stove _AND_ Hobs,Min,Zero 4 Plate Stove Incl Gas Oven White,0.0000,Min Level,06 Oct 2025
MIN,Z5BGSOGSS,Stove _AND_ Hobs,Min,5 Burner Gas Stove and Oven/Grill S/S,0.0000,Min Level,06 Oct 2025
MIN,Z5BGSSSO,BLOCKED,Min,Zero 5 burner Gas oven grill S/S,0.0000,Min Level,06 Oct 2025
MIN,Z6BGSO,Stove _AND_ Hobs,Min,Zero 6 Plate White Stove Incl Gas Oven,0.0000,Min Level,06 Oct 2025
MIN,Z6BGSSSO,Stove _AND_ Hobs,Min,6 Burner Stainless Steel Gas Stove/Oven,0.0000,Min Level,06 Oct 2025
MIN,ZA20LPB,Gas Water Heaters _AND_ Access,Min,20 litre Zero / Low pressure,0.0000,Min Level,06 Oct 2025
MIN,ZEBPRC,Braais _AND_ Products,Min,Pan Rusk _AND_ Cutter 430mmx350mm,0.0000,Min Level,06 Oct 2025
MIN,ZEBPS01,Braais _AND_ Products,Min,Potjie Steamer Large Size 4,0.0000,Min Level,06 Oct 2025
MIN,ZEBPS02,Braais _AND_ Products,Min,Potjie Steamer Small - Size3,0.0000,Min Level,06 Oct 2025
MIN,ZEBRCO,Braais _AND_ Products,Min,Rusk Cutter Only,0.0000,Min Level,06 Oct 2025
MIN,ZEBSBT01,BLOCKED,Min,Braai Sandwich Toaster (Made in RSA),0.0000,Min Level,06 Oct 2025
MIN,ZEBSML01,Braais _AND_ Products,Min,Sosatie Braai (Proudly made in RSA),0.0000,Min Level,06 Oct 2025
MIN,ZEBSP3,Braais _AND_ Products,Min,Zebra Steakpan 310 x 430,0.0000,Min Level,06 Oct 2025
MIN,ZEBSP4,Braais _AND_ Products,Min,Zebra Steakpan 410 x 500,0.0000,Min Level,06 Oct 2025
MIN,ZGFR260DB,Kitchenware,Min,Dbl Bin Chest Fridge/Freezer Zero,0.0000,Min Level,06 Oct 2025
MIN,TERMH510,Brass Fittings,Min,510M Thermocouple for Hob,0.0000,Min Level,06 Oct 2025
MIN,THERMH510,General Spares,Min,510mm hermocouple for Hob,0.0000,Min Level,06 Oct 2025
MIN,SFGLR,,Min,Short Flame Gas Lighter - Refillable,0.0000,Min Level,06 Oct 2025
MIN,GFPG,Gas Water Heaters _AND_ Access,Min,Glass Fuse for Paloma Geyser,0.0000,Min Level,06 Oct 2025
MIN,GR20LFF,Gas Water Heaters _AND_ Access,Min,20LT FF Typhoon Geyser Remote,0.0000,Min Level,06 Oct 2025
MIN,BBQTGC,Braais _AND_ Products,Min,BBQ Tong and Grill Cleaner set,0.0000,Min Level,06 Oct 2025
MIN,BBQBWC,Braais _AND_ Products,Min,BBQ Brush Cleaner Wire Coarse,0.0000,Min Level,06 Oct 2025
MIN,SPAREDESPS036,Stove _AND_ Hobs,Min,Ignitor Box for 4 Burner Hob,0.0000,Min Level,06 Oct 2025
MIN,PGLP0-10,Regulators/Pigtails,Min,Low Pressure Gauge 10 KPA,0.0000,Min Level,06 Oct 2025
MIN,AMPGWH,Gas Water Heaters _AND_ Access,Min,Alva Mini Portable Gas Water Heater,0.0000,Min Level,06 Oct 2025
MIN,SIL001,Hardware,Min,Acrylic Adhesive and Filler - 5kg,0.0000,Min Level,06 Oct 2025
MIN,SIL002,Hardware,Min,Acrylic Adhesive and Filler - 2kg,0.0000,Min Level,06 Oct 2025
MIN,LACIPOC,Camping Products,Min,Luxury Arm Chair 63x63x107 Iron Pipe and Oxford Cloth,0.0000,Min Level,06 Oct 2025
PS017797,GSSP1110,Gas Water Heaters _AND_ Access,PS,110mm Galv Pipe,-5.0000,2025-09 Week36,02 Sep 2025
PS017797,GSSPE1,Gas Water Heaters _AND_ Access,PS,110mm Galv Elbow 90deg,-3.0000,2025-09 Week36,02 Sep 2025
PS017797,GSSP1130,Gas Water Heaters _AND_ Access,PS,130mm Galv Pipe,-5.0000,2025-09 Week36,02 Sep 2025
PS017797,WKCBK,Kitchenware,PS,Core Black Whistling Kettle - 3litre,-5.0000,2025-09 Week36,02 Sep 2025
PS017797,WKCW,Kitchenware,PS,Core White Whistling Kettle - 3 litre,-5.0000,2025-09 Week36,02 Sep 2025
PS017797,WKCS,Kitchenware,PS,Core Silver Whistling Kettle - 3 litre,-9.0000,2025-09 Week36,02 Sep 2025
PS017797,WKCR,Kitchenware,PS,Core Red Whistling Kettle - 3 litre,-3.0000,2025-09 Week36,02 Sep 2025
PS017797,WKCBL,Kitchenware,PS,Core Blue Whistling Kettle - 3 Litre,-3.0000,2025-09 Week36,02 Sep 2025
PS017797,GCAR5,Cylinders/Heaters/General,PS,500gm Screw type Canisters,-6.0000,2025-09 Week36,02 Sep 2025
PS017797,GCAR9,Canister Gas Products,PS,450gr Butane Cartridge,-6.0000,2025-09 Week36,02 Sep 2025
PS017799,REGSB,Regulators/Pigtails,PS,Bullnose 1kg /hr - regulator,-70.0000,2025-09 Week36,02 Sep 2025
PS017803,SSCVDN22,Gas Piping,PS,DN22 TracPipe,-4.0000,2025-09 Week36,02 Sep 2025
PS017803,SSCFVDN15,Gas Piping,PS,Autoflare DN15,-4.0000,2025-09 Week36,02 Sep 2025
PS017805,WKCBL,Kitchenware,PS,Core Blue Whistling Kettle - 3 Litre,-5.0000,2025-09 Week36,02 Sep 2025
PS017805,WKCG,Kitchenware,PS,Core Green Whistling Kettle -3 litre,-5.0000,2025-09 Week36,02 Sep 2025
PS017805,WKCR,Kitchenware,PS,Core Red Whistling Kettle - 3 litre,-5.0000,2025-09 Week36,02 Sep 2025
PS017805,CYL3S,Cylinders/Heaters/General,PS,Safegas 3kg Gas Cylinder,-5.0000,2025-09 Week36,02 Sep 2025
PS017805,CYL5S,Cylinders/Heaters/General,PS,Safegas 5kg Gas Cylinder,-5.0000,2025-09 Week36,02 Sep 2025
PS017805,HOSE1/2FS,Brass Fittings,PS,1/2inch Female to Hosetail Swivel,-20.0000,2025-09 Week36,02 Sep 2025
PS017805,BLOW1071L,Canister Gas Products,PS,Torch - 60mm burner,-5.0000,2025-09 Week36,02 Sep 2025
PS017808,DH5LPA,Gas Water Heaters _AND_ Access,PS,5Litre Eco LP Gas Water Heater - Dewhot,-3.0000,2025-09 Week40,30 Sep 2025
PS017811,GCAR8,Cylinders/Heaters/General,PS,330gr Can Butane/Propane 7/16 600ml,-12.0000,2025-09 Week36,03 Sep 2025
PS017811,BLOW7/16,Canister Gas Products,PS,7/16 Canister Blow Torch - Piezo,-5.0000,2025-09 Week36,03 Sep 2025
PS017811,GCAR1,Canister Gas Products,PS,190gm Canisters,-36.0000,2025-09 Week36,03 Sep 2025
PS017817,KEY1,Brass Fittings,PS,Cylinder Control Key,-6.0000,2025-10 Week44,30 Oct 2025
PS017817,IGNCE,General Spares,PS,Ceramic Ignitor Electrode,-2.0000,2025-10 Week44,30 Oct 2025
PS017817,HOSEL,Gas Hose,PS,8mm Gas Hose 30m,-2.0000,2025-10 Week44,30 Oct 2025
PS017817,LFAL,Refills _AND_ Lighters,PS,Alva Lighter 1 pack,-4.0000,2025-10 Week44,30 Oct 2025
PS017817,DH8LPB,Gas Water Heaters _AND_ Access,PS,8Lt Water Heater EcoFlow (Low Pressure),-1.0000,2025-10 Week44,30 Oct 2025
PS017817,OIL,Wooden Boards,PS,Wooden Board Oil 200ml,-2.0000,2025-10 Week44,30 Oct 2025
PS017817,SPAREUKNOB,General Spares,PS,Universal BBQ Black Knob Set N/S,-4.0000,2025-10 Week44,30 Oct 2025
PS017825,VALVE,Brass Fittings,PS,Change over Valve(Brass),-1.0000,2025-09 Week36,04 Sep 2025
PS017825,REGINC5,Regulators/Pigtails,PS,5kg Vented Inline Reg _AND_ Bracket CAVAGNA,-1.0000,2025-09 Week36,04 Sep 2025
PS017825,VAPIG,Regulators/Pigtails,PS,500mm Vapour Pigtail 1/4inch,-2.0000,2025-09 Week36,04 Sep 2025
PS017825,PEXS1216-3/8M,PEX Pipe and Fittings,PS,1216 to 3/8inch Male,-1.0000,2025-09 Week36,04 Sep 2025
PS017825,PTFEG,PTFE Tape,PS,12mm x 12m x .65gram (Gas cream tape),-2.0000,2025-09 Week36,04 Sep 2025
PS017825,BHHS25MMG,Brass Fittings,PS,Galvanised Hospital Saddles 25mm,-10.0000,2025-09 Week36,04 Sep 2025
PS017829,REGINC5,Regulators/Pigtails,PS,5kg Vented Inline Reg _AND_ Bracket CAVAGNA,-10.0000,2025-09 Week36,04 Sep 2025
PS017829,VAPIG,Regulators/Pigtails,PS,500mm Vapour Pigtail 1/4inch,-10.0000,2025-09 Week36,04 Sep 2025
PS017829,PEXS1216-1620,PEX Pipe and Fittings,PS,1216 to 1620 Reducer,-10.0000,2025-09 Week36,04 Sep 2025
PS017829,PEXS1620EE,PEX Pipe and Fittings,PS,1620 Equal Elbow,-10.0000,2025-09 Week36,04 Sep 2025
PS017829,HOSEW,Gas Hose,PS,8mm Orange Hose - Watex 30m,-1.0000,2025-09 Week36,04 Sep 2025
PS017829,PEXS1216TP,PEX Pipe and Fittings,PS,1216 Test Point,-5.0000,2025-09 Week36,04 Sep 2025
PS017829,FIRTC,Cylinders/Heaters/General,PS,Cadac Fire Stick,-2.0000,2025-09 Week36,04 Sep 2025
PS017831,BLOW3,Canister Gas Products,PS,Blow Torch 3 Burner PLS Hose Plumbing,-3.0000,2025-09 Week36,04 Sep 2025
PS017831,BLOW4,Canister Gas Products,PS,Blow Torch 3 Burner PLS Hose Heating I006,-2.0000,2025-09 Week36,04 Sep 2025
PS017831,HOSEL,Gas Hose,PS,8mm Gas Hose 30m,-4.0000,2025-09 Week36,04 Sep 2025
PS017831,SHEXT150,Cylinders/Heaters/General,PS,9kg Cylinder Shoulder Stand (Blue),-5.0000,2025-09 Week36,04 Sep 2025
PS017831,VALVE,Brass Fittings,PS,Change over Valve(Brass),-4.0000,2025-09 Week36,04 Sep 2025
PS017831,BCB,Brass Fittings,PS,Cadac to Bullnose,-6.0000,2025-09 Week36,04 Sep 2025
PS017831,BBC,Brass Fittings,PS,Bullnose to Cadac,-6.0000,2025-09 Week36,04 Sep 2025
PS017831,BTHT,Brass Fittings,PS,Bullnose to Hosetail,-3.0000,2025-09 Week36,04 Sep 2025
PS017831,WASH2,Washers,PS,Fibre Washer,-30.0000,2025-09 Week36,04 Sep 2025
PS017831,WASH1,Washers,PS,Rubber Washer,-30.0000,2025-09 Week36,04 Sep 2025
PS017831,COUE3/8,Brass Fittings,PS,3/8inch Compression Elbow,-5.0000,2025-09 Week36,04 Sep 2025
PS017831,COUE5/16,Brass Fittings,PS,5/16inch Compression Elbow,-3.0000,2025-09 Week36,04 Sep 2025
PS017831,COUE1/4,Brass Fittings,PS,1/4inch Compression Elbow,-3.0000,2025-09 Week36,04 Sep 2025
PS017831,COUT3/8,Brass Fittings,PS,3/8inch Compression Tee,-4.0000,2025-09 Week36,04 Sep 2025
PS017831,COUT5/16,Brass Fittings,PS,5/16inch Compression Tee,-2.0000,2025-09 Week36,04 Sep 2025
PS017831,COUT1/4,Brass Fittings,PS,1/4inch Compression Tee,-2.0000,2025-09 Week36,04 Sep 2025
PS017831,OMVALVE,Brass Fittings,PS,Cylinder Replacement Valve 3-5kg,-5.0000,2025-09 Week36,04 Sep 2025
PS017831,PEXS1216-HT,PEX Pipe and Fittings,PS,1216 to Hosetail Direct 8mm,-6.0000,2025-09 Week36,04 Sep 2025
PS017831,PEXS1216-1/2FD,PEX Pipe and Fittings,PS,1216 to 1/2inch Demountable Female,-6.0000,2025-09 Week36,04 Sep 2025
PS017831,REGBHP,Regulators/Pigtails,PS,High Pressure B/N Regulator (Red),-2.0000,2025-09 Week36,04 Sep 2025
PS017831,REGSB,Regulators/Pigtails,PS,Bullnose 1kg /hr - regulator,-30.0000,2025-09 Week36,04 Sep 2025
PS017831,HOSE1/2M,Brass Fittings,PS,1/2inch Hosetail Male 8mm,-10.0000,2025-09 Week36,04 Sep 2025
PS017831,TMBP0349,Hardware,PS,Pratley Frogz Eggz 50g,-2.0000,2025-09 Week36,04 Sep 2025
PS017831,BGSPIC,Brass Fittings,PS,Cylinder Replacement Spindles CADAC,-30.0000,2025-09 Week36,04 Sep 2025
PS017831,JET1,Brass Fittings,PS,Cooker Top Jet (No. 15),-15.0000,2025-09 Week36,04 Sep 2025
PS017831,CYLEGO007,Hardware,PS,Gas Cylinder Easy Opener,-2.0000,2025-09 Week36,04 Sep 2025
PS017855,HOSEL,Gas Hose,PS,8mm Gas Hose 30m,-1.0000,2025-09 Week36,05 Sep 2025
PS017855,PEXS1216-T10BVC,PEX Pipe and Fittings,PS,1216 to Hosetail Ball Valve Crimp,-11.0000,2025-09 Week36,05 Sep 2025
PS017855,HOSE1/2F,Brass Fittings,PS,1/2inch Hosetail Female 8mm,-4.0000,2025-09 Week36,05 Sep 2025
PS017855,PEXS1216-HT,PEX Pipe and Fittings,PS,1216 to Hosetail Direct 8mm,-2.0000,2025-09 Week36,05 Sep 2025
PS017855,REGSB,Regulators/Pigtails,PS,Bullnose 1kg /hr - regulator,-1.0000,2025-09 Week36,05 Sep 2025
PS017858,WASH1WH,Washers,PS,Rubber Washer Cooker Top - HARD (White),-100.0000,2025-10 Week44,30 Oct 2025
PS017859,WASH1WH,Washers,PS,Rubber Washer Cooker Top - HARD (White),-100.0000,2025-09 Week36,05 Sep 2025
PS017861,BBC,Brass Fittings,PS,Bullnose to Cadac,-7.0000,2025-09 Week36,05 Sep 2025
PS017861,BC10V,Boiling Table/Burners,PS,C10/20 Spare Valve,-2.0000,2025-09 Week36,05 Sep 2025
PS017861,BCB,Brass Fittings,PS,Cadac to Bullnose,-9.0000,2025-09 Week36,05 Sep 2025
PS017861,BGSPIC,Brass Fittings,PS,Cylinder Replacement Spindles CADAC,-10.0000,2025-09 Week36,05 Sep 2025
PS017861,BLCON,Brass Fittings,PS,8mm 90deg Connector,-4.0000,2025-09 Week36,05 Sep 2025
PS017861,BSCON,Brass Fittings,PS,8mm Brass Straight Joiner,-5.0000,2025-09 Week36,05 Sep 2025
PS017861,BTCON,Brass Fittings,PS,Brass T connector - 8mm,-7.0000,2025-09 Week36,05 Sep 2025
PS017861,BYCON,Brass Fittings,PS,8mm Y Piece,-7.0000,2025-09 Week36,05 Sep 2025
PS017861,CLAMPSS,Brass Fittings,PS,Hose Clamp - Stainless Steel 6mm-16mm,-150.0000,2025-09 Week36,05 Sep 2025
PS017861,CQ1/4,Brass Fittings,PS,Quick Coupler - 1/4inch Set Female - female,-2.0000,2025-09 Week36,05 Sep 2025
PS017861,CYLEGO007,Hardware,PS,Gas Cylinder Easy Opener,-4.0000,2025-09 Week36,05 Sep 2025
PS017861,DRB30T,BLOCKED,PS,Double Ring Burner - Single (Top),-2.0000,2025-09 Week36,05 Sep 2025
PS017861,EXT100,Cylinders/Heaters/General,PS,100mm Extension,-2.0000,2025-09 Week36,05 Sep 2025
PS017861,FTHT,Brass Fittings,PS,1/2inch Female to Hosetail 90deg (Steel),-4.0000,2025-09 Week36,05 Sep 2025
PS017861,GBH,Brass Fittings,PS,Bulk Head and Nuts HF-291,-3.0000,2025-09 Week36,05 Sep 2025
PS017861,GCAR1,Canister Gas Products,PS,190gm Canisters,-10.0000,2025-09 Week36,05 Sep 2025
PS017861,GCAR2,Cylinders/Heaters/General,PS,220gm Canisters,-40.0000,2025-09 Week36,05 Sep 2025
PS017861,GCAR9,Canister Gas Products,PS,450gr Butane Cartridge,-3.0000,2025-09 Week36,05 Sep 2025
PS017861,LFB18,Refills _AND_ Lighters,PS,Refill Butane 18ml,-20.0000,2025-09 Week36,05 Sep 2025
PS017861,NCL,Brass Fittings,PS,Nozzle Tip Cleaner,-1.0000,2025-09 Week36,05 Sep 2025
PS017861,OMVALVE,Brass Fittings,PS,Cylinder Replacement Valve 3-5kg,-1.0000,2025-09 Week36,05 Sep 2025
PS017861,OMVALVEB,Brass Fittings,PS,Cylinder Replacement Valve Bullnose,-5.0000,2025-09 Week36,05 Sep 2025
PS017861,PTFEG,PTFE Tape,PS,12mm x 12m x .65gram (Gas cream tape),-10.0000,2025-09 Week36,05 Sep 2025
PS017861,REGHP15,BLOCKED,PS,15kg High Pressure Regulator,-1.0000,2025-09 Week36,05 Sep 2025
PS017861,REGSB,Regulators/Pigtails,PS,Bullnose 1kg /hr - regulator,-20.0000,2025-09 Week36,05 Sep 2025
PS017861,SIMM,Lamps _AND_ General,PS,Simmer Plate,-5.0000,2025-09 Week36,05 Sep 2025
PS017861,SPAREDH12LPC,Gas Water Heaters _AND_ Access,PS,Low Pressure Ignition Controller,-3.0000,2025-09 Week36,05 Sep 2025
PS017861,SPAREDHBB,Gas Water Heaters _AND_ Access,PS,Spare Double Battery Box S/S or LP,-3.0000,2025-09 Week36,05 Sep 2025
PS017861,SPAREUKC,General Spares,PS,Universal BBQ Knob Set - Chrome,-4.0000,2025-09 Week36,05 Sep 2025
PS017861,TUB2,Boiling Table/Burners,PS,460mm S/S Tube Burner,-3.0000,2025-09 Week36,05 Sep 2025
PS017861,TUB6,Boiling Table/Burners,PS,400mm S/S Tube Burner,-3.0000,2025-09 Week36,05 Sep 2025
PS017861,TUBRU,Boiling Table/Burners,PS,Adjustable Flame Tamer - 351mm - 487mm,-4.0000,2025-09 Week36,05 Sep 2025
PS017861,TUBU,Boiling Table/Burners,PS,Universal Tube Burner (351-487mm),-3.0000,2025-09 Week36,05 Sep 2025
PS017861,WASH1,Washers,PS,Rubber Washer,-20.0000,2025-09 Week36,05 Sep 2025
PS017861,WASH1WH,Washers,PS,Rubber Washer Cooker Top - HARD (White),-20.0000,2025-09 Week36,05 Sep 2025
PS017861,WASH4,Washers,PS,Full Cone Washer,-20.0000,2025-09 Week36,05 Sep 2025
PS017861,WASHPT,Washers,PS,Pigtail Washer,-30.0000,2025-09 Week36,05 Sep 2025
PS017861,WKCBK,Kitchenware,PS,Core Black Whistling Kettle - 3litre,-2.0000,2025-09 Week36,05 Sep 2025
PS017861,WKCR,Kitchenware,PS,Core Red Whistling Kettle - 3 litre,-1.0000,2025-09 Week36,05 Sep 2025
PS017861,WKCS,Kitchenware,PS,Core Silver Whistling Kettle - 3 litre,-1.0000,2025-09 Week36,05 Sep 2025
PS017866,HOSEL,Gas Hose,PS,8mm Gas Hose 30m,-2.0000,2025-10 Week44,30 Oct 2025
PS017866,REGINA4,Regulators/Pigtails,PS,choc,-2.0000,2025-10 Week44,30 Oct 2025
PS017866,VAPIG,Regulators/Pigtails,PS,500mm Vapour Pigtail 1/4inch,-4.0000,2025-10 Week44,30 Oct 2025
PS017866,VALVE,Brass Fittings,PS,Change over Valve(Brass),-2.0000,2025-10 Week44,30 Oct 2025
PS017866,REGSB,Regulators/Pigtails,PS,Bullnose 1kg /hr - regulator,-6.0000,2025-10 Week44,30 Oct 2025
PS017870,PEXS1216EE,PEX Pipe and Fittings,PS,1216 to 1216 Equal Elbow,-5.0000,2025-09 Week36,06 Sep 2025
PS017870,PEXS1216-T10BVC,PEX Pipe and Fittings,PS,1216 to Hosetail Ball Valve Crimp,-1.0000,2025-09 Week36,06 Sep 2025
PS017870,PEXS1620-1216UT,PEX Pipe and Fittings,PS,1620 to 1216 to 1620 Unequal Tee,-1.0000,2025-09 Week36,06 Sep 2025
PS017870,HOSELPM,Gas Hose,PS,Orange Gas Hose Per 50cm,-3.0000,2025-09 Week36,06 Sep 2025
PS017878,COUP5/83/8M,Brass Fittings,PS,5/8inch Compression to 3/8inch Male,-20.0000,2025-10 Week44,30 Oct 2025
PS017881,PBGA63BB002Q,Regulators/Pigtails,PS,Pressure Gauge 0-10Bar (1000kpa),-5.0000,2025-10 Week44,30 Oct 2025
PS017885,BT3BB,Boiling Table/Burners,PS,3 Burner B/Table folding Legs Black H/D,-1.0000,2025-09 Week37,08 Sep 2025
PS017890,PEXS1216EC,PEX Pipe and Fittings,PS,1216 End Cap,-2.0000,2025-10 Week44,30 Oct 2025
PS017908,HOSEL,Gas Hose,PS,8mm Gas Hose 30m,-6.0000,2025-10 Week44,30 Oct 2025
PS017909,HOSEL,Gas Hose,PS,8mm Gas Hose 30m,-2.0000,2025-09 Week37,10 Sep 2025
PS017909,BSCON,Brass Fittings,PS,8mm Brass Straight Joiner,-50.0000,2025-09 Week37,10 Sep 2025
PS017911,KEY1,Brass Fittings,PS,Cylinder Control Key,-3.0000,2025-10 Week44,30 Oct 2025
PS017911,REGINA4,Regulators/Pigtails,PS,CHOC change over kit,-3.0000,2025-10 Week44,30 Oct 2025
PS017911,VAPIG,Regulators/Pigtails,PS,500mm Vapour Pigtail 1/4inch,-6.0000,2025-10 Week44,30 Oct 2025
PS017911,VALVE,Brass Fittings,PS,Change over Valve(Brass),-3.0000,2025-10 Week44,30 Oct 2025
PS017911,GBV1/2N,Brass Fittings,PS,1/2inch Ball Valve Long Handle,-3.0000,2025-10 Week44,30 Oct 2025
PS017911,REGINA4,Regulators/Pigtails,PS,RSAC,-5.0000,2025-10 Week44,30 Oct 2025
PS017911,VAPIG,Regulators/Pigtails,PS,500mm Vapour Pigtail 1/4inch,-5.0000,2025-10 Week44,30 Oct 2025
PS017913,HOSE1/4F,Brass Fittings,PS,1/4inch Hosetail Female 8mm,-5.0000,2025-10 Week44,30 Oct 2025
PS017913,SBPVCO237,PTFE Tape,PS,PVC Cement Heavy Duty Clear Oatey 237ml,-5.0000,2025-10 Week44,30 Oct 2025
PS017913,SBPVCO118,PTFE Tape,PS,PVC Cement Heavy Duty Clear Oatey 118ml,-5.0000,2025-10 Week44,30 Oct 2025
PS017915,FLEX500MM1/2F,Brass Fittings,PS,500mm Flexi Pipe 1/2inch,-5.0000,2025-09 Week37,10 Sep 2025
PS017915,FLEX500MM3/4F,Brass Fittings,PS,500mm Flexi Pipe 3/4inch,-3.0000,2025-09 Week37,10 Sep 2025
PS017915,PEXS1216OBS,PEX Pipe and Fittings,PS,1216 Outer Bending Spring,-1.0000,2025-09 Week37,10 Sep 2025
PS017915,PEXS1216IBS,PEX Pipe and Fittings,PS,1216 Inner Bending Spring,-1.0000,2025-09 Week37,10 Sep 2025
PS017915,PEXS1216TP,PEX Pipe and Fittings,PS,1216 Test Point,-10.0000,2025-09 Week37,10 Sep 2025
PS017915,BTP1/2FH,Brass Fittings,PS,1/2inch Female to Hosetail Test Point,-10.0000,2025-09 Week37,10 Sep 2025
PS017918,BSOC1/2,Brass Fittings,PS,1/2inch Female Sockets,-4.0000,2025-10 Week44,30 Oct 2025
PS017918,HOSE1/2F,Brass Fittings,PS,1/2inch Hosetail Female 8mm,-3.0000,2025-10 Week44,30 Oct 2025
PS017918,HOSE1/2M,Brass Fittings,PS,1/2inch Hosetail Male 8mm,-3.0000,2025-10 Week44,30 Oct 2025
PS017918,BHN1214,Brass Fittings,PS,1/2inchM -1/4inchM Hex Reducing Nip,-2.0000,2025-10 Week44,30 Oct 2025
PS017918,BHN1238,Brass Fittings,PS,1/2inchM -3/8inchM Hex Reducing Nip,-2.0000,2025-10 Week44,30 Oct 2025
PS017918,BHN1212,Brass Fittings,PS,1/2inchM Hex Nip,-3.0000,2025-10 Week44,30 Oct 2025
PS017918,BEL1/2,Brass Fittings,PS,1/2inch Male/ Female Brass Elbow,-2.0000,2025-10 Week44,30 Oct 2025
PS017918,HOSE1/4M,Brass Fittings,PS,1/4inch Hosetail 8mm,-1.0000,2025-10 Week44,30 Oct 2025
PS017918,HOSE1/4F,Brass Fittings,PS,1/4inch Hosetail Female 8mm,-3.0000,2025-10 Week44,30 Oct 2025
PS017918,BHN1414,Brass Fittings,PS,1/4inchM Hex Nip,-2.0000,2025-10 Week44,30 Oct 2025
PS017918,BEL1/4,Brass Fittings,PS,1/4inch Male Female Brass Elbow,-3.0000,2025-10 Week44,30 Oct 2025
PS017918,HOSE1/8F,Brass Fittings,PS,1/8inch Hosetail Female 8mm,-3.0000,2025-10 Week44,30 Oct 2025
PS017918,BTCON,Brass Fittings,PS,Brass T connector - 8mm,-3.0000,2025-10 Week44,30 Oct 2025
PS017918,BYCON,Brass Fittings,PS,8mm Y Piece,-3.0000,2025-10 Week44,30 Oct 2025
PS017918,BRB1214,Brass Fittings,PS,Reducing Bush 1/2inchM -1/4inchF,-2.0000,2025-10 Week44,30 Oct 2025
PS017918,BRB1418,Brass Fittings,PS,Reducing Bush 1/4inchM -1/8inchF,-3.0000,2025-10 Week44,30 Oct 2025
PS017918,BRB3812,Brass Fittings,PS,Reducing Bush 3/8inchF to 1/2inch M,-2.0000,2025-10 Week44,30 Oct 2025
PS017918,BRB3814,Brass Fittings,PS,Reducing Bush 3/8inchM-1/4inchF,-3.0000,2025-10 Week44,30 Oct 2025
PS017918,COUP8/8,Brass Fittings,PS,1/2inch Compression by 1/2inch Male,-2.0000,2025-10 Week44,30 Oct 2025
PS017918,COUP8/4,Brass Fittings,PS,1/2inch Compression by 1/4inch Male,-2.0000,2025-10 Week44,30 Oct 2025
PS017918,COUP4/4,Brass Fittings,PS,1/4inch Compression by 1/4inch Male,-2.0000,2025-10 Week44,30 Oct 2025
PS017918,COUP6/4,Brass Fittings,PS,3/8inch Compression by 1/4inch Male,-2.0000,2025-10 Week44,30 Oct 2025
PS017918,HOSE3/8C,Brass Fittings,PS,3/8inch Compression to Hosetail 8mm,-3.0000,2025-10 Week44,30 Oct 2025
PS017918,BUN3/8,Brass Fittings,PS,3/8inch Compression Union,-2.0000,2025-10 Week44,30 Oct 2025
PS017918,VAPIG1,Regulators/Pigtails,PS,1000mm Vapour Pigtail,-1.0000,2025-10 Week44,30 Oct 2025
PS017918,WASH3,Washers,PS,Bullnose Regulator Washer (Flat 1/2cone),-5.0000,2025-10 Week44,30 Oct 2025
PS017920,SBWCC,Hardware,PS,Waterproof Conjoint Connectors,-5.0000,2025-09 Week37,11 Sep 2025
PS017920,COOK2P,Cooker Tops,PS,Cooker Top with Piezo Ignitor (20 min),-3.0000,2025-09 Week37,11 Sep 2025
PS017920,LFGLWP,Braais _AND_ Products,PS,Wind Proof Long Flame Gas Lighter,-4.0000,2025-09 Week37,11 Sep 2025
PS017920,SFGLWP,Braais _AND_ Products,PS,Short Gas Lighter - Wind Proof,-4.0000,2025-09 Week37,11 Sep 2025
PS017920,GCAR2,Cylinders/Heaters/General,PS,220gm Canisters,-4.0000,2025-09 Week37,11 Sep 2025
PS017920,GCAR5,Cylinders/Heaters/General,PS,500gm Screw type Canisters,-1.0000,2025-09 Week37,11 Sep 2025
PS017920,LFB30,Refills _AND_ Lighters,PS,Refill Butane 300ml,-1.0000,2025-09 Week37,11 Sep 2025
PS017920,LSUSB,Braais _AND_ Products,PS,Arc BBQ Lighter USB,-2.0000,2025-09 Week37,11 Sep 2025
PS017920,SFGLD,Braais _AND_ Products,PS,Short Flame Gas Lighter - Disposable,-1.0000,2025-09 Week37,11 Sep 2025
PS017920,ALTCCR106,Canister Gas Products,PS,Canister Blow Torch,-1.0000,2025-09 Week37,11 Sep 2025
PS017920,SHEXT150,Cylinders/Heaters/General,PS,9kg Cylinder Shoulder Stand (Blue),-2.0000,2025-09 Week37,11 Sep 2025
PS017920,BSBTVALVE,Brass Fittings,PS,CA 3 Single Boiling Table Valve,-1.0000,2025-09 Week37,11 Sep 2025
PS017920,CTHT90,Brass Fittings,PS,Cadac to Hosetail 90' (Tank Adaptor),-4.0000,2025-09 Week37,11 Sep 2025
PS017920,BCB,Brass Fittings,PS,Cadac to Bullnose,-5.0000,2025-09 Week37,11 Sep 2025
PS017920,BBC,Brass Fittings,PS,Bullnose to Cadac,-5.0000,2025-09 Week37,11 Sep 2025
PS017920,WASHPT,Washers,PS,Pigtail Washer,-50.0000,2025-09 Week37,11 Sep 2025
PS017920,WASH4,Washers,PS,Full Cone Washer,-20.0000,2025-09 Week37,11 Sep 2025
PS017920,KEY2,Cylinders/Heaters/General,PS,Cadac Cylinder Control Key,-3.0000,2025-09 Week37,11 Sep 2025
PS017920,HOSE1/4M,Brass Fittings,PS,1/4inch Hosetail 8mm,-4.0000,2025-09 Week37,11 Sep 2025
PS017920,CQ1/4,Brass Fittings,PS,Quick Coupler - 1/4inch Set Female - female,-1.0000,2025-09 Week37,11 Sep 2025
PS017920,REGINA4,Regulators/Pigtails,PS,4kg Non-Vented Inline Reg _AND_ Brck Astro,-3.0000,2025-09 Week37,11 Sep 2025
PS017920,REGBHP,Regulators/Pigtails,PS,High Pressure B/N Regulator (Red),-1.0000,2025-09 Week37,11 Sep 2025
PS017920,REGSB,Regulators/Pigtails,PS,Bullnose 1kg /hr - regulator,-6.0000,2025-09 Week37,11 Sep 2025
PS017920,WKCBL,Kitchenware,PS,Core Blue Whistling Kettle - 3 Litre,-1.0000,2025-09 Week37,11 Sep 2025
PS017920,WKCBK,Kitchenware,PS,Core Black Whistling Kettle - 3litre,-1.0000,2025-09 Week37,11 Sep 2025
PS017923,GBV1/2N,Brass Fittings,PS,1/2inch Ball Valve Long Handle,-6.0000,2025-09 Week37,11 Sep 2025
PS017923,GBV1/2BT,Brass Fittings,PS,1/2inch Ball Valve Butterfly Handle,-4.0000,2025-09 Week37,11 Sep 2025
PS017928,GBV1/4N,Brass Fittings,PS,1/4inch Ball Valve Long Handle,-10.0000,2025-09 Week37,11 Sep 2025
PS017928,BTCON,Brass Fittings,PS,Brass T connector - 8mm,-10.0000,2025-09 Week37,11 Sep 2025
PS017928,HOSE1/4M,Brass Fittings,PS,1/4inch Hosetail 8mm,-10.0000,2025-09 Week37,11 Sep 2025
PS017928,HOSE3/4M,Brass Fittings,PS,3/4inch Hosetail Male 8mm,-10.0000,2025-09 Week37,11 Sep 2025
PS017928,HOSE1/2M,Brass Fittings,PS,1/2inch Hosetail Male 8mm,-10.0000,2025-09 Week37,11 Sep 2025
PS017928,HOSE1/2F,Brass Fittings,PS,1/2inch Hosetail Female 8mm,-10.0000,2025-09 Week37,11 Sep 2025
PS017928,HOSE3/4F,Brass Fittings,PS,3/4inch Female Hosetail 8mm,-5.0000,2025-09 Week37,11 Sep 2025
PS017928,HOSE1/2FS,Brass Fittings,PS,1/2inch Female to Hosetail Swivel,-5.0000,2025-09 Week37,11 Sep 2025
PS017928,FIRX1,Safety Equipment,PS,1kg Fire Extinguisher,-2.0000,2025-09 Week37,11 Sep 2025
PS017928,FIRX45,Safety Equipment,PS,4.5kg DCP Fire Extinguisher,-2.0000,2025-09 Week37,11 Sep 2025
PS017928,FIRX9,Safety Equipment,PS,9kg DCP Fire Extinguisher,-2.0000,2025-09 Week37,11 Sep 2025
PS017928,SAFSGSO,Safety Equipment,PS,Gas Shut Off Valve Stickers,-3.0000,2025-09 Week37,11 Sep 2025
PS017928,WASH4,Washers,PS,Full Cone Washer,-50.0000,2025-09 Week37,11 Sep 2025
PS017929,REGSB,Regulators/Pigtails,PS,Bullnose 1kg /hr - regulator,-3.0000,2025-09 Week37,11 Sep 2025
PS017929,REGSS,Regulators/Pigtails,PS,Swivel (Cadac) 1.5kg /hr - regulator,-3.0000,2025-09 Week37,11 Sep 2025
PS017929,WASH4,Washers,PS,Full Cone Washer,-10.0000,2025-09 Week37,11 Sep 2025
PS017929,COOK2,Cooker Tops,PS,Galvanised Cooker Top (Made in SA),-2.0000,2025-09 Week37,11 Sep 2025
PS017929,WASH1,Washers,PS,Rubber Washer,-10.0000,2025-09 Week37,11 Sep 2025
PS017929,HOSEL,Gas Hose,PS,8mm Gas Hose 30m,-2.0000,2025-09 Week37,11 Sep 2025
PS017929,BCB,Brass Fittings,PS,Cadac to Bullnose,-2.0000,2025-09 Week37,11 Sep 2025
PS017929,BBC,Brass Fittings,PS,Bullnose to Cadac,-1.0000,2025-09 Week37,11 Sep 2025
PS017929,JET1,Brass Fittings,PS,Cooker Top Jet (No. 15),-4.0000,2025-09 Week37,11 Sep 2025
PS017929,KEY1,Brass Fittings,PS,Cylinder Control Key,-5.0000,2025-09 Week37,11 Sep 2025
PS017931,HOSEL,Gas Hose,PS,8mm Gas Hose 30m,-2.0000,2025-09 Week40,30 Sep 2025
PS017931,CLAMPSP,Brass Fittings,PS,Clamp with screws and plug 16mm,-50.0000,2025-09 Week40,30 Sep 2025
PS017931,REGSB,Regulators/Pigtails,PS,Bullnose 1kg /hr - regulator,-30.0000,2025-09 Week40,30 Sep 2025
PS017932,PTFEG,PTFE Tape,PS,12mm x 12m x .65gram (Gas cream tape),-300.0000,2025-09 Week37,11 Sep 2025
PS017934,HOSE5/16C,Brass Fittings,PS,5/16inch Compression to Hosetail 8mm,-50.0000,2025-09 Week37,11 Sep 2025
PS017955,DRB30BMD,Boiling Table/Burners,PS,Double Ring Burner (Brass) Double,-1.0000,2025-09 Week40,30 Sep 2025
PS017955,DRB30BMS,Boiling Table/Burners,PS,Double Ring Burner (Brass) Single,-1.0000,2025-09 Week40,30 Sep 2025
PS017990,BLOW1062L,Canister Gas Products,PS,Blow Torch with 50mm burner,-5.0000,2025-10 Week44,30 Oct 2025
PS018011,SBPVCO473,PTFE Tape,PS,PVC Cement Heavy Duty Clear Oatey 473ml,-6.0000,2025-10 Week44,30 Oct 2025
PS018011,SBPVCO118,PTFE Tape,PS,PVC Cement Heavy Duty Clear Oatey 118ml,-12.0000,2025-10 Week44,30 Oct 2025
PS018011,PTFE3B,PTFE Tape,PS,19mm x 1mm x 30m x 6 5grams (Gas),-250.0000,2025-10 Week44,30 Oct 2025
PS018011,INSBK,PTFE Tape,PS,Insulation Tape Black,-250.0000,2025-10 Week44,30 Oct 2025
PS018011,INSBL,PTFE Tape,PS,Insulation Tape Blue,-50.0000,2025-10 Week44,30 Oct 2025
PS018011,INSRE,PTFE Tape,PS,Insulation Tape Red,-50.0000,2025-10 Week44,30 Oct 2025
PS018016,REGINW4,Regulators/Pigtails,PS,4kg Inline Regulator (WH) NV _AND_ Bracket,-15.0000,2025-10 Week44,30 Oct 2025
PS018030,PEXS1620TP,PEX Pipe and Fittings,PS,1620 Test Point,-1.0000,2025-09 Week40,30 Sep 2025
PS018030,PEXS1620-1620BV,PEX Pipe and Fittings,PS,1620 to 1620 Inline Ball Valve,-1.0000,2025-09 Week40,30 Sep 2025
PS018030,PEXS1620-3/4FD,PEX Pipe and Fittings,PS,1620 to 3/4inch Demountable Female,-1.0000,2025-09 Week40,30 Sep 2025
PS018030,PEXS1620-1/2M,PEX Pipe and Fittings,PS,1620 to 1/2inch Male Union,-2.0000,2025-09 Week40,30 Sep 2025
PS018030,PEXS1620-3/8M,PEX Pipe and Fittings,PS,1620 to 3/8inch Male Union,-1.0000,2025-09 Week40,30 Sep 2025
PS018030,REGINM4,Regulators/Pigtails,PS,4kg Inline Regulator Mondial,-1.0000,2025-09 Week40,30 Sep 2025
PS018030,VAPIG,Regulators/Pigtails,PS,500mm Vapour Pigtail 1/4inch,-1.0000,2025-09 Week40,30 Sep 2025
PS018030,SPAREDHGF1/2,Gas Water Heaters _AND_ Access,PS,Gas Filter 1/2inch for Gas Water Heater,-1.0000,2025-09 Week40,30 Sep 2025
PS018030,SAFSPV2,Safety Equipment,PS,Safety Signs Large (Made in RSA),-1.0000,2025-09 Week40,30 Sep 2025
PS018030,SAFSPV3,Safety Equipment,PS,Gas Shut off Valve Sign (Made in RSA),-1.0000,2025-09 Week40,30 Sep 2025
PS018038,THERMS600,General Spares,PS,600 mm Standard Thermocouple,-10.0000,2025-10 Week44,30 Oct 2025
PS018066,SBT10,Boiling Table/Burners,PS,Single Cast Iron Boiling Table,-3.0000,2025-10 Week44,30 Oct 2025
PS018066,DBT20,Boiling Table/Burners,PS,Double Cast Iron Boiling Table,-3.0000,2025-10 Week44,30 Oct 2025
PS018066,TBT30,Boiling Table/Burners,PS,Triple Cast Iron Boiling Table,-2.0000,2025-10 Week44,30 Oct 2025
PS018071,WASH1,Washers,PS,Rubber Washer,-50.0000,2025-09 Week39,23 Sep 2025
PS018071,COOK2P,Cooker Tops,PS,Cooker Top with Piezo Ignitor (20 min),-2.0000,2025-09 Week39,23 Sep 2025
PS018071,COOKI2,Cooker Tops,PS,Cooker Top,-1.0000,2025-09 Week39,23 Sep 2025
PS018071,TRB40,Boiling Table/Burners,PS,Triple Ring Burner C40 (with Manifold),-3.0000,2025-09 Week39,23 Sep 2025
PS018089,LED017,LED Lights,PS,LED Mini Torch Rechargeable FJDZ029,-50.0000,2025-10 Week44,30 Oct 2025
PS018091,VAPIGF,Regulators/Pigtails,PS,500mm Vapour Pigtail Flared,-40.0000,2025-10 Week44,30 Oct 2025
PS018102,PTFEP,PTFE Tape,PS,12mm x 0.075mm x 10m (red/pink cover),-500.0000,2025-10 Week44,30 Oct 2025
PS018102,PTFE1BN,PTFE Tape,PS,12mm x12m 0.100mm 0.45g/cm (blue cover),-300.0000,2025-10 Week44,30 Oct 2025
PS018102,PTFE3B,PTFE Tape,PS,19mm x 1mm x 30m x 6 5grams (Gas),-20.0000,2025-10 Week44,30 Oct 2025
PS018103,BCB,Brass Fittings,PS,Cadac to Bullnose,-5.0000,2025-10 Week44,30 Oct 2025
PS018103,KEY1,Brass Fittings,PS,Cylinder Control Key,-10.0000,2025-10 Week44,30 Oct 2025
PS018103,BLCON,Brass Fittings,PS,8mm 90deg Connector,-10.0000,2025-10 Week44,30 Oct 2025
PS018103,HOSE1/2F,Brass Fittings,PS,1/2inch Hosetail Female 8mm,-10.0000,2025-10 Week44,30 Oct 2025
PS018103,SPAREDHBB,Gas Water Heaters _AND_ Access,PS,Spare Double Battery Box S/S or LP,-10.0000,2025-10 Week44,30 Oct 2025
PS018106,DH12LPD,Gas Water Heaters _AND_ Access,PS,12 Litre Water Heater LP EcoFlow (D),-1.0000,2025-09 Week39,26 Sep 2025
PS018106,DHGGCOV16,Gas Water Heaters _AND_ Access,PS,Large Water Heater Cover(Dewhot)71x47,-1.0000,2025-09 Week39,26 Sep 2025
PS018107,THERMU600,General Spares,PS,600mm Universal Thermocouple,-2.0000,2025-10 Week44,30 Oct 2025
PS018114,FLEX500MM1/2F,Brass Fittings,PS,500mm Flexi Pipe 1/2inch,-1.0000,2025-09 Week40,29 Sep 2025
PS018114,FLEX500MM3/4F,Brass Fittings,PS,500mm Flexi Pipe 3/4inch,-1.0000,2025-09 Week40,29 Sep 2025
PS018114,PEXS1620-1620BV,PEX Pipe and Fittings,PS,1620 to 1620 Inline Ball Valve,-4.0000,2025-09 Week40,29 Sep 2025
PS018114,PEXS1620-3/8M,PEX Pipe and Fittings,PS,1620 to 3/8inch Male Union,-5.0000,2025-09 Week40,29 Sep 2025
PS018114,PEXS1216-1620,PEX Pipe and Fittings,PS,1216 to 1620 Reducer,-4.0000,2025-09 Week40,29 Sep 2025
PS018114,VALVE,Brass Fittings,PS,Change over Valve(Brass),-2.0000,2025-09 Week40,29 Sep 2025
PS018114,PEXS1620ET,PEX Pipe and Fittings,PS,1620 to 1620 to 1620 Equal Tee,-3.0000,2025-09 Week40,29 Sep 2025
PS018114,SAFSPV3,Safety Equipment,PS,Gas Shut off Valve Sign (Made in RSA),-10.0000,2025-09 Week40,29 Sep 2025
PS018114,PEXS1216EE,PEX Pipe and Fittings,PS,1216 to 1216 Equal Elbow,-8.0000,2025-09 Week40,29 Sep 2025
PS018114,PEXS1216TP,PEX Pipe and Fittings,PS,1216 Test Point,-2.0000,2025-09 Week40,29 Sep 2025
PS018114,BHHS20MMG,Brass Fittings,PS,Galvanised Hospital Saddles 20mm,-25.0000,2025-09 Week40,29 Sep 2025
PS018114,BHHS25MMG,Brass Fittings,PS,Galvanised Hospital Saddles 25mm,-25.0000,2025-09 Week40,29 Sep 2025
PS018114,VAPIG,Regulators/Pigtails,PS,500mm Vapour Pigtail 1/4inch,-4.0000,2025-09 Week40,29 Sep 2025
PS018114,REGCO2S9.7,Regulators/Pigtails,PS,2 Stage Auto C/O Cavagna Reg 9.7kg,-1.0000,2025-09 Week40,29 Sep 2025
PS018114,TY16FFD,Gas Water Heaters _AND_ Access,PS,16litre Fan Forced Gas Water Heater O/D,-1.0000,2025-09 Week40,29 Sep 2025
PS018115,WCB001,Wooden Boards,PS,Wooden Chopping Board (330x450x39),-2.0000,2025-10 Week44,30 Oct 2025
PS018115,WKCG,Kitchenware,PS,Core Green Whistling Kettle -3 litre,-1.0000,2025-10 Week44,30 Oct 2025
PS018115,WKCR,Kitchenware,PS,Core Red Whistling Kettle - 3 litre,-1.0000,2025-10 Week44,30 Oct 2025
PS018115,SBWCC,Hardware,PS,Waterproof Conjoint Connectors,-3.0000,2025-10 Week44,30 Oct 2025
PS018115,FIRTC,Cylinders/Heaters/General,PS,Cadac Fire Stick,-15.0000,2025-10 Week44,30 Oct 2025
PS018115,FIRTB,Cylinders/Heaters/General,PS,Bullnose Fire stick,-5.0000,2025-10 Week44,30 Oct 2025
PS018115,WBPB,Wooden Boards,PS,Wooden Board - Pizza Board (380x22),-1.0000,2025-10 Week44,30 Oct 2025
PS018117,SBWCC,Hardware,PS,Waterproof Conjoint Connectors,-57.0000,2025-10 Week44,30 Oct 2025
PS018117,CYLEGO007,Hardware,PS,Gas Cylinder Easy Opener,-4.0000,2025-10 Week44,30 Oct 2025
PS018119,REGINABR,Regulators/Pigtails,PS,Brackets for Inline Regulators,-1000.0000,2025-09 Week40,29 Sep 2025
PS018121,REGINA4,Regulators/Pigtails,PS,4kg Non-Vented Inline Reg _AND_ Brck Astro,-10.0000,2025-10 Week44,30 Oct 2025
PS018121,REGBWG,Regulators/Pigtails,PS,Bullnose Regulator with pressure gauge,-1.0000,2025-10 Week44,30 Oct 2025
PS018121,REGBHP,Regulators/Pigtails,PS,High Pressure B/N Regulator (Red),-1.0000,2025-10 Week44,30 Oct 2025
PS018121,VAPIG,Regulators/Pigtails,PS,500mm Vapour Pigtail 1/4inch,-15.0000,2025-10 Week44,30 Oct 2025
PS018125,PEXS1216-1216BV,PEX Pipe and Fittings,PS,1216 to 1216 Inline Ball Valve,-1.0000,2025-10 Week44,30 Oct 2025
PS018125,PEXS1216-T10BVC,PEX Pipe and Fittings,PS,1216 to Hosetail Ball Valve Crimp,-1.0000,2025-10 Week44,30 Oct 2025
PS018125,PEXS1216ET,PEX Pipe and Fittings,PS,1216 to 1216 to 1216 Equal Tee,-1.0000,2025-10 Week44,30 Oct 2025
PS018125,PEXS1216TP,PEX Pipe and Fittings,PS,1216 Test Point,-1.0000,2025-10 Week44,30 Oct 2025
PS018125,PEXS1216EE,PEX Pipe and Fittings,PS,1216 to 1216 Equal Elbow,-2.0000,2025-10 Week44,30 Oct 2025
PS018125,VAPIG,Regulators/Pigtails,PS,500mm Vapour Pigtail 1/4inch,-4.0000,2025-10 Week44,30 Oct 2025
PS018125,VALVE,Brass Fittings,PS,Change over Valve(Brass),-2.0000,2025-10 Week44,30 Oct 2025
PS018125,REGINC5,Regulators/Pigtails,PS,5kg Vented Inline Reg _AND_ Bracket CAVAGNA,-2.0000,2025-10 Week44,30 Oct 2025
PS018125,PEXS1620-1620BV,PEX Pipe and Fittings,PS,1620 to 1620 Inline Ball Valve,-4.0000,2025-10 Week44,30 Oct 2025
PS018125,PEXS1620-1216UT,PEX Pipe and Fittings,PS,1620 to 1216 to 1620 Unequal Tee,-2.0000,2025-10 Week44,30 Oct 2025
PS018125,PEXS1620-3/8M,PEX Pipe and Fittings,PS,1620 to 3/8inch Male Union,-2.0000,2025-10 Week44,30 Oct 2025
PS018125,PEXS1620-3/4FD,PEX Pipe and Fittings,PS,1620 to 3/4inch Demountable Female,-2.0000,2025-10 Week44,30 Oct 2025
PS018125,PEXS1620EE,PEX Pipe and Fittings,PS,1620 Equal Elbow,-6.0000,2025-10 Week44,30 Oct 2025
PS018125,PEXS1216EE,PEX Pipe and Fittings,PS,1216 to 1216 Equal Elbow,-6.0000,2025-10 Week44,30 Oct 2025
PS018125,PEXS1216-1216BV,PEX Pipe and Fittings,PS,1216 to 1216 Inline Ball Valve,-1.0000,2025-10 Week44,30 Oct 2025
PS018125,PEXS1216TP,PEX Pipe and Fittings,PS,1216 Test Point,-2.0000,2025-10 Week44,30 Oct 2025
PS018125,PEXS1216-HT,PEX Pipe and Fittings,PS,1216 to Hosetail Direct 8mm,-2.0000,2025-10 Week44,30 Oct 2025
PS018152,VAPIG,Regulators/Pigtails,PS,500mm Vapour Pigtail 1/4inch,-6.0000,2025-10 Week44,31 Oct 2025
PS018152,NCL,Brass Fittings,PS,Nozzle Tip Cleaner,-8.0000,2025-10 Week44,31 Oct 2025
PS018152,HOSEL,Gas Hose,PS,8mm Gas Hose 30m,-2.0000,2025-10 Week44,31 Oct 2025
PS018152,JET1,Brass Fittings,PS,Cooker Top Jet (No. 15),-20.0000,2025-10 Week44,31 Oct 2025
PS018152,BGSPIC,Brass Fittings,PS,Cylinder Replacement Spindles CADAC,-20.0000,2025-10 Week44,31 Oct 2025
PS018152,COOK2,Cooker Tops,PS,Galvanised Cooker Top (Made in SA),-24.0000,2025-10 Week44,31 Oct 2025
PS018152,BLOWT,Canister Gas Products,PS,Blow Torch Piezo Canister type,-3.0000,2025-10 Week44,31 Oct 2025
PS018156,GCAR8,Cylinders/Heaters/General,PS,330gr Can Butane/Propane 7/16 600ml,-1.0000,2025-10 Week44,31 Oct 2025
PS018156,GCAR1,Canister Gas Products,PS,190gm Canisters,-36.0000,2025-10 Week44,31 Oct 2025
PS018156,VALVE,Brass Fittings,PS,Change over Valve(Brass),-2.0000,2025-10 Week44,31 Oct 2025
PS018156,LFB30,Refills _AND_ Lighters,PS,Refill Butane 300ml,-4.0000,2025-10 Week44,31 Oct 2025
PS018156,KEY1,Brass Fittings,PS,Cylinder Control Key,-4.0000,2025-10 Week44,31 Oct 2025
PS018156,REGSS,Regulators/Pigtails,PS,Swivel (Cadac) 1.5kg /hr - regulator,-3.0000,2025-10 Week44,31 Oct 2025
PS018156,HOSE3/8M,Brass Fittings,PS,3/8inch Hosetail Male 8mm,-5.0000,2025-10 Week44,31 Oct 2025
PS018158,WASH2,Washers,PS,Fibre Washer,-50.0000,2025-10 Week40,01 Oct 2025
PS018161,SIL001,Hardware,PS,Acrylic Adhesive and Filler - 5kg,-8.0000,2025-10 Week44,31 Oct 2025
PS018161,SIL002,Hardware,PS,Acrylic Adhesive and Filler - 2kg,-10.0000,2025-10 Week44,31 Oct 2025
PS018171,DRB30F,Boiling Table/Burners,PS,Double Ring Burner with Feet,-2.0000,2025-10 Week40,02 Oct 2025
PS018171,LFB30,Refills _AND_ Lighters,PS,Refill Butane 300ml,-12.0000,2025-10 Week40,02 Oct 2025
PS018171,COOK2,Cooker Tops,PS,Galvanised Cooker Top (Made in SA),-12.0000,2025-10 Week40,02 Oct 2025
PS018173,HOSEL,Gas Hose,PS,8mm Gas Hose 30m,-7.0000,2025-10 Week44,31 Oct 2025
PS018173,WKCMMS,Kitchenware,PS,Core Matt Silver Whistling Kettle -1.5lt,-6.0000,2025-10 Week44,31 Oct 2025
PS018173,COOK2,Cooker Tops,PS,Galvanised Cooker Top (Made in SA),-24.0000,2025-10 Week44,31 Oct 2025
PS018173,OTHER,General Spares,PS,Oven Thermometer,-10.0000,2025-10 Week44,31 Oct 2025
PS018176,DRB30F,Boiling Table/Burners,PS,Double Ring Burner with Feet,-4.0000,2025-11 Week48,30 Nov 2025
PS018178,DRB30F,Boiling Table/Burners,PS,Double Ring Burner with Feet,-6.0000,2025-11 Week48,30 Nov 2025
PS018179,BLOWCT,Canister Gas Products,PS,Culinary Torch 45 degree,-1.0000,2025-11 Week48,30 Nov 2025
PS018180,PEXS1620TP,PEX Pipe and Fittings,PS,1620 Test Point,-2.0000,2025-11 Week48,30 Nov 2025
PS018180,PEXS0001,PEX Pipe and Fittings,PS,PEX Pipe For LPGas -1216,-95.0000,2025-11 Week48,30 Nov 2025
PS018180,PEXS1620EE,PEX Pipe and Fittings,PS,1620 Equal Elbow,-10.0000,2025-11 Week48,30 Nov 2025
PS018180,VAPIG,Regulators/Pigtails,PS,500mm Vapour Pigtail 1/4inch,-10.0000,2025-11 Week48,30 Nov 2025
PS018180,REGINC5,Regulators/Pigtails,PS,5kg Vented Inline Reg _AND_ Bracket CAVAGNA,-5.0000,2025-11 Week48,30 Nov 2025
PS018180,BLOWT,Canister Gas Products,PS,Blow Torch Piezo Canister type,-1.0000,2025-11 Week48,30 Nov 2025
PS018180,KEY1,Brass Fittings,PS,Cylinder Control Key,-6.0000,2025-11 Week48,30 Nov 2025
PS018180,LFB30,Refills _AND_ Lighters,PS,Refill Butane 300ml,-3.0000,2025-11 Week48,30 Nov 2025
PS018180,SAFSPV3,Safety Equipment,PS,Gas Shut off Valve Sign (Made in RSA),-20.0000,2025-11 Week48,30 Nov 2025
PS018180,COOK2,Cooker Tops,PS,Galvanised Cooker Top (Made in SA),-12.0000,2025-11 Week48,30 Nov 2025
PS018184,PEXS1620-1620BV,PEX Pipe and Fittings,PS,1620 to 1620 Inline Ball Valve,-4.0000,2025-10 Week40,02 Oct 2025
PS018184,PEXS1620EE,PEX Pipe and Fittings,PS,1620 Equal Elbow,-5.0000,2025-10 Week40,02 Oct 2025
PS018184,PEXS1620-1/2M,PEX Pipe and Fittings,PS,1620 to 1/2inch Male Union,-7.0000,2025-10 Week40,02 Oct 2025
PS018184,GBV1/2N,Brass Fittings,PS,1/2inch Ball Valve Long Handle,-4.0000,2025-10 Week40,02 Oct 2025
PS018184,HOSE1/2M,Brass Fittings,PS,1/2inch Hosetail Male 8mm,-5.0000,2025-10 Week40,02 Oct 2025
PS018184,PEXS1620EU,PEX Pipe and Fittings,PS,1620 Equal Union,-5.0000,2025-10 Week40,02 Oct 2025
PS018184,PEXS1620-1/2F,PEX Pipe and Fittings,PS,1620 to 1/2inch Female Union,-1.0000,2025-10 Week40,02 Oct 2025
PS018184,SAFSTI,Safety Equipment,PS,Safety Gas Flow Stickers (Made in RSA),-2.0000,2025-10 Week40,02 Oct 2025
PS018184,SAFSPV3,Safety Equipment,PS,Gas Shut off Valve Sign (Made in RSA),-2.0000,2025-10 Week40,02 Oct 2025
PS018185,HOSEL,Gas Hose,PS,8mm Gas Hose 30m,-4.0000,2025-11 Week48,30 Nov 2025
PS018191,THERMU600,General Spares,PS,600mm Universal Thermocouple,-20.0000,2025-11 Week48,30 Nov 2025
PS018198,SPAREDHSS,Gas Water Heaters _AND_ Access,PS,Solenoid Small (8 - 16L),-20.0000,2025-10 Week40,03 Oct 2025
PS018198,SPAREDHNV,Gas Water Heaters _AND_ Access,PS,Non Return Valves - all,-10.0000,2025-10 Week40,03 Oct 2025
PS018198,SPAREDED87,Gas Water Heaters _AND_ Access,PS,87mm Black Diaphragm,-10.0000,2025-10 Week40,03 Oct 2025
PS018214,INSGR,PTFE Tape,PS,Insulation Tape Green,-30.0000,2025-11 Week48,30 Nov 2025
PS018214,LED017,LED Lights,PS,LED Mini Torch Rechargeable FJDZ029,-3.0000,2025-11 Week48,30 Nov 2025
PS018214,LED030,LED Lights,PS,Large LED Flashlight - FJDZ-191,-4.0000,2025-11 Week48,30 Nov 2025
PS018214,LFGL,Refills _AND_ Lighters,PS,Long Flame Gas Lighter,-4.0000,2025-11 Week48,30 Nov 2025
PS018214,PTFE4BH,PTFE Tape,PS,19mm x 0.1mm x 40m - 0.45g/cm,-10.0000,2025-11 Week48,30 Nov 2025
PS018214,INSRE,PTFE Tape,PS,Insulation Tape Red,-30.0000,2025-11 Week48,30 Nov 2025
PS018216,REG10LPM,Regulators/Pigtails,PS,10kg LP Inline Regulator Mondial,-10.0000,2025-10 Week41,06 Oct 2025
