Document,ItemCode,Category,Trn,Description,Qty,Year_Mth_Week,Due_Date
QOH,P12,NAD,OH,Mixed Pallet,1.0000,On Hand,28 Apr 2025
QOH,P13,NAD,OH,Mixed Pallet,1.0000,On Hand,28 Apr 2025
QOH,P16,NAD,OH,Mixed Pallet,1.0000,On Hand,28 Apr 2025
QOH,P177,NAD,OH,Mixed Pallet,1.0000,On Hand,28 Apr 2025
QOH,P178,NAD,OH,Mixed Pallet,0.0000,On Hand,28 Apr 2025
QOH,P179,NAD,OH,Mixed Pallet,1.0000,On Hand,28 Apr 2025
QOH,P180,NAD,OH,Mixed Pallet,1.0000,On Hand,28 Apr 2025
QOH,P181,NAD,OH,Mixed Pallet,1.0000,On Hand,28 Apr 2025
QOH,P19,NAD,OH,Mixed Pallet,1.0000,On Hand,28 Apr 2025
QOH,P20,NAD,OH,Mixed Pallet,1.0000,On Hand,28 Apr 2025
QOH,P206,NAD,OH,Mixed Pallet,0.0000,On Hand,28 Apr 2025
QOH,P21,NAD,OH,Mixed Pallet,1.0000,On Hand,28 Apr 2025
QOH,P212,NAD,OH,Mixed Pallet,0.0000,On Hand,28 Apr 2025
QOH,P23,NAD,OH,Mixed Pallet,1.0000,On Hand,28 Apr 2025
QOH,P24,NAD,OH,Mixed Pallet,1.0000,On Hand,28 Apr 2025
QOH,P25,NAD,OH,Mixed Pallet,1.0000,On Hand,28 Apr 2025
QOH,P26,NAD,OH,Mixed Pallet,1.0000,On Hand,28 Apr 2025
QOH,P265,NAD,OH,Mixed Pallet,1.0000,On Hand,28 Apr 2025
QOH,P267,NAD,OH,Mixed Pallet,1.0000,On Hand,28 Apr 2025
QOH,P27,NAD,OH,Mixed Pallet,1.0000,On Hand,28 Apr 2025
QOH,P271,NAD,OH,Mixed Pallet,0.0000,On Hand,28 Apr 2025
QOH,P272,NAD,OH,Mixed Pallet,1.0000,On Hand,28 Apr 2025
QOH,P273,NAD,OH,Mixed Pallet,1.0000,On Hand,28 Apr 2025
QOH,P274,NAD,OH,Mixed Pallet,0.0000,On Hand,28 Apr 2025
QOH,P275,NAD,OH,Mixed Pallet,1.0000,On Hand,28 Apr 2025
QOH,P276,NAD,OH,Mixed Pallet,1.0000,On Hand,28 Apr 2025
QOH,P277,NAD,OH,Mixed Pallet,1.0000,On Hand,28 Apr 2025
QOH,P278,NAD,OH,Mixed Pallet,0.0000,On Hand,28 Apr 2025
QOH,P279,NAD,OH,Mixed Pallet,1.0000,On Hand,28 Apr 2025
QOH,P280,NAD,OH,Mixed Pallet,1.0000,On Hand,28 Apr 2025
QOH,P281,NAD,OH,Mixed Pallet,1.0000,On Hand,28 Apr 2025
QOH,P282,NAD,OH,Mixed Pallet,1.0000,On Hand,28 Apr 2025
QOH,P29,NAD,OH,Mixed Pallet,0.0000,On Hand,28 Apr 2025
QOH,P31,NAD,OH,Mixed Pallet,1.0000,On Hand,28 Apr 2025
QOH,P33,NAD,OH,Mixed Pallet,0.0000,On Hand,28 Apr 2025
QOH,P34,NAD,OH,Mixed Pallet,0.0000,On Hand,28 Apr 2025
QOH,P345,NAD,OH,Mixed Pallet,1.0000,On Hand,28 Apr 2025
QOH,P346,NAD,OH,Mixed Pallet,1.0000,On Hand,28 Apr 2025
QOH,P347A,NAD,OH,Mixed Pallet,0.0000,On Hand,28 Apr 2025
QOH,P35,NAD,OH,Mixed Pallet,1.0000,On Hand,28 Apr 2025
QOH,P36,NAD,OH,Mixed Pallet,1.0000,On Hand,28 Apr 2025
QOH,P369,NAD,OH,Mixed Pallet,0.0000,On Hand,28 Apr 2025
QOH,P37,NAD,OH,Mixed Pallet,1.0000,On Hand,28 Apr 2025
QOH,P38,NAD,OH,Mixed Pallet,0.0000,On Hand,28 Apr 2025
QOH,P385,NAD,OH,Mixed Pallet,0.0000,On Hand,28 Apr 2025
QOH,P39,NAD,OH,Mixed Pallet,1.0000,On Hand,28 Apr 2025
QOH,P40,NAD,OH,Mixed Pallet,1.0000,On Hand,28 Apr 2025
QOH,P41,NAD,OH,Mixed Pallet,1.0000,On Hand,28 Apr 2025
QOH,P411,NAD,OH,Mixed Pallet,1.0000,On Hand,28 Apr 2025
QOH,P42,NAD,OH,Mixed Pallet,0.0000,On Hand,28 Apr 2025
QOH,P43,NAD,OH,Mixed Pallet,1.0000,On Hand,28 Apr 2025
QOH,P44,NAD,OH,Mixed Pallet,1.0000,On Hand,28 Apr 2025
QOH,P454,NAD,OH,Mixed Pallet,0.0000,On Hand,28 Apr 2025
QOH,P455,NAD,OH,Mixed Pallet,0.0000,On Hand,28 Apr 2025
QOH,P456,NAD,OH,Mixed Pallet,0.0000,On Hand,28 Apr 2025
QOH,P457,NAD,OH,Mixed Pallet,0.0000,On Hand,28 Apr 2025
QOH,P458,NAD,OH,Mixed Pallet,0.0000,On Hand,28 Apr 2025
QOH,P459,NAD,OH,Mixed Pallet,0.0000,On Hand,28 Apr 2025
QOH,P46,NAD,OH,Mixed Pallet,1.0000,On Hand,28 Apr 2025
QOH,P466,NAD,OH,Mixed Pallet,0.0000,On Hand,28 Apr 2025
QOH,P47,NAD,OH,Mixed Pallet,1.0000,On Hand,28 Apr 2025
QOH,P477,NAD,OH,Mixed Pallet,0.0000,On Hand,28 Apr 2025
QOH,P48,NAD,OH,Mixed Pallet,1.0000,On Hand,28 Apr 2025
QOH,P493,NAD,OH,Mixed Pallet,0.0000,On Hand,28 Apr 2025
QOH,P494,NAD,OH,Mixed Pallet,0.0000,On Hand,28 Apr 2025
QOH,P495,NAD,OH,Mixed Pallet,0.0000,On Hand,28 Apr 2025
QOH,P499,NAD,OH,Mixed Pallet,0.0000,On Hand,28 Apr 2025
QOH,P50,NAD,OH,Mixed Pallet,1.0000,On Hand,28 Apr 2025
QOH,P500,NAD,OH,Mixed Pallet,0.0000,On Hand,28 Apr 2025
QOH,P501,NAD,OH,Mixed Pallet,0.0000,On Hand,28 Apr 2025
QOH,P502,NAD,OH,Mixed Pallet,0.0000,On Hand,28 Apr 2025
QOH,P503,NAD,OH,Mixed Pallet,0.0000,On Hand,28 Apr 2025
QOH,P505,NAD,OH,Mixed Pallet,0.0000,On Hand,28 Apr 2025
QOH,P51,NAD,OH,Mixed Pallet,1.0000,On Hand,28 Apr 2025
QOH,P52,NAD,OH,Mixed Pallet,1.0000,On Hand,28 Apr 2025
QOH,P523,NAD,OH,Mixed Pallet,0.0000,On Hand,28 Apr 2025
QOH,P529,NAD,OH,Mixed Pallet,0.0000,On Hand,28 Apr 2025
QOH,P53,NAD,OH,Mixed Pallet,1.0000,On Hand,28 Apr 2025
QOH,P54,NAD,OH,Mixed Pallet,1.0000,On Hand,28 Apr 2025
QOH,P55,NAD,OH,Mixed Pallet,1.0000,On Hand,28 Apr 2025
QOH,P551,NAD,OH,Mixed Pallet,0.0000,On Hand,28 Apr 2025
QOH,P552,NAD,OH,Mixed Pallet,0.0000,On Hand,28 Apr 2025
QOH,P553,NAD,OH,Mixed Pallet,0.0000,On Hand,28 Apr 2025
QOH,P56,NAD,OH,Mixed Pallet,1.0000,On Hand,28 Apr 2025
QOH,P560,NAD,OH,Mixed Pallet,0.0000,On Hand,28 Apr 2025
QOH,P561,NAD,OH,Mixed Pallet,0.0000,On Hand,28 Apr 2025
QOH,P562,NAD,OH,Mixed Pallet,0.0000,On Hand,28 Apr 2025
QOH,P565,NAD,OH,Mixed Pallet,0.0000,On Hand,28 Apr 2025
QOH,P566,NAD,OH,Mixed Pallet,0.0000,On Hand,28 Apr 2025
QOH,P567,NAD,OH,Mixed Pallet,0.0000,On Hand,28 Apr 2025
QOH,P568,NAD,OH,Mixed Pallet,0.0000,On Hand,28 Apr 2025
QOH,P569,NAD,OH,Mixed Pallet,0.0000,On Hand,28 Apr 2025
QOH,P57,NAD,OH,Mixed Pallet,1.0000,On Hand,28 Apr 2025
QOH,P570,NAD,OH,Mixed Pallet,0.0000,On Hand,28 Apr 2025
QOH,P571,NAD,OH,Mixed Pallet,0.0000,On Hand,28 Apr 2025
QOH,P572,NAD,OH,Mixed Pallet,0.0000,On Hand,28 Apr 2025
QOH,P573,NAD,OH,Mixed Pallet,0.0000,On Hand,28 Apr 2025
QOH,P574,NAD,OH,Mixed Pallet,0.0000,On Hand,28 Apr 2025
QOH,P575,NAD,OH,Mixed Pallet,0.0000,On Hand,28 Apr 2025
QOH,P576,NAD,OH,Mixed Pallet,0.0000,On Hand,28 Apr 2025
QOH,P577,NAD,OH,Mixed Pallet,0.0000,On Hand,28 Apr 2025
QOH,P578,NAD,OH,Mixed Pallet,0.0000,On Hand,28 Apr 2025
QOH,P579,NAD,OH,Mixed Pallet,0.0000,On Hand,28 Apr 2025
QOH,P58,NAD,OH,Mixed Pallet,1.0000,On Hand,28 Apr 2025
QOH,P580,NAD,OH,Mixed Pallet,0.0000,On Hand,28 Apr 2025
QOH,P581,NAD,OH,Mixed Pallet,0.0000,On Hand,28 Apr 2025
QOH,P582,NAD,OH,Mixed Pallet,0.0000,On Hand,28 Apr 2025
QOH,P583,NAD,OH,Mixed Pallet,0.0000,On Hand,28 Apr 2025
QOH,P584,NAD,OH,Mixed Pallet,0.0000,On Hand,28 Apr 2025
QOH,P585,NAD,OH,Mixed Pallet,0.0000,On Hand,28 Apr 2025
QOH,P234,NAD,OH,Mixed Pallet,1.0000,On Hand,28 Apr 2025
QOH,P590,NAD,OH,Mixed Pallet,0.0000,On Hand,28 Apr 2025
QOH,P591,NAD,OH,Mixed Pallet,0.0000,On Hand,28 Apr 2025
QOH,P592,NAD,OH,Mixed Pallet,0.0000,On Hand,28 Apr 2025
QOH,P593,NAD,OH,Mixed Pallet,0.0000,On Hand,28 Apr 2025
QOH,P594,NAD,OH,Mixed Pallet,0.0000,On Hand,28 Apr 2025
QOH,P595,NAD,OH,Mixed Pallet,0.0000,On Hand,28 Apr 2025
QOH,P596,NAD,OH,Mixed Pallet,0.0000,On Hand,28 Apr 2025
QOH,P597,NAD,OH,Mixed Pallet,0.0000,On Hand,28 Apr 2025
QOH,P598,NAD,OH,Mixed Pallet,0.0000,On Hand,28 Apr 2025
QOH,P599,NAD,OH,Mixed Pallet,0.0000,On Hand,28 Apr 2025
QOH,P60,NAD,OH,Mixed Pallet,1.0000,On Hand,28 Apr 2025
QOH,P600,NAD,OH,Mixed Pallet,0.0000,On Hand,28 Apr 2025
QOH,P601,NAD,OH,Mixed Pallet,0.0000,On Hand,28 Apr 2025
QOH,P602,NAD,OH,Mixed Pallet,0.0000,On Hand,28 Apr 2025
QOH,P603,NAD,OH,Mixed Pallet,0.0000,On Hand,28 Apr 2025
QOH,P604,NAD,OH,Mixed Pallet,0.0000,On Hand,28 Apr 2025
QOH,P605,NAD,OH,Mixed Pallet,0.0000,On Hand,28 Apr 2025
QOH,P606,NAD,OH,Mixed Pallet,0.0000,On Hand,28 Apr 2025
QOH,P607,NAD,OH,Mixed Pallet,0.0000,On Hand,28 Apr 2025
QOH,P608,NAD,OH,Mixed Pallet,0.0000,On Hand,28 Apr 2025
QOH,P609,NAD,OH,Mixed Pallet,0.0000,On Hand,28 Apr 2025
QOH,P61,NAD,OH,Mixed Pallet,1.0000,On Hand,28 Apr 2025
QOH,P610,NAD,OH,Mixed Pallet,0.0000,On Hand,28 Apr 2025
QOH,P611,NAD,OH,Mixed Pallet,0.0000,On Hand,28 Apr 2025
QOH,P612,NAD,OH,Mixed Pallet,0.0000,On Hand,28 Apr 2025
QOH,P613,NAD,OH,Mixed Pallet,0.0000,On Hand,28 Apr 2025
QOH,P614,NAD,OH,Mixed Pallet,0.0000,On Hand,28 Apr 2025
QOH,P615,NAD,OH,Mixed Pallet,0.0000,On Hand,28 Apr 2025
QOH,P616,NAD,OH,Mixed Pallet,0.0000,On Hand,28 Apr 2025
QOH,P617,NAD,OH,Mixed Pallet,0.0000,On Hand,28 Apr 2025
QOH,P618,NAD,OH,Mixed Pallet,0.0000,On Hand,28 Apr 2025
QOH,P619,NAD,OH,Mixed Pallet,0.0000,On Hand,28 Apr 2025
QOH,P62,NAD,OH,Mixed Pallet,1.0000,On Hand,28 Apr 2025
QOH,P620,NAD,OH,Mixed Pallet,0.0000,On Hand,28 Apr 2025
QOH,P621,NAD,OH,Mixed Pallet,0.0000,On Hand,28 Apr 2025
QOH,P622,NAD,OH,Mixed Pallet,0.0000,On Hand,28 Apr 2025
QOH,P623,NAD,OH,Mixed Pallet,0.0000,On Hand,28 Apr 2025
QOH,P624,NAD,OH,Mixed Pallet,0.0000,On Hand,28 Apr 2025
QOH,P625,NAD,OH,Mixed Pallet,0.0000,On Hand,28 Apr 2025
QOH,P626,NAD,OH,Mixed Pallet,0.0000,On Hand,28 Apr 2025
QOH,P627,NAD,OH,Mixed Pallet,0.0000,On Hand,28 Apr 2025
QOH,P628,NAD,OH,Mixed Pallet,0.0000,On Hand,28 Apr 2025
QOH,P629,NAD,OH,Mixed Pallet,0.0000,On Hand,28 Apr 2025
QOH,P63,NAD,OH,Mixed Pallet,0.0000,On Hand,28 Apr 2025
QOH,P630,NAD,OH,Mixed Pallet,0.0000,On Hand,28 Apr 2025
QOH,P631,NAD,OH,Mixed Pallet,0.0000,On Hand,28 Apr 2025
QOH,P632,NAD,OH,Mixed Pallet,0.0000,On Hand,28 Apr 2025
QOH,P633,NAD,OH,Mixed Pallet,0.0000,On Hand,28 Apr 2025
QOH,P634,NAD,OH,Mixed Pallet,0.0000,On Hand,28 Apr 2025
QOH,P635,NAD,OH,Mixed Pallet,0.0000,On Hand,28 Apr 2025
QOH,P636,NAD,OH,Mixed Pallet,0.0000,On Hand,28 Apr 2025
QOH,P637,NAD,OH,Mixed Pallet,0.0000,On Hand,28 Apr 2025
QOH,P638,NAD,OH,Mixed Pallet,0.0000,On Hand,28 Apr 2025
QOH,P639,NAD,OH,Mixed Pallet,0.0000,On Hand,28 Apr 2025
QOH,P64,NAD,OH,Mixed Pallet,1.0000,On Hand,28 Apr 2025
QOH,P640,NAD,OH,Mixed Pallet,0.0000,On Hand,28 Apr 2025
QOH,P641,NAD,OH,Mixed Pallet,0.0000,On Hand,28 Apr 2025
QOH,P642,NAD,OH,Mixed Pallet,0.0000,On Hand,28 Apr 2025
QOH,P643,NAD,OH,Mixed Pallet,0.0000,On Hand,28 Apr 2025
QOH,P644,NAD,OH,Mixed Pallet,0.0000,On Hand,28 Apr 2025
QOH,P645,NAD,OH,Mixed Pallet,0.0000,On Hand,28 Apr 2025
QOH,P646,NAD,OH,Mixed Pallet,0.0000,On Hand,28 Apr 2025
QOH,P647,NAD,OH,Mixed Pallet,0.0000,On Hand,28 Apr 2025
QOH,P648,NAD,OH,Mixed Pallet,0.0000,On Hand,28 Apr 2025
QOH,P649,NAD,OH,Mixed Pallet,0.0000,On Hand,28 Apr 2025
QOH,P650,NAD,OH,Mixed Pallet,0.0000,On Hand,28 Apr 2025
QOH,P651,NAD,OH,Mixed Pallet,0.0000,On Hand,28 Apr 2025
QOH,P652,NAD,OH,Mixed Pallet,0.0000,On Hand,28 Apr 2025
QOH,P653,NAD,OH,Mixed Pallet,0.0000,On Hand,28 Apr 2025
QOH,P654,NAD,OH,Mixed Pallet,0.0000,On Hand,28 Apr 2025
QOH,P655,NAD,OH,Mixed Pallet,0.0000,On Hand,28 Apr 2025
QOH,P656,NAD,OH,Mixed Pallet,0.0000,On Hand,28 Apr 2025
QOH,P657,NAD,OH,Mixed Pallet,0.0000,On Hand,28 Apr 2025
QOH,P658,NAD,OH,Mixed Pallet,0.0000,On Hand,28 Apr 2025
QOH,P659,NAD,OH,Mixed Pallet,0.0000,On Hand,28 Apr 2025
QOH,P660,NAD,OH,Mixed Pallet,0.0000,On Hand,28 Apr 2025
QOH,P661,NAD,OH,Mixed Pallet,0.0000,On Hand,28 Apr 2025
QOH,P662,NAD,OH,Mixed Pallet,0.0000,On Hand,28 Apr 2025
QOH,P663,NAD,OH,Mixed Pallet,0.0000,On Hand,28 Apr 2025
QOH,P664,NAD,OH,Mixed Pallet,0.0000,On Hand,28 Apr 2025
QOH,P665,NAD,OH,Mixed Pallet,0.0000,On Hand,28 Apr 2025
QOH,P666,NAD,OH,Mixed Pallet,0.0000,On Hand,28 Apr 2025
QOH,P667,NAD,OH,Mixed Pallet,0.0000,On Hand,28 Apr 2025
QOH,P668,NAD,OH,Mixed Pallet,0.0000,On Hand,28 Apr 2025
QOH,P669,NAD,OH,Mixed Pallet,0.0000,On Hand,28 Apr 2025
QOH,P670,NAD,OH,Mixed Pallet,0.0000,On Hand,28 Apr 2025
QOH,P671,NAD,OH,Mixed Pallet,0.0000,On Hand,28 Apr 2025
QOH,P672,NAD,OH,Mixed Pallet,0.0000,On Hand,28 Apr 2025
QOH,P673,NAD,OH,Mixed Pallet,0.0000,On Hand,28 Apr 2025
QOH,P674,NAD,OH,Mixed Pallet,0.0000,On Hand,28 Apr 2025
QOH,P7,NAD,OH,Mixed Pallet,0.0000,On Hand,28 Apr 2025
QOH,P94,NAD,OH,Mixed Pallet,1.0000,On Hand,28 Apr 2025
QOH,P95,NAD,OH,Mixed Pallet,1.0000,On Hand,28 Apr 2025
QOH,P96,NAD,OH,Mixed Pallet,1.0000,On Hand,28 Apr 2025
QOH,1020X710UKL160-A,Kiki Bags,OH,Brown Box Liner 160G,5000.0000,On Hand,28 Apr 2025
QOH,1020X710UKL160G,Kiki Bags,OH,Brown Box Liner 160G,333.0000,On Hand,28 Apr 2025
QOH,1020X710UKL175G,Kiki Bags,OH,Brown Box Liner 175G,2200.0000,On Hand,28 Apr 2025
QOH,1020X710WTL175-A,Kiki Bags,OH,White Top Liner 175g,1258.0000,On Hand,28 Apr 2025
QOH,1020X710WTL175-D,Kiki Bags,OH,White Top Liner 175g,17.0000,On Hand,28 Apr 2025
QOH,1020X710WTL175G-F,Kiki Bags,OH,White Top Liner 175g,4600.0000,On Hand,28 Apr 2025
QOH,510X710UKLB125-A,Kiki Bags,OH,Brown Box Liner 125G,3319.0000,On Hand,28 Apr 2025
QOH,510X710UKLB125-C,Kiki Bags,OH,Brown Box Liner 125G,0.0000,On Hand,28 Apr 2025
QOH,510X710UKLB125-D,Kiki Bags,OH,Brown Box Liner 125G,0.0000,On Hand,28 Apr 2025
QOH,510X710UKLB125-E,Kiki Bags,OH,Brown Box Liner 125G,0.0000,On Hand,28 Apr 2025
QOH,510X710UKLB125-G,Kiki Bags,OH,Brown Box Liner 125G,0.0000,On Hand,28 Apr 2025
QOH,600X460WTL135G-D,Kiki Bags,OH,White Top Liner 135G,0.0000,On Hand,28 Apr 2025
QOH,600X460WTL135GE,Kiki Bags,OH,White Top Liner 135G,5600.0000,On Hand,28 Apr 2025
QOH,600X460WTL135G-F,Kiki Bags,OH,White Top Liner 135G,5600.0000,On Hand,28 Apr 2025
QOH,600X460WTL135GG,Kiki Bags,OH,White Top Liner 135G,100.0000,On Hand,28 Apr 2025
QOH,640X640UKLB170-A,Kiki Bags,OH,Brown Box Liner 170G,0.0000,On Hand,28 Apr 2025
QOH,640X640UKLB170-B,Kiki Bags,OH,Brown Box Liner 170G,0.0000,On Hand,28 Apr 2025
QOH,640X640UKLB170-G,Kiki Bags,OH,Brown Box Liner 170G,0.0000,On Hand,28 Apr 2025
QOH,640X640WTL175G-A,Kiki Bags,OH,White Top Liner 175G,0.0000,On Hand,28 Apr 2025
QOH,640X640WTL175G-E,Kiki Bags,OH,White Top Liner 175G,0.0000,On Hand,28 Apr 2025
QOH,710X510ADV130G,Kiki Bags,OH,710X510 130G ADV White,4600.0000,On Hand,28 Apr 2025
QOH,710X510WTL115G,Kiki Bags,OH,White Top Liner 115g,200.0000,On Hand,28 Apr 2025
QOH,710X510WTL115G-A,Kiki Bags,OH,White Top Liner 115g,5463.0000,On Hand,28 Apr 2025
QOH,710X510WTL115G-B,Kiki Bags,OH,White Top Liner 115g,2681.0000,On Hand,28 Apr 2025
QOH,710X510WTL125G-C,Kiki Bags,OH,White Top Liner 125G New Code,0.0000,On Hand,28 Apr 2025
QOH,710X510WTL125G-D,Kiki Bags,OH,White Top Liner 125G New Code,0.0000,On Hand,28 Apr 2025
QOH,710X510WTL125G-E,Kiki Bags,OH,White Top Liner 125G New Code,650.0000,On Hand,28 Apr 2025
QOH,710X510WTL135G-E,Kiki Bags,OH,white Top Liner135g,200.0000,On Hand,28 Apr 2025
QOH,710X510WTL175G-A,Kiki Bags,OH,White Top Liner 175g,1946.0000,On Hand,28 Apr 2025
QOH,710X640WTL175-G,Kiki Bags,OH,White Top Liner 175G,3047.0000,On Hand,28 Apr 2025
QOH,710X640WTL175G-A,Kiki Bags,OH,White Top Liner 175G,4400.0000,On Hand,28 Apr 2025
QOH,710X640WTL175G-B,Kiki Bags,OH,White Top Liner 175G,3600.0000,On Hand,28 Apr 2025
QOH,710X640WTL175G-C,Kiki Bags,OH,White Top Liner 175G,3600.0000,On Hand,28 Apr 2025
QOH,710X640WTL175G-D,Kiki Bags,OH,White Top Liner 175G,2110.0000,On Hand,28 Apr 2025
QOH,710X640WTL175G-E,Kiki Bags,OH,White Top Liner 175G,4400.0000,On Hand,28 Apr 2025
QOH,710X640WTL175G-F,Kiki Bags,OH,White Top Liner 175G,4400.0000,On Hand,28 Apr 2025
QOH,710X640WTL175G-G,Kiki Bags,OH,White Top Liner 175G,4400.0000,On Hand,28 Apr 2025
QOH,710X640WTL175G-H,Kiki Bags,OH,White Top Liner 175G,412.0000,On Hand,28 Apr 2025
QOH,735X640WTL135G-A,Kiki Bags,OH,White Top Liner 135G,2100.0000,On Hand,28 Apr 2025
QOH,800X510WTL135G,Kiki Bags,OH,White Top Liner 135G,0.0000,On Hand,28 Apr 2025
QOH,800X640WTL175G,Kiki Bags,OH,White Top Liner 175G,0.0000,On Hand,28 Apr 2025
QOH,800X640WTL175G-B,Kiki Bags,OH,White Top Liner 175G,0.0000,On Hand,28 Apr 2025
QOH,800X640WTL175G-C,Kiki Bags,OH,White Top Liner 175G,0.0000,On Hand,28 Apr 2025
QOH,885X600UKLB170G-A,Kiki Bags,OH,Brown Box Liner 170G,2406.0000,On Hand,28 Apr 2025
QOH,885X600UKLB170G,Kiki Bags,OH,Brown Box Liner 170G,3141.0000,On Hand,28 Apr 2025
QOH,900X600UKLB175G,Kiki Bags,OH,Brown Box Liner 175G,636.0000,On Hand,28 Apr 2025
QOH,900X600ULKB125A,Kiki Bags,OH,Brown Box Liner 125G,0.0000,On Hand,28 Apr 2025
QOH,900X600UKLB125G,Kiki Bags,OH,Brown Box Liner 125G,1280.0000,On Hand,28 Apr 2025
QOH,900X600WTL135G,Kiki Bags,OH,White Top Liner 135G,0.0000,On Hand,28 Apr 2025
QOH,900X600WTL135G-B,Kiki Bags,OH,White Top Liner 135G,0.0000,On Hand,28 Apr 2025
QOH,900X600WTL135G-C,Kiki Bags,OH,White Top Liner 135G Creased,103.0000,On Hand,28 Apr 2025
QOH,900X600WTL135G-E,Kiki Bags,OH,white Top Liner 135G,0.0000,On Hand,28 Apr 2025
QOH,900X600WTL135G-F,Kiki Bags,OH,white Top Liner 135G,0.0000,On Hand,28 Apr 2025
QOH,900X600WTL135G-G,Kiki Bags,OH,white Top Liner 135G,2700.0000,On Hand,28 Apr 2025
QOH,900X600WTL175G,Kiki Bags,OH,White Top Liner 175G,300.0000,On Hand,28 Apr 2025
QOH,900X600WTL175G-A,Kiki Bags,OH,White Top Liner 175G,4400.0000,On Hand,28 Apr 2025
QOH,900X600WTL175G-B,Kiki Bags,OH,White Top Liner 175G,4400.0000,On Hand,28 Apr 2025
QOH,900X600WTL175G-C,Kiki Bags,OH,White Top Liner 175G,4400.0000,On Hand,28 Apr 2025
QOH,900X600WTL175G-D,Kiki Bags,OH,White Top Liner 175G,4400.0000,On Hand,28 Apr 2025
QOH,900X600WTL175G-E,Kiki Bags,OH,White Top Liner 175G,0.0000,On Hand,28 Apr 2025
QOH,CH01FBG,LRB,OH,Elements Heater Met Conv2000wBlk/Grey BD,0.0000,On Hand,28 Apr 2025
QOH,CH-01F-R,LRB,OH,Elements Heater Convection 2000w Red,0.0000,On Hand,28 Apr 2025
QOH,CH-01F-R-A,LRB,OH,Elements Heater Convection 2000w Red BD,2.0000,On Hand,28 Apr 2025
QOH,CH-01F-R-C,LRB,OH,Elements Heater Convection 2000w Red,0.0000,On Hand,28 Apr 2025
QOH,CH-01F-R-D,LRB,OH,Elements Heater Convection 2000w Red,5.0000,On Hand,28 Apr 2025
QOH,CH-01F-W-E,LRB,OH,Elements Heater Convection 2000wWht (BD),0.0000,On Hand,28 Apr 2025
QOH,DF-150P9-7,LRB,OH,Elements Heater Oil 7FIN 1500W,202.0000,On Hand,28 Apr 2025
QOH,DF-150P97(BLACK),LRB,OH,Elements Oil Heater Black,208.0000,On Hand,28 Apr 2025
QOH,DF-150P9-7T-A,LRB,OH,ELEMENTS HEATER OIL 7FIN 1500W BD,3.0000,On Hand,28 Apr 2025
QOH,DF-150P9-7T,LRB,OH,Elements Heater 7 Fin Oil 1500w BD,1.0000,On Hand,28 Apr 2025
QOH,DF-150-7T-D,LRB,OH,Elements Heater 7 Fin Oil 1500w PD,2.0000,On Hand,28 Apr 2025
QOH,DF-200P9-9,LRB,OH,Elements Oil Heater,10.0000,On Hand,28 Apr 2025
QOH,DF-200P9-9-B,LRB,OH,Elements Heater Oil 9FIN 2000W,17.0000,On Hand,28 Apr 2025
QOH,DF-200P9-9T,LRB,OH,Elements Heater 9 Fin Oil 2000w Black,2.0000,On Hand,28 Apr 2025
QOH,DF-250P9-11-B,LRB,OH,Elements Heater Oil 11 FIN 2500W,0.0000,On Hand,28 Apr 2025
QOH,DF-250P9-11-C,LRB,OH,Elements Heater Oil 11 FIN 2500W BD,0.0000,On Hand,28 Apr 2025
QOH,DF-250P9-11T,LRB,OH,Elements Heater 11 Fin Oil 2500w,238.0000,On Hand,28 Apr 2025
QOH,DF-250P9-11T-B,LRB,OH,Elemenys Heater 11 Fin Oil 2500w,10.0000,On Hand,28 Apr 2025
QOH,DF-250P9-11T-C,LRB,OH,Elements Heater 11 Fin Oil 2500w BD,2.0000,On Hand,28 Apr 2025
QOH,DF-300P9-13T,LRB,OH,Elements Heater 13 Fin Oil 3000w BD,1.0000,On Hand,28 Apr 2025
QOH,DF-300P9-13T-A,LRB,OH,Elements Heater 13 Fin Oil 3000w Box Dam,2.0000,On Hand,28 Apr 2025
QOH,DF-300P9-13T-C,LRB,OH,Elements Heater 13 Fin Oil 3000w,0.0000,On Hand,28 Apr 2025
QOH,DF-300P9-13T-F,LRB,OH,Elements Heater 13 Fin Oil 3000w,203.0000,On Hand,28 Apr 2025
QOH,DS-12,LRB,OH,Elements Heater Halogen 1200w,0.0000,On Hand,28 Apr 2025
QOH,DS-12-A,LRB,OH,Elements Heater Halogen 1200w,0.0000,On Hand,28 Apr 2025
QOH,DS-12-B,LRB,OH,Elements Heater Halogen 1200w,0.0000,On Hand,28 Apr 2025
QOH,DS-12-C,LRB,OH,Elements Heater Halogen 1200w,0.0000,On Hand,28 Apr 2025
QOH,DS-12-D,LRB,OH,Elements Heater Halogen 1200w,0.0000,On Hand,28 Apr 2025
QOH,EF-22AME,LRB,OH,Fireplace Heater,216.0000,On Hand,28 Apr 2025
QOH,EF-22AME-A,LRB,OH,Fireplace Heater,170.0000,On Hand,28 Apr 2025
QOH,EF-22AME-B,LRB,OH,Fireplace Heater,216.0000,On Hand,28 Apr 2025
QOH,EF-22AME-C,LRB,OH,Elements Fireplace Heater,0.0000,On Hand,28 Apr 2025
QOH,FA453-IN-1,LRB,OH,Elements Fan 3IN1 High Velocity 45CM BD,0.0000,On Hand,28 Apr 2025
QOH,FE-45II-A,LRB,OH,Elements Fan High Velocity Floor 45cm,0.0000,On Hand,28 Apr 2025
QOH,FES-45,LRB,OH,Elements Fan High Velocity Pedest45cm BD,8.0000,On Hand,28 Apr 2025
QOH,FES-45-A,LRB,OH,Elements Fan High Velocity Pedest 45cm BD,4.0000,On Hand,28 Apr 2025
QOH,FES-45-C,LRB,OH,Elements Fan High Velocity Pedest45cm BD,3.0000,On Hand,28 Apr 2025
QOH,FH-04-A,LRB,OH,Elements Heater Fan 2000w,1.0000,On Hand,28 Apr 2025
QOH,FH-188A-A,LRB,OH,Elements Heater Fan 2000w Oscillating,562.0000,On Hand,28 Apr 2025
QOH,FSW-45B1,LRB,OH,Elements Fan High Velocity 3 in 1 45cmD,11.0000,On Hand,28 Apr 2025
QOH,FSW-45B1-A,LRB,OH,Elements Fan High Velocity 3 in 1 45cm,0.0000,On Hand,28 Apr 2025
QOH,FSW-45B1-B,LRB,OH,Elements Fan High Velocity 3 in1 45cm PD,5.0000,On Hand,28 Apr 2025
QOH,FSW-45B1-C,LRB,OH,Elements Fan High Velocity 3 in1 45cm BD,2.0000,On Hand,28 Apr 2025
QOH,FSW-45B1-F,LRB,OH,Elements Fan High Velocity 3 in 1 45cm,0.0000,On Hand,28 Apr 2025
QOH,FSW-45B1-H,LRB,OH,Elements Fan High Velocity 3 in1 45cm BD,20.0000,On Hand,28 Apr 2025
QOH,FSW-45B1-I,LRB,OH,Elements Fan High Velocity Box Damage,0.0000,On Hand,28 Apr 2025
QOH,FSW-45B1-L,LRB,OH,Elements Fan High Velocity Box Damaged,5.0000,On Hand,28 Apr 2025
QOH,FT30MCB,LRB,OH,Elements Fan Desk Classic 30cm Blk Chrom,1.0000,On Hand,28 Apr 2025
QOH,FT30MCR-B,LRB,OH,Elements Fan Desk Classic 30CM Red Chrom,25.0000,On Hand,28 Apr 2025
QOH,FT30MCR-C,LRB,OH,Elements Fan Desk Classic 30CM Red Chrom,36.0000,On Hand,28 Apr 2025
QOH,FT30MCR-D,LRB,OH,Elements Fan Desk Classic 30CM Red BD,1.0000,On Hand,28 Apr 2025
QOH,FT30MCW-A,LRB,OH,Elements Fan Desk Classic30cmWht Chrom BD,1.0000,On Hand,28 Apr 2025
QOH,FT30MCW-B,LRB,OH,Elements Fan Desk Classic 30cm Wht Chrom,0.0000,On Hand,28 Apr 2025
QOH,FT30MCW-C,LRB,OH,Elements Fan Desk Classic 30cm Wht Chrom,20.0000,On Hand,28 Apr 2025
QOH,FT30MCW-D,LRB,OH,Elements Fan Desk Classic 30cm Wht Chrome BD,0.0000,On Hand,28 Apr 2025
QOH,FTW1.8,LRB,OH,Table Foldable 1.8m White,316.0000,On Hand,28 Apr 2025
QOH,FTW1.8-B,LRB,OH,Table Foldable 1.8m White,16.0000,On Hand,28 Apr 2025
QOH,FTW1.8-C,LRB,OH,Table Foldable 1.8m White,0.0000,On Hand,28 Apr 2025
QOH,FTW1.8-D,LRB,OH,Table Foldable 1.8m White,0.0000,On Hand,28 Apr 2025
QOH,FTW1.8-E,LRB,OH,Table Foldable 1.8m White,0.0000,On Hand,28 Apr 2025
QOH,FTW1.8-F,LRB,OH,Table Foldable 1.8m White,0.0000,On Hand,28 Apr 2025
QOH,FTW1.8-G,LRB,OH,Table Foldable 1.8m White,0.0000,On Hand,28 Apr 2025
QOH,FTW1.8-H,LRB,OH,Table Foldable 1.8m White,0.0000,On Hand,28 Apr 2025
QOH,FTW1.8-I,LRB,OH,Table Foldable 1.8m White,0.0000,On Hand,28 Apr 2025
QOH,FTW1.8-J,LRB,OH,Table Foldable 1.8m White,0.0000,On Hand,28 Apr 2025
QOH,FTW1.8-K,LRB,OH,Table Foldable 1.8m White,0.0000,On Hand,28 Apr 2025
QOH,FTW1.8-L,LRB,OH,Table Foldable 1.8m White,9.0000,On Hand,28 Apr 2025
QOH,HH-03R,LRB,OH,Elements Heater Halogen 1200w Remote OLD,258.0000,On Hand,28 Apr 2025
QOH,HH-03R-D,LRB,OH,Elements Heater Halogen 1200w Remote Old,7.0000,On Hand,28 Apr 2025
QOH,J36009B-1L,LRB,OH,Elements Fan Ceiling 30in6 Blade Blk(BD),2.0000,On Hand,28 Apr 2025
QOH,J42005S-3L,LRB,OH,Elements Fan Ceiling 40IN5Blade S/Chr BD,1.0000,On Hand,28 Apr 2025
QOH,J42005S-3L-B,LRB,OH,Elements Fan Ceiling 40IN 5Blade S/Chrom,4.0000,On Hand,28 Apr 2025
QOH,J42005W-3L-A,LRB,OH,Elements Fan Ceiling 40IN5 Bld White BD,4.0000,On Hand,28 Apr 2025
QOH,KYT-30B,LRB,OH,Elements Box Fan 30CM Physical Damaged,3.0000,On Hand,28 Apr 2025
QOH,KYT-30B-A,LRB,OH,Elements Fan Box 30cm,133.0000,On Hand,28 Apr 2025
QOH,KYT-30B-B,LRB,OH,Elements Fan Box 30cm,0.0000,On Hand,28 Apr 2025
QOH,KYT-30B-C,LRB,OH,Elements Fan Box 30cm,53.0000,On Hand,28 Apr 2025
QOH,KYT-30B-E,LRB,OH,Elements Fan Box 30cm Old Stock,25.0000,On Hand,28 Apr 2025
QOH,KYT-30B-G,LRB,OH,Elements Fan Box 30cm Old Stock,24.0000,On Hand,28 Apr 2025
QOH,KYT-30B-L,LRB,OH,Elements Fan Box 30cm Box Damaged,12.0000,On Hand,28 Apr 2025
QOH,KYT-30B-R,LRB,OH,Elements Fan Box 30cm Box Damaged,2.0000,On Hand,28 Apr 2025
QOH,LX-2820,LRB,OH,Elements Heater Quartz 3Bar 1200w Box Damage,1.0000,On Hand,28 Apr 2025
QOH,LX-2820-A,LRB,OH,Elements Heater Quartz 3Bar 1200w,705.0000,On Hand,28 Apr 2025
QOH,LX-2820-B,LRB,OH,Elements Heater Quartz 3Bar 1200w,1.0000,On Hand,28 Apr 2025
QOH,LX-2820-C,LRB,OH,Elements Heater Quartz 3Bar 1200w,0.0000,On Hand,28 Apr 2025
QOH,M52010S-1L,LRB,OH,Elements Fan Ceiling 52IN 5Bld S/Chrome BD,9.0000,On Hand,28 Apr 2025
QOH,M52010S-1L-A,LRB,OH,Elements Fan Ceiling 52IN 5Bld S/Chrom D,7.0000,On Hand,28 Apr 2025
QOH,M52010S-1L-D,LRB,OH,Elements Fan Ceiling 52IN 5Bld S/Chrome,4.0000,On Hand,28 Apr 2025
QOH,M52010W-1L-A,LRB,OH,Elements Fan Ceiling 52IN 5 Blade Wht BD,7.0000,On Hand,28 Apr 2025
QOH,MG-5313F,LRB,OH,Elements 30cm Rechargeble Desk Fan Wht,1.0000,On Hand,28 Apr 2025
QOH,MG-5314F,LRB,OH,Elements 40cm Rechargeble Desk Fan Wht,0.0000,On Hand,28 Apr 2025
QOH,MG-5513F,LRB,OH,Elements 30cm Rechargeble Box Fan Black,0.0000,On Hand,28 Apr 2025
QOH,MG-5616F-C,LRB,OH,Elements Fan Pedest Recharge 40cm BD,0.0000,On Hand,28 Apr 2025
QOH,MG-5616F-D,LRB,OH,Elements Fan Pedest Recharge 40cm BD,1.0000,On Hand,28 Apr 2025
QOH,MHFS-40,LRB,OH,Elements Fan Pedest 40cm Wht Old,18.0000,On Hand,28 Apr 2025
QOH,MHFS-40-D,LRB,OH,Elements Fan Pedest 40cm Wht Old,33.0000,On Hand,28 Apr 2025
QOH,MHFS-40-F,LRB,OH,Elements Fan Pedest 40cm Wht,8.0000,On Hand,28 Apr 2025
QOH,MHFS-40-I,LRB,OH,Elements Fan Pedest 40cm Wht Old,33.0000,On Hand,28 Apr 2025
QOH,MHFS-40-J,LRB,OH,Elements Fan Pedest 40cm Wht,0.0000,On Hand,28 Apr 2025
QOH,MHFT-30,LRB,OH,Elements Fan Desk 30cm Wht,0.0000,On Hand,28 Apr 2025
QOH,MHFT-30-A,LRB,OH,Elements Fan Desk 30cm Wht,4.0000,On Hand,28 Apr 2025
QOH,MHFT-30-AA,LRB,OH,Elements Fan Desk 30cm Wht,0.0000,On Hand,28 Apr 2025
QOH,MHFT-30-D,LRB,OH,Elements Fan Desk 30cm Wht Old,32.0000,On Hand,28 Apr 2025
QOH,MHFT-30-F,LRB,OH,Elements Fan Desk 30cm Wht Old,14.0000,On Hand,28 Apr 2025
QOH,MHFT-30-G,LRB,OH,Elements Fan Desk 30cm Wht,32.0000,On Hand,28 Apr 2025
QOH,MHFT-30-H,LRB,OH,Elements Fan Desk 30cm Wht Old,32.0000,On Hand,28 Apr 2025
QOH,MHFT-40,LRB,OH,Elements Fan Desk 40cm Wht,328.0000,On Hand,28 Apr 2025
QOH,MHFT-40-A,LRB,OH,Elements Fan Desk 40cm Wht -Old Stock,0.0000,On Hand,28 Apr 2025
QOH,MHFT-40-D,LRB,OH,Elements Fan Desk 40cm Wht,160.0000,On Hand,28 Apr 2025
QOH,MHFT-40-I,LRB,OH,Elements Fan Desk 40cm Wht BD,3.0000,On Hand,28 Apr 2025
QOH,MH-MF40A,LRB,OH,Elements Mist Fan,142.0000,On Hand,28 Apr 2025
QOH,MH-MF40A-A,LRB,OH,Elements Mist Fan,206.0000,On Hand,28 Apr 2025
QOH,MH-MF40A-B,LRB,OH,Elements Mist Fan,0.0000,On Hand,28 Apr 2025
QOH,MH-MF40A-E,LRB,OH,Elements Mist Fan BD,1.0000,On Hand,28 Apr 2025
QOH,NSB-2820-A,LRB,OH,Elements Heater Quartz 3Bar 1200w BD,2.0000,On Hand,28 Apr 2025
QOH,NSB-2820-B,LRB,OH,Elements Heater Quartz 3Bar 1200w BD,4.0000,On Hand,28 Apr 2025
QOH,NSB-2830S,LRB,OH,Elements Heater Quartz 4Bar 1600w old BD,2.0000,On Hand,28 Apr 2025
QOH,NSB-2830S-C,LRB,OH,Elements Heater Quartz 4Bar 1600w,2.0000,On Hand,28 Apr 2025
QOH,NSB-2830S-G,LRB,OH,Elements Heater Quartz 4Bar 1600w BD,4.0000,On Hand,28 Apr 2025
QOH,NSB-2830S-H,LRB,OH,Elements Heater Quartz 4Bar 1600w PD,5.0000,On Hand,28 Apr 2025
QOH,NSB-2900-A,LRB,OH,Elements Heater Quartz 3Bar Wall Mount,0.0000,On Hand,28 Apr 2025
QOH,OTIMA108AA,LRB,OH,Otima DIY - Collapsible Crate All Black,0.0000,On Hand,28 Apr 2025
QOH,PH-08H-AC,LRB,OH,Elements Heater Wall Panel Mounting Kit,373.0000,On Hand,28 Apr 2025
QOH,PH-08H-E,LRB,OH,Elements Heater Wall Panel 400w PD,1.0000,On Hand,28 Apr 2025
QOH,PH-08H-F,LRB,OH,Elements Heater Wall Panel 400w,504.0000,On Hand,28 Apr 2025
QOH,PH-08H-H,LRB,OH,Elements Heater Wall Panel 400w,391.0000,On Hand,28 Apr 2025
QOH,PH-08H-J,LRB,OH,Elements Heater Wall Panel 400w,0.0000,On Hand,28 Apr 2025
QOH,QH-1200B,LRB,OH,Element Quartz Heater Wall Mount 1500w D,22.0000,On Hand,28 Apr 2025
QOH,QH-1200B-A,LRB,OH,Element Quartz Heater Wall Mount 1500w,631.0000,On Hand,28 Apr 2025
QOH,QH-1200B-F,LRB,OH,Element Quartz Heater Wall Mount 1500w,1.0000,On Hand,28 Apr 2025
QOH,SAMPLES,LRB,OH,Rechargeable Fan,11.0000,On Hand,28 Apr 2025
QOH,SP44-6-1L,LRB,OH,Elements Fan Ceiling Deco 110cm Satin BD,10.0000,On Hand,28 Apr 2025
QOH,SP52-3-1L,LRB,OH,Elements Fan Ceiling Deco 130cm Satin BD,11.0000,On Hand,28 Apr 2025
QOH,SPARES,Bambino,OH,Bambino Spares BAM5129,0.0000,On Hand,28 Apr 2025
QOH,SPARES-A,LRB,OH,LRB Spares,2.0000,On Hand,28 Apr 2025
QOH,SYH-1208B,LRB,OH,Elements Heater Quartz 6Bar 2400w BD,2.0000,On Hand,28 Apr 2025
QOH,SYH-1208B-A,LRB,OH,Elements Heater Quartz 6Bar 2400w,6.0000,On Hand,28 Apr 2025
QOH,SYH-1208B-AC,LRB,OH,Elements Heater Quartz 6Bar 2400w,3.0000,On Hand,28 Apr 2025
QOH,SYH-1208B-AD,LRB,OH,Elements Heater Quartz 6Bar 2400w BD,3.0000,On Hand,28 Apr 2025
QOH,SYH-1208B-B,LRB,OH,Elements Heater Quartz 6 Bar 2400w,3.0000,On Hand,28 Apr 2025
QOH,SYH-1208B-C,LRB,OH,Elements Heater Quartz 6 Bar 2400w,108.0000,On Hand,28 Apr 2025
QOH,SYH-1208B-D,LRB,OH,Elements Heater Quartz 6 Bar 2400w,10.0000,On Hand,28 Apr 2025
QOH,SYH-1208B-E,LRB,OH,Elements Heater Quartz 6Bar 2400w,10.0000,On Hand,28 Apr 2025
QOH,SYH-1208B-F,LRB,OH,Elements Heater Quartz 6Bar 2400w,10.0000,On Hand,28 Apr 2025
QOH,SYH-1208B-G,LRB,OH,Elements Heater Quartz 6Bar 2400w,10.0000,On Hand,28 Apr 2025
QOH,SYH-1208B-H,LRB,OH,Elements Heater Quartz 6Bar 2400w BD,12.0000,On Hand,28 Apr 2025
QOH,SYH-1208B-I,LRB,OH,Elements Heater Quartz 6Bar 2400w,10.0000,On Hand,28 Apr 2025
QOH,SYH-1208B-J,LRB,OH,Elements Heater Quartz 6Bar 2400w,10.0000,On Hand,28 Apr 2025
QOH,SYH-1208B-K,LRB,OH,Elements Heater Quartz 6Bar 2400w,0.0000,On Hand,28 Apr 2025
QOH,SYH-1208B-L,LRB,OH,Elements Heater Quartz 6Bar 2400w,1.0000,On Hand,28 Apr 2025
QOH,SYH-1208B-M,LRB,OH,Elements Heater Quartz 6Bar 2400w,10.0000,On Hand,28 Apr 2025
QOH,SYH-1208B-N,LRB,OH,Elements Heater Quartz 6Bar 2400w BD,1.0000,On Hand,28 Apr 2025
QOH,SYH-1208B-O,LRB,OH,Elements Heater Quartz 6Bar 2400w PH,8.0000,On Hand,28 Apr 2025
QOH,SYH-1208B-P,LRB,OH,Elements Heater Quartz 6Bar 2400w,108.0000,On Hand,28 Apr 2025
QOH,SYH-1208B-Q,LRB,OH,Elements Heater Quartz 6Bar 2400w,108.0000,On Hand,28 Apr 2025
QOH,SYH-1208B-R,LRB,OH,Elements Heater Quartz 6Bar 2400w,108.0000,On Hand,28 Apr 2025
QOH,944103,Niemann,OH,Azimut Seta Gentile Sky,0.0000,On Hand,28 Apr 2025
QOH,944515,Niemann,OH,LM09 Tranche Old America Spa,20.0000,On Hand,28 Apr 2025
QOH,944519,Niemann,OH,Washed Oak LM68 Tranche,0.0000,On Hand,28 Apr 2025
QOH,944585,Niemann,OH,Vintage LM62 Tranche Seta Glatt,0.0000,On Hand,28 Apr 2025
QOH,944595,Niemann,OH,SO21 Azimut Seta Glatt Cleaf Clay,20.0000,On Hand,28 Apr 2025
QOH,944596,Niemann,OH,SO10 Yosemite Cleaf Champagne,20.0000,On Hand,28 Apr 2025
QOH,944609,Niemann,OH,FA82 Nadis Pied De Pol Cleaf,20.0000,On Hand,28 Apr 2025
QOH,944610,Niemann,OH,FA97 Candotti Cleaf,20.0000,On Hand,28 Apr 2025
QOH,944766,Niemann,OH,LR17 Sable Bagnola,20.0000,On Hand,28 Apr 2025
QOH,944835,Niemann,OH,Spa Carb II,0.0000,On Hand,28 Apr 2025
QOH,944836,Niemann,OH,ST9 Span Carb II,25.0000,On Hand,28 Apr 2025
QOH,947213,Niemann,OH,Polygloss U741 Lava,0.0000,On Hand,28 Apr 2025
QOH,947470,Niemann,OH,PMP SR DFI U1200 19 Flower,30.0000,On Hand,28 Apr 2025
QOH,948017,Niemann,OH,Polymatt H3031 Dark Olive,30.0000,On Hand,28 Apr 2025
QOH,948150,Niemann,OH,Piano Matt 0 5 Titanuim,0.0000,On Hand,28 Apr 2025
QOH,948218,Niemann,OH,MMP SR R5673 19 Narkassa Auslauf,30.0000,On Hand,28 Apr 2025
QOH,970303,Niemann,OH,H3734 ST9 Walnut,0.0000,On Hand,28 Apr 2025
QOH,990021,Niemann,OH,U12168 Sahara Gloss,0.0000,On Hand,28 Apr 2025
QOH,990023,Niemann,OH,U12290XG Anthrazit,21.0000,On Hand,28 Apr 2025
QOH,990024,Niemann,OH,U10227 Icy White Matt,21.0000,On Hand,28 Apr 2025
QOH,990030,Niemann,OH,U1191 XG Congo VV Top Valet,23.0000,On Hand,28 Apr 2025
QOH,990031,Niemann,OH,U16002 Graubraun Matt,0.0000,On Hand,28 Apr 2025
QOH,990040,Niemann,OH,Glaks Panel MDF 20MM Real 67 Gloss,0.0000,On Hand,28 Apr 2025
QOH,990047,Niemann,OH,R20029RU Grey Lance Oak Rustic,24.0000,On Hand,28 Apr 2025
QOH,990061,Niemann,OH,R30011 Madison Walnut Gloss,0.0000,On Hand,28 Apr 2025
QOH,990064,Niemann,OH,U11026 Lazer Warm White Matt,20.0000,On Hand,28 Apr 2025
QOH,944103A,Niemann,OH,Azimut Seta Gentile Sky,0.0000,On Hand,28 Apr 2025
QOH,944515A,Niemann,OH,LM09 Tranche Old America Spa,20.0000,On Hand,28 Apr 2025
QOH,944515B,Niemann,OH,LM09 Tranche Old America Spa,0.0000,On Hand,28 Apr 2025
QOH,944585A,Niemann,OH,Vintage LM62 Tranche Seta Glatt,20.0000,On Hand,28 Apr 2025
QOH,944585B,Niemann,OH,Vintage LM62 Tranche Seta Glatt,20.0000,On Hand,28 Apr 2025
QOH,944595A,Niemann,OH,SO21 Azimut Seta Glatt Cleaf Clay,20.0000,On Hand,28 Apr 2025
QOH,944595B,Niemann,OH,SO21 Azimut Seta Glatt Cleaf Clay,20.0000,On Hand,28 Apr 2025
QOH,944595C,Niemann,OH,SO21 Azimut Seta Glatt Cleaf Clay,0.0000,On Hand,28 Apr 2025
QOH,944595D,Niemann,OH,SO21 Azimut Seta Glatt Cleaf Clay,0.0000,On Hand,28 Apr 2025
QOH,944596A,Niemann,OH,SO10 Yosemite Cleaf Champagne,20.0000,On Hand,28 Apr 2025
QOH,944596B,Niemann,OH,SO10 Yosemite Cleaf Champagne,20.0000,On Hand,28 Apr 2025
QOH,944596C,Niemann,OH,SO10 Yosemite Cleaf Champagne,0.0000,On Hand,28 Apr 2025
QOH,944596D,Niemann,OH,SO10 Yosemite Cleaf Champagne,0.0000,On Hand,28 Apr 2025
QOH,944766B,Niemann,OH,LR17 Sable Bagnola,20.0000,On Hand,28 Apr 2025
QOH,944835B,Niemann,OH,Spa Carb II,0.0000,On Hand,28 Apr 2025
QOH,944836A,Niemann,OH,ST9 Span Carb II,25.0000,On Hand,28 Apr 2025
QOH,948218A,Niemann,OH,MMP SR R5673 19 Narkassa Auslauf,30.0000,On Hand,28 Apr 2025
QOH,970118A,Niemann,OH,FA33 Light Brown Leather,0.0000,On Hand,28 Apr 2025
QOH,970118B,Niemann,OH,FA33 Light Brown Leather,0.0000,On Hand,28 Apr 2025
QOH,990020A,Niemann,OH,U10227 Icy White Gloss,0.0000,On Hand,28 Apr 2025
QOH,990020B,Niemann,OH,U10227 Icy White Gloss,4.0000,On Hand,28 Apr 2025
QOH,990020C,Niemann,OH,U10227 Icy White Gloss,0.0000,On Hand,28 Apr 2025
QOH,990020D,Niemann,OH,U10227 Icy White Gloss,0.0000,On Hand,28 Apr 2025
QOH,990023A,Niemann,OH,U12290 Basalt Gloss,0.0000,On Hand,28 Apr 2025
QOH,990024A,Niemann,OH,U10227 Icy White Matt,21.0000,On Hand,28 Apr 2025
QOH,990024B,Niemann,OH,U10227 Icy White Matt,0.0000,On Hand,28 Apr 2025
QOH,990024C,Niemann,OH,U10227 Icy White Matt,0.0000,On Hand,28 Apr 2025
QOH,990024D,Niemann,OH,U10227 Icy White Matt,20.0000,On Hand,28 Apr 2025
QOH,990024E,Niemann,OH,U10227 Icy White Matt,20.0000,On Hand,28 Apr 2025
QOH,990025B,Niemann,OH,U12290 Basalt Matt,21.0000,On Hand,28 Apr 2025
QOH,990025C,Niemann,OH,U12290 Basalt Matt,20.0000,On Hand,28 Apr 2025
QOH,990025E,Niemann,OH,U12290 Basalt Matt,20.0000,On Hand,28 Apr 2025
QOH,990027B,Niemann,OH,U12188 Light Grey Matt,0.0000,On Hand,28 Apr 2025
QOH,990030A,Niemann,OH,U1191 XG Congo VV Top Valet,16.0000,On Hand,28 Apr 2025
QOH,990031A,Niemann,OH,U16002 Graubraun Matt,0.0000,On Hand,28 Apr 2025
QOH,990045A,Niemann,OH,U12000 Black Matt,0.0000,On Hand,28 Apr 2025
QOH,990045B,Niemann,OH,U12000 Black Matt,0.0000,On Hand,28 Apr 2025
QOH,990064A,Niemann,OH,U11026 Lazer Warm White Matt,0.0000,On Hand,28 Apr 2025
QOH,990064B,Niemann,OH,U11026 Crystal White,0.0000,On Hand,28 Apr 2025
QOH,990064C,Niemann,OH,U11026 Crystal White XT Matt (Warm White),0.0000,On Hand,28 Apr 2025
QOH,2.05.1217,Niemann,OH,Alcorpo 1 White ZA Plug Bainomy,0.0000,On Hand,28 Apr 2025
QOH,2.06.1112CN-A,Bianomy,OH,AL-1112S Glueboard Alcopro1,594.0000,On Hand,28 Apr 2025
QOH,2.06.8200,Bianomy,OH,Multilayer Universal - Clear Film,0.0000,On Hand,28 Apr 2025
QOH,2.06.8200-A,Bianomy,OH,Multilayer Universal - Clear Film,0.0000,On Hand,28 Apr 2025
QOH,2.07.2000,Bianomy,OH,Stomoxys - Trap,0.0000,On Hand,28 Apr 2025
QOH,2.14.8201,Bianomy,OH,AL-082M Glueboard Universal Multilayer,6307.0000,On Hand,28 Apr 2025
QOH,2.14.8201-B,Bianomy,OH,AL-082M Glueboard Universal Multilayer,3120.0000,On Hand,28 Apr 2025
QOH,10+00+10,Kiki Trading,OH,10+00+10 Greenmaster Liquid,40.0000,On Hand,28 Apr 2025
QOH,10+00+10A,Kiki Trading,OH,10+00+10 Greenmaster Liquid,60.0000,On Hand,28 Apr 2025
QOH,12+04+06,Kiki Trading,OH,12+04+06 Greenmaster Liquid,54.0000,On Hand,28 Apr 2025
QOH,12+04+06B,Kiki Trading,OH,12+04+06 Greenmaster Liquid 17/01/2025,60.0000,On Hand,28 Apr 2025
QOH,15-00-26C,Kiki Trading,OH,15-00-26 Sierraform GT latest 09-05-24,15.0000,On Hand,28 Apr 2025
QOH,15+00+43A,Kiki Trading,OH,15+00+43 Sportsmaster,26.0000,On Hand,28 Apr 2025
QOH,15-00-26,Kiki Trading,OH,15-00-26 Sierraform GT New Stock,5.0000,On Hand,28 Apr 2025
QOH,15-00-26B,Kiki Trading,OH,15-00-26 Sierraform GT 17/01/2025,50.0000,On Hand,28 Apr 2025
QOH,18+06+18,Kiki Trading,OH,18+06+18 Sierraform GT latest 17/01/25,0.0000,On Hand,28 Apr 2025
QOH,18+06+18-D,Kiki Trading,OH,18+06+18 Sierraform GT latest 17/01/25,40.0000,On Hand,28 Apr 2025
QOH,18+22+05-A,Kiki Trading,OH,18+22+05 Sierraform GT latest 17-01-2025,20.0000,On Hand,28 Apr 2025
QOH,18-22-05,Kiki Trading,OH,18+22+05 Sierraform GT,0.0000,On Hand,28 Apr 2025
QOH,19+00+19,Kiki Trading,OH,19+00+19 Sierraform GT New Stock,8.0000,On Hand,28 Apr 2025
QOH,19+00+19A,Kiki Trading,OH,19+00+19 Sierraform GT 07/02/2025,50.0000,On Hand,28 Apr 2025
QOH,19+00+19B,Kiki Trading,OH,19+00+19 Sierraform GT 07/02/2025,40.0000,On Hand,28 Apr 2025
QOH,20+00+07,Kiki Trading,OH,20+00+07 Proturf NEW 17/01/2025,40.0000,On Hand,28 Apr 2025
QOH,20+00+07-B,Kiki Trading,OH,20+00+07 Proturf NEW 17/01/2025,40.0000,On Hand,28 Apr 2025
QOH,20+00+07-C,Kiki Trading,OH,20+00+07 Proturf latest 12-11-2024,40.0000,On Hand,28 Apr 2025
QOH,20+00+07-D,Kiki Trading,OH,20+00+07 Proturf latest 12-11-2024,40.0000,On Hand,28 Apr 2025
QOH,20+00+07-E,Kiki Trading,OH,20+00+07 Proturf latest 12-11-2024,40.0000,On Hand,28 Apr 2025
QOH,20+00+07-F,Kiki Trading,OH,20+00+07 Proturf latest 06/03/2025,40.0000,On Hand,28 Apr 2025
QOH,20+00+07-G,Kiki Trading,OH,20+00+07 Proturf latest 12-11-2024,40.0000,On Hand,28 Apr 2025
QOH,20+00+07-H,Kiki Trading,OH,20+00+07 Proturf latest 12-11-2024,40.0000,On Hand,28 Apr 2025
QOH,20+00+07-I,Kiki Trading,OH,20+00+07 Proturf latest 12-11-2024,40.0000,On Hand,28 Apr 2025
QOH,20+00+07-J,Kiki Trading,OH,20+00+07 Proturf latest 12-11-2024,40.0000,On Hand,28 Apr 2025
QOH,20+00+07-K,Kiki Trading,OH,20+00+07 Proturf latest 12-11-2024,40.0000,On Hand,28 Apr 2025
QOH,20+00+07-L,Kiki Trading,OH,20+00+07 Proturf latest 12-11-2024,40.0000,On Hand,28 Apr 2025
QOH,20+00+07-M,Kiki Trading,OH,20+00+07 Proturf latest 12-11-2024,40.0000,On Hand,28 Apr 2025
QOH,22+05+11,Kiki Trading,OH,22+05+11 Sierraform GT 17/01/2025,18.0000,On Hand,28 Apr 2025
QOH,22+05+11B,Kiki Trading,OH,22+05+11 Sierraform GT New Stock,38.0000,On Hand,28 Apr 2025
QOH,22+05+11C,Kiki Trading,OH,22+05+11 Sierraform GT 07/02/2025,50.0000,On Hand,28 Apr 2025
QOH,22+05+11D,Kiki Trading,OH,22+05+11 Sierraform GT 07/02/2025,50.0000,On Hand,28 Apr 2025
QOH,35+00+14B,Kiki Trading,OH,35+00+14 Sportsmaster,39.0000,On Hand,28 Apr 2025
QOH,KIKIBOXES,Kiki Trading,OH,Kiki Trading Empty Boxes 20KG,197.0000,On Hand,28 Apr 2025
QOH,STEP-A,Kiki Trading,OH,Step Hi Mag latest 6/9/23,0.0000,On Hand,28 Apr 2025
QOH,STEP-D,Kiki Trading,OH,Step Hi Mag latest 09-05-24,50.0000,On Hand,28 Apr 2025
QOH,STEP-E,Kiki Trading,OH,Step Hi Mag latest 09-05-24,0.0000,On Hand,28 Apr 2025
QOH,CACS599-A,Bambino,OH,Stylo Car Seat - Black/Sliver,6.0000,On Hand,28 Apr 2025
QOH,CACS599-B,Bambino,OH,Stylo Car Seat - Black/Sliver,6.0000,On Hand,28 Apr 2025
QOH,CACS599-C,Bambino,OH,Stylo Car Seat - Black/Sliver,0.0000,On Hand,28 Apr 2025
QOH,CACS599-E,Bambino,OH,Stylo Car Seat - Black/Sliver,0.0000,On Hand,28 Apr 2025
QOH,CACS599-F,Bambino,OH,Stylo Car Seat - Black/Sliver,210.0000,On Hand,28 Apr 2025
QOH,CACS599-J,Bambino,OH,Stylo Car Seat - Black/Sliver,0.0000,On Hand,28 Apr 2025
QOH,CACS599-L,Bambino,OH,Stylo Car Seat - Black/Sliver,0.0000,On Hand,28 Apr 2025
QOH,CACS606,Bambino,OH,ETNA 360 Isofix (FR01),0.0000,On Hand,28 Apr 2025
QOH,HCBM384,Bambino,OH,Candy High Chair Midnight,0.0000,On Hand,28 Apr 2025
QOH,HCBM390,Bambino,OH,Pesto High Fern,0.0000,On Hand,28 Apr 2025
QOH,HCBM390-B,Bambino,OH,Pesto High Fern,0.0000,On Hand,28 Apr 2025
QOH,HCBM390-C,Bambino,OH,Pesto High Fern,0.0000,On Hand,28 Apr 2025
QOH,HCBM390-G,Bambino,OH,Pesto High Fern,0.0000,On Hand,28 Apr 2025
QOH,HCBM391-A,Bambino,OH,Pesto High Chair Lava,0.0000,On Hand,28 Apr 2025
QOH,HCBM391-B,Bambino,OH,Pesto High Chair Lava,0.0000,On Hand,28 Apr 2025
QOH,HCBM391-E,Bambino,OH,Pesto High Chair Lava,0.0000,On Hand,28 Apr 2025
QOH,HCBM391-F,Bambino,OH,Pesto High Chair Lava,0.0000,On Hand,28 Apr 2025
QOH,HCBM391-G,Bambino,OH,Pesto High Chair Lava,0.0000,On Hand,28 Apr 2025
QOH,STTS828-B,Bambino,OH,Muze LX Travel System - Coal,0.0000,On Hand,28 Apr 2025
QOH,STTS828-C,Bambino,OH,Muze LX Travel System - Coal,0.0000,On Hand,28 Apr 2025
QOH,STTS828-E,Bambino,OH,Muze LX Travel System - Coal,0.0000,On Hand,28 Apr 2025
QOH,TCBS381,Bambino,OH,Sweetdreams Mocha Melange Campcot,0.0000,On Hand,28 Apr 2025
QOH,TCBS400,Bambino,OH,Side By Side Playard,20.0000,On Hand,28 Apr 2025
QOH,TCBS400-A,Bambino,OH,Side By Side Playard,0.0000,On Hand,28 Apr 2025
QOH,TCBS400-B,Bambino,OH,Side By Side Playard,0.0000,On Hand,28 Apr 2025
QOH,TCBS400-C,Bambino,OH,Side By Side Playard,0.0000,On Hand,28 Apr 2025
QOH,TCBS400-D,Bambino,OH,Side By Side Playard,20.0000,On Hand,28 Apr 2025
QOH,TCBS400-E,Bambino,OH,Side By Side Playard,20.0000,On Hand,28 Apr 2025
QOH,TCBS400-F,Bambino,OH,Side By Side Playard,0.0000,On Hand,28 Apr 2025
QOH,WACB026,Bambino,OH,Activity Walker Turquoise,0.0000,On Hand,28 Apr 2025
QOH,WACB026-A,Bambino,OH,Activity Walker Turquoise,0.0000,On Hand,28 Apr 2025
QOH,WACB026-B,Bambino,OH,Activity Walker Turquoise,0.0000,On Hand,28 Apr 2025
QOH,WACB026-C,Bambino,OH,Activity Walker Turquoise,0.0000,On Hand,28 Apr 2025
QOH,WACB026-D,Bambino,OH,Activity Walker Turquoise,0.0000,On Hand,28 Apr 2025
QOH,WACB026-E,Bambino,OH,Activity Walker Turquoise,0.0000,On Hand,28 Apr 2025
QOH,WACB026-G,Bambino,OH,Activity Walker Turquoise,0.0000,On Hand,28 Apr 2025
QOH,WACB029,Bambino,OH,F1 Racer Walker Black,0.0000,On Hand,28 Apr 2025
QOH,ACGS248-J,Bambino,OH,Safety Gate Extentions 7cm,300.0000,On Hand,28 Apr 2025
QOH,ACGS248-K,Bambino,OH,Safety Gate Extentions 7cm,0.0000,On Hand,28 Apr 2025
QOH,ACGS248-L,Bambino,OH,Safety Gate Extentions 7cm,0.0000,On Hand,28 Apr 2025
QOH,ACGS248-N,Bambino,OH,Safety Gate Extentions 7cm,0.0000,On Hand,28 Apr 2025
QOH,ACTT101,Bambino,OH,Step Toilet Trainer,0.0000,On Hand,28 Apr 2025
QOH,BF2416D,Hygizone,OH,Wall Hung Toilet White Samples,1.0000,On Hand,28 Apr 2025
QOH,BF2418D,Hygizone,OH,Wall Hung Toilet White Samples,1.0000,On Hand,28 Apr 2025
QOH,HC411-AA,Hygizone,OH,Hygizone Concealed Cistern (Spout Frame),0.0000,On Hand,28 Apr 2025
QOH,HC411-AB,Hygizone,OH,Hygizone Concealed Cistern (Spout Frame),0.0000,On Hand,28 Apr 2025
QOH,HC411-AC,Hygizone,OH,Hygizone Concealed Cistern (Spout Frame),0.0000,On Hand,28 Apr 2025
QOH,HC411-AD,Hygizone,OH,Hygizone Concealed Cistern (Spout Frame),0.0000,On Hand,28 Apr 2025
QOH,HC411-AE,Hygizone,OH,Hygizone Concealed Cistern (Spout Frame),0.0000,On Hand,28 Apr 2025
QOH,HC411-AF,Hygizone,OH,Hygizone Concealed Cistern (Spout Frame),0.0000,On Hand,28 Apr 2025
QOH,HC411-AG,Hygizone,OH,Hygizone Concealed Cistern (Spout Frame),0.0000,On Hand,28 Apr 2025
QOH,HC411-AI,Hygizone,OH,Hygizone Concealed Cistern (Spout Frame),0.0000,On Hand,28 Apr 2025
QOH,HC411-AJ,Hygizone,OH,Hygizone Concealed Cistern (Spout Frame),0.0000,On Hand,28 Apr 2025
QOH,HC411-AK,Hygizone,OH,Hygizone Concealed Cistern (Spout Frame),0.0000,On Hand,28 Apr 2025
QOH,HC411-AM,Hygizone,OH,Hygizone Concealed Cistern (Spout Frame),0.0000,On Hand,28 Apr 2025
QOH,HC411-D,Hygizone,OH,Hygizone Concealed Cistern (Spout Frame),0.0000,On Hand,28 Apr 2025
QOH,HC411-G,Hygizone,OH,Hygizone Concealed Cistern (Spout Frame),0.0000,On Hand,28 Apr 2025
QOH,HC411-H,Hygizone,OH,Hygizone Concealed Cistern (Spout Frame),0.0000,On Hand,28 Apr 2025
QOH,HC411-I,Hygizone,OH,Hygizone Concealed Cistern (Spout Frame),0.0000,On Hand,28 Apr 2025
QOH,HC411-J,Hygizone,OH,Hygizone Concealed Cistern (Spout Frame),7.0000,On Hand,28 Apr 2025
QOH,HC411-K,Hygizone,OH,Hygizone Concealed Cistern (Spout Frame),0.0000,On Hand,28 Apr 2025
QOH,HC411-L,Hygizone,OH,Hygizone Concealed Cistern (Spout Frame),0.0000,On Hand,28 Apr 2025
QOH,HC411-M,Hygizone,OH,Hygizone Concealed Cistern (Spout Frame),0.0000,On Hand,28 Apr 2025
QOH,HC421,Hygizone,OH,Hygizone Touchless Concealed Cistern,2.0000,On Hand,28 Apr 2025
QOH,HC421A,Hygizone,OH,Hygizone Touchless Concealed Cistern,5.0000,On Hand,28 Apr 2025
QOH,HC421B,Hygizone,OH,Hygizone Touchless Concealed Cistern,6.0000,On Hand,28 Apr 2025
QOH,HC421C,Hygizone,OH,Hygizone Touchless Concealed Cistern,6.0000,On Hand,28 Apr 2025
QOH,HC701,Hygizone,OH,Hygizone Touchless Low Level Dual Flush,10.0000,On Hand,28 Apr 2025
QOH,HC701-A,Hygizone,OH,Hygizone Touchless Low Level Dual Flush,30.0000,On Hand,28 Apr 2025
QOH,HC701-B,Hygizone,OH,Hygizone Touchless Low Level Dual Flush,30.0000,On Hand,28 Apr 2025
QOH,HC701C,Hygizone,OH,Hygizone Touchless Low Level Dual Flush,3.0000,On Hand,28 Apr 2025
QOH,HC701-C,Hygizone,OH,Hygizone Touchless Low Level Dual Flush,10.0000,On Hand,28 Apr 2025
QOH,HC701-D,Hygizone,OH,Hygizone Touchless Low Level Dual Flush,30.0000,On Hand,28 Apr 2025
QOH,HC701-E,Hygizone,OH,Hygizone Touchless Low Level Dual Flush,10.0000,On Hand,28 Apr 2025
QOH,HC701-F,Hygizone,OH,Hygizone Touchless Low Level Dual Flush,19.0000,On Hand,28 Apr 2025
QOH,HC701-G,Hygizone,OH,Hygizone Touchless Low Level Dual Flush,20.0000,On Hand,28 Apr 2025
QOH,HC701-H,Hygizone,OH,Hygizone Touchless Low Level Dual Flush,20.0000,On Hand,28 Apr 2025
QOH,HC701-I,Hygizone,OH,Hygizone Touchless Low Level Dual Flush,10.0000,On Hand,28 Apr 2025
QOH,HFU101,Hygizone,OH,Hygizone Urinal Sensor,48.0000,On Hand,28 Apr 2025
QOH,HP100-A,Hygizone,OH,Hygizone Actuator - White Plate,36.0000,On Hand,28 Apr 2025
QOH,HP300-A,Hygizone,OH,Hygizone Actuator -Black Plate,7.0000,On Hand,28 Apr 2025
QOH,HP400A,Hygizone,OH,Hygizone Actuator- Black Glass plate,40.0000,On Hand,28 Apr 2025
QOH,HP400B,Hygizone,OH,Hygizone Actuator- Black Glass plate,40.0000,On Hand,28 Apr 2025
QOH,HP400C,Hygizone,OH,Hygizone Actuator- Black Glass plate,24.0000,On Hand,28 Apr 2025
QOH,HP405-B,Hygizone,OH,Hygizone Actuator- White Glass Plate,122.0000,On Hand,28 Apr 2025
QOH,HP600,Hygizone,OH,Hygizone Actuator - Stainless Steel,1.0000,On Hand,28 Apr 2025
QOH,HP705,Hygizone,OH,Hygizone Actuator -Matt Chrome,17.0000,On Hand,28 Apr 2025
QOH,HTS211,Hygizone,OH,Hygizone Sensor Faucet,35.0000,On Hand,28 Apr 2025
QOH,HTS211A,Hygizone,OH,Hygizone Sensor Faucet,11.0000,On Hand,28 Apr 2025
QOH,HWH22,Hygizone,OH,Wall Hung Toilet White,119.0000,On Hand,28 Apr 2025
QOH,HWH22&HWH32-A,Hygizone,OH,Seat Cover,7.0000,On Hand,28 Apr 2025
QOH,HWH22-A,Hygizone,OH,Wall Hung Toilet White,0.0000,On Hand,28 Apr 2025
QOH,HWH22-C,Hygizone,OH,Wall Hung Toilet White,0.0000,On Hand,28 Apr 2025
QOH,HWH22-D,Hygizone,OH,Wall Hung Toilet White,0.0000,On Hand,28 Apr 2025
QOH,HWH32,Hygizone,OH,Wall Hung Toilet White,9.0000,On Hand,28 Apr 2025
QOH,HWH32-A,Hygizone,OH,Wall Hung Toilet White,9.0000,On Hand,28 Apr 2025
QOH,HWH32-B,Hygizone,OH,Wall Hung Toilet White,9.0000,On Hand,28 Apr 2025
QOH,HWH32-C,Hygizone,OH,Wall Hung Toilet White,9.0000,On Hand,28 Apr 2025
QOH,HWH32-D,Hygizone,OH,Wall Hung Toilet White,9.0000,On Hand,28 Apr 2025
QOH,HWH32-E,Hygizone,OH,Wall Hung Toilet White,0.0000,On Hand,28 Apr 2025
QOH,HWH42-C,Hygizone,OH,Toilet Bowls,0.0000,On Hand,28 Apr 2025
QOH,HWH42-D,Hygizone,OH,Toilet Bowls,10.0000,On Hand,28 Apr 2025
QOH,HWH42-E,Hygizone,OH,Toilet Bowls,10.0000,On Hand,28 Apr 2025
QOH,HWH42-F,Hygizone,OH,Toilet Bowls,10.0000,On Hand,28 Apr 2025
QOH,HWH42-G,Hygizone,OH,Toilet Bowls,11.0000,On Hand,28 Apr 2025
QOH,HWH42-S,Hygizone,OH,Toilet Seats Cover,2.0000,On Hand,28 Apr 2025
QOH,SCREW,Hygizone,OH,Hygizone Screws,1.0000,On Hand,28 Apr 2025
QOH,CV_1265_15A,KMS,OH,Crayvallac-1265 Damaged Bag,1.0000,On Hand,28 Apr 2025
QOH,MAXIAL-310-A,KMS,OH,Refactory Bricks,0.0000,On Hand,28 Apr 2025
QOH,MAXIAL-310-A0,KMS,OH,Refactory Bricks,0.0000,On Hand,28 Apr 2025
QOH,MAXIAL-310-AA,KMS,OH,Refactory Bricks,0.0000,On Hand,28 Apr 2025
QOH,MAXIAL-310-AB,KMS,OH,Refactory Bricks,0.0000,On Hand,28 Apr 2025
QOH,MAXIAL-310-AC,KMS,OH,Refactory Bricks,0.0000,On Hand,28 Apr 2025
QOH,MAXIAL-310-AD,KMS,OH,Refactory Bricks,0.0000,On Hand,28 Apr 2025
QOH,MAXIAL-310-AE,KMS,OH,Refactory Bricks,0.0000,On Hand,28 Apr 2025
QOH,MAXIAL-310-AF,KMS,OH,Refactory Bricks,0.0000,On Hand,28 Apr 2025
QOH,MAXIAL-310-AG,KMS,OH,Refactory Bricks,0.0000,On Hand,28 Apr 2025
QOH,MAXIAL-310-AH,KMS,OH,Refactory Bricks,0.0000,On Hand,28 Apr 2025
QOH,MAXIAL-310-AI,KMS,OH,Refactory Bricks,0.0000,On Hand,28 Apr 2025
QOH,MAXIAL-310-AJ,KMS,OH,Refactory Bricks,0.0000,On Hand,28 Apr 2025
QOH,MAXIAL-310-AK,KMS,OH,Refactory Bricks,0.0000,On Hand,28 Apr 2025
QOH,MAXIAL-310-AL,KMS,OH,Refactory Bricks,0.0000,On Hand,28 Apr 2025
QOH,MAXIAL-310-AM,KMS,OH,Refactory Bricks,0.0000,On Hand,28 Apr 2025
QOH,MAXIAL-310-AN,KMS,OH,Refactory Bricks,0.0000,On Hand,28 Apr 2025
QOH,MAXIAL-310-AP,KMS,OH,Refactory Bricks,0.0000,On Hand,28 Apr 2025
QOH,MAXIAL-310-AQ,KMS,OH,Refactory Bricks,0.0000,On Hand,28 Apr 2025
QOH,MAXIAL-310-AR,KMS,OH,Refactory Bricks,0.0000,On Hand,28 Apr 2025
QOH,MAXIAL-310-AS,KMS,OH,Refactory Bricks,0.0000,On Hand,28 Apr 2025
QOH,MAXIAL-310-AT,KMS,OH,Refactory Bricks,0.0000,On Hand,28 Apr 2025
QOH,MAXIAL-310-AU,KMS,OH,Refactory Bricks,0.0000,On Hand,28 Apr 2025
QOH,MAXIAL-310-AV,KMS,OH,Refactory Bricks,0.0000,On Hand,28 Apr 2025
QOH,MAXIAL-310-AW,KMS,OH,Refactory Bricks,0.0000,On Hand,28 Apr 2025
QOH,MAXIAL-310-AX,KMS,OH,Refactory Bricks,0.0000,On Hand,28 Apr 2025
QOH,MAXIAL-310-AY,KMS,OH,Refactory Bricks,0.0000,On Hand,28 Apr 2025
QOH,MAXIAL-310-AZ,KMS,OH,Refactory Bricks,0.0000,On Hand,28 Apr 2025
QOH,MAXIAL-310-B,KMS,OH,Refactory Bricks,0.0000,On Hand,28 Apr 2025
QOH,MAXIAL-310-BA,KMS,OH,Refactory Bricks,0.0000,On Hand,28 Apr 2025
QOH,MAXIAL-310-BB,KMS,OH,Refactory Bricks,0.0000,On Hand,28 Apr 2025
QOH,MAXIAL-310-BC,KMS,OH,Refactory Bricks,0.0000,On Hand,28 Apr 2025
QOH,MAXIAL-310-BD,KMS,OH,Refactory Bricks,0.0000,On Hand,28 Apr 2025
QOH,MAXIAL-310-BE,KMS,OH,Refactory Bricks,0.0000,On Hand,28 Apr 2025
QOH,MAXIAL-310-BF,KMS,OH,Refactory Bricks,0.0000,On Hand,28 Apr 2025
QOH,MAXIAL-310-BG,KMS,OH,Refactory Bricks,0.0000,On Hand,28 Apr 2025
QOH,MAXIAL-310-BH,KMS,OH,Refactory Bricks,0.0000,On Hand,28 Apr 2025
QOH,MAXIAL-310-BI,KMS,OH,Refactory Bricks,0.0000,On Hand,28 Apr 2025
QOH,MAXIAL-310-BJ,KMS,OH,Refactory Bricks,0.0000,On Hand,28 Apr 2025
QOH,MAXIAL-310-BK,KMS,OH,Refactory Bricks,0.0000,On Hand,28 Apr 2025
QOH,MAXIAL-310-BL,KMS,OH,Refactory Bricks,0.0000,On Hand,28 Apr 2025
QOH,MAXIAL-310-BM,KMS,OH,Refactory Bricks,0.0000,On Hand,28 Apr 2025
QOH,MAXIAL-310-BN,KMS,OH,Refactory Bricks,0.0000,On Hand,28 Apr 2025
QOH,MAXIAL-310-BO,KMS,OH,Refactory Bricks,0.0000,On Hand,28 Apr 2025
QOH,MAXIAL-310-BP,KMS,OH,Refactory Bricks,0.0000,On Hand,28 Apr 2025
QOH,MAXIAL-310-BQ,KMS,OH,Refactory Bricks,0.0000,On Hand,28 Apr 2025
QOH,MAXIAL-310-BR,KMS,OH,Refactory Bricks,0.0000,On Hand,28 Apr 2025
QOH,MAXIAL-310-BS,KMS,OH,Refactory Bricks,0.0000,On Hand,28 Apr 2025
QOH,MAXIAL-310-BT,KMS,OH,Refactory Bricks,0.0000,On Hand,28 Apr 2025
QOH,MAXIAL-310-BU,KMS,OH,Refactory Bricks,0.0000,On Hand,28 Apr 2025
QOH,MAXIAL-310-BV,KMS,OH,Refactory Bricks,0.0000,On Hand,28 Apr 2025
QOH,MAXIAL-310-BW,KMS,OH,Refactory Bricks,0.0000,On Hand,28 Apr 2025
QOH,MAXIAL-310-BX,KMS,OH,Refactory Bricks,0.0000,On Hand,28 Apr 2025
QOH,MAXIAL-310-BY,KMS,OH,Refactory Bricks,0.0000,On Hand,28 Apr 2025
QOH,MAXIAL-310-BZ,KMS,OH,Refactory Bricks,0.0000,On Hand,28 Apr 2025
QOH,MAXIAL-310-C,KMS,OH,Refactory Bricks,0.0000,On Hand,28 Apr 2025
QOH,MAXIAL-310-CA,KMS,OH,Refactory Bricks,0.0000,On Hand,28 Apr 2025
QOH,MAXIAL-310-CB,KMS,OH,Refactory Bricks,0.0000,On Hand,28 Apr 2025
QOH,MAXIAL-310-CC,KMS,OH,Refactory Bricks,0.0000,On Hand,28 Apr 2025
QOH,MAXIAL-310-CD,KMS,OH,Refactory Bricks,0.0000,On Hand,28 Apr 2025
QOH,MAXIAL-310-CE,KMS,OH,Refactory Bricks,0.0000,On Hand,28 Apr 2025
QOH,MAXIAL-310-CF,KMS,OH,Refactory Bricks,0.0000,On Hand,28 Apr 2025
QOH,MAXIAL-310-CG,KMS,OH,Refactory Bricks,0.0000,On Hand,28 Apr 2025
QOH,MAXIAL-310-CH,KMS,OH,Refactory Bricks,0.0000,On Hand,28 Apr 2025
QOH,MAXIAL-310-CI,KMS,OH,Refactory Bricks,0.0000,On Hand,28 Apr 2025
QOH,MAXIAL-310-CJ,KMS,OH,Refactory Bricks,0.0000,On Hand,28 Apr 2025
QOH,MAXIAL-310-CK,KMS,OH,Refactory Bricks,0.0000,On Hand,28 Apr 2025
QOH,MAXIAL-310-CL,KMS,OH,Refactory Bricks,216.0000,On Hand,28 Apr 2025
QOH,MAXIAL-310-CM,KMS,OH,Refactory Bricks,0.0000,On Hand,28 Apr 2025
QOH,MAXIAL-310-CN,KMS,OH,Refactory Bricks,0.0000,On Hand,28 Apr 2025
QOH,MAXIAL-310-CO,KMS,OH,Refactory Bricks,0.0000,On Hand,28 Apr 2025
QOH,MAXIAL-310-CP,KMS,OH,Refactory Bricks,0.0000,On Hand,28 Apr 2025
QOH,MAXIAL-310-CQ,KMS,OH,Refactory Bricks,0.0000,On Hand,28 Apr 2025
QOH,MAXIAL-310-CR,KMS,OH,Refactory Bricks,0.0000,On Hand,28 Apr 2025
QOH,MAXIAL-310-CS,KMS,OH,Refactory Bricks,0.0000,On Hand,28 Apr 2025
QOH,MAXIAL-310-CT,KMS,OH,Refactory Bricks,0.0000,On Hand,28 Apr 2025
QOH,MAXIAL-310-CU,KMS,OH,Refactory Bricks,0.0000,On Hand,28 Apr 2025
QOH,MAXIAL-310-CV,KMS,OH,Refactory Bricks,0.0000,On Hand,28 Apr 2025
QOH,MAXIAL-310-CW,KMS,OH,Refactory Bricks,0.0000,On Hand,28 Apr 2025
QOH,MAXIAL-310-CX,KMS,OH,Refactory Bricks,0.0000,On Hand,28 Apr 2025
QOH,MAXIAL-310-CY,KMS,OH,Refactory Bricks,0.0000,On Hand,28 Apr 2025
QOH,MAXIAL-310-CZ,KMS,OH,Refactory Bricks,0.0000,On Hand,28 Apr 2025
QOH,MAXIAL-310-D,KMS,OH,Refactory Bricks,0.0000,On Hand,28 Apr 2025
QOH,MAXIAL-310-DA,KMS,OH,Refactory Bricks,0.0000,On Hand,28 Apr 2025
QOH,MAXIAL-310-DB,KMS,OH,Refactory Bricks,0.0000,On Hand,28 Apr 2025
QOH,MAXIAL-310-DC,KMS,OH,Refactory Bricks,0.0000,On Hand,28 Apr 2025
QOH,MAXIAL-310-DD,KMS,OH,Refactory Bricks,0.0000,On Hand,28 Apr 2025
QOH,MAXIAL-310-DE,KMS,OH,Refactory Bricks,0.0000,On Hand,28 Apr 2025
QOH,MAXIAL-310-DF,KMS,OH,Refactory Bricks,18.0000,On Hand,28 Apr 2025
QOH,MAXIAL-310-DG,KMS,OH,Refactory Bricks,0.0000,On Hand,28 Apr 2025
QOH,MAXIAL-310-DH,KMS,OH,Refactory Bricks,0.0000,On Hand,28 Apr 2025
QOH,MAXIAL-310-DI,KMS,OH,Refactory Bricks,0.0000,On Hand,28 Apr 2025
QOH,MAXIAL-310-DJ,KMS,OH,Refactory Bricks,0.0000,On Hand,28 Apr 2025
QOH,MAXIAL-310-DK,KMS,OH,Refactory Bricks,0.0000,On Hand,28 Apr 2025
QOH,MAXIAL-310-DL,KMS,OH,Refactory Bricks,0.0000,On Hand,28 Apr 2025
QOH,MAXIAL-310-DM,KMS,OH,Refactory Bricks,0.0000,On Hand,28 Apr 2025
QOH,MAXIAL-310-DN,KMS,OH,Refactory Bricks,0.0000,On Hand,28 Apr 2025
QOH,MAXIAL-310-DO,KMS,OH,Refactory Bricks,0.0000,On Hand,28 Apr 2025
QOH,MAXIAL-310-DP,KMS,OH,Refactory Bricks,0.0000,On Hand,28 Apr 2025
QOH,MAXIAL-310-DQ,KMS,OH,Refactory Bricks,0.0000,On Hand,28 Apr 2025
QOH,MAXIAL-310-DR,KMS,OH,Refactory Bricks,0.0000,On Hand,28 Apr 2025
QOH,MAXIAL-310-DS,KMS,OH,Refactory Bricks,0.0000,On Hand,28 Apr 2025
QOH,MAXIAL-310-DT,KMS,OH,Refactory Bricks,0.0000,On Hand,28 Apr 2025
QOH,MAXIAL-310-DU,KMS,OH,Refactory Bricks,0.0000,On Hand,28 Apr 2025
QOH,MAXIAL-310-DV,KMS,OH,Refactory Bricks,0.0000,On Hand,28 Apr 2025
QOH,MAXIAL-310-DW,KMS,OH,Refactory Bricks,0.0000,On Hand,28 Apr 2025
QOH,MAXIAL-310-DX,KMS,OH,Refactory Bricks,0.0000,On Hand,28 Apr 2025
QOH,MAXIAL-310-DY,KMS,OH,Refactory Bricks,0.0000,On Hand,28 Apr 2025
QOH,MAXIAL-310-DZ,KMS,OH,Refactory Bricks,0.0000,On Hand,28 Apr 2025
QOH,MAXIAL-310-E,KMS,OH,Refactory Bricks,0.0000,On Hand,28 Apr 2025
QOH,MAXIAL-310-EA,KMS,OH,Refactory Bricks,0.0000,On Hand,28 Apr 2025
QOH,MAXIAL-310-EB,KMS,OH,Refactory Bricks,0.0000,On Hand,28 Apr 2025
QOH,MAXIAL-310-EC,KMS,OH,Refactory Bricks,0.0000,On Hand,28 Apr 2025
QOH,MAXIAL-310-ED,KMS,OH,Refactory Bricks,0.0000,On Hand,28 Apr 2025
QOH,MAXIAL-310-EE,KMS,OH,Refactory Bricks,0.0000,On Hand,28 Apr 2025
QOH,MAXIAL-310-EF,KMS,OH,Refactory Bricks,124.0000,On Hand,28 Apr 2025
QOH,MAXIAL-310-EG,KMS,OH,Refactory Bricks,0.0000,On Hand,28 Apr 2025
QOH,MAXIAL-310-EH,KMS,OH,Refactory Bricks,0.0000,On Hand,28 Apr 2025
QOH,MAXIAL-310-EI,KMS,OH,Refactory Bricks,0.0000,On Hand,28 Apr 2025
QOH,MAXIAL-310-EJ,KMS,OH,Refactory Bricks,0.0000,On Hand,28 Apr 2025
QOH,MAXIAL-310-EK,KMS,OH,Refactory Bricks,0.0000,On Hand,28 Apr 2025
QOH,MAXIAL-310-EL,KMS,OH,Refactory Bricks,0.0000,On Hand,28 Apr 2025
QOH,MAXIAL-310-EM,KMS,OH,Refactory Bricks,0.0000,On Hand,28 Apr 2025
QOH,MAXIAL-310-EN,KMS,OH,Refactory Bricks,0.0000,On Hand,28 Apr 2025
QOH,MAXIAL-310-EO,KMS,OH,Refactory Bricks,0.0000,On Hand,28 Apr 2025
QOH,MAXIAL-310-EP,KMS,OH,Refactory Bricks,0.0000,On Hand,28 Apr 2025
QOH,MAXIAL-310-EQ,KMS,OH,Refactory Bricks,0.0000,On Hand,28 Apr 2025
QOH,MAXIAL-310-ER,KMS,OH,Refactory Bricks,0.0000,On Hand,28 Apr 2025
QOH,MAXIAL-310-ES,KMS,OH,Refactory Bricks,0.0000,On Hand,28 Apr 2025
QOH,MAXIAL-310-ET,KMS,OH,Refactory Bricks,0.0000,On Hand,28 Apr 2025
QOH,MAXIAL-310-EU,KMS,OH,Refactory Bricks,0.0000,On Hand,28 Apr 2025
QOH,MAXIAL-310-EV,KMS,OH,Refactory Bricks,0.0000,On Hand,28 Apr 2025
QOH,MAXIAL-310-EW,KMS,OH,Refactory Bricks,0.0000,On Hand,28 Apr 2025
QOH,MAXIAL-310-EX,KMS,OH,Refactory Bricks,0.0000,On Hand,28 Apr 2025
QOH,MAXIAL-310-EY,KMS,OH,Refactory Bricks,0.0000,On Hand,28 Apr 2025
QOH,MAXIAL-310-EZ,KMS,OH,Refactory Bricks,310.0000,On Hand,28 Apr 2025
QOH,MAXIAL-310-F,KMS,OH,Refactory Bricks,0.0000,On Hand,28 Apr 2025
QOH,MAXIAL-310-FA,KMS,OH,Refactory Bricks,0.0000,On Hand,28 Apr 2025
QOH,MAXIAL-310-FB,KMS,OH,Refactory Bricks,0.0000,On Hand,28 Apr 2025
QOH,MAXIAL-310-FC,KMS,OH,Refactory Bricks,0.0000,On Hand,28 Apr 2025
QOH,MAXIAL-310-FD,KMS,OH,Refactory Bricks,0.0000,On Hand,28 Apr 2025
QOH,MAXIAL-310-FE,KMS,OH,Refactory Bricks,0.0000,On Hand,28 Apr 2025
QOH,MAXIAL-310-FF,KMS,OH,Refactory Bricks,0.0000,On Hand,28 Apr 2025
QOH,MAXIAL-310-FG,KMS,OH,Refactory Bricks,0.0000,On Hand,28 Apr 2025
QOH,MAXIAL-310-FH,KMS,OH,Refactory Bricks,0.0000,On Hand,28 Apr 2025
QOH,MAXIAL-310-FI,KMS,OH,Refactory Bricks,0.0000,On Hand,28 Apr 2025
QOH,MAXIAL-310-FJ,KMS,OH,Refactory Bricks,0.0000,On Hand,28 Apr 2025
QOH,MAXIAL-310-FK,KMS,OH,Refactory Bricks,0.0000,On Hand,28 Apr 2025
QOH,MAXIAL-310-FL,KMS,OH,Refactory Bricks,0.0000,On Hand,28 Apr 2025
QOH,MAXIAL-310-FM,KMS,OH,Refactory Bricks,0.0000,On Hand,28 Apr 2025
QOH,MAXIAL-310-FN,KMS,OH,Refactory Bricks,0.0000,On Hand,28 Apr 2025
QOH,MAXIAL-310-FO,KMS,OH,Refactory Bricks,0.0000,On Hand,28 Apr 2025
QOH,MAXIAL-310-FP,KMS,OH,Refactory Bricks,0.0000,On Hand,28 Apr 2025
QOH,MAXIAL-310-FQ,KMS,OH,Refactory Bricks,0.0000,On Hand,28 Apr 2025
QOH,MAXIAL-310-FR,KMS,OH,Refactory Bricks,0.0000,On Hand,28 Apr 2025
QOH,MAXIAL-310-FS,KMS,OH,Refactory Bricks,0.0000,On Hand,28 Apr 2025
QOH,MAXIAL-310-FT,KMS,OH,Refactory Bricks,0.0000,On Hand,28 Apr 2025
QOH,MAXIAL-310-FU,KMS,OH,Refactory Bricks,0.0000,On Hand,28 Apr 2025
QOH,MAXIAL-310-FV,KMS,OH,Refactory Bricks,0.0000,On Hand,28 Apr 2025
QOH,MAXIAL-310-FW,KMS,OH,Refactory Bricks,0.0000,On Hand,28 Apr 2025
QOH,MAXIAL-310-FX,KMS,OH,Refactory Bricks,0.0000,On Hand,28 Apr 2025
QOH,MAXIAL-310-G,KMS,OH,Refactory Bricks,0.0000,On Hand,28 Apr 2025
QOH,MAXIAL-310-H,KMS,OH,Refactory Bricks,0.0000,On Hand,28 Apr 2025
QOH,MAXIAL-310-I,KMS,OH,Refactory Bricks,0.0000,On Hand,28 Apr 2025
QOH,MAXIAL-310-J,KMS,OH,Refactory Bricks,0.0000,On Hand,28 Apr 2025
QOH,MAXIAL-310-K,KMS,OH,Refactory Bricks,0.0000,On Hand,28 Apr 2025
QOH,MAXIAL-310-L,KMS,OH,Refactory Bricks,310.0000,On Hand,28 Apr 2025
QOH,MAXIAL-310-M,KMS,OH,Refactory Bricks,0.0000,On Hand,28 Apr 2025
QOH,MAXIAL-310-N,KMS,OH,Refactory Bricks,0.0000,On Hand,28 Apr 2025
QOH,MAXIAL-310-O,KMS,OH,Refactory Bricks,0.0000,On Hand,28 Apr 2025
QOH,MAXIAL-310-P,KMS,OH,Refactory Bricks,0.0000,On Hand,28 Apr 2025
QOH,MAXIAL-310-Q,KMS,OH,Refactory Bricks,0.0000,On Hand,28 Apr 2025
QOH,MAXIAL-310-R,KMS,OH,Refactory Bricks,0.0000,On Hand,28 Apr 2025
QOH,MAXIAL-310-S,KMS,OH,Refactory Bricks,0.0000,On Hand,28 Apr 2025
QOH,MAXIAL-310-U,KMS,OH,Refactory Bricks,0.0000,On Hand,28 Apr 2025
QOH,MAXIAL-310-V,KMS,OH,Refactory Bricks,0.0000,On Hand,28 Apr 2025
QOH,MAXIAL-310-W,KMS,OH,Refactory Bricks,0.0000,On Hand,28 Apr 2025
QOH,MAXIAL-310-X,KMS,OH,Refactory Bricks,0.0000,On Hand,28 Apr 2025
QOH,MAXIAL-310-Y,KMS,OH,Refactory Bricks,0.0000,On Hand,28 Apr 2025
QOH,MAXIAL-310-Z,KMS,OH,Refactory Bricks,0.0000,On Hand,28 Apr 2025
QOH,FSW-45B1-M,LRB,OH,Elements Fan High Velocity Box Damaged,11.0000,On Hand,28 Apr 2025
QOH,KYT-30B-D,LRB,OH,Elements Fan Box 30cm Old Box Damage,20.0000,On Hand,28 Apr 2025
QOH,KYT-30B-H,LRB,OH,Elements Fan Box 30cm -Box Damage Old,0.0000,On Hand,28 Apr 2025
QOH,MHFS-40-C,LRB,OH,Elements Fan Pedest 40cm Wht BD-Old,11.0000,On Hand,28 Apr 2025
QOH,MHFT-30-E,LRB,OH,Elements Fan Desk 30cm Wht PH,4.0000,On Hand,28 Apr 2025
QOH,WACB026-F,Bambino,OH,Activity Walker Turquoise,0.0000,On Hand,28 Apr 2025
QOH,HPE100,Hygizone,OH,Hygizone Acuator Touchless Glass Black,28.0000,On Hand,28 Apr 2025
QOH,MAXIAL-310-GA,KMS,OH,Refectory Bricks,0.0000,On Hand,28 Apr 2025
QOH,MAXIAL-310-GB,KMS,OH,Refectory Bricks,0.0000,On Hand,28 Apr 2025
QOH,MAXIAL-310-GC,KMS,OH,Refectory Bricks,0.0000,On Hand,28 Apr 2025
QOH,MAXIAL-310-GD,KMS,OH,Refectory Bricks,0.0000,On Hand,28 Apr 2025
QOH,MAXIAL-310-GE,KMS,OH,Refectory Bricks,0.0000,On Hand,28 Apr 2025
QOH,MAXIAL-310-GF,KMS,OH,Refectory Bricks,0.0000,On Hand,28 Apr 2025
QOH,MAXIAL-310-GG,KMS,OH,Refectory Bricks,0.0000,On Hand,28 Apr 2025
QOH,MAXIAL-310-GH,KMS,OH,Refectory Bricks,0.0000,On Hand,28 Apr 2025
QOH,MAXIAL-310-GI,KMS,OH,Refectory Bricks,0.0000,On Hand,28 Apr 2025
QOH,MAXIAL-310-GJ,KMS,OH,Refectory Bricks,0.0000,On Hand,28 Apr 2025
QOH,MAXIAL-310-GK,KMS,OH,Refectory Bricks,0.0000,On Hand,28 Apr 2025
QOH,MAXIAL-310-GL,KMS,OH,Refectory Bricks,0.0000,On Hand,28 Apr 2025
QOH,MAXIAL-310-GM,KMS,OH,Refectory Bricks,0.0000,On Hand,28 Apr 2025
QOH,MAXIAL-310-GN,KMS,OH,Refectory Bricks,0.0000,On Hand,28 Apr 2025
QOH,MAXIAL-310-GO,KMS,OH,Refectory Bricks,0.0000,On Hand,28 Apr 2025
QOH,MAXIAL-310-GP,KMS,OH,Refectory Bricks,0.0000,On Hand,28 Apr 2025
QOH,MAXIAL-310-GQ,KMS,OH,Refectory Bricks,0.0000,On Hand,28 Apr 2025
QOH,MAXILA-310-GR,KMS,OH,Refectory Bricks,310.0000,On Hand,28 Apr 2025
QOH,MAXIAL-310-GS,KMS,OH,Refectory Bricks,0.0000,On Hand,28 Apr 2025
QOH,MAXIAL-310-GT,KMS,OH,Refectory Bricks,0.0000,On Hand,28 Apr 2025
QOH,MAXIAL-310-GU,KMS,OH,Refectory Bricks,0.0000,On Hand,28 Apr 2025
QOH,MAXIAL-310-GV,KMS,OH,Refectory Bricks,0.0000,On Hand,28 Apr 2025
QOH,MAXIAL-310-GW,KMS,OH,Refectory Bricks,0.0000,On Hand,28 Apr 2025
QOH,MAXIAL-310-GX,KMS,OH,Refectory Bricks,0.0000,On Hand,28 Apr 2025
QOH,MAXIAL-310-GY,KMS,OH,Refectory Bricks,0.0000,On Hand,28 Apr 2025
QOH,MAXIAL-310-GZ,KMS,OH,Refectory Bricks,0.0000,On Hand,28 Apr 2025
QOH,MAXIAL-310-HR,KMS,OH,Refectory Bricks,0.0000,On Hand,28 Apr 2025
QOH,FH-188A-B,LRB,OH,Elements Heater Fan Physical Damage,1.0000,On Hand,28 Apr 2025
QOH,DF-150P97-7(BLACK,LRB,OH,Element Heater 7 Fin Black,0.0000,On Hand,28 Apr 2025
QOH,FSW-45B1-K,LRB,OH,Elements Fan High Velocity Box Damaged,10.0000,On Hand,28 Apr 2025
QOH,CH-01F-BG,LRB,OH,Elements Heater Convection 2000w,0.0000,On Hand,28 Apr 2025
QOH,FSW-45B1-N,LRB,OH,Elements Fan High Velocity,0.0000,On Hand,28 Apr 2025
QOH,MG-5616F-A,LRB,OH,Elements Fan Pedest Recharge 40cm BD,1.0000,On Hand,28 Apr 2025
QOH,HH-03R-A,LRB,OH,Elements Heater Halogen 1200w,0.0000,On Hand,28 Apr 2025
QOH,FT30MCB-E,LRB,OH,Elements Fan Desk Classic 30cm Black Chro BD,1.0000,On Hand,28 Apr 2025
QOH,MHFT-40-C,LRB,OH,Elements Fan Desk 40cm Wht DB,1.0000,On Hand,28 Apr 2025
QOH,MG-5616-E,LRB,OH,Elements Fan Pedest Recharge 40cm BD,1.0000,On Hand,28 Apr 2025
QOH,MHFS-40-A,LRB,OH,Elements Fan Padest 40cm white old,1.0000,On Hand,28 Apr 2025
QOH,Yarn Twist,Kiki Bags,OH,Paper Yarn Twist Brown,0.0000,On Hand,28 Apr 2025
QOH,710x510ADV 130g,Kiki Bags,OH,ADV White 120G,5044.0000,On Hand,28 Apr 2025
QOH,PH-08H-AC-A,LRB,OH,Elements Heater Wall Panel Mounting Kit,0.0000,On Hand,28 Apr 2025
QOH,900X600WTL135G-I,Kiki Bags,OH,White Top Liner 135G,0.0000,On Hand,28 Apr 2025
QOH,900X600WTL 135G,Kiki Bags,OH,White Top Liner135G,5600.0000,On Hand,28 Apr 2025
QOH,900X600WTL135-F,Kiki Bags,OH,White Top Liner 135G,5600.0000,On Hand,28 Apr 2025
QOH,900X600WTL135GG,Kiki Bags,OH,White Top Liner 135G,0.0000,On Hand,28 Apr 2025
QOH,900X600WTL135G-H,Kiki Bags,OH,White Top Liner 135G,0.0000,On Hand,28 Apr 2025
QOH,CACS599,Bambino,OH,Stylo Black Car Seat,0.0000,On Hand,28 Apr 2025
QOH,CACS599-D,Bambino,OH,Stylo Black Car Seat,8.0000,On Hand,28 Apr 2025
QOH,CACS599-G,Bambino,OH,Stylo Car Seat - Black/Sliver,0.0000,On Hand,28 Apr 2025
QOH,CACS599-H,Bambino,OH,Stylo Black Car Seat,0.0000,On Hand,28 Apr 2025
QOH,CACS599-I,Bambino,OH,Stylo Black Car Seat,0.0000,On Hand,28 Apr 2025
QOH,CACS599-M,Bambino,OH,Stylo Black Car Seat,0.0000,On Hand,28 Apr 2025
QOH,MAXIAL-130-HQ,KMS,OH,Refactory Bricks,0.0000,On Hand,28 Apr 2025
QOH,CACS599-K,Bambino,OH,Stylo Car Seat - Black/Sliver,0.0000,On Hand,28 Apr 2025
QOH,CACS604,Bambino,OH,I Rotate 360 Graphite,0.0000,On Hand,28 Apr 2025
QOH,SPARES-B,Bambino,OH,Bambino Spares Parts BAM5126,0.0000,On Hand,28 Apr 2025
QOH,710X510WTL135G-F,Kiki Bags,OH,White Top Liner 135g,0.0000,On Hand,28 Apr 2025
QOH,710X510WTL135G-G,Kiki Bags,OH,White Top Liner 135g,0.0000,On Hand,28 Apr 2025
QOH,710X510WTL135G-H,Kiki Bags,OH,White Top Liner 135g,5600.0000,On Hand,28 Apr 2025
QOH,710X510WTL135G-I,Kiki Bags,OH,White Top Liner 135g,0.0000,On Hand,28 Apr 2025
QOH,710X510WTL135G-J,Kiki Bags,OH,White Top Liner 135g,168.0000,On Hand,28 Apr 2025
QOH,710X510WTL135G-K,Kiki Bags,OH,White Top Liner 135g,5600.0000,On Hand,28 Apr 2025
QOH,CACS604-B,Bambino,OH,I Rotate 360 Graphite,0.0000,On Hand,28 Apr 2025
QOH,CACS604-C,Bambino,OH,I Rotate 360 Graphite,4.0000,On Hand,28 Apr 2025
QOH,CACS604-D,Bambino,OH,I Rotate 360 Graphite,0.0000,On Hand,28 Apr 2025
QOH,CACS604-E,Bambino,OH,I Rotate 360 Graphite,9.0000,On Hand,28 Apr 2025
QOH,WACB028,Bambino,OH,Icon Plus Walker Grey,0.0000,On Hand,28 Apr 2025
QOH,WACB029-A,Bambino,OH,F1 Racer Walker,24.0000,On Hand,28 Apr 2025
QOH,WACB030,Bambino,OH,2 in 1 Walker Rocker Turquoise,24.0000,On Hand,28 Apr 2025
QOH,WACB026-I,Bambino,OH,Activity walker Turqouise,0.0000,On Hand,28 Apr 2025
QOH,SPARES-C,Bambino,OH,Spares BAM5115,0.0000,On Hand,28 Apr 2025
QOH,WACB029-C,Bambino,OH,F1 Racer Walker,22.0000,On Hand,28 Apr 2025
QOH,WACB029-B,Bambino,OH,F1 Racer Walker,24.0000,On Hand,28 Apr 2025
QOH,WACB029-D,Bambino,OH,F1 Racer Walker,22.0000,On Hand,28 Apr 2025
QOH,WACB030-C,Bambino,OH,2 in 1 Walker Rocker,11.0000,On Hand,28 Apr 2025
QOH,WACB030-D,Bambino,OH,2 in 1 Walker Rocker,11.0000,On Hand,28 Apr 2025
QOH,WACB030-E,Bambino,OH,2 in 1 Walker Rocker,11.0000,On Hand,28 Apr 2025
QOH,WACB030-F,Bambino,OH,2 in 1 Walker Rocker,11.0000,On Hand,28 Apr 2025
QOH,WACB030-G,Bambino,OH,2 in 1 Walker Rocker,11.0000,On Hand,28 Apr 2025
QOH,WACB030-H,Bambino,OH,2 in 1 Walker Rocker,22.0000,On Hand,28 Apr 2025
QOH,WACB030-I,Bambino,OH,2 in 1 Walker Rocker,0.0000,On Hand,28 Apr 2025
QOH,WACB030-J,Bambino,OH,2 in 1 Walker Rocker,12.0000,On Hand,28 Apr 2025
QOH,WACB030-K,Bambino,OH,2 in 1 Walker Rocker,0.0000,On Hand,28 Apr 2025
QOH,WACB030-L,Bambino,OH,2 in 1 Walker Rocker,0.0000,On Hand,28 Apr 2025
QOH,WACBO30-M,Bambino,OH,2 in 1 Walker Rocker,0.0000,On Hand,28 Apr 2025
QOH,WACB030-N,Bambino,OH,2 in 1 Walker Rocker,22.0000,On Hand,28 Apr 2025
QOH,WACB030-O,Bambino,OH,2 in 1 Walker Rocker,11.0000,On Hand,28 Apr 2025
QOH,WACB030-P,Bambino,OH,2 in 1 Walker Rocker,11.0000,On Hand,28 Apr 2025
QOH,WACB030-Q,Bambino,OH,2 in 1 Walker Rocker,11.0000,On Hand,28 Apr 2025
QOH,WACB030-R,Bambino,OH,2 in 1 Walker Rocker,11.0000,On Hand,28 Apr 2025
QOH,WACB030-S,Bambino,OH,2 in 1 Walker Rocker,11.0000,On Hand,28 Apr 2025
QOH,WACB030-T,Bambino,OH,2 in 1 Walker Rocker,12.0000,On Hand,28 Apr 2025
QOH,WACB030-U,Bambino,OH,2 in 1 Walker Rocker,0.0000,On Hand,28 Apr 2025
QOH,WACB030-V,Bambino,OH,2 in 1 Walker Rocker,22.0000,On Hand,28 Apr 2025
QOH,WACB029-E,Bambino,OH,F1 Racer Walker,11.0000,On Hand,28 Apr 2025
QOH,WACB029-F,Bambino,OH,F1 Racer Walker,22.0000,On Hand,28 Apr 2025
QOH,WACB029-G,Bambino,OH,F1 Racer Walker,22.0000,On Hand,28 Apr 2025
QOH,WACB029-I,Bambino,OH,F1 Racer Walker,22.0000,On Hand,28 Apr 2025
QOH,WACB029-J,Bambino,OH,F1 Racer Walker,10.0000,On Hand,28 Apr 2025
QOH,WACB029-K,Bambino,OH,F1 Racer Walker,10.0000,On Hand,28 Apr 2025
QOH,WACB029-L,Bambino,OH,F1 Racer Walker,11.0000,On Hand,28 Apr 2025
QOH,WACB029-M,Bambino,OH,F1 Racer Walker,11.0000,On Hand,28 Apr 2025
QOH,WACB029-N,Bambino,OH,F1 Racer Walker,11.0000,On Hand,28 Apr 2025
QOH,WACB029-O,Bambino,OH,F1 Racer Walker,12.0000,On Hand,28 Apr 2025
QOH,WACB029-P,Bambino,OH,F1 Racer Walker,11.0000,On Hand,28 Apr 2025
QOH,WACB029-Q,Bambino,OH,F1 Racer Walker,11.0000,On Hand,28 Apr 2025
QOH,WACB029-S,Bambino,OH,F1 Racer Walker,11.0000,On Hand,28 Apr 2025
QOH,WACB029-T,Bambino,OH,F1 Racer Walker,0.0000,On Hand,28 Apr 2025
QOH,WACB029-U,Bambino,OH,F1 Racer Walker,0.0000,On Hand,28 Apr 2025
QOH,WACB029-V,Bambino,OH,F1 Racer Walker,0.0000,On Hand,28 Apr 2025
QOH,WACB029-W,Bambino,OH,F1 Racer Walker,0.0000,On Hand,28 Apr 2025
QOH,WACB029-X,Bambino,OH,F1 Racer Walker,0.0000,On Hand,28 Apr 2025
QOH,WACB029-Y,Bambino,OH,F1 Racer Walker,0.0000,On Hand,28 Apr 2025
QOH,WACB029-Z,Bambino,OH,F1 Racer Walker,0.0000,On Hand,28 Apr 2025
QOH,WACB026-M,Bambino,OH,Activity walker Turqouise,0.0000,On Hand,28 Apr 2025
QOH,P682,NAD,OH,Mixed Pallet,0.0000,On Hand,28 Apr 2025
QOH,P681,NAD,OH,Mixed Pallet,0.0000,On Hand,28 Apr 2025
QOH,P683,NAD,OH,Mixed Pallet,0.0000,On Hand,28 Apr 2025
QOH,P684,NAD,OH,Mixed Pallet,0.0000,On Hand,28 Apr 2025
QOH,P680,NAD,OH,Mixed Pallet,0.0000,On Hand,28 Apr 2025
QOH,LEGRAL35 -A,KMS,OH,Factory Bricks,0.0000,On Hand,28 Apr 2025
QOH,LAGRAL35-B,KMS,OH,Factory Bricks,0.0000,On Hand,28 Apr 2025
QOH,LUGRAL35-C,KMS,OH,Factory Bricks,0.0000,On Hand,28 Apr 2025
QOH,LEGRAL35-D,KMS,OH,Factory Bricks,0.0000,On Hand,28 Apr 2025
QOH,RUBINAL-R1-G,KMS,OH,Factory Bricks,0.0000,On Hand,28 Apr 2025
QOH,RUBINAL-R1-F,KMS,OH,Factory Bricks,0.0000,On Hand,28 Apr 2025
QOH,RUBINAL-R1-E,KMS,OH,Factory Bricks,0.0000,On Hand,28 Apr 2025
QOH,RUBINAL-R1-H,KMS,OH,Factory Bricks,0.0000,On Hand,28 Apr 2025
QOH,RUBINAL-R1-I,KMS,OH,Factory Bricks,0.0000,On Hand,28 Apr 2025
QOH,RUBINAL-R1-J,KMS,OH,Factory Bricks,0.0000,On Hand,28 Apr 2025
QOH,RUBINAL-R1-K,KMS,OH,Factory Bricks,0.0000,On Hand,28 Apr 2025
QOH,RUBINAL-R1-L,KMS,OH,Factory Bricks,0.0000,On Hand,28 Apr 2025
QOH,RUBINAL-R1-M,KMS,OH,Factory Bricks,0.0000,On Hand,28 Apr 2025
QOH,RUBINAL-R1-N,KMS,OH,Factory Bricks,0.0000,On Hand,28 Apr 2025
QOH,RUBINAL-R1-O,KMS,OH,Factory Bricks,0.0000,On Hand,28 Apr 2025
QOH,RUBINAL-R1-P,KMS,OH,Factory Bricks,0.0000,On Hand,28 Apr 2025
QOH,RUBINAL-R1-Q,KMS,OH,Factory Bricks,0.0000,On Hand,28 Apr 2025
QOH,RUBINAL-R1-R,KMS,OH,Factory Bricks,248.0000,On Hand,28 Apr 2025
QOH,RUBINAL-R1-S,KMS,OH,Factory Bricks,248.0000,On Hand,28 Apr 2025
QOH,RABINAL-35-T,KMS,OH,Factory Bricks,0.0000,On Hand,28 Apr 2025
QOH,RUBINAL-R1,KMS,OH,Factory Bricks,0.0000,On Hand,28 Apr 2025
QOH,RUBINAL-R1-U,KMS,OH,Factory Bricks,0.0000,On Hand,28 Apr 2025
QOH,RUBINAL-R1-W,KMS,OH,Factory Bricks,0.0000,On Hand,28 Apr 2025
QOH,RUBINAL-R1-X,KMS,OH,Factory Bricks,0.0000,On Hand,28 Apr 2025
QOH,RUBINAL-R1-Y,KMS,OH,Factory Bricks,0.0000,On Hand,28 Apr 2025
QOH,RUBINAL-R1-Z,KMS,OH,Factory Bricks,0.0000,On Hand,28 Apr 2025
QOH,RUBINAL-R1-AA,KMS,OH,Factory Bricks,20.0000,On Hand,28 Apr 2025
QOH,RUBINAL-R1-AB,KMS,OH,Factory Bricks,0.0000,On Hand,28 Apr 2025
QOH,RUBINAL-R1-AC,KMS,OH,Factory Bricks,0.0000,On Hand,28 Apr 2025
QOH,RUBINAL-R1-AD,KMS,OH,Factory Bricks,0.0000,On Hand,28 Apr 2025
QOH,RUBINAL-R1-AE,KMS,OH,Factory Bricks,0.0000,On Hand,28 Apr 2025
QOH,RUBINAL-R1-AF,KMS,OH,Factory Bricks,0.0000,On Hand,28 Apr 2025
QOH,RUBINAL-R1-AG,KMS,OH,Factory Bricks,0.0000,On Hand,28 Apr 2025
QOH,RUBINAL-R1-AH,KMS,OH,Factory Bricks,0.0000,On Hand,28 Apr 2025
QOH,RUBINAL-R1-AI,KMS,OH,Factory Bricks,0.0000,On Hand,28 Apr 2025
QOH,RUBINAL-R1-AO,KMS,OH,Factory Bricks,0.0000,On Hand,28 Apr 2025
QOH,LEGRAL-35-A,KMS,OH,Factory Bricks,0.0000,On Hand,28 Apr 2025
QOH,LEGRAL-35-B,KMS,OH,Factory Bricks,0.0000,On Hand,28 Apr 2025
QOH,LEGRAL-35-C,KMS,OH,Factory Bricks,0.0000,On Hand,28 Apr 2025
QOH,LEGRAL-35-D,KMS,OH,Factory Bricks,0.0000,On Hand,28 Apr 2025
QOH,LEGRAL-35-AP,KMS,OH,Factory Bricks,0.0000,On Hand,28 Apr 2025
QOH,LEGRAL-35-AQ,KMS,OH,Factory Bricks,0.0000,On Hand,28 Apr 2025
QOH,LUGRAL-35-AR,KMS,OH,Factory Bricks,0.0000,On Hand,28 Apr 2025
QOH,LEGRAL-35-AS,KMS,OH,Factory Bricks,0.0000,On Hand,28 Apr 2025
QOH,RUBINAL-R1-AT,KMS,OH,Factory Bricks,0.0000,On Hand,28 Apr 2025
QOH,RUBINAL-R1-AU,KMS,OH,Factory Bricks,0.0000,On Hand,28 Apr 2025
QOH,RUBINAL-R1-AV,KMS,OH,Factory Bricks,0.0000,On Hand,28 Apr 2025
QOH,RUBINAL-R1-AW,KMS,OH,Factory Bricks,0.0000,On Hand,28 Apr 2025
QOH,RUBINAL-R1-AX,KMS,OH,Factory Bricks,0.0000,On Hand,28 Apr 2025
QOH,RUBINAL-R1-AY,KMS,OH,Factory Bricks,0.0000,On Hand,28 Apr 2025
QOH,RUBINAL-R1-AZ,KMS,OH,Factory Bricks,0.0000,On Hand,28 Apr 2025
QOH,RUBINAL-R1-BA,KMS,OH,Factory Bricks,0.0000,On Hand,28 Apr 2025
QOH,RUBINAL-R1-BB,KMS,OH,Factory Bricks,0.0000,On Hand,28 Apr 2025
QOH,RUBINAL-R1-BC,KMS,OH,Factory Bricks,0.0000,On Hand,28 Apr 2025
QOH,RUBINAL-R1-BD,KMS,OH,Factory Bricks,0.0000,On Hand,28 Apr 2025
QOH,RUBINAL-R1-BE,KMS,OH,Factory Bricks,0.0000,On Hand,28 Apr 2025
QOH,RUBINAL-R1-BF,KMS,OH,Factory Bricks,0.0000,On Hand,28 Apr 2025
QOH,RUBINAL-R1-BG,KMS,OH,Factory Bricks,0.0000,On Hand,28 Apr 2025
QOH,LEGRAL-35-E,KMS,OH,Factory Bricks,0.0000,On Hand,28 Apr 2025
QOH,LEGRAL-35-F,KMS,OH,Factory Bricks,0.0000,On Hand,28 Apr 2025
QOH,LEGRAL-35-G,KMS,OH,Factory Bricks,0.0000,On Hand,28 Apr 2025
QOH,RUBINAL-R1-BH,KMS,OH,Factory Bricks,0.0000,On Hand,28 Apr 2025
QOH,RUBINAL-R1-BI,KMS,OH,Factory Bricks,0.0000,On Hand,28 Apr 2025
QOH,RUBINAL-R1-BJ,KMS,OH,Factory Bricks,0.0000,On Hand,28 Apr 2025
QOH,RUBINAL-R1-BK,KMS,OH,Factory Bricks,0.0000,On Hand,28 Apr 2025
QOH,RUBINAL-R1-BL,KMS,OH,Factory Bricks,0.0000,On Hand,28 Apr 2025
QOH,RUBINAL-R1-BM,KMS,OH,Factory Bricks,0.0000,On Hand,28 Apr 2025
QOH,RUBINAL-R1-BN,KMS,OH,Factory Bricks,0.0000,On Hand,28 Apr 2025
QOH,RUBINAL-R1-BO,KMS,OH,Factory Bricks,0.0000,On Hand,28 Apr 2025
QOH,RUBINAL-R1-BP,KMS,OH,Factory Bricks,0.0000,On Hand,28 Apr 2025
QOH,RUBINAL-R1-BQ,KMS,OH,Factory Bricks,0.0000,On Hand,28 Apr 2025
QOH,RUBINAL-R1-BR,KMS,OH,Factory Bricks,0.0000,On Hand,28 Apr 2025
QOH,RUBINAL-R1-BS,KMS,OH,Factory Bricks,0.0000,On Hand,28 Apr 2025
QOH,RUBINAL-R1-BT,KMS,OH,Factory Bricks,0.0000,On Hand,28 Apr 2025
QOH,RIBINAL-R1-BU,KMS,OH,Factory Bricks,0.0000,On Hand,28 Apr 2025
QOH,RUBINAL-R1-BV,KMS,OH,Factory Bricks,0.0000,On Hand,28 Apr 2025
QOH,RUBINAL-R1-BW,KMS,OH,Factory Bricks,0.0000,On Hand,28 Apr 2025
QOH,391/03511011/B,Isinkwe Energies,OH,Silverline 3C 51CC,13.0000,On Hand,28 Apr 2025
QOH,391/04511011/B-A,Isinkwe Energies,OH,Silverline 4C 51CC,9.0000,On Hand,28 Apr 2025
QOH,CYL360X875,Isinkwe Energies,OH,Cylindical 360 x 875 -80lt,0.0000,On Hand,28 Apr 2025
QOH,TANKEXT600X200,Isinkwe Energies,OH,Tank Ext 600 X 200,4.0000,On Hand,28 Apr 2025
QOH,TANKEXT630X180,Isinkwe Energies,OH,Tank Ext 630 X 180,0.0000,On Hand,28 Apr 2025
QOH,TANKEXT720X180,Isinkwe Energies,OH,Tank Ext 720 X 180 - 52LT,5.0000,On Hand,28 Apr 2025
QOH,TANKINT630X225,Isinkwe Energies,OH,Toriodal LPG Tank 52ltr 630x225 Int,8.0000,On Hand,28 Apr 2025
QOH,TANKINT650X200,Isinkwe Energies,OH,Tank Int 650 x 200 - 50LT,7.0000,On Hand,28 Apr 2025
QOH,TANKINT650X225,Isinkwe Energies,OH,Tank Int 650 x 225,0.0000,On Hand,28 Apr 2025
QOH,MUL180/0,Isinkwe Energies,OH,Maltivavle 180/0,0.0000,On Hand,28 Apr 2025
QOH,MUL200/0,Isinkwe Energies,OH,Multivalve 200-204/30,0.0000,On Hand,28 Apr 2025
QOH,MUL240/30A,Isinkwe Energies,OH,Multivalve 240-250/30,0.0000,On Hand,28 Apr 2025
QOH,MUL225/30,Isinkwe Energies,OH,Maltivalve 225/30 Toroidale,0.0000,On Hand,28 Apr 2025
QOH,MUL360/30,Isinkwe Energies,OH,Multivalve 360/30,0.0000,On Hand,28 Apr 2025
QOH,AC007,Isinkwe Energies,OH,CYL MV Safety Cover,0.0000,On Hand,28 Apr 2025
QOH,LEGRAL-35-H,KMS,OH,Factory Bricks,0.0000,On Hand,28 Apr 2025
QOH,LEGRAL-35-I,KMS,OH,Factory Bricks,0.0000,On Hand,28 Apr 2025
QOH,LEGRAL-35-J,KMS,OH,Factory Bracks,0.0000,On Hand,28 Apr 2025
QOH,LEGRAL-35-K,KMS,OH,Factory Bracks,0.0000,On Hand,28 Apr 2025
QOH,RUBINAL-R1-BX,KMS,OH,Factory Bracks,0.0000,On Hand,28 Apr 2025
QOH,RUBINAL-R1-BY,KMS,OH,Factory Bracks,0.0000,On Hand,28 Apr 2025
QOH,RUBINAL-R1-BZ,KMS,OH,Factory Bracks,0.0000,On Hand,28 Apr 2025
QOH,RUBINAL-R1-CA,KMS,OH,Factory Bracks,0.0000,On Hand,28 Apr 2025
QOH,RUBINAL-R1-CB,KMS,OH,Factory Bracks,0.0000,On Hand,28 Apr 2025
QOH,RUBINAL-R1-CD,KMS,OH,Factory Bracks,0.0000,On Hand,28 Apr 2025
QOH,RUBINAL-R1-CE,KMS,OH,Factory Bracks,0.0000,On Hand,28 Apr 2025
QOH,RUBINAL-R1-CF,KMS,OH,Factory Bracks,0.0000,On Hand,28 Apr 2025
QOH,RUBINAL-R1-CG,KMS,OH,Factory Bracks,0.0000,On Hand,28 Apr 2025
QOH,RUBINAL-R1-CH,KMS,OH,Factory Bracks,0.0000,On Hand,28 Apr 2025
QOH,RUBINAL-R1-CI,KMS,OH,Factory Bracks,0.0000,On Hand,28 Apr 2025
QOH,RUBINAL-R1-CJ,KMS,OH,Factory Bracks,0.0000,On Hand,28 Apr 2025
QOH,RUBINAL-R1-CK,KMS,OH,Factory Bracks,0.0000,On Hand,28 Apr 2025
QOH,RUBINAL-R1-CL,KMS,OH,Factory Bracks,0.0000,On Hand,28 Apr 2025
QOH,RUBINAL-R1-CM,KMS,OH,Factory Bracks,0.0000,On Hand,28 Apr 2025
QOH,LEGRAL-35-L,KMS,OH,Factory Bracks,0.0000,On Hand,28 Apr 2025
QOH,LEGRAL-35-M,KMS,OH,Factory Bracks,0.0000,On Hand,28 Apr 2025
QOH,LEGRAL-35-N,KMS,OH,Factory Bracks,0.0000,On Hand,28 Apr 2025
QOH,LUGRAL-35-O,KMS,OH,Factory Bracks,0.0000,On Hand,28 Apr 2025
QOH,RUBINAL-R1-CN,KMS,OH,Factory Bracks,0.0000,On Hand,28 Apr 2025
QOH,RUBINAL-R1-CO,KMS,OH,Factory Bracks,0.0000,On Hand,28 Apr 2025
QOH,RUBINAL-R1-CP,KMS,OH,Factory Bracks,0.0000,On Hand,28 Apr 2025
QOH,RUBINAL-R1-CQ,KMS,OH,Factory Bracks,0.0000,On Hand,28 Apr 2025
QOH,RUBINAL-R1-CR,KMS,OH,Factory Bracks,0.0000,On Hand,28 Apr 2025
QOH,RUBINAL-R1-CS,KMS,OH,Factory Bracks,0.0000,On Hand,28 Apr 2025
QOH,RUBINAL-R1-CT,KMS,OH,Factory Bracks,0.0000,On Hand,28 Apr 2025
QOH,RUBINAL-R1-CU,KMS,OH,Factory Bracks,0.0000,On Hand,28 Apr 2025
QOH,RUBINAL-R1-CV,KMS,OH,Factory Bracks,0.0000,On Hand,28 Apr 2025
QOH,RUBINAL-R1-CW,KMS,OH,Factory Bracks,0.0000,On Hand,28 Apr 2025
QOH,RUBINAL-R1-CX,KMS,OH,Factory Bracks,0.0000,On Hand,28 Apr 2025
QOH,RUBINAL-R1-CY,KMS,OH,Factory Bracks,0.0000,On Hand,28 Apr 2025
QOH,RUBINAL-R1-CZ,KMS,OH,Factory Bracks,0.0000,On Hand,28 Apr 2025
QOH,RUBINAL-R1-DA,KMS,OH,Factory Bracks,0.0000,On Hand,28 Apr 2025
QOH,RUBINAL-R1-DB,KMS,OH,Factory Bracks,0.0000,On Hand,28 Apr 2025
QOH,LEGRAL-35-P,KMS,OH,Factory Bracks,0.0000,On Hand,28 Apr 2025
QOH,LEGRAL-R1-Q,KMS,OH,Factory Bricks,0.0000,On Hand,28 Apr 2025
QOH,LEGRAL-R1-R,KMS,OH,Factory Bricks,0.0000,On Hand,28 Apr 2025
QOH,LEBRAL-R1-S,KMS,OH,Factory Bricks,0.0000,On Hand,28 Apr 2025
QOH,RUBINAL-R1-DC,KMS,OH,Factory Bricks,0.0000,On Hand,28 Apr 2025
QOH,RUBINAL-R1-DD,KMS,OH,Factory Bricks,0.0000,On Hand,28 Apr 2025
QOH,RUBINAL-R1-DE,KMS,OH,Factory Bricks,0.0000,On Hand,28 Apr 2025
QOH,RUBINAL-R1-DG,KMS,OH,Factory Bricks,0.0000,On Hand,28 Apr 2025
QOH,RUBINAL-R1-DF,KMS,OH,Factory Bricks,0.0000,On Hand,28 Apr 2025
QOH,RUBINAL-R1-DH,KMS,OH,Factory Bricks,0.0000,On Hand,28 Apr 2025
QOH,RUBINAL-R1-DI,KMS,OH,Factory Bricks,0.0000,On Hand,28 Apr 2025
QOH,RUIBINAL-R1-DJ,KMS,OH,Factory Bricks,0.0000,On Hand,28 Apr 2025
QOH,RUBINAL-R1-DK,KMS,OH,Factory Bricks,0.0000,On Hand,28 Apr 2025
QOH,RUBINAL-R1-DL,KMS,OH,Factory Bricks,0.0000,On Hand,28 Apr 2025
QOH,RUBINAL-R1-DM,KMS,OH,Factory Bricks,0.0000,On Hand,28 Apr 2025
QOH,RUBINAL-R1-DN,KMS,OH,Factory Bricks,0.0000,On Hand,28 Apr 2025
QOH,RUBINAL-R1-DO,KMS,OH,Factory Bricks,0.0000,On Hand,28 Apr 2025
QOH,RUBINAL-R1-DP,KMS,OH,Factory Bricks,0.0000,On Hand,28 Apr 2025
QOH,RUBINAL-R1-DQ,KMS,OH,Factory Bricks,0.0000,On Hand,28 Apr 2025
QOH,RUBINAL-R1-FA,KMS,OH,Refactory Bricks,0.0000,On Hand,28 Apr 2025
QOH,RUBINAL-R1-FB,KMS,OH,Refactory Bricks,0.0000,On Hand,28 Apr 2025
QOH,RUBINAL-R1-FC,KMS,OH,Refactory Bricks,0.0000,On Hand,28 Apr 2025
QOH,RUBINAL-R1-FD,KMS,OH,Refactory Bricks,0.0000,On Hand,28 Apr 2025
QOH,RUBINAL-R1-FE,KMS,OH,Refactory Bricks,0.0000,On Hand,28 Apr 2025
QOH,RUBINAL-R1-FF,KMS,OH,Refactory Bricks,0.0000,On Hand,28 Apr 2025
QOH,RUBINAL-R1-FG,KMS,OH,Refactory Bricks,0.0000,On Hand,28 Apr 2025
QOH,RUBINAL-R1-FH,KMS,OH,Refactory Bricks,0.0000,On Hand,28 Apr 2025
QOH,RUBINAL-R1-FI,KMS,OH,Refactory Bricks,0.0000,On Hand,28 Apr 2025
QOH,RUBINAL-R1-FJ,KMS,OH,Refactory Bricks,0.0000,On Hand,28 Apr 2025
QOH,RUBINAL-R1-FK,KMS,OH,Refactory Bricks,0.0000,On Hand,28 Apr 2025
QOH,RUBINAL-R1-FL,KMS,OH,Refactory Bricks,0.0000,On Hand,28 Apr 2025
QOH,RUBINAL-R1-FM,KMS,OH,Refactory Bricks,0.0000,On Hand,28 Apr 2025
QOH,RUBINAL-R1-FN,KMS,OH,Refactory Bricks,0.0000,On Hand,28 Apr 2025
QOH,RUBINAL-R1-FO,KMS,OH,Refactory Bricks,0.0000,On Hand,28 Apr 2025
QOH,RUBINAL-R1-FQ,KMS,OH,Refactory Bricks,0.0000,On Hand,28 Apr 2025
QOH,RUBINAL-R1-FR,KMS,OH,Refactory Bricks,0.0000,On Hand,28 Apr 2025
QOH,RUBINAL-R1-FS,KMS,OH,Refactory Bricks,0.0000,On Hand,28 Apr 2025
QOH,RUBINAL-R1-FT,KMS,OH,Refactory Bricks,0.0000,On Hand,28 Apr 2025
QOH,KB10-A,KMS,OH,Kulubrite,0.0000,On Hand,28 Apr 2025
QOH,KB10-B,KMS,OH,Kulubrite,0.0000,On Hand,28 Apr 2025
QOH,PRF25KG,KMS,OH,Pyrofil (25kg),0.0000,On Hand,28 Apr 2025
QOH,CH-01F-R-B,LRB,OH,Elements Heater Convection 2000w Red BD,0.0000,On Hand,28 Apr 2025
QOH,TANKINT650X225-A,Isinkwe Energies,OH,Tank Ink 650x225,0.0000,On Hand,28 Apr 2025
QOH,TANKINT630X200-B,Isinkwe Energies,OH,Tank Ink 630 X 200 - 44LT,11.0000,On Hand,28 Apr 2025
QOH,RUBINAL-R1-RR,KMS,OH,Factory Bricks,0.0000,On Hand,28 Apr 2025
QOH,P687,NAD,OH,Mixed Pallet,0.0000,On Hand,28 Apr 2025
QOH,P686,NAD,OH,Mixed Pallet,0.0000,On Hand,28 Apr 2025
QOH,P685,NAD,OH,Mixed Pallet,0.0000,On Hand,28 Apr 2025
QOH,RUBINAL-R1-MM,KMS,OH,Refactory Bricks,0.0000,On Hand,28 Apr 2025
QOH,P676,NAD,OH,Mixed Pallet,0.0000,On Hand,28 Apr 2025
QOH,P677,NAD,OH,Mixed Pallet,1.0000,On Hand,28 Apr 2025
QOH,P679,NAD,OH,Mixed Pallet,1.0000,On Hand,28 Apr 2025
QOH,P678,NAD,OH,Mixed Pallet,1.0000,On Hand,28 Apr 2025
QOH,KIK108,Kiki Bags,OH,Sneaker Shack 390X230X160,0.0000,On Hand,28 Apr 2025
QOH,391/03511011/B-A,Isinkwe Energies,OH,SIlverline 3C 51CC,0.0000,On Hand,28 Apr 2025
QOH,391/04511011/B,Isinkwe Energies,OH,Silverline 4C 51CC,31.0000,On Hand,28 Apr 2025
QOH,391/04621011/B,Isinkwe Energies,OH,Silverline 4C 62CC,14.0000,On Hand,28 Apr 2025
QOH,CYL360X875-A,Isinkwe Energies,OH,Cylindrical 360 x 875-80lt,0.0000,On Hand,28 Apr 2025
QOH,CYL1090x360,Isinkwe Energies,OH,Cylindrical 1090 x 260-100lt,0.0000,On Hand,28 Apr 2025
QOH,TANKEXT630X180-A,Isinkwe Energies,OH,Tank Ext 630 x 180,3.0000,On Hand,28 Apr 2025
QOH,TANKINT630X225-B,Isinkwe Energies,OH,Toriodal LPG Tank 52ltr 630x225 Int,4.0000,On Hand,28 Apr 2025
QOH,TANKEXT720X200,Isinkwe Energies,OH,Tank Ext 720 x 200,3.0000,On Hand,28 Apr 2025
QOH,TANKINT630X200,Isinkwe Energies,OH,Tank int 630 x 200 - 44LT,7.0000,On Hand,28 Apr 2025
QOH,TANKEXT630X225-A,Isinkwe Energies,OH,Tank ext 630 x 225 -52LT,3.0000,On Hand,28 Apr 2025
QOH,TANKINT650X200-A,Isinkwe Energies,OH,Tank Int 650 x 200 - 50LT,12.0000,On Hand,28 Apr 2025
QOH,TANKINT650X225-B,Isinkwe Energies,OH,Tank Int 650 x 225 - 58LT,7.0000,On Hand,28 Apr 2025
QOH,MUL180/0-A,Isinkwe Energies,OH,Multivalve 180/0,6.0000,On Hand,28 Apr 2025
QOH,MUL200/0-A,Isinkwe Energies,OH,Multivalve 200/0,4.0000,On Hand,28 Apr 2025
QOH,MUL225/0,Isinkwe Energies,OH,Multivalve 220-225/0,8.0000,On Hand,28 Apr 2025
QOH,MUL200-204/30,Isinkwe Energies,OH,Multivalve 200-204/30,0.0000,On Hand,28 Apr 2025
QOH,MUL225/30-A,Isinkwe Energies,OH,Multivalve 225/30 Toroidale,0.0000,On Hand,28 Apr 2025
QOH,MUL360/30-A,Isinkwe Energies,OH,Multivalve 360/30,0.0000,On Hand,28 Apr 2025
QOH,MUL360/90,Isinkwe Energies,OH,Multivalve 360/90 Cylindrical,0.0000,On Hand,28 Apr 2025
QOH,AC007-A,Isinkwe Energies,OH,CYL MV Safety Cover,0.0000,On Hand,28 Apr 2025
QOH,SPODUMERE,KMS,OH,Spodumere Concentrate,0.0000,On Hand,28 Apr 2025
QOH,MG-5314F-B,LRB,OH,Element 40cm Rechargeble Deskfan,12.0000,On Hand,28 Apr 2025
QOH,MG-5313F-B,LRB,OH,Element 30cm Rechargable Deskfan Wht,32.0000,On Hand,28 Apr 2025
QOH,MG-5314F-C,LRB,OH,Element Rechargeble Desk fan Wht Physical Damaged,0.0000,On Hand,28 Apr 2025
QOH,MG-5313F-C,LRB,OH,Element 30cm Rechargeble Desk Fan Wht,45.0000,On Hand,28 Apr 2025
QOH,TANKINT650X225-C,Isinkwe Energies,OH,Tank Ink 650x225 - 58LT,10.0000,On Hand,28 Apr 2025
QOH,TANKINT650X225-D,Isinkwe Energies,OH,Tank Int 650x225 - 58LT,7.0000,On Hand,28 Apr 2025
QOH,FH-04-B,LRB,OH,Elements Heater Fan 2000w,1530.0000,On Hand,28 Apr 2025
QOH,FH-04-C,LRB,OH,Elements Heater Fan 2000w,503.0000,On Hand,28 Apr 2025
QOH,P690,NAD,OH,Mixed Pallet,0.0000,On Hand,28 Apr 2025
QOH,P691,NAD,OH,Mixed Pallet,0.0000,On Hand,28 Apr 2025
QOH,P696,NAD,OH,Mixed Pallet,0.0000,On Hand,28 Apr 2025
QOH,P697,NAD,OH,Mixed Pallet,0.0000,On Hand,28 Apr 2025
QOH,P689,NAD,OH,Mixed Pallet,0.0000,On Hand,28 Apr 2025
QOH,P694,NAD,OH,Mixed Pallet,0.0000,On Hand,28 Apr 2025
QOH,P692,NAD,OH,Mixed Pallet,0.0000,On Hand,28 Apr 2025
QOH,P693,NAD,OH,Mixed Pallet,0.0000,On Hand,28 Apr 2025
QOH,P688,NAD,OH,Mixed Pallet,0.0000,On Hand,28 Apr 2025
QOH,P695,NAD,OH,Mixed Pallet,0.0000,On Hand,28 Apr 2025
QOH,MG-5314F-D,LRB,OH,Element Rechargeble Desk fan Wht,20.0000,On Hand,28 Apr 2025
QOH,MG-5314F-E,LRB,OH,Element Rechargeble Desk fan Wht,22.0000,On Hand,28 Apr 2025
QOH,MG-5313F-D,LRB,OH,Element Rechargeble Desk fan Wht,32.0000,On Hand,28 Apr 2025
QOH,MG-5313F-E,LRB,OH,Element Rechargeble Desk fan Wht,35.0000,On Hand,28 Apr 2025
QOH,P698,NAD,OH,Mixed Pallet,1.0000,On Hand,28 Apr 2025
QOH,P699,NAD,OH,Mixed Pallet,1.0000,On Hand,28 Apr 2025
QOH,P700,NAD,OH,Mixed Pallet,1.0000,On Hand,28 Apr 2025
QOH,P701,NAD,OH,Mixed Pallet,1.0000,On Hand,28 Apr 2025
QOH,P702,NAD,OH,Mixed Pallet,1.0000,On Hand,28 Apr 2025
QOH,P703,NAD,OH,Mixed Pallet,1.0000,On Hand,28 Apr 2025
QOH,P704,NAD,OH,Mixed Pallet,0.0000,On Hand,28 Apr 2025
QOH,P705,NAD,OH,Mixed Pallet,0.0000,On Hand,28 Apr 2025
QOH,P706,NAD,OH,Mixed Pallet,0.0000,On Hand,28 Apr 2025
QOH,P707,NAD,OH,Mixed Pallet,0.0000,On Hand,28 Apr 2025
QOH,P708,NAD,OH,Mixed Pallet,0.0000,On Hand,28 Apr 2025
QOH,P709,NAD,OH,Mixed Pallet,0.0000,On Hand,28 Apr 2025
QOH,P710,NAD,OH,Mixed Pallet,0.0000,On Hand,28 Apr 2025
QOH,P711,NAD,OH,Mixed Pallet,0.0000,On Hand,28 Apr 2025
QOH,P712,NAD,OH,Mixed Pallet,0.0000,On Hand,28 Apr 2025
QOH,P713,NAD,OH,Mixed Pallet,0.0000,On Hand,28 Apr 2025
QOH,P714,NAD,OH,Mixed Pallet,0.0000,On Hand,28 Apr 2025
QOH,P715,NAD,OH,Mixed Pallet,0.0000,On Hand,28 Apr 2025
QOH,P716,NAD,OH,Mixed Pallet,0.0000,On Hand,28 Apr 2025
QOH,P717,NAD,OH,Mixed Pallet,0.0000,On Hand,28 Apr 2025
QOH,P718,NAD,OH,Mixed Pallet,0.0000,On Hand,28 Apr 2025
QOH,P719,NAD,OH,Mixed Pallet,0.0000,On Hand,28 Apr 2025
QOH,P720,NAD,OH,Mixed Pallet,0.0000,On Hand,28 Apr 2025
QOH,P721,NAD,OH,Mixed Pallet,0.0000,On Hand,28 Apr 2025
QOH,P722,NAD,OH,Mixed Pallet,0.0000,On Hand,28 Apr 2025
QOH,P723,NAD,OH,Mixed Pallet,0.0000,On Hand,28 Apr 2025
QOH,P724,NAD,OH,Mixed Pallet,0.0000,On Hand,28 Apr 2025
QOH,P725,NAD,OH,Mixed Pallet,0.0000,On Hand,28 Apr 2025
QOH,P726,NAD,OH,Mixed Pallet,0.0000,On Hand,28 Apr 2025
QOH,P727,NAD,OH,Mixed Pallets,0.0000,On Hand,28 Apr 2025
QOH,P728,NAD,OH,Mixed Pallet,0.0000,On Hand,28 Apr 2025
QOH,P729,NAD,OH,Mixed Pallet,0.0000,On Hand,28 Apr 2025
QOH,P730,NAD,OH,Mixed Pallet,0.0000,On Hand,28 Apr 2025
QOH,P731,NAD,OH,Mixed Pallet,0.0000,On Hand,28 Apr 2025
QOH,P732,NAD,OH,Mixed Pallet,0.0000,On Hand,28 Apr 2025
QOH,P733,NAD,OH,Mixed Pallet,0.0000,On Hand,28 Apr 2025
QOH,P734,NAD,OH,Mixed Pallet,0.0000,On Hand,28 Apr 2025
QOH,P735,NAD,OH,Mixed Pallet,0.0000,On Hand,28 Apr 2025
QOH,CACS604-A,Bambino,OH,I Rotate 360 Graphite,12.0000,On Hand,28 Apr 2025
QOH,CACS604-F,Bambino,OH,I Rotate 360 Graphite,168.0000,On Hand,28 Apr 2025
QOH,CACS604-G,Bambino,OH,I Rotate 360 Graphite,12.0000,On Hand,28 Apr 2025
QOH,CACS604-H,Bambino,OH,I Rotate 360 Graphite,12.0000,On Hand,28 Apr 2025
QOH,CACS604-I,Bambino,OH,I Rotate 360 Graphite,12.0000,On Hand,28 Apr 2025
QOH,CACS604-J,Bambino,OH,I Rotate 360 Graphite,12.0000,On Hand,28 Apr 2025
QOH,CACS604-K,Bambino,OH,I Rotate 360 Graphite,12.0000,On Hand,28 Apr 2025
QOH,EF-22AME-D,LRB,OH,Fireplace Heater,4.0000,On Hand,28 Apr 2025
QOH,EF-22AME-E,LRB,OH,Fireplace Heater,0.0000,On Hand,28 Apr 2025
QOH,DF-300P9-13T-B,LRB,OH,Elements Heater 13 Fin Oil 3000w,7.0000,On Hand,28 Apr 2025
QOH,DF-300P9-13T-D,LRB,OH,Elements Heater 13 Fin Oil 3000w,7.0000,On Hand,28 Apr 2025
QOH,NSB-2830S-A,LRB,OH,Elements Heater Quartz 4Bar 1600w,5.0000,On Hand,28 Apr 2025
QOH,NSB-2830S-B,LRB,OH,Elements Heater Quartz 4Bar 1600w BD,1.0000,On Hand,28 Apr 2025
QOH,NSB-2830S-D,LRB,OH,Elements Heater Quartz 4Bar 1600w,0.0000,On Hand,28 Apr 2025
QOH,KYT-30B-F,LRB,OH,Elements Fan Box 30cm BD,2.0000,On Hand,28 Apr 2025
QOH,HCBM391-C,Bambino,OH,Pesto High Chair Lava,0.0000,On Hand,28 Apr 2025
QOH,HCBM391-D,Bambino,OH,Pesto High Chair Lava,0.0000,On Hand,28 Apr 2025
QOH,P740,NAD,OH,Mixed Pallet,0.0000,On Hand,28 Apr 2025
QOH,P739,NAD,OH,Mixed Pallet,0.0000,On Hand,28 Apr 2025
QOH,P738,NAD,OH,Mixed Pallet,0.0000,On Hand,28 Apr 2025
QOH,P737,NAD,OH,Mixed Pallet,0.0000,On Hand,28 Apr 2025
QOH,P743,NAD,OH,Mixed Pallet,0.0000,On Hand,28 Apr 2025
QOH,P744,NAD,OH,Mixed Pallet,0.0000,On Hand,28 Apr 2025
QOH,P736,NAD,OH,Mixed Pallet,0.0000,On Hand,28 Apr 2025
QOH,P742,NAD,OH,Mixed Pallet,0.0000,On Hand,28 Apr 2025
QOH,P741,NAD,OH,Mixed Pallet,0.0000,On Hand,28 Apr 2025
QOH,600X460WTL135G-A,Kiki Bags,OH,White Top Liner 135G,0.0000,On Hand,28 Apr 2025
QOH,600X460WTL135G-B,Kiki Bags,OH,White Top Liner 135G,0.0000,On Hand,28 Apr 2025
QOH,600X460WTL135G-C,Kiki Bags,OH,White Top Liner 135G,5600.0000,On Hand,28 Apr 2025
QOH,600X460WTL135GH,Kiki Bags,OH,White Top Liner 135G,400.0000,On Hand,28 Apr 2025
QOH,W108,ABC Building Materials,OH,Wall Molding (10 Per Box),0.0000,On Hand,28 Apr 2025
QOH,W108-A,ABC Building Materials,OH,Wall Molding (13 Per Box),0.0000,On Hand,28 Apr 2025
QOH,W114,ABC Building Materials,OH,Wall Molding (11 Per Box),0.0000,On Hand,28 Apr 2025
QOH,W116,ABC Building Materials,OH,Wall Molding (6 Per Box),0.0000,On Hand,28 Apr 2025
QOH,W116-A,ABC Building Materials,OH,Wall Molding (6 Per Box),0.0000,On Hand,28 Apr 2025
QOH,W112,ABC Building Materials,OH,Wall Molding (7 Per Box),0.0000,On Hand,28 Apr 2025
QOH,990045,Niemann,OH,U12000 Volcanic Black Matt XT/VV,0.0000,On Hand,28 Apr 2025
QOH,990045C,Niemann,OH,U12000 Volcanic Black Matt XT/VV,0.0000,On Hand,28 Apr 2025
QOH,990064D,Niemann,OH,U11026 Chrystal White XT Matt (Warm White),0.0000,On Hand,28 Apr 2025
QOH,990022,Niemann,OH,U12188 Light Grey XG*/VV MDF (GLS),0.0000,On Hand,28 Apr 2025
QOH,990022A,Niemann,OH,U12188 Light Grey XG*/VV MDF (GLS),0.0000,On Hand,28 Apr 2025
QOH,990022B,Niemann,OH,U12188 Light Grey XG*/VV MDF (GLS),0.0000,On Hand,28 Apr 2025
QOH,990022C,Niemann,OH,U12188 Light Grey XG*/VV MDF (GLS),17.0000,On Hand,28 Apr 2025
QOH,990042,Niemann,OH,U11026 Warm White (GLS),19.0000,On Hand,28 Apr 2025
QOH,990042A,Niemann,OH,U11026 Warm White (GLS),20.0000,On Hand,28 Apr 2025
QOH,990042B,Niemann,OH,U11026 Warm White (GLS),0.0000,On Hand,28 Apr 2025
QOH,990042C,Niemann,OH,U11026 Warm White (GLS),0.0000,On Hand,28 Apr 2025
QOH,990030B,Niemann,OH,U1191 XG Congo VV Top Valet,20.0000,On Hand,28 Apr 2025
QOH,990030C,Niemann,OH,U1191 XG Congo VV Top Valet,19.0000,On Hand,28 Apr 2025
QOH,990026,Niemann,OH,U12168 Sahara Matt,0.0000,On Hand,28 Apr 2025
QOH,990026A,Niemann,OH,U12168 Sahara Matt,0.0000,On Hand,28 Apr 2025
QOH,990026B,Niemann,OH,U12168 Sahara Matt,0.0000,On Hand,28 Apr 2025
QOH,990028,Niemann,OH,U12233 Dark Grey XT*/VV MDF (Dunkel Grau),0.0000,On Hand,28 Apr 2025
QOH,990028A,Niemann,OH,U12233 Dark Grey XT*/VV MDF (Dunkel Grau),0.0000,On Hand,28 Apr 2025
QOH,990028B,Niemann,OH,U12233 Dark Grey XT*/VV MDF (Dunkel Grau),0.0000,On Hand,28 Apr 2025
QOH,990028C,Niemann,OH,U12233 Dark Grey XT*/VV MDF (Dunkel Grau),0.0000,On Hand,28 Apr 2025
QOH,990031B,Niemann,OH,U16002 Graubraun XG*/VV MDF (MATT),0.0000,On Hand,28 Apr 2025
QOH,990031C,Niemann,OH,U16002 Graubraun XG*/VV MDF (MATT),0.0000,On Hand,28 Apr 2025
QOH,EDGING,Niemann,OH,Edging Niemann,0.0000,On Hand,28 Apr 2025
QOH,990049,Niemann,OH,Liquid Metal Rose Gold Gloss,0.0000,On Hand,28 Apr 2025
QOH,990049A,Niemann,OH,Liquid Metal Rose Gold Gloss,0.0000,On Hand,28 Apr 2025
QOH,990049B,Niemann,OH,Liquid Metal Rose Gold Gloss,0.0000,On Hand,28 Apr 2025
QOH,990039,Niemann,OH,Kristall Gloss Alaska Grey,30.0000,On Hand,28 Apr 2025
QOH,990039A,Niemann,OH,Kristall Gloss Alaska Grey,0.0000,On Hand,28 Apr 2025
QOH,990036,Niemann,OH,Country Oak Text KS002,0.0000,On Hand,28 Apr 2025
QOH,990036A,Niemann,OH,Country Oak Text KS002,0.0000,On Hand,28 Apr 2025
QOH,SAMPLE,Bambino,OH,BAM5127 Coffee Machine Sample,0.0000,On Hand,28 Apr 2025
QOH,COSMA,Niemann,OH,Cosma Sample Niemann,0.0000,On Hand,28 Apr 2025
QOH,FH-188A,LRB,OH,Elements Oscillating Fan Heater 2000W PH,1.0000,On Hand,28 Apr 2025
QOH,PH-08H-A,LRB,OH,Elements Heater Wall Panel 400w,504.0000,On Hand,28 Apr 2025
QOH,DF-200P9-9T-B,LRB,OH,Elements Oil Heater,11.0000,On Hand,28 Apr 2025
QOH,DF-200P9-9T(BLACK)B,LRB,OH,Elements Oil Heater Black,0.0000,On Hand,28 Apr 2025
QOH,DF-200P9-9T(BLACK)C,LRB,OH,Elements Oil Heater Black,16.0000,On Hand,28 Apr 2025
QOH,HCBM390-A,Bambino,OH,Pesto High Fern,0.0000,On Hand,28 Apr 2025
QOH,EDGINGA,Niemann,OH,Edging Niemann,0.0000,On Hand,28 Apr 2025
QOH,970117,Niemann,OH,FB02 Benton Ares,0.0000,On Hand,28 Apr 2025
QOH,970117A,Niemann,OH,FB02 Benton Ares,0.0000,On Hand,28 Apr 2025
QOH,990035,Niemann,OH,FB86 Idea Curio,0.0000,On Hand,28 Apr 2025
QOH,990035-A,Niemann,OH,FB86 Idea Curion,0.0000,On Hand,28 Apr 2025
QOH,944604,Niemann,OH,FA47 Urban Grey,0.0000,On Hand,28 Apr 2025
QOH,944604-A,Niemann,OH,FA47 Urban Grey,0.0000,On Hand,28 Apr 2025
QOH,944762,Niemann,OH,FB35 Refelx Metallizto,20.0000,On Hand,28 Apr 2025
QOH,944762A,Niemann,OH,FB35 Refelx Metallizto,20.0000,On Hand,28 Apr 2025
QOH,P745,NAD,OH,Mixed Pallet,0.0000,On Hand,28 Apr 2025
QOH,P746,NAD,OH,Mixed Pallet,0.0000,On Hand,28 Apr 2025
QOH,P747,NAD,OH,Mixed Pallet,0.0000,On Hand,28 Apr 2025
QOH,P748,NAD,OH,Mixed Pallet,0.0000,On Hand,28 Apr 2025
QOH,P749,NAD,OH,Mixed Pallet,0.0000,On Hand,28 Apr 2025
QOH,P750,NAD,OH,Mixed Pallet,0.0000,On Hand,28 Apr 2025
QOH,P751,NAD,OH,Mixed Pallet,0.0000,On Hand,28 Apr 2025
QOH,P752,NAD,OH,Mixed Pallet,0.0000,On Hand,28 Apr 2025
QOH,P753,NAD,OH,Mixed Pallet,0.0000,On Hand,28 Apr 2025
QOH,DF-200P9-9-G,LRB,OH,Elements Oil Heater Black,4.0000,On Hand,28 Apr 2025
QOH,944601,Niemann,OH,FA42 Comfort Smart,20.0000,On Hand,28 Apr 2025
QOH,944601A,Niemann,OH,FA42 Comfort Smart,0.0000,On Hand,28 Apr 2025
QOH,944601B,Niemann,OH,FA42 Comfort Smart,19.0000,On Hand,28 Apr 2025
QOH,944601C,Niemann,OH,FA42 Comfort Smart,0.0000,On Hand,28 Apr 2025
QOH,944606,Niemann,OH,FA41 Delave Penelope,0.0000,On Hand,28 Apr 2025
QOH,944606A,Niemann,OH,FA41 Delave Penelope,0.0000,On Hand,28 Apr 2025
QOH,944606-B,Niemann,OH,FA41 Delave Penelope,0.0000,On Hand,28 Apr 2025
QOH,944606-C,Niemann,OH,FA41 Delave Penelope,0.0000,On Hand,28 Apr 2025
QOH,PRFB,KMS,OH,Pyrofil 500 B/B,0.0000,On Hand,28 Apr 2025
QOH,DF-200P9-9T-A,LRB,OH,Elements Heater Oil 9FIN 2000W,18.0000,On Hand,28 Apr 2025
QOH,DF-200P9-9T-D,LRB,OH,Elements Heater Oil 9FIN 2000W,18.0000,On Hand,28 Apr 2025
QOH,DF-200P9-9T(BLACK)E,LRB,OH,Elements Heater Oil 9FIN 2000W Black,18.0000,On Hand,28 Apr 2025
QOH,DF-200P9-9T(BLACK)F,LRB,OH,Elements Heater Oil 9FIN 2000W Black,6.0000,On Hand,28 Apr 2025
QOH,LX-2820-D,LRB,OH,Elements Heater Quartz 3Bar 1200w,744.0000,On Hand,28 Apr 2025
QOH,LX-2820-E,LRB,OH,Elements Heater Quartz 3Bar 1200w,251.0000,On Hand,28 Apr 2025
QOH,LX-2820-F,LRB,OH,Elements Heater Quartz 3Bar 1200w,0.0000,On Hand,28 Apr 2025
QOH,FH-04,LRB,OH,Elements Heater Fan 2000w,0.0000,On Hand,28 Apr 2025
QOH,FH-04-D,LRB,OH,Elements Heater Fan 2000w,0.0000,On Hand,28 Apr 2025
QOH,FH-04-E,LRB,OH,Elements Heater Fan 2000w,0.0000,On Hand,28 Apr 2025
QOH,FH-04-F,LRB,OH,Elements Heater Fan 2000w,0.0000,On Hand,28 Apr 2025
QOH,FH-04-G,LRB,OH,Elements Heater Fan 2000w,0.0000,On Hand,28 Apr 2025
QOH,P754,NAD,OH,Mixed Pallet,0.0000,On Hand,28 Apr 2025
QOH,P755,NAD,OH,Mixed Pallet,0.0000,On Hand,28 Apr 2025
QOH,P756,NAD,OH,Mixed Pallet,0.0000,On Hand,28 Apr 2025
QOH,P757,NAD,OH,Mixed Pallet,1.0000,On Hand,28 Apr 2025
QOH,740X640s170g UKLB,Kiki Bags,OH,Bay Brown Liner 170G,1100.0000,On Hand,28 Apr 2025
QOH,740X640s170g UKLB-A,Kiki Bags,OH,Bay Brown Liner 170G,4800.0000,On Hand,28 Apr 2025
QOH,2.06.1112,Bianomy,OH,ALS-1112S Glueboard Luminos 1 Pro,0.0000,On Hand,28 Apr 2025
QOH,2.04.0542,Bianomy,OH,36W UV-A SP PL Tube Philips,0.0000,On Hand,28 Apr 2025
QOH,2.05.1216,Bianomy,OH,ALCOPRO1 Black -ZA Plug Bianomy,0.0000,On Hand,28 Apr 2025
QOH,2.05.1216A,Bianomy,OH,ALCOPRO1 Black -ZA Plug Bianomy,0.0000,On Hand,28 Apr 2025
QOH,2.05.1216B,Bianomy,OH,ALCOPRO1 Black -ZA Plug Bianomy,0.0000,On Hand,28 Apr 2025
QOH,2.05.1216C,Bianomy,OH,ALCOPRO1 Black -ZA Plug Bianomy,0.0000,On Hand,28 Apr 2025
QOH,P758,NAD,OH,Mixed Pallets,0.0000,On Hand,28 Apr 2025
QOH,P759,NAD,OH,Mixed Pallets,0.0000,On Hand,28 Apr 2025
QOH,P760,NAD,OH,Mixed Pallets,0.0000,On Hand,28 Apr 2025
QOH,P761,NAD,OH,Mixed Pallet,0.0000,On Hand,28 Apr 2025
QOH,P762,NAD,OH,Mixed Pallets,0.0000,On Hand,28 Apr 2025
QOH,P763,NAD,OH,Mixed Pallet,0.0000,On Hand,28 Apr 2025
QOH,P764,NAD,OH,Mixed Pallet,0.0000,On Hand,28 Apr 2025
QOH,P765,NAD,OH,Mixed Pallet,0.0000,On Hand,28 Apr 2025
QOH,P766,NAD,OH,Mixed Pallet,0.0000,On Hand,28 Apr 2025
QOH,P767,NAD,OH,Mixed Pallet,0.0000,On Hand,28 Apr 2025
QOH,P768,NAD,OH,Mixed Pallet,0.0000,On Hand,28 Apr 2025
QOH,P769,NAD,OH,Mixed Pallet,1.0000,On Hand,28 Apr 2025
QOH,P770,NAD,OH,Mixed Pallet,1.0000,On Hand,28 Apr 2025
QOH,P771,NAD,OH,Mixed Pallet,0.0000,On Hand,28 Apr 2025
QOH,P772,NAD,OH,Mixed Pallet,0.0000,On Hand,28 Apr 2025
QOH,P773,NAD,OH,Mixed Pallet,0.0000,On Hand,28 Apr 2025
QOH,P774,NAD,OH,Mixed Pallet,0.0000,On Hand,28 Apr 2025
QOH,P775,NAD,OH,Mixed Pallet,0.0000,On Hand,28 Apr 2025
QOH,P776,NAD,OH,Mixed Pallet,0.0000,On Hand,28 Apr 2025
QOH,P777,NAD,OH,Mixed Pallet,0.0000,On Hand,28 Apr 2025
QOH,P778,NAD,OH,Mixed Pallet,0.0000,On Hand,28 Apr 2025
QOH,P779,NAD,OH,Mixed Pallet,0.0000,On Hand,28 Apr 2025
QOH,P780,NAD,OH,Mixed Pallet,0.0000,On Hand,28 Apr 2025
QOH,TEN330,LRB,OH,Ammo Crates,0.0000,On Hand,28 Apr 2025
QOH,P794,NAD,OH,Mixed Pallet,0.0000,On Hand,28 Apr 2025
QOH,P797,NAD,OH,Mixed Pallet,0.0000,On Hand,28 Apr 2025
QOH,P785,NAD,OH,Mixed Pallet,0.0000,On Hand,28 Apr 2025
QOH,P790,NAD,OH,Mixed Pallet,0.0000,On Hand,28 Apr 2025
QOH,P791,NAD,OH,Mixed Pallet,0.0000,On Hand,28 Apr 2025
QOH,P783,NAD,OH,Mixed Pallet,0.0000,On Hand,28 Apr 2025
QOH,P788,NAD,OH,Mixed Pallet,0.0000,On Hand,28 Apr 2025
QOH,P786,NAD,OH,Mixed Pallet,0.0000,On Hand,28 Apr 2025
QOH,P784,NAD,OH,Mixed Pallet,0.0000,On Hand,28 Apr 2025
QOH,P787,NAD,OH,Mixed Pallet,0.0000,On Hand,28 Apr 2025
QOH,P789,NAD,OH,Mixed Pallet,0.0000,On Hand,28 Apr 2025
QOH,P782,NAD,OH,Mixed Pallet,0.0000,On Hand,28 Apr 2025
QOH,P792,NAD,OH,Mixed Pallet,0.0000,On Hand,28 Apr 2025
QOH,P795,NAD,OH,Mixed Pallet,0.0000,On Hand,28 Apr 2025
QOH,P781,NAD,OH,Mixed Pallet,0.0000,On Hand,28 Apr 2025
QOH,P798,NAD,OH,Mixed Pallet,0.0000,On Hand,28 Apr 2025
QOH,P805,NAD,OH,Mixed Pallet,0.0000,On Hand,28 Apr 2025
QOH,P806,NAD,OH,Mixed Pallet,0.0000,On Hand,28 Apr 2025
QOH,P807,NAD,OH,Mixed Pallet,0.0000,On Hand,28 Apr 2025
QOH,P808,NAD,OH,Mixed Pallet,0.0000,On Hand,28 Apr 2025
QOH,P809,NAD,OH,Mixed Pallet,0.0000,On Hand,28 Apr 2025
QOH,P810,NAD,OH,Mixed Pallet,0.0000,On Hand,28 Apr 2025
QOH,P811,NAD,OH,Mixed Pallet,0.0000,On Hand,28 Apr 2025
QOH,P812,NAD,OH,Mixed Pallet,0.0000,On Hand,28 Apr 2025
QOH,P813,NAD,OH,Mixed Pallet,0.0000,On Hand,28 Apr 2025
QOH,P814,NAD,OH,Mixed Pallet,0.0000,On Hand,28 Apr 2025
QOH,P815,NAD,OH,Mixed Pallet,0.0000,On Hand,28 Apr 2025
QOH,P816,NAD,OH,Mixed Pallet,0.0000,On Hand,28 Apr 2025
QOH,P817,NAD,OH,Mixed Pallet,0.0000,On Hand,28 Apr 2025
QOH,P818,NAD,OH,Mixed Pallet,0.0000,On Hand,28 Apr 2025
QOH,P819,NAD,OH,Mixed Pallet,0.0000,On Hand,28 Apr 2025
QOH,P800,NAD,OH,Mixed Pallet,0.0000,On Hand,28 Apr 2025
QOH,P799,NAD,OH,Mixed Pallet,0.0000,On Hand,28 Apr 2025
QOH,P802,NAD,OH,Mixed Pallet,0.0000,On Hand,28 Apr 2025
QOH,P793,NAD,OH,Mixed Pallet,0.0000,On Hand,28 Apr 2025
QOH,P803,NAD,OH,Mixed Pallet,0.0000,On Hand,28 Apr 2025
QOH,P796,NAD,OH,Mixed Pallet,0.0000,On Hand,28 Apr 2025
QOH,P804,NAD,OH,Mixed Pallet,0.0000,On Hand,28 Apr 2025
QOH,P801,NAD,OH,Mixed Pallet,0.0000,On Hand,28 Apr 2025
QOH,CACS776,Bambino,OH,Spin 360 Ember,0.0000,On Hand,28 Apr 2025
QOH,CACS791,Bambino,OH,Everystage FX Coal,0.0000,On Hand,28 Apr 2025
QOH,STTS838,Bambino,OH,I-Base LX,0.0000,On Hand,28 Apr 2025
QOH,STTS822,Bambino,OH,Litetrax 4 Coal,0.0000,On Hand,28 Apr 2025
QOH,HCJO776,Bambino,OH,Mimzy Recline Speckled,0.0000,On Hand,28 Apr 2025
QOH,TCBS386,Bambino,OH,Commuter Change Logan,0.0000,On Hand,28 Apr 2025
QOH,TCBS375,Bambino,OH,Commuter Change & Snooze Linen Grey,0.0000,On Hand,28 Apr 2025
QOH,TCBS383,Bambino,OH,Playard Illusion,0.0000,On Hand,28 Apr 2025
QOH,TCBS403,Bambino,OH,Roomie Glide Shale,0.0000,On Hand,28 Apr 2025
QOH,SWOT292,Bambino,OH,Serina 2 In 1 Speckled,0.0000,On Hand,28 Apr 2025
QOH,SWOT293,Bambino,OH,Soother Dreamer Portrait,0.0000,On Hand,28 Apr 2025
QOH,FTW1.8-M,LRB,OH,Fold Table White 8FT,0.0000,On Hand,28 Apr 2025
QOH,FTW1..8-N,LRB,OH,Fold Table White 8FT,0.0000,On Hand,28 Apr 2025
QOH,FTW1.8-N,LRB,OH,Fold Table White 8FT,0.0000,On Hand,28 Apr 2025
QOH,FTW1.8-O,LRB,OH,Fold Table White 8FT,0.0000,On Hand,28 Apr 2025
QOH,FTW1.8-P,LRB,OH,Fold Table White 8FT,0.0000,On Hand,28 Apr 2025
QOH,FTW1.8-Q,LRB,OH,Fold Table White 8FT,0.0000,On Hand,28 Apr 2025
QOH,FTW1.8-R,LRB,OH,Fold Table White 8FT,0.0000,On Hand,28 Apr 2025
QOH,FTW1.8-S,LRB,OH,Fold Table White 8FT,0.0000,On Hand,28 Apr 2025
QOH,FTW1.8-T,LRB,OH,Fold Table White 8FT,0.0000,On Hand,28 Apr 2025
QOH,FTW1.8-U,LRB,OH,Fold Table White 8FT,0.0000,On Hand,28 Apr 2025
QOH,FTW1.8-V,LRB,OH,Fold Table White 8FT,0.0000,On Hand,28 Apr 2025
QOH,FTW1.8-W,LRB,OH,Fold Table White 8FT,0.0000,On Hand,28 Apr 2025
QOH,FTW1.8-X,LRB,OH,Fold Table White 8FT,0.0000,On Hand,28 Apr 2025
QOH,FTW1.8-Y,LRB,OH,Fold Table White 8FT,0.0000,On Hand,28 Apr 2025
QOH,FTW1.8-Z,LRB,OH,Fold Table White 8FT,0.0000,On Hand,28 Apr 2025
QOH,FTW1.8-A,LRB,OH,Fold Table White 8FT,0.0000,On Hand,28 Apr 2025
QOH,FTW1.8-AB,LRB,OH,Fold Table White 8FT,0.0000,On Hand,28 Apr 2025
QOH,FTW1.8-AC,LRB,OH,Fold Table White 8FT,0.0000,On Hand,28 Apr 2025
QOH,FTW1.8-AE,LRB,OH,Fold Table White 8FT,30.0000,On Hand,28 Apr 2025
QOH,TCBS386-A,Bambino,OH,Commuter Change Logan,0.0000,On Hand,28 Apr 2025
QOH,TCBS375-A,Bambino,OH,Commuter Change & Snooze Linen Grey,0.0000,On Hand,28 Apr 2025
QOH,TCBS375-B,Bambino,OH,Commuter Change & Snooze Linen Grey,0.0000,On Hand,28 Apr 2025
QOH,TCBS383-A,Bambino,OH,Playard Illusion,0.0000,On Hand,28 Apr 2025
QOH,TCBS383-B,Bambino,OH,Playard Illusion,0.0000,On Hand,28 Apr 2025
QOH,TCBS383-C,Bambino,OH,Playard Illusion,0.0000,On Hand,28 Apr 2025
QOH,HCJO776-A,Bambino,OH,Mimzy Recline Speckled,0.0000,On Hand,28 Apr 2025
QOH,HCJO776-B,Bambino,OH,Mimzy Recline Speckled,0.0000,On Hand,28 Apr 2025
QOH,HCJO776-C,Bambino,OH,Mimzy Recline Speckled,0.0000,On Hand,28 Apr 2025
QOH,STTS822-A,Bambino,OH,Litetrax 4 Coal,0.0000,On Hand,28 Apr 2025
QOH,STTS822-B,Bambino,OH,Litetrax 4 Coal,0.0000,On Hand,28 Apr 2025
QOH,STTS822-C,Bambino,OH,Litetrax 4 Coal,0.0000,On Hand,28 Apr 2025
QOH,STTS822-D,Bambino,OH,Litetrax 4 Coal,0.0000,On Hand,28 Apr 2025
QOH,STTS822-E,Bambino,OH,Litetrax 4 Coal,0.0000,On Hand,28 Apr 2025
QOH,STTS822-F,Bambino,OH,Litetrax 4 Coal,0.0000,On Hand,28 Apr 2025
QOH,STTS822-G,Bambino,OH,Litetrax 4 Coal,0.0000,On Hand,28 Apr 2025
QOH,P820,NAD,OH,Mixed Pallet,0.0000,On Hand,28 Apr 2025
QOH,P821,NAD,OH,Mixed Pallet,0.0000,On Hand,28 Apr 2025
QOH,P822,NAD,OH,Mixed Pallet,0.0000,On Hand,28 Apr 2025
QOH,P823,NAD,OH,Mixed Pallet,0.0000,On Hand,28 Apr 2025
QOH,P824,NAD,OH,Mixed Pallet,0.0000,On Hand,28 Apr 2025
QOH,P825,NAD,OH,Mixed Pallet,0.0000,On Hand,28 Apr 2025
QOH,P826,NAD,OH,Mixed Pallet,0.0000,On Hand,28 Apr 2025
QOH,TEN330-A,LRB,OH,Ammo Crates,0.0000,On Hand,28 Apr 2025
QOH,TEN330-B,LRB,OH,Ammo Crates,0.0000,On Hand,28 Apr 2025
QOH,TEN330-C,LRB,OH,Ammo Crates,0.0000,On Hand,28 Apr 2025
QOH,TEN330-D,LRB,OH,Ammo Crates,0.0000,On Hand,28 Apr 2025
QOH,TEN330-E,LRB,OH,Ammo Crates,0.0000,On Hand,28 Apr 2025
QOH,TEN330-F,LRB,OH,Ammo Crates,0.0000,On Hand,28 Apr 2025
QOH,TEN330-G,LRB,OH,Ammo Crates,0.0000,On Hand,28 Apr 2025
QOH,TEN330-H,LRB,OH,Ammo Crates,0.0000,On Hand,28 Apr 2025
QOH,TEN330-I,LRB,OH,Ammo Crates,0.0000,On Hand,28 Apr 2025
QOH,TEN330-J,LRB,OH,Ammo Crates,0.0000,On Hand,28 Apr 2025
QOH,TEN330-K,LRB,OH,Ammo Crates,0.0000,On Hand,28 Apr 2025
QOH,TEN330-L,LRB,OH,Ammo Crates,0.0000,On Hand,28 Apr 2025
QOH,TEN330-M,LRB,OH,Ammo Crates,0.0000,On Hand,28 Apr 2025
QOH,TEN330-N,LRB,OH,Ammo Crates,0.0000,On Hand,28 Apr 2025
QOH,TEN330-O,LRB,OH,Ammo Crates,0.0000,On Hand,28 Apr 2025
QOH,TEN330-P,LRB,OH,Ammo Crates,0.0000,On Hand,28 Apr 2025
QOH,TEN330-Q,LRB,OH,Ammo Crates,0.0000,On Hand,28 Apr 2025
QOH,TEN330-R,LRB,OH,Ammo Crates,0.0000,On Hand,28 Apr 2025
QOH,TEN330-S,LRB,OH,Ammo Crates,0.0000,On Hand,28 Apr 2025
QOH,TEN330-T,LRB,OH,Ammo Crates,0.0000,On Hand,28 Apr 2025
QOH,TEN330-U,LRB,OH,Ammo Crates,0.0000,On Hand,28 Apr 2025
QOH,TEN330-V,LRB,OH,Ammo Crates,0.0000,On Hand,28 Apr 2025
QOH,TEN330-W,LRB,OH,Ammo Crates,0.0000,On Hand,28 Apr 2025
QOH,TEN330-X,LRB,OH,Ammo Crates,0.0000,On Hand,28 Apr 2025
QOH,TEN330-Y,LRB,OH,Ammo Crates,0.0000,On Hand,28 Apr 2025
QOH,TEN330-Z,LRB,OH,Ammo Crates,0.0000,On Hand,28 Apr 2025
QOH,TEN330-AA,LRB,OH,Ammo Crates,0.0000,On Hand,28 Apr 2025
QOH,TEN330-AB,LRB,OH,Ammo Crates,0.0000,On Hand,28 Apr 2025
QOH,TEN330-AC,LRB,OH,Ammo Crates,0.0000,On Hand,28 Apr 2025
QOH,TEN330-AD,LRB,OH,Ammo Crates,0.0000,On Hand,28 Apr 2025
QOH,TEN330-AE,LRB,OH,Ammo Crates,0.0000,On Hand,28 Apr 2025
QOH,TEN330-AF,LRB,OH,Ammo Crates,0.0000,On Hand,28 Apr 2025
QOH,TEN330-AG,LRB,OH,Ammo Crates,0.0000,On Hand,28 Apr 2025
QOH,TEN330-AH,LRB,OH,Ammo Crates,0.0000,On Hand,28 Apr 2025
QOH,TEN330-AI,LRB,OH,Ammo Crates,0.0000,On Hand,28 Apr 2025
QOH,TEN330-AJ,LRB,OH,Ammo Crates,0.0000,On Hand,28 Apr 2025
QOH,TEN330-AK,LRB,OH,Ammo Crates,0.0000,On Hand,28 Apr 2025
QOH,TEN330-AL,LRB,OH,Ammo Crates,0.0000,On Hand,28 Apr 2025
QOH,TEN330-AM,LRB,OH,Ammo Crates,0.0000,On Hand,28 Apr 2025
QOH,TEN330-AN,LRB,OH,Ammo Crates,0.0000,On Hand,28 Apr 2025
QOH,TEN330-AO,LRB,OH,Ammo Crates,0.0000,On Hand,28 Apr 2025
QOH,TEN330-AP,LRB,OH,Ammo Crates,0.0000,On Hand,28 Apr 2025
QOH,TEN330-AQ,LRB,OH,Ammo Crates,0.0000,On Hand,28 Apr 2025
QOH,TEN330-AR,LRB,OH,Ammo Crates,0.0000,On Hand,28 Apr 2025
QOH,TEN330-AS,LRB,OH,Ammo Crates,0.0000,On Hand,28 Apr 2025
QOH,TEN330-AT,LRB,OH,Ammo Crates,0.0000,On Hand,28 Apr 2025
QOH,TEN330-AU,LRB,OH,Ammo Crates,0.0000,On Hand,28 Apr 2025
QOH,TEN330-AV,LRB,OH,Ammo Crates,0.0000,On Hand,28 Apr 2025
QOH,TEN330-AW,LRB,OH,Ammo Crates,0.0000,On Hand,28 Apr 2025
QOH,TEN330-AX,LRB,OH,Ammo Crates,0.0000,On Hand,28 Apr 2025
QOH,TEN330-AY,LRB,OH,Ammo Crates,0.0000,On Hand,28 Apr 2025
QOH,TEN330-AZ,LRB,OH,Ammo Crates,0.0000,On Hand,28 Apr 2025
QOH,TEN330-BA,LRB,OH,Ammo Crates,0.0000,On Hand,28 Apr 2025
QOH,TEN330-BB,LRB,OH,Ammo Crates,0.0000,On Hand,28 Apr 2025
QOH,TEN330-BC,LRB,OH,Ammo Crates,0.0000,On Hand,28 Apr 2025
QOH,TEN330-BD,LRB,OH,Ammo Crates,0.0000,On Hand,28 Apr 2025
QOH,TEN330-BE,LRB,OH,Ammo Crates,0.0000,On Hand,28 Apr 2025
QOH,TEN330-BF,LRB,OH,Ammo Crates,0.0000,On Hand,28 Apr 2025
QOH,TEN330-BG,LRB,OH,Ammo Crates,0.0000,On Hand,28 Apr 2025
QOH,TEN330-BH,LRB,OH,Ammo Crates,0.0000,On Hand,28 Apr 2025
QOH,TEN330-BI,LRB,OH,Ammo Crates,0.0000,On Hand,28 Apr 2025
QOH,TEN330-BJ,LRB,OH,Ammo Crates,0.0000,On Hand,28 Apr 2025
QOH,TEN330-BK,LRB,OH,Ammo Crates,0.0000,On Hand,28 Apr 2025
QOH,TEN330-BL,LRB,OH,Ammo Crates,0.0000,On Hand,28 Apr 2025
QOH,TEN330-BM,LRB,OH,Ammo Crates,0.0000,On Hand,28 Apr 2025
QOH,TEN330-BN,LRB,OH,Ammo Crates,0.0000,On Hand,28 Apr 2025
QOH,TEN330-BO,LRB,OH,Ammo Crates,0.0000,On Hand,28 Apr 2025
QOH,TEN330-BP,LRB,OH,Ammo Crates,0.0000,On Hand,28 Apr 2025
QOH,TEN330-BQ,LRB,OH,Ammo Crates,0.0000,On Hand,28 Apr 2025
QOH,TEN330-BR,LRB,OH,Ammo Crates,0.0000,On Hand,28 Apr 2025
QOH,TEN330-BS,LRB,OH,Ammo Crates,0.0000,On Hand,28 Apr 2025
QOH,TEN330-BT,LRB,OH,Ammo Crates,0.0000,On Hand,28 Apr 2025
QOH,TEN330-BU,LRB,OH,Ammo Crates,0.0000,On Hand,28 Apr 2025
QOH,TEN330-BV,LRB,OH,Ammo Crates,0.0000,On Hand,28 Apr 2025
QOH,TEN330-BW,LRB,OH,Ammo Crates,0.0000,On Hand,28 Apr 2025
QOH,TEN330-BX,LRB,OH,Ammo Crates,0.0000,On Hand,28 Apr 2025
QOH,TEN330-BY,LRB,OH,Ammo Crates,0.0000,On Hand,28 Apr 2025
QOH,TEN330-BZ,LRB,OH,Ammo Crates,0.0000,On Hand,28 Apr 2025
QOH,TEN330-CA,LRB,OH,Ammo Crates,0.0000,On Hand,28 Apr 2025
QOH,TEN330-CB,LRB,OH,Ammo Crates,0.0000,On Hand,28 Apr 2025
QOH,TEN330-CK,LRB,OH,Emmo Crades,0.0000,On Hand,28 Apr 2025
QOH,TEN330-CC,LRB,OH,Ammo Crates,0.0000,On Hand,28 Apr 2025
QOH,TEN330-CD,LRB,OH,Ammo Crates,0.0000,On Hand,28 Apr 2025
QOH,TEN330-CL,LRB,OH,Emmo Crades,0.0000,On Hand,28 Apr 2025
QOH,TEN330-CE,LRB,OH,Ammo Crates,0.0000,On Hand,28 Apr 2025
QOH,TEN330-CF,LRB,OH,Ammo Crates,0.0000,On Hand,28 Apr 2025
QOH,TEN330-CM,LRB,OH,Emmo Crades,0.0000,On Hand,28 Apr 2025
QOH,TEN330-CG,LRB,OH,Ammo Crates,0.0000,On Hand,28 Apr 2025
QOH,TEN330-CH,LRB,OH,Ammo Crates,0.0000,On Hand,28 Apr 2025
QOH,TEN330-CI,LRB,OH,Ammo Crates,0.0000,On Hand,28 Apr 2025
QOH,TEN330-CJ,LRB,OH,Ammo Crates,0.0000,On Hand,28 Apr 2025
QOH,TEN330-CN,LRB,OH,Ammo Crates,0.0000,On Hand,28 Apr 2025
QOH,TEN330-CO,LRB,OH,Ammo Crates,0.0000,On Hand,28 Apr 2025
QOH,TEN330-CP,LRB,OH,Ammo Crates,0.0000,On Hand,28 Apr 2025
QOH,TEN330-CQ,LRB,OH,Ammo Crates,0.0000,On Hand,28 Apr 2025
QOH,TEN330-CR,LRB,OH,Ammo Crates,0.0000,On Hand,28 Apr 2025
QOH,TEN330-CS,LRB,OH,Ammo Crates,0.0000,On Hand,28 Apr 2025
QOH,TEN330-CT,LRB,OH,Ammo Crates,0.0000,On Hand,28 Apr 2025
QOH,TEN330-CU,LRB,OH,Ammo Crates,0.0000,On Hand,28 Apr 2025
QOH,TEN330-CV,LRB,OH,Ammo Crates,0.0000,On Hand,28 Apr 2025
QOH,TEN330-CW,LRB,OH,Ammo Crates,0.0000,On Hand,28 Apr 2025
QOH,P827,NAD,OH,Mixed Pallet,0.0000,On Hand,28 Apr 2025
QOH,P828,NAD,OH,Mixed Pallet,0.0000,On Hand,28 Apr 2025
QOH,P829,NAD,OH,Mixed Pallet,0.0000,On Hand,28 Apr 2025
QOH,P830,NAD,OH,Mixed Pallet,0.0000,On Hand,28 Apr 2025
QOH,P831,NAD,OH,Mixed Pallet,0.0000,On Hand,28 Apr 2025
QOH,P832,NAD,OH,Mixed Pallet,0.0000,On Hand,28 Apr 2025
QOH,P833,NAD,OH,Mixed Pallet,0.0000,On Hand,28 Apr 2025
QOH,P834,NAD,OH,Mixed Pallet,0.0000,On Hand,28 Apr 2025
QOH,P835,NAD,OH,Mixed Pallet,0.0000,On Hand,28 Apr 2025
QOH,P836,NAD,OH,Mixed Pallet,0.0000,On Hand,28 Apr 2025
QOH,P837,NAD,OH,Mixed Pallet,0.0000,On Hand,28 Apr 2025
QOH,P838,NAD,OH,Mixed Pallet,0.0000,On Hand,28 Apr 2025
QOH,P839,NAD,OH,Mixed Pallet,1.0000,On Hand,28 Apr 2025
QOH,P840,NAD,OH,Mixed Pallet,0.0000,On Hand,28 Apr 2025
QOH,P841,NAD,OH,Mixed Pallet,0.0000,On Hand,28 Apr 2025
QOH,P842,NAD,OH,Mixed Pallet,0.0000,On Hand,28 Apr 2025
QOH,640X640WTL175G-F,Kiki Bags,OH,White Top Liner 175G,187.0000,On Hand,28 Apr 2025
QOH,640X640WTL175G-G,Kiki Bags,OH,White Top Liner 175G,0.0000,On Hand,28 Apr 2025
QOH,640X640WTL175G,Kiki Bags,OH,White Top Liner 175G,3563.0000,On Hand,28 Apr 2025
QOH,P843,NAD,OH,Mixed Pallet,0.0000,On Hand,28 Apr 2025
QOH,P844,NAD,OH,Mixed Pallet,0.0000,On Hand,28 Apr 2025
QOH,P845,NAD,OH,Mixed Pallet,0.0000,On Hand,28 Apr 2025
QOH,P846,NAD,OH,Mixed Pallet,0.0000,On Hand,28 Apr 2025
QOH,P847,NAD,OH,Mixed Pallet,0.0000,On Hand,28 Apr 2025
QOH,P848,NAD,OH,Mixed Pallet,0.0000,On Hand,28 Apr 2025
QOH,P849,NAD,OH,Mixed Pallet,0.0000,On Hand,28 Apr 2025
QOH,P850,NAD,OH,Mixed Pallet,0.0000,On Hand,28 Apr 2025
QOH,P851,NAD,OH,Mixed Pallet,0.0000,On Hand,28 Apr 2025
QOH,P852,NAD,OH,Mixed Pallet,0.0000,On Hand,28 Apr 2025
QOH,P853,NAD,OH,Mixed Pallet,0.0000,On Hand,28 Apr 2025
QOH,P854,NAD,OH,Mixed Pallet,0.0000,On Hand,28 Apr 2025
QOH,P855,NAD,OH,Mixed Pallet,0.0000,On Hand,28 Apr 2025
QOH,P856,NAD,OH,Mixed Pallet,0.0000,On Hand,28 Apr 2025
QOH,944603,Niemann,OH,FA48 JUM,0.0000,On Hand,28 Apr 2025
QOH,944603A,Niemann,OH,FA48 Mystery Penelope,0.0000,On Hand,28 Apr 2025
QOH,944762B,Niemann,OH,FB35 Refelx Metallizto,20.0000,On Hand,28 Apr 2025
QOH,944762C,Niemann,OH,FB35 Refelx Metallizto,0.0000,On Hand,28 Apr 2025
QOH,944764,Niemann,OH,FA68 Reflex Madreperia,0.0000,On Hand,28 Apr 2025
QOH,944764A,Niemann,OH,FA68 Reflex Madreperia,20.0000,On Hand,28 Apr 2025
QOH,944765,Niemann,OH,LR18 Sable Frascherino,0.0000,On Hand,28 Apr 2025
QOH,944765A,Niemann,OH,LR18 Sable Frascherino,0.0000,On Hand,28 Apr 2025
QOH,944768,Niemann,OH,FB48 E010 Ares,0.0000,On Hand,28 Apr 2025
QOH,944768A,Niemann,OH,FB48 E010 Ares,1.0000,On Hand,28 Apr 2025
QOH,P857,NAD,OH,Mixed Pallet,0.0000,On Hand,28 Apr 2025
QOH,P858,NAD,OH,Mixed Pallet,0.0000,On Hand,28 Apr 2025
QOH,P859,NAD,OH,Mixed Pallet,0.0000,On Hand,28 Apr 2025
QOH,P860,NAD,OH,Mixed Pallet,0.0000,On Hand,28 Apr 2025
QOH,P861,NAD,OH,Mixed Pallet,0.0000,On Hand,28 Apr 2025
QOH,P862,NAD,OH,Mixed Pallet,0.0000,On Hand,28 Apr 2025
QOH,P863,NAD,OH,Mixed Pallet,0.0000,On Hand,28 Apr 2025
QOH,P864,NAD,OH,Mixed Pallet,0.0000,On Hand,28 Apr 2025
QOH,P965,NAD,OH,Mixed Pallet,1.0000,On Hand,28 Apr 2025
QOH,P866,NAD,OH,Mixed Pallet,0.0000,On Hand,28 Apr 2025
QOH,P867,NAD,OH,Mixed Pallet,0.0000,On Hand,28 Apr 2025
QOH,P868,NAD,OH,Mixed Pallet,0.0000,On Hand,28 Apr 2025
QOH,P869,NAD,OH,Mixed Pallet,0.0000,On Hand,28 Apr 2025
QOH,P870,NAD,OH,Mixed Pallet,0.0000,On Hand,28 Apr 2025
QOH,P871,NAD,OH,Mixed Pallet,0.0000,On Hand,28 Apr 2025
QOH,P872,NAD,OH,Mixed Pallet,0.0000,On Hand,28 Apr 2025
QOH,P873,NAD,OH,Mixed Pallet,0.0000,On Hand,28 Apr 2025
QOH,P874,NAD,OH,Mixed Pallet,0.0000,On Hand,28 Apr 2025
QOH,P875,NAD,OH,Mixed Pallet,0.0000,On Hand,28 Apr 2025
QOH,P876,NAD,OH,Mixed Pallet,0.0000,On Hand,28 Apr 2025
QOH,P877,NAD,OH,Mixed Pallet,0.0000,On Hand,28 Apr 2025
QOH,P878,NAD,OH,Mixed Pallet,0.0000,On Hand,28 Apr 2025
QOH,P879,NAD,OH,Mixed Pallet,0.0000,On Hand,28 Apr 2025
QOH,P880,NAD,OH,Mixed Pallet,0.0000,On Hand,28 Apr 2025
QOH,P881,NAD,OH,Mixed Pallet,0.0000,On Hand,28 Apr 2025
QOH,P882,NAD,OH,Mixed Pallet,0.0000,On Hand,28 Apr 2025
QOH,P883,NAD,OH,Mixed Pallet,0.0000,On Hand,28 Apr 2025
QOH,P884,NAD,OH,Mixed Pallet,0.0000,On Hand,28 Apr 2025
QOH,P885,NAD,OH,Mixed Pallet,0.0000,On Hand,28 Apr 2025
QOH,P886,NAD,OH,Mixed Pallet,0.0000,On Hand,28 Apr 2025
QOH,P887,NAD,OH,Mixed Pallet,0.0000,On Hand,28 Apr 2025
QOH,P888,NAD,OH,Mixed Pallet,0.0000,On Hand,28 Apr 2025
QOH,P889,NAD,OH,Mixed Pallet,0.0000,On Hand,28 Apr 2025
QOH,P890,NAD,OH,Mixed Pallet,0.0000,On Hand,28 Apr 2025
QOH,P891,NAD,OH,Mixed Pallet,0.0000,On Hand,28 Apr 2025
QOH,P892,NAD,OH,Mixed Pallet,0.0000,On Hand,28 Apr 2025
QOH,P893,NAD,OH,Mixed Pallet,0.0000,On Hand,28 Apr 2025
QOH,P894,NAD,OH,Mixed Pallet,0.0000,On Hand,28 Apr 2025
QOH,P895,NAD,OH,Mixed Pallet,0.0000,On Hand,28 Apr 2025
QOH,P896,NAD,OH,Mixed Pallet,0.0000,On Hand,28 Apr 2025
QOH,P897,NAD,OH,Mixed Pallet,0.0000,On Hand,28 Apr 2025
QOH,P898,NAD,OH,Mixed Pallet,0.0000,On Hand,28 Apr 2025
QOH,P899,NAD,OH,Mixed Pallet,0.0000,On Hand,28 Apr 2025
QOH,P900,NAD,OH,Mixed Pallet,0.0000,On Hand,28 Apr 2025
QOH,P901,NAD,OH,Mixed Pallet,0.0000,On Hand,28 Apr 2025
QOH,P902,NAD,OH,Mixed Pallet,0.0000,On Hand,28 Apr 2025
QOH,P903,NAD,OH,Mixed Pallet,0.0000,On Hand,28 Apr 2025
QOH,P904,NAD,OH,Mixed Pallet,0.0000,On Hand,28 Apr 2025
QOH,P905,NAD,OH,Mixed Pallet,0.0000,On Hand,28 Apr 2025
QOH,QST114BU,Kiki Bags,OH,Shopper Unprinted,0.0000,On Hand,28 Apr 2025
QOH,MHFT-30-B,LRB,OH,Elements Fan Desk 30cm Wht,210.0000,On Hand,28 Apr 2025
QOH,MHFT-40-B,LRB,OH,Elements Fan Desk 40cm Wht,33.0000,On Hand,28 Apr 2025
QOH,MHFS-40-B,LRB,OH,Elements Fan Pedest 40cm Wht,3.0000,On Hand,28 Apr 2025
QOH,STTS822-H,Bambino,OH,Litetrax 4 Coal,0.0000,On Hand,28 Apr 2025
QOH,STTS822-J,Bambino,OH,Litetrax 4 Coal,0.0000,On Hand,28 Apr 2025
QOH,P906,NAD,OH,Mixed Pallet,0.0000,On Hand,28 Apr 2025
QOH,P907,NAD,OH,Mixed Pallet,0.0000,On Hand,28 Apr 2025
QOH,P908,NAD,OH,Mixed Pallet,0.0000,On Hand,28 Apr 2025
QOH,P909,NAD,OH,Mixed Pallet,0.0000,On Hand,28 Apr 2025
QOH,P910,NAD,OH,Mixed Pallet,0.0000,On Hand,28 Apr 2025
QOH,P911,NAD,OH,Mixed Pallet,0.0000,On Hand,28 Apr 2025
QOH,P912,NAD,OH,Mixed Pallet,0.0000,On Hand,28 Apr 2025
QOH,P913,NAD,OH,Mixed Pallet,0.0000,On Hand,28 Apr 2025
QOH,ACGS248,Bambino,OH,Safety Gate Extentions 7cm,0.0000,On Hand,28 Apr 2025
QOH,ACGS248-A,Bambino,OH,Safety Gate Extentions 7cm,0.0000,On Hand,28 Apr 2025
QOH,ACGS248-B,Bambino,OH,Safety Gate Extentions 7cm,0.0000,On Hand,28 Apr 2025
QOH,ACGS248-C,Bambino,OH,Safety Gate Extentions 7cm,0.0000,On Hand,28 Apr 2025
QOH,ACGS248-D,Bambino,OH,Safety Gate Extensions 7cm,0.0000,On Hand,28 Apr 2025
QOH,ACGS248-E,Bambino,OH,Safety Gate Extentions 7cm,0.0000,On Hand,28 Apr 2025
QOH,ACGS248-F,Bambino,OH,Safety Gate Extentions 7cm,0.0000,On Hand,28 Apr 2025
QOH,ACGS248-G,Bambino,OH,Safety Gate Extentions 7cm,0.0000,On Hand,28 Apr 2025
QOH,ACGS248-H,Bambino,OH,Safety Gate Extentions 7cm,0.0000,On Hand,28 Apr 2025
QOH,ACGS248-I,Bambino,OH,Safety Gate Extentions 7cm,0.0000,On Hand,28 Apr 2025
QOH,ACGS249-AZ,Bambino,OH,Safety Gate Extentions 7 14 28cm,0.0000,On Hand,28 Apr 2025
QOH,ACGS249-A,Bambino,OH,Safety Gate Extentions 7 14 28cm,0.0000,On Hand,28 Apr 2025
QOH,ACGS249-B,Bambino,OH,Safety Gate Extentions 7 14 28cm,0.0000,On Hand,28 Apr 2025
QOH,ACGS249-C,Bambino,OH,Safety Gate Extentions 7 14 28cm,0.0000,On Hand,28 Apr 2025
QOH,ACGS249-D,Bambino,OH,Safety Gate Extentions 7 14 28cm,0.0000,On Hand,28 Apr 2025
QOH,ACGS249-E,Bambino,OH,Safety Gate Extentions 7 14 28cm,0.0000,On Hand,28 Apr 2025
QOH,ACGS249-F,Bambino,OH,Safety Gate Extentions 7 14 28cm,0.0000,On Hand,28 Apr 2025
QOH,ACGS249-G,Bambino,OH,Safety Gate Extentions 7 14 28cm,0.0000,On Hand,28 Apr 2025
QOH,ACGS249-H,Bambino,OH,Safety Gate Extentions 7 14 28cm,0.0000,On Hand,28 Apr 2025
QOH,ACGS249-I,Bambino,OH,Safety Gate Extentions 7 14 28cm,0.0000,On Hand,28 Apr 2025
QOH,ACGS249-J,Bambino,OH,Safety Gate Extentions 7 14 28cm,0.0000,On Hand,28 Apr 2025
QOH,ACGS249-K,Bambino,OH,Safety Gate Extentions 7 14 28cm,0.0000,On Hand,28 Apr 2025
QOH,ACGS249-L,Bambino,OH,Safety Gate Extentions 7 14 28cm,0.0000,On Hand,28 Apr 2025
QOH,ACGS249-M,Bambino,OH,Safety Gate Extentions 7 14 28cm,0.0000,On Hand,28 Apr 2025
QOH,ACGS249-N,Bambino,OH,Safety Gate Extentions 7 14 28cm,0.0000,On Hand,28 Apr 2025
QOH,ACGS249-O,Bambino,OH,Safety Gate Extentions 7 14 28cm,0.0000,On Hand,28 Apr 2025
QOH,ACGS249-P,Bambino,OH,Safety Gate Extentions 7 14 28cm,0.0000,On Hand,28 Apr 2025
QOH,ACGS249-Q,Bambino,OH,Safety Gate Extentions 7 14 28cm,0.0000,On Hand,28 Apr 2025
QOH,ACGS249-R,Bambino,OH,Safety Gate Extentions 7 14 28cm,0.0000,On Hand,28 Apr 2025
QOH,SPARES-D,Bambino,OH,Bambino Spares BAM5099,0.0000,On Hand,28 Apr 2025
QOH,OSB320TG24001200,ABC Building Materials,OH,OSB3 Board Tongue & Grove 4 Sides - 20x2400x1200mm,0.0000,On Hand,28 Apr 2025
QOH,OSB318TG24401220,ABC Building Materials,OH,OSB Board Tongue & Grove 2 Sides - 18x2440x1220mm,0.0000,On Hand,28 Apr 2025
QOH,OSB318TG25001250,ABC Building Materials,OH,OSB3 Board Tongue & Grove 4 Sides - 18x2500x1250mm,0.0000,On Hand,28 Apr 2025
QOH,OSB418TG27001200,ABC Building Materials,OH,OSB4 Board Tongue & Grove 4 Sides - 18x2700x1200mm,0.0000,On Hand,28 Apr 2025
QOH,OSB320TG24001200-A,ABC Building Materials,OH,OSB3 Board Tongue & Grove 4 Sides - 20x2400x1200mm,0.0000,On Hand,28 Apr 2025
QOH,OSB312SE24401220,ABC Building Materials,OH,OSB3 Board Square Edge - 12x2440x1220mm,0.0000,On Hand,28 Apr 2025
QOH,OSB312SE25001250,ABC Building Materials,OH,OSB3 Board Square Edge - 12x2500x1250mm,0.0000,On Hand,28 Apr 2025
QOH,OSB412SE25001250,ABC Building Materials,OH,OSB4 Board Square Edge - 12x2500x1250mm,0.0000,On Hand,28 Apr 2025
QOH,OSB412SE25001250-A,ABC Building Materials,OH,OSB4 Board Square Edge - 12x2500x1250mm,0.0000,On Hand,28 Apr 2025
QOH,OSB312SE26001250,ABC Building Materials,OH,OSB3 Board Square Edge - 12x2600x1250mm,0.0000,On Hand,28 Apr 2025
QOH,OSB312SE26001250-A,ABC Building Materials,OH,OSB3 Board Square Edge - 12x2600x1250mm,0.0000,On Hand,28 Apr 2025
QOH,OSB412SE26501250,ABC Building Materials,OH,OSB4 Board Square Edge - 12x2650x1250mm,0.0000,On Hand,28 Apr 2025
QOH,OSB415SE28001250,ABC Building Materials,OH,OSB4 Board Square Edge - 15x2800x1250mm,0.0000,On Hand,28 Apr 2025
QOH,OSB412SE30001250,ABC Building Materials,OH,OSB4 Board Square Edge - 12x3000x1250mm,0.0000,On Hand,28 Apr 2025
QOH,OSB415SE30002500,ABC Building Materials,OH,OSB4 Board Square Edge - 15x3000x2500mm,0.0000,On Hand,28 Apr 2025
QOH,SPARES-E,Bambino,OH,Bambino Spares BAM5080,0.0000,On Hand,28 Apr 2025
QOH,CACS606-A,Bambino,OH,Etna 360 Isofix Black/Grey,0.0000,On Hand,28 Apr 2025
QOH,CACS606-B,Bambino,OH,Etna 360 Isofix Black/Grey,0.0000,On Hand,28 Apr 2025
QOH,CACS606-C,Bambino,OH,Etna 360 Isofix Black/Grey,0.0000,On Hand,28 Apr 2025
QOH,MHFS-40-E,LRB,OH,Elements Fan Pedest 40cm Wht Old,26.0000,On Hand,28 Apr 2025
QOH,MHFS-40-G,LRB,OH,Elements Fan Pedest 40cm Wht Old,24.0000,On Hand,28 Apr 2025
QOH,MHFS-40-H,LRB,OH,Elements Fan Pedest 40cm Wht Old,0.0000,On Hand,28 Apr 2025
QOH,MHFS-40-K,LRB,OH,Elements Fan Pedest 40cm Wht Old,0.0000,On Hand,28 Apr 2025
QOH,MHFS-40-L,LRB,OH,Elements Fan Pedest 40cm Wht,0.0000,On Hand,28 Apr 2025
QOH,MHFS-40-M,LRB,OH,Elements Fan Pedest 40cm Wht Old,0.0000,On Hand,28 Apr 2025
QOH,MHFS-40-N,LRB,OH,Elements Fan Pedest 40cm Wht Old,0.0000,On Hand,28 Apr 2025
QOH,DF-200P9-9T(BLACK)-C,LRB,OH,Elements Heater Oil 9FIN 2000W Black BD,18.0000,On Hand,28 Apr 2025
QOH,MHFT-30-I,LRB,OH,Elements Fan Desk 30cm Wht Old stock,32.0000,On Hand,28 Apr 2025
QOH,MHFS-40-O,LRB,OH,Elements Fan Pedest 40cm Wht,33.0000,On Hand,28 Apr 2025
QOH,P914,NAD,OH,Mixed Pallet,0.0000,On Hand,28 Apr 2025
QOH,P915,NAD,OH,Mixed Pallet,0.0000,On Hand,28 Apr 2025
QOH,P916,NAD,OH,Mixed Pallet,0.0000,On Hand,28 Apr 2025
QOH,P917,NAD,OH,Mixed Pallet,0.0000,On Hand,28 Apr 2025
QOH,P918,NAD,OH,Mixed Pallet,0.0000,On Hand,28 Apr 2025
QOH,P919,NAD,OH,Mixed Pallet,0.0000,On Hand,28 Apr 2025
QOH,P920,NAD,OH,Mixed Pallet,0.0000,On Hand,28 Apr 2025
QOH,P921,NAD,OH,Mixed Pallet,0.0000,On Hand,28 Apr 2025
QOH,P922,NAD,OH,Mixed Pallet,0.0000,On Hand,28 Apr 2025
QOH,P923,NAD,OH,Mixed Pallet,0.0000,On Hand,28 Apr 2025
QOH,P924,NAD,OH,Mixed Pallet,0.0000,On Hand,28 Apr 2025
QOH,P925,NAD,OH,Mixed Pallet,0.0000,On Hand,28 Apr 2025
QOH,P926,NAD,OH,Mixed Pallet,1.0000,On Hand,28 Apr 2025
QOH,P927,NAD,OH,Mixed Pallet,1.0000,On Hand,28 Apr 2025
QOH,P928,NAD,OH,Mixed Pallet,1.0000,On Hand,28 Apr 2025
QOH,P929,NAD,OH,Mixed Pallet,1.0000,On Hand,28 Apr 2025
QOH,P930,NAD,OH,Mixed Pallet,0.0000,On Hand,28 Apr 2025
QOH,P931,NAD,OH,Mixed Pallet,0.0000,On Hand,28 Apr 2025
QOH,P932,NAD,OH,Mixed Pallet,0.0000,On Hand,28 Apr 2025
QOH,HCBM384-A,Bambino,OH,Candy High Chair Midnight,0.0000,On Hand,28 Apr 2025
QOH,HCBM384-B,Bambino,OH,Candy High Chair Midnight,0.0000,On Hand,28 Apr 2025
QOH,HCBM-384-C,Bambino,OH,Candy High Chair Midnight,0.0000,On Hand,28 Apr 2025
QOH,HCBM384-D,Bambino,OH,Candy High Chair Midnight,0.0000,On Hand,28 Apr 2025
QOH,HCBM384-E,Bambino,OH,Candy High Chair Midnight,0.0000,On Hand,28 Apr 2025
QOH,HCBM384-F,Bambino,OH,Candy High Chair Midnight,0.0000,On Hand,28 Apr 2025
QOH,HCBM384-G,Bambino,OH,Candy High Chair Midnight,0.0000,On Hand,28 Apr 2025
QOH,HCBM384-H,Bambino,OH,Candy High Chair Midnight,0.0000,On Hand,28 Apr 2025
QOH,P933,NAD,OH,Mixed Pallet,0.0000,On Hand,28 Apr 2025
QOH,P934,NAD,OH,Mixed Pallet,0.0000,On Hand,28 Apr 2025
QOH,P935,NAD,OH,Mixed Pallet,0.0000,On Hand,28 Apr 2025
QOH,P936,NAD,OH,Mixed Pallet,0.0000,On Hand,28 Apr 2025
QOH,P937,NAD,OH,Mixed Pallet,0.0000,On Hand,28 Apr 2025
QOH,P938,NAD,OH,Mixed Pallet,0.0000,On Hand,28 Apr 2025
QOH,P939,NAD,OH,Mixed Pallet,0.0000,On Hand,28 Apr 2025
QOH,P940,NAD,OH,Mixed Pallet,0.0000,On Hand,28 Apr 2025
QOH,P941,NAD,OH,Mixed Pallet,0.0000,On Hand,28 Apr 2025
QOH,P942,NAD,OH,Mixed Pallet,0.0000,On Hand,28 Apr 2025
QOH,P943,NAD,OH,Mixed Pallet,0.0000,On Hand,28 Apr 2025
QOH,P944,NAD,OH,Mixed Pallet,0.0000,On Hand,28 Apr 2025
QOH,P945,NAD,OH,Mixed Pallet,0.0000,On Hand,28 Apr 2025
QOH,P946,NAD,OH,Mixed Pallet,0.0000,On Hand,28 Apr 2025
QOH,P947,NAD,OH,Mixed Pallet,0.0000,On Hand,28 Apr 2025
QOH,P948,NAD,OH,Mixed Pallet,0.0000,On Hand,28 Apr 2025
QOH,P950,NAD,OH,Mixed Pallet,0.0000,On Hand,28 Apr 2025
QOH,P951,NAD,OH,Mixed Pallet,0.0000,On Hand,28 Apr 2025
QOH,P952,NAD,OH,Mixed Pallet,0.0000,On Hand,28 Apr 2025
QOH,P953,NAD,OH,Mixed Pallet,0.0000,On Hand,28 Apr 2025
QOH,P954,NAD,OH,Mixed Pallet,0.0000,On Hand,28 Apr 2025
QOH,P955,NAD,OH,Mixed Pallet,0.0000,On Hand,28 Apr 2025
QOH,P956,NAD,OH,Mixed Pallet,0.0000,On Hand,28 Apr 2025
QOH,P957,NAD,OH,Mixed Pallet,0.0000,On Hand,28 Apr 2025
QOH,P949,NAD,OH,Mixed Pallet,0.0000,On Hand,28 Apr 2025
QOH,SX181,ABC Building Materials,OH,Skirting Molding,0.0000,On Hand,28 Apr 2025
QOH,SX187,ABC Building Materials,OH,Skirting Molding,0.0000,On Hand,28 Apr 2025
QOH,SX137,ABC Building Materials,OH,Skirting Molding,0.0000,On Hand,28 Apr 2025
QOH,SX172,ABC Building Materials,OH,Skirting Molding,0.0000,On Hand,28 Apr 2025
QOH,C324,ABC Building Materials,OH,Cornice Molding,0.0000,On Hand,28 Apr 2025
QOH,CB522,ABC Building Materials,OH,Cornice Molding,0.0000,On Hand,28 Apr 2025
QOH,391/04511011/B-B,Isinkwe Energies,OH,Silverline 4C 51CC,64.0000,On Hand,28 Apr 2025
QOH,TANKEXT600X200-A,Isinkwe Energies,OH,Tank Ext 600 X 200,0.0000,On Hand,28 Apr 2025
QOH,TANKEXT630X180-B,Isinkwe Energies,OH,Tank Ext 630 x 180,0.0000,On Hand,28 Apr 2025
QOH,TANKEXT720X180-A,Isinkwe Energies,OH,Tank Ext 720 X 180,0.0000,On Hand,28 Apr 2025
QOH,TANKEXT720X200-A,Isinkwe Energies,OH,Tank Ext 720 x 200,0.0000,On Hand,28 Apr 2025
QOH,TANKEXT720X250,Isinkwe Energies,OH,Tank Ext 720x250,0.0000,On Hand,28 Apr 2025
QOH,TANKINT600X200,Isinkwe Energies,OH,Tank Int 600x200,0.0000,On Hand,28 Apr 2025
QOH,TANKINT600X225,Isinkwe Energies,OH,Tank Int 600x225 - 48LT,10.0000,On Hand,28 Apr 2025
QOH,TANKINT630X220,Isinkwe Energies,OH,Toroidale LPG Tank 52LT (630x220),0.0000,On Hand,28 Apr 2025
QOH,TANKINT650X200-B,Isinkwe Energies,OH,Tank Int 650 x 200,11.0000,On Hand,28 Apr 2025
QOH,TANKINT650X225-E,Isinkwe Energies,OH,Tank Int 650x225,0.0000,On Hand,28 Apr 2025
QOH,TANKINT680X225,Isinkwe Energies,OH,Tank Int 680x225 - 62LT,0.0000,On Hand,28 Apr 2025
QOH,TANKINT680X240,Isinkwe Energies,OH,Tank Int 680x240 - 68LT,8.0000,On Hand,28 Apr 2025
QOH,MUL200/30-B,Isinkwe Energies,OH,Multivalve 200/30,0.0000,On Hand,28 Apr 2025
QOH,MUL220/30,Isinkwe Energies,OH,Multivalve 220-225-230/30,0.0000,On Hand,28 Apr 2025
QOH,MUL240-250/30,Isinkwe Energies,OH,Multivalve 240-250/30,65.0000,On Hand,28 Apr 2025
QOH,MUL180/0-B,Isinkwe Energies,OH,Multivalve 180/0,0.0000,On Hand,28 Apr 2025
QOH,MUL200/0-B,Isinkwe Energies,OH,Multivalve 200/0,0.0000,On Hand,28 Apr 2025
QOH,MUL240/0,Isinkwe Energies,OH,Multivalve 240/0 Toroidale,6.0000,On Hand,28 Apr 2025
QOH,MG-5513F-A,LRB,OH,Elements 30cm Rechargeble Box Fan Black,15.0000,On Hand,28 Apr 2025
QOH,MG-5616F-B,LRB,OH,Elements Fan Pedest Recharge 40cm,0.0000,On Hand,28 Apr 2025
QOH,MG-5616F-E,LRB,OH,Elements Fan Pedest Recharge 40cm,216.0000,On Hand,28 Apr 2025
QOH,MHFT-40-E,LRB,OH,Elements Fan Desk 40cm Wht,0.0000,On Hand,28 Apr 2025
QOH,CABS260,Bambino,OH,Discovery Car Seat,0.0000,On Hand,28 Apr 2025
QOH,HCBM390-D,Bambino,OH,Pesto High Fern,0.0000,On Hand,28 Apr 2025
QOH,HCBM390-E,Bambino,OH,Pesto High Fern,0.0000,On Hand,28 Apr 2025
QOH,CABS261,Bambino,OH,Grand Prix LX Black,0.0000,On Hand,28 Apr 2025
QOH,MHFS-40-P,LRB,OH,Elements Fan Pedest 40cm Wht,32.0000,On Hand,28 Apr 2025
QOH,MHFS-40-Q,LRB,OH,Elements Fan Pedest 40cm Wht,0.0000,On Hand,28 Apr 2025
QOH,MHFS-40-R,LRB,OH,Elements Fan Pedest 40cm Wht,7.0000,On Hand,28 Apr 2025
QOH,MHFS-40-S,LRB,OH,Elements Fan Pedest 40cm Wht,0.0000,On Hand,28 Apr 2025
QOH,MHFS-40-T,LRB,OH,Elements Fan Pedest 40cm Wht,0.0000,On Hand,28 Apr 2025
QOH,MHFS-40-U,LRB,OH,Elements Fan Pedest 40cm Wht,0.0000,On Hand,28 Apr 2025
QOH,MHFS-40-V,LRB,OH,Elements Fan Pedest 40cm Wht,0.0000,On Hand,28 Apr 2025
QOH,MHFS-40-W,LRB,OH,Elements Fan Pedest 40cm Wht,0.0000,On Hand,28 Apr 2025
QOH,MHFS-40-X,LRB,OH,Elements Fan Pedest 40cm Wht,0.0000,On Hand,28 Apr 2025
QOH,MHFS-40-Y,LRB,OH,Elements Fan Pedest 40cm Wht,0.0000,On Hand,28 Apr 2025
QOH,MHFS-40-Z,LRB,OH,Elements Fan Pedest 40cm Wht,0.0000,On Hand,28 Apr 2025
QOH,MG-5513F-B,LRB,OH,Elements 30cm Rechargeble Box Fan Black,11.0000,On Hand,28 Apr 2025
QOH,MG-5313F-A,LRB,OH,Element 30cm Rechargeble Desk Fan Wht,45.0000,On Hand,28 Apr 2025
QOH,MG-5313F-F,LRB,OH,Element 30cm Rechargeble Desk Fan Wht,45.0000,On Hand,28 Apr 2025
QOH,MG-5313F-G,LRB,OH,Element 30cm Rechargeble Desk Fan Wht,45.0000,On Hand,28 Apr 2025
QOH,MG-5313F-H,LRB,OH,Element 30cm Rechargeble Desk Fan Wht,45.0000,On Hand,28 Apr 2025
QOH,MG-5313F-I,LRB,OH,Element 30cm Rechargeble Desk Fan Wht,16.0000,On Hand,28 Apr 2025
QOH,MG-5313F-J,LRB,OH,Element 30cm Rechargeble Desk Fan Wht,45.0000,On Hand,28 Apr 2025
QOH,MG-5313F-K,LRB,OH,Element 30cm Rechargeble Desk Fan Wht,45.0000,On Hand,28 Apr 2025
QOH,MG-5313F-L,LRB,OH,Element 30cm Rechargeble Desk Fan Wht,45.0000,On Hand,28 Apr 2025
QOH,NSB-2900,LRB,OH,Elements Heater Quartz 3Bar Wall Mount,108.0000,On Hand,28 Apr 2025
QOH,NSB-2900-D,LRB,OH,Elements Heater Quartz 3Bar Wall Mount,21.0000,On Hand,28 Apr 2025
QOH,NSB-2900-B,LRB,OH,Elements Heater Quartz 3Bar Wall Mount,108.0000,On Hand,28 Apr 2025
QOH,NSB-2900-C,LRB,OH,Elements Heater Quartz 3Bar Wall Mount,108.0000,On Hand,28 Apr 2025
QOH,CABS260-A,Bambino,OH,Discovery Car Seat,0.0000,On Hand,28 Apr 2025
QOH,CABS260-B,Bambino,OH,Discovery Car Seat,0.0000,On Hand,28 Apr 2025
QOH,CABS260-C,Bambino,OH,Discovery Car Seat,0.0000,On Hand,28 Apr 2025
QOH,CABS260-D,Bambino,OH,Discovery Car Seat,0.0000,On Hand,28 Apr 2025
QOH,CABS260-E,Bambino,OH,Discovery Car Seat,0.0000,On Hand,28 Apr 2025
QOH,CABS260-F,Bambino,OH,Discovery Car Seat,0.0000,On Hand,28 Apr 2025
QOH,CABS260-G,Bambino,OH,Discovery Car Seat,0.0000,On Hand,28 Apr 2025
QOH,CABS260-H,Bambino,OH,Discovery Car Seat,0.0000,On Hand,28 Apr 2025
QOH,CABS260-I,Bambino,OH,Discovery Car Seat,0.0000,On Hand,28 Apr 2025
QOH,CABS260-J,Bambino,OH,Discovery Car Seat,0.0000,On Hand,28 Apr 2025
QOH,CABS260-K,Bambino,OH,Discovery Car Seat,0.0000,On Hand,28 Apr 2025
QOH,CABS260-L,Bambino,OH,Discovery Car Seat,0.0000,On Hand,28 Apr 2025
QOH,CABS260-M,Bambino,OH,Discovery Car Seat,0.0000,On Hand,28 Apr 2025
QOH,CABS260-N,Bambino,OH,Discovery Car Seat,0.0000,On Hand,28 Apr 2025
QOH,MG-5616F-F,LRB,OH,Elements Fan Pedest Recharge 40cm,216.0000,On Hand,28 Apr 2025
QOH,CABS260-O,Bambino,OH,Discovery Car Seat,0.0000,On Hand,28 Apr 2025
QOH,CABS260-P,Bambino,OH,Discovery Car Seat,0.0000,On Hand,28 Apr 2025
QOH,CABS260-Q,Bambino,OH,Discovery Car Seat,0.0000,On Hand,28 Apr 2025
QOH,CABS260-R,Bambino,OH,Discovery Car Seat,0.0000,On Hand,28 Apr 2025
QOH,CABS260-S,Bambino,OH,Discovery Car Seat,0.0000,On Hand,28 Apr 2025
QOH,CABS260-T,Bambino,OH,Discovery Car Seat,0.0000,On Hand,28 Apr 2025
QOH,CABS260-U,Bambino,OH,Discovery Car Seat,0.0000,On Hand,28 Apr 2025
QOH,P964,NAD,OH,Mixed Pallet,0.0000,On Hand,28 Apr 2025
QOH,P963,NAD,OH,Mixed Pallet,0.0000,On Hand,28 Apr 2025
QOH,P966,NAD,OH,Mixed Pallet,0.0000,On Hand,28 Apr 2025
QOH,P967,NAD,OH,Mixed Pallet,0.0000,On Hand,28 Apr 2025
QOH,P968,NAD,OH,Mixed Pallet,0.0000,On Hand,28 Apr 2025
QOH,P969,NAD,OH,Mixed Pallet,0.0000,On Hand,28 Apr 2025
QOH,P970,NAD,OH,Mixed Pallet,0.0000,On Hand,28 Apr 2025
QOH,P965A,NAD,OH,Mixed Pallet,0.0000,On Hand,28 Apr 2025
QOH,P973,NAD,OH,Mixed Pallet,0.0000,On Hand,28 Apr 2025
QOH,P971,NAD,OH,Mixed Pallet,0.0000,On Hand,28 Apr 2025
QOH,P972,NAD,OH,Mixed Pallet,0.0000,On Hand,28 Apr 2025
QOH,P975,NAD,OH,Mixed Pallet,0.0000,On Hand,28 Apr 2025
QOH,P974,NAD,OH,Mixed Pallet,0.0000,On Hand,28 Apr 2025
QOH,P976,NAD,OH,Mixed Pallet,0.0000,On Hand,28 Apr 2025
QOH,P977,NAD,OH,Mixed Pallet,0.0000,On Hand,28 Apr 2025
QOH,P982,NAD,OH,Mixed Pallet,0.0000,On Hand,28 Apr 2025
QOH,P978,NAD,OH,Mixed Pallet,0.0000,On Hand,28 Apr 2025
QOH,P979,NAD,OH,Mixed Pallet,0.0000,On Hand,28 Apr 2025
QOH,P981,NAD,OH,Mixed Pallet,0.0000,On Hand,28 Apr 2025
QOH,P983,NAD,OH,Mixed Pallet,0.0000,On Hand,28 Apr 2025
QOH,P984,NAD,OH,Mixed Pallet,0.0000,On Hand,28 Apr 2025
QOH,P985,NAD,OH,Mixed Pallet,0.0000,On Hand,28 Apr 2025
QOH,P980,NAD,OH,Mixed Pallet,0.0000,On Hand,28 Apr 2025
QOH,P986,NAD,OH,Mixed Pallet,0.0000,On Hand,28 Apr 2025
QOH,P958,NAD,OH,Mixed Pallet,0.0000,On Hand,28 Apr 2025
QOH,P959,NAD,OH,Mixed Pallet,0.0000,On Hand,28 Apr 2025
QOH,P962,NAD,OH,Mixed Pallet,0.0000,On Hand,28 Apr 2025
QOH,P960,NAD,OH,Mixed Pallet,0.0000,On Hand,28 Apr 2025
QOH,P961,NAD,OH,Mixed Pallet,0.0000,On Hand,28 Apr 2025
QOH,CACS604-L,Bambino,OH,I Rotate 360 Graphite,12.0000,On Hand,28 Apr 2025
QOH,CABS261-A,Bambino,OH,Grand Prix LX Black,0.0000,On Hand,28 Apr 2025
QOH,CABS261-B,Bambino,OH,Grand Prix LX Black,0.0000,On Hand,28 Apr 2025
QOH,CABS261-C,Bambino,OH,Grand Prix LX Black 2in box,0.0000,On Hand,28 Apr 2025
QOH,1020X710WTL175G-A,Kiki Bags,OH,White Top Liner 175g,0.0000,On Hand,28 Apr 2025
QOH,1020x710WTL175G-B,Kiki Bags,OH,White Top Liner 175g,0.0000,On Hand,28 Apr 2025
QOH,1020x710WTL175G-C,Kiki Bags,OH,White Top Liner 175g,0.0000,On Hand,28 Apr 2025
QOH,MHFS-40-AA,LRB,OH,Elements Fan Pedest 40cm Wht,7.0000,On Hand,28 Apr 2025
QOH,MG-5513F-C,LRB,OH,Elements 30cm Rechargeble Box Fan Black,0.0000,On Hand,28 Apr 2025
QOH,MG-5616F-G,LRB,OH,Elements Fan Pedest Recharge 40cm,0.0000,On Hand,28 Apr 2025
QOH,P987,NAD,OH,Mixed Pallet,0.0000,On Hand,28 Apr 2025
QOH,P988,NAD,OH,Mixed Pallet,0.0000,On Hand,28 Apr 2025
QOH,P989,NAD,OH,Mixed Pallet,0.0000,On Hand,28 Apr 2025
QOH,P990,NAD,OH,Mixed Pallet,0.0000,On Hand,28 Apr 2025
QOH,P991,NAD,OH,Mixed Pallet,0.0000,On Hand,28 Apr 2025
QOH,P992,NAD,OH,Mixed Pallet,0.0000,On Hand,28 Apr 2025
QOH,P993,NAD,OH,Mixed Pallet,0.0000,On Hand,28 Apr 2025
QOH,P994,NAD,OH,Mixed Pallet,0.0000,On Hand,28 Apr 2025
QOH,P995,NAD,OH,Mixed Pallet,0.0000,On Hand,28 Apr 2025
QOH,P996,NAD,OH,Mixed Pallet,0.0000,On Hand,28 Apr 2025
QOH,MG-5314F-A,LRB,OH,Element 40cm Rechargeble Desk Fan,172.0000,On Hand,28 Apr 2025
QOH,MG-5313F-M,LRB,OH,Element 30cm Rechargeble Desk Fan Wht,630.0000,On Hand,28 Apr 2025
QOH,CABS260-V,Bambino,OH,Discovery Car Seat,0.0000,On Hand,28 Apr 2025
QOH,CABS260-W,Bambino,OH,Discovery Car Seat,0.0000,On Hand,28 Apr 2025
QOH,CABS260-X,Bambino,OH,Discovery Car Seat,0.0000,On Hand,28 Apr 2025
QOH,MG-5314F-F,LRB,OH,Element 40cm Rechargeble Desk Fan,384.0000,On Hand,28 Apr 2025
QOH,MG-5314F-G,LRB,OH,Element 40cm Rechargeble Desk Fan,384.0000,On Hand,28 Apr 2025
QOH,MG-5314F-H,LRB,OH,Element 40cm Rechargeble Desk Fan,270.0000,On Hand,28 Apr 2025
QOH,MG-5314F-I,LRB,OH,Element 40cm Rechargeble Desk Fan,36.0000,On Hand,28 Apr 2025
QOH,MG-5314F-J,LRB,OH,Element 40cm Rechargeble Desk Fan,36.0000,On Hand,28 Apr 2025
QOH,MG-5314F-K,LRB,OH,Element 40cm Rechargeble Desk Fan,36.0000,On Hand,28 Apr 2025
QOH,MG-5314F-L,LRB,OH,Element 40cm Rechargeble Desk Fan,36.0000,On Hand,28 Apr 2025
QOH,MG-5314F-M,LRB,OH,Element 40cm Rechargeble Desk Fan,36.0000,On Hand,28 Apr 2025
QOH,MG-5314F-N,LRB,OH,Element 40cm Rechargeble Desk Fan,36.0000,On Hand,28 Apr 2025
QOH,MG-5314F-O,LRB,OH,Element 40cm Rechargeble Desk Fan,36.0000,On Hand,28 Apr 2025
QOH,MG-5314F-P,LRB,OH,Element 40cm Rechargeble Desk Fan,36.0000,On Hand,28 Apr 2025
QOH,MG-5314F-Q,LRB,OH,Element 40cm Rechargeble Desk Fan,36.0000,On Hand,28 Apr 2025
QOH,MG-5314F-R,LRB,OH,Element 40cm Rechargeble Desk Fan,36.0000,On Hand,28 Apr 2025
QOH,MG-5314F-S,LRB,OH,Element 40cm Rechargeble Desk Fan,36.0000,On Hand,28 Apr 2025
QOH,MG-5513F-D,LRB,OH,Elements 30cm Rechargeble Box Fan Black,273.0000,On Hand,28 Apr 2025
QOH,MG-5513F-E,LRB,OH,Elements 30cm Rechargeble Box Fan Black,213.0000,On Hand,28 Apr 2025
QOH,MG-5616F-H,LRB,OH,Elements Fan Pedest Recharge 40cm,5.0000,On Hand,28 Apr 2025
QOH,MG-5313F-N,LRB,OH,Element 30cm Rechargeble Desk Fan Wht,0.0000,On Hand,28 Apr 2025
QOH,MG-5313F-O,LRB,OH,Element 30cm Rechargeble Desk Fan Wht,0.0000,On Hand,28 Apr 2025
QOH,MG-5313F-P,LRB,OH,Element 30cm Rechargeble Desk Fan Wht,225.0000,On Hand,28 Apr 2025
QOH,MG-5314F-T,LRB,OH,Elements 40cm Rechargable Desk Fan White,36.0000,On Hand,28 Apr 2025
QOH,MG-5314F-U,LRB,OH,Elements 40cm Rechargable Desk Fan White,24.0000,On Hand,28 Apr 2025
QOH,MG-5314F-V,LRB,OH,Elements 40cm Rechargable Desk Fan White,36.0000,On Hand,28 Apr 2025
QOH,MG-5314F-W,LRB,OH,Elements 40cm Rechargable Desk Fan White,28.0000,On Hand,28 Apr 2025
QOH,MG-5314F-X,LRB,OH,Elements 40cm Rechargable Desk Fan White,4.0000,On Hand,28 Apr 2025
QOH,MG-5314F-Y,LRB,OH,Elements 40cm Rechargable Desk Fan White,0.0000,On Hand,28 Apr 2025
QOH,MG-5314F-Z,LRB,OH,Elements 40cm Rechargable Desk Fan White,0.0000,On Hand,28 Apr 2025
QOH,MG-5314F-AA,LRB,OH,Elements 40cm Rechargable Desk Fan White,0.0000,On Hand,28 Apr 2025
QOH,MG-5314F-AB,LRB,OH,Elements 40cm Rechargable Desk Fan White,36.0000,On Hand,28 Apr 2025
QOH,MG-5314F-AC,LRB,OH,Elements 40cm Rechargable Desk Fan White,36.0000,On Hand,28 Apr 2025
QOH,MG-5314F-AD,LRB,OH,Elements 40cm Rechargable Desk Fan White,36.0000,On Hand,28 Apr 2025
QOH,MG5314-F-AE,LRB,OH,Elements 40cm Rechargable Desk Fan White,34.0000,On Hand,28 Apr 2025
QOH,MG-5314F-AF,LRB,OH,Elements 40cm Rechargable Desk Fan White,37.0000,On Hand,28 Apr 2025
QOH,MG-5314F-AG,LRB,OH,Elements 40cm Rechargable Desk Fan White,0.0000,On Hand,28 Apr 2025
QOH,MG-5314F-AH,LRB,OH,Elements 40cm Rechargable Desk Fan White,141.0000,On Hand,28 Apr 2025
QOH,MG-5314F-AI,LRB,OH,Elements 40cm Rechargable Desk Fan White,360.0000,On Hand,28 Apr 2025
QOH,MG-5313F-Q,LRB,OH,Elements 30cm Rechargeble Desk Fan Wht,49.0000,On Hand,28 Apr 2025
QOH,MG-5313F-R,LRB,OH,Elements 30cm Rechargeble Desk Fan Wht,33.0000,On Hand,28 Apr 2025
QOH,MG-5513F-F,LRB,OH,Elements 30cm Rechargeble Box Fan Black,0.0000,On Hand,28 Apr 2025
QOH,HWH22-B,Hygizone,OH,Wall Hung Toilet White,13.0000,On Hand,28 Apr 2025
QOH,P1229,NAD,OH,Mixed Pallet,0.0000,On Hand,28 Apr 2025
QOH,P997,NAD,OH,Mixed Pallet,0.0000,On Hand,28 Apr 2025
QOH,P998,NAD,OH,Mixed Pallet,0.0000,On Hand,28 Apr 2025
QOH,P999,NAD,OH,Mixed Pallet,0.0000,On Hand,28 Apr 2025
QOH,P1000,NAD,OH,Mixed Pallet,0.0000,On Hand,28 Apr 2025
QOH,P1001,NAD,OH,Mixed Pallet,0.0000,On Hand,28 Apr 2025
QOH,P1002,NAD,OH,Mixed Pallet,0.0000,On Hand,28 Apr 2025
QOH,P1224,NAD,OH,Mixed Pallet,0.0000,On Hand,28 Apr 2025
QOH,P1223,NAD,OH,Mixed Pallet,0.0000,On Hand,28 Apr 2025
QOH,P1216,NAD,OH,Mixed Pallet,0.0000,On Hand,28 Apr 2025
QOH,P1225,NAD,OH,Mixed Pallet,0.0000,On Hand,28 Apr 2025
QOH,P1007,NAD,OH,Mixed Pallet,0.0000,On Hand,28 Apr 2025
QOH,P1008,NAD,OH,Mixed Pallet,0.0000,On Hand,28 Apr 2025
QOH,P1009,NAD,OH,Mixed Pallet,0.0000,On Hand,28 Apr 2025
QOH,P1010,NAD,OH,Mixed Pallet,0.0000,On Hand,28 Apr 2025
QOH,P1221,NAD,OH,Mixed Pallet,0.0000,On Hand,28 Apr 2025
QOH,P1222,NAD,OH,Mixed Pallet,0.0000,On Hand,28 Apr 2025
QOH,P1013,NAD,OH,Mixed Pallet,0.0000,On Hand,28 Apr 2025
QOH,P1014,NAD,OH,Mixed Pallet,0.0000,On Hand,28 Apr 2025
QOH,P1227,NAD,OH,Mixed Pallet,0.0000,On Hand,28 Apr 2025
QOH,P1016,NAD,OH,Mixed Pallet,0.0000,On Hand,28 Apr 2025
QOH,P1228,NAD,OH,Mixed Pallet,0.0000,On Hand,28 Apr 2025
QOH,P1226,NAD,OH,Mixed Pallet,0.0000,On Hand,28 Apr 2025
QOH,K001,Kiki Bags,OH,2 Ply Unprinted Brown Sacks,0.0000,On Hand,28 Apr 2025
QOH,P865,NAD,OH,Mixed Pallet,0.0000,On Hand,28 Apr 2025
QOH,FE-45II (CHROME),LRB,OH,Elements High Velocity Floor Fan Chrome BD,1.0000,On Hand,28 Apr 2025
QOH,FE-45II (BLACK),LRB,OH,Elements High Velocity Floor Fan Black,0.0000,On Hand,28 Apr 2025
QOH,FSW-45B1-O,LRB,OH,Elements Fan High Velocity Box Damaged,3.0000,On Hand,28 Apr 2025
QOH,FT30MCW-E,LRB,OH,Elements Fan Desk Classic 30cm White,60.0000,On Hand,28 Apr 2025
QOH,FT30MCR,LRB,OH,Elements Fan Desk Classic 30cm Red,53.0000,On Hand,28 Apr 2025
QOH,FT30MCB-A,LRB,OH,Elements Fan Desk Classic 30cm Black,60.0000,On Hand,28 Apr 2025
QOH,FE-45II(CHROME)A,LRB,OH,Elements High Velocity Floor Fan Chrome,0.0000,On Hand,28 Apr 2025
QOH,FE-45II(CHROME)B,LRB,OH,Elements High Velocity Floor Fan Chrome,0.0000,On Hand,28 Apr 2025
QOH,FE-45II(CHROME)C,LRB,OH,Elements High Velocity Floor Fan Chrome,0.0000,On Hand,28 Apr 2025
QOH,FSW-45B1-P,LRB,OH,Elements Fan High Velocity,235.0000,On Hand,28 Apr 2025
QOH,FE-45II(BLACK)A,LRB,OH,Elements High Velocity Floor Fan Black,0.0000,On Hand,28 Apr 2025
QOH,FE-45II(BLACK)B,LRB,OH,Elements High Velocity Floor Fan Black,0.0000,On Hand,28 Apr 2025
QOH,FT30MCR-A,LRB,OH,Elements Fan Desk Classic 30cm Red,58.0000,On Hand,28 Apr 2025
QOH,FT30MCR-E,LRB,OH,Elements Fan Desk Classic 30cm Red,60.0000,On Hand,28 Apr 2025
QOH,FT30MCR-F,LRB,OH,Elements Fan Desk Classic 30cm Red,60.0000,On Hand,28 Apr 2025
QOH,FT30MCR-G,LRB,OH,Elements Fan Desk Classic 30cm Red,65.0000,On Hand,28 Apr 2025
QOH,FT30MCW,LRB,OH,Elements Fan Desk Classic 30cm White,49.0000,On Hand,28 Apr 2025
QOH,FT30MCW-F,LRB,OH,Elements Fan Desk Classic 30cm White,60.0000,On Hand,28 Apr 2025
QOH,FT30MCW-G,LRB,OH,Elements Fan Desk Classic 30cm White,60.0000,On Hand,28 Apr 2025
QOH,FT30MCW-H,LRB,OH,Elements Fan Desk Classic 30cm White,60.0000,On Hand,28 Apr 2025
QOH,FT30MCB-B,LRB,OH,Elements Fan Desk Classic 30cm Black,60.0000,On Hand,28 Apr 2025
QOH,FT30MCB-C,LRB,OH,Elements Fan Desk Classic 30cm Black,56.0000,On Hand,28 Apr 2025
QOH,FT30MCB-D,LRB,OH,Elements Fan Desk Classic 30cm Black,1.0000,On Hand,28 Apr 2025
QOH,FT30MCB-F,LRB,OH,Elements Fan Desk Classic 30cm Black,64.0000,On Hand,28 Apr 2025
QOH,FE-45II(BLACK)-C,LRB,OH,Elements High Velocity Floor Fan Black,0.0000,On Hand,28 Apr 2025
QOH,FE-45II(BLACK)-D,LRB,OH,Elements High Velocity Floor Fan Black,0.0000,On Hand,28 Apr 2025
QOH,FE-45II(BLACK)-E,LRB,OH,Elements High Velocity Floor Fan Black,0.0000,On Hand,28 Apr 2025
QOH,FE-45II(BLACK)-F,LRB,OH,Elements High Velocity Floor Fan Black,0.0000,On Hand,28 Apr 2025
QOH,FE-45II(BLACK)-G,LRB,OH,Elements High Velocity Floor Fan Black,0.0000,On Hand,28 Apr 2025
QOH,FE-45II(BLACK)J,LRB,OH,Elements High Velocity Floor Fan Black,0.0000,On Hand,28 Apr 2025
QOH,FE-45II(BLACK)-H,LRB,OH,Elements High Velocity Floor Fan Black,0.0000,On Hand,28 Apr 2025
QOH,FE-45II(BALK)K,LRB,OH,Elements High Velocity Floor Fan Black,0.0000,On Hand,28 Apr 2025
QOH,FE-45II(BLACK)-I,LRB,OH,Elements High Velocity Floor Fan Black,0.0000,On Hand,28 Apr 2025
QOH,990022D,Niemann,OH,U12188 Light Grey XG*/VV MDF (GLS),0.0000,On Hand,28 Apr 2025
QOH,990026C,Niemann,OH,U12168 Sahara Matt,0.0000,On Hand,28 Apr 2025
QOH,990021A,Niemann,OH,U12168 Sahara Gloss,0.0000,On Hand,28 Apr 2025
QOH,990030D,Niemann,OH,U16002 Graubraun XG*/VV MDF (Gloss),0.0000,On Hand,28 Apr 2025
QOH,990030E,Niemann,OH,U16002 Graubraun XG*/VV MDF (Gloss),20.0000,On Hand,28 Apr 2025
QOH,990027,Niemann,OH,U12188 Light Grey Matt,0.0000,On Hand,28 Apr 2025
QOH,990027A,Niemann,OH,U12188 Light Grey Matt,0.0000,On Hand,28 Apr 2025
QOH,W109,ABC Building Materials,OH,ORAC 3D Wall Panel,0.0000,On Hand,28 Apr 2025
QOH,SX155,ABC Building Materials,OH,ORAC Skirting,0.0000,On Hand,28 Apr 2025
QOH,SX156,ABC Building Materials,OH,ORAC Skirting,0.0000,On Hand,28 Apr 2025
QOH,PX175,ABC Building Materials,OH,ORAC Panel Molding,0.0000,On Hand,28 Apr 2025
QOH,SX162,ABC Building Materials,OH,ORAC Skirting,0.0000,On Hand,28 Apr 2025
QOH,SX168,ABC Building Materials,OH,ORAC Skirting,0.0000,On Hand,28 Apr 2025
QOH,D507,ABC Building Materials,OH,ORAC Panel,40.0000,On Hand,28 Apr 2025
QOH,SX162-A,ABC Building Materials,OH,ORAC Skirting,0.0000,On Hand,28 Apr 2025
QOH,SX162-B,ABC Building Materials,OH,ORAC Skirting,0.0000,On Hand,28 Apr 2025
QOH,SX179,ABC Building Materials,OH,ORAC Indirect Lighting,120.0000,On Hand,28 Apr 2025
QOH,SX179-A,ABC Building Materials,OH,ORAC Indirect Lighting,280.0000,On Hand,28 Apr 2025
QOH,SX179-B,ABC Building Materials,OH,ORAC Indirect Lighting,80.0000,On Hand,28 Apr 2025
QOH,SX179-C,ABC Building Materials,OH,ORAC Indirect Lighting,120.0000,On Hand,28 Apr 2025
QOH,SX179-D,ABC Building Materials,OH,ORAC Indirect Lighting,140.0000,On Hand,28 Apr 2025
QOH,SX179-E,ABC Building Materials,OH,ORAC Indirect Lighting,480.0000,On Hand,28 Apr 2025
QOH,SX179-F,ABC Building Materials,OH,ORAC Indirect Lighting,360.0000,On Hand,28 Apr 2025
QOH,WX205-2600,ABC Building Materials,OH,ORAC 3D Wall Panel,0.0000,On Hand,28 Apr 2025
QOH,C343,ABC Building Materials,OH,ORAC Cornice Molding,36.0000,On Hand,28 Apr 2025
QOH,SX118,ABC Building Materials,OH,ORAC Skirting,0.0000,On Hand,28 Apr 2025
QOH,SX118-A,ABC Building Materials,OH,ORAC Skirting,0.0000,On Hand,28 Apr 2025
QOH,SX118F,ABC Building Materials,OH,ORAC Flex Skirting,50.0000,On Hand,28 Apr 2025
QOH,C338,ABC Building Materials,OH,ORAC Cornice Molding,0.0000,On Hand,28 Apr 2025
QOH,C338A,ABC Building Materials,OH,ORAC Cornice Molding,4.0000,On Hand,28 Apr 2025
QOH,C338B,ABC Building Materials,OH,ORAC Cornice Molding,1.0000,On Hand,28 Apr 2025
QOH,D504,ABC Building Materials,OH,ORAC Panel,58.0000,On Hand,28 Apr 2025
QOH,C201,ABC Building Materials,OH,ORAC Cornice Molding,20.0000,On Hand,28 Apr 2025
QOH,FX400,ABC Building Materials,OH,ORAC DecoFix Ultra 270ml,0.0000,On Hand,28 Apr 2025
QOH,FDP700,ABC Building Materials,OH,ORAC DecoFix Power 290ml,0.0000,On Hand,28 Apr 2025
QOH,W109-A,ABC Building Materials,OH,ORAC 3D Wall Panel,0.0000,On Hand,28 Apr 2025
QOH,SX155-A,ABC Building Materials,OH,ORAC Skirting,0.0000,On Hand,28 Apr 2025
QOH,SX156-A,ABC Building Materials,OH,ORAC Skirting,0.0000,On Hand,28 Apr 2025
QOH,PX175-A,ABC Building Materials,OH,ORAC Panel Molding,0.0000,On Hand,28 Apr 2025
QOH,SX168-A,ABC Building Materials,OH,ORAC Skirting,0.0000,On Hand,28 Apr 2025
QOH,FSW-45B1-D,LRB,OH,Elements Fan High Velocity 3 in1 45cm,27.0000,On Hand,28 Apr 2025
QOH,FSW-45B1-E,LRB,OH,Elements Fan High Velocity 3 in1 45cm,19.0000,On Hand,28 Apr 2025
QOH,FE-45II(BLACK)L,LRB,OH,Elements High Velocity Floor Fan Black,0.0000,On Hand,28 Apr 2025
QOH,P1020,NAD,OH,Mixed Pallet,1.0000,On Hand,28 Apr 2025
QOH,P1021,NAD,OH,Mixed Pallet,0.0000,On Hand,28 Apr 2025
QOH,P1026,NAD,OH,Mixed Pallet,0.0000,On Hand,28 Apr 2025
QOH,P1230,NAD,OH,Mixed Pallet,0.0000,On Hand,28 Apr 2025
QOH,P1024,NAD,OH,Mixed Pallet,0.0000,On Hand,28 Apr 2025
QOH,P1231,NAD,OH,Mixed Pallet,0.0000,On Hand,28 Apr 2025
QOH,P1031,NAD,OH,Mixed Pallet,0.0000,On Hand,28 Apr 2025
QOH,P1029,NAD,OH,Mixed Pallet,0.0000,On Hand,28 Apr 2025
QOH,P1027,NAD,OH,Mixed Pallet,0.0000,On Hand,28 Apr 2025
QOH,P1032,NAD,OH,Mixed Pallet,0.0000,On Hand,28 Apr 2025
QOH,P1033,NAD,OH,Mixed Pallet,0.0000,On Hand,28 Apr 2025
QOH,P1034,NAD,OH,Mixed Pallet,1.0000,On Hand,28 Apr 2025
QOH,P1041,NAD,OH,Mixed Pallet,0.0000,On Hand,28 Apr 2025
QOH,P1237,NAD,OH,Mixed Pallet,0.0000,On Hand,28 Apr 2025
QOH,P1233,NAD,OH,Mixed Pallet,0.0000,On Hand,28 Apr 2025
QOH,P1234,NAD,OH,Mixed Pallet,0.0000,On Hand,28 Apr 2025
QOH,P1030,NAD,OH,Mixed Pallet,0.0000,On Hand,28 Apr 2025
QOH,P1235,NAD,OH,Mixed Pallet,0.0000,On Hand,28 Apr 2025
QOH,P1025,NAD,OH,Mixed Pallet,0.0000,On Hand,28 Apr 2025
QOH,P1028,NAD,OH,Mixed Pallet,0.0000,On Hand,28 Apr 2025
QOH,P1232,NAD,OH,Mixed Pallet,0.0000,On Hand,28 Apr 2025
QOH,P1043,NAD,OH,Mixed Pallet,0.0000,On Hand,28 Apr 2025
QOH,P1042,NAD,OH,Mixed Pallet,0.0000,On Hand,28 Apr 2025
QOH,P1236,NAD,OH,Mixed Pallet,0.0000,On Hand,28 Apr 2025
QOH,TCBS380,Bambino,OH,Sweetdreams Grey Malange Campcot,25.0000,On Hand,28 Apr 2025
QOH,TBCS380-A,Bambino,OH,Sweetdreams Grey Malange Campcot,0.0000,On Hand,28 Apr 2025
QOH,TCBS380-B,Bambino,OH,Sweetdreams Grey Malange Campcot,25.0000,On Hand,28 Apr 2025
QOH,TCBS380-C,Bambino,OH,Sweetdreams Grey Malange Campcot,0.0000,On Hand,28 Apr 2025
QOH,TCBS380-D,Bambino,OH,Sweetdreams Grey Malange Campcot,25.0000,On Hand,28 Apr 2025
QOH,TCBS380-E,Bambino,OH,Sweetdreams Grey Malange Campcot,25.0000,On Hand,28 Apr 2025
QOH,TCBS380-F,Bambino,OH,Sweetdreams Grey Malange Campcot,25.0000,On Hand,28 Apr 2025
QOH,TCBS380-G,Bambino,OH,Sweetdreams Grey Malange Campcot,25.0000,On Hand,28 Apr 2025
QOH,TCBS380-H,Bambino,OH,Sweetdreams Grey Malange Campcot,25.0000,On Hand,28 Apr 2025
QOH,TCBS380-I,Bambino,OH,Sweetdreams Grey Malange Campcot,25.0000,On Hand,28 Apr 2025
QOH,TCBS380-J,Bambino,OH,Sweetdreams Grey Malange Campcot,25.0000,On Hand,28 Apr 2025
QOH,TCBS380-K,Bambino,OH,Sweetdreams Grey Malange Campcot,0.0000,On Hand,28 Apr 2025
QOH,TCBS380-L,Bambino,OH,Sweetdreams Grey Malange Campcot,0.0000,On Hand,28 Apr 2025
QOH,TCBS400-G,Bambino,OH,Side By Side Playard,20.0000,On Hand,28 Apr 2025
QOH,TCBS400-H,Bambino,OH,Side By Side Playard,0.0000,On Hand,28 Apr 2025
QOH,TCBS400-I,Bambino,OH,Side By Side Playard,0.0000,On Hand,28 Apr 2025
QOH,TCBS400-J,Bambino,OH,Side By Side Playard,0.0000,On Hand,28 Apr 2025
QOH,TCBS400-K,Bambino,OH,Side By Side Playard,20.0000,On Hand,28 Apr 2025
QOH,TCBS381-A,Bambino,OH,Sweetdreams Mocha Melange Campcot,0.0000,On Hand,28 Apr 2025
QOH,TCBS381-B,Bambino,OH,Sweetdreams Mocha Melange Campcot,0.0000,On Hand,28 Apr 2025
QOH,TCBS381-C,Bambino,OH,Sweetdreams Mocha Melange Campcot,0.0000,On Hand,28 Apr 2025
QOH,TCBS381-D,Bambino,OH,Sweetdreams Mocha Melange Campcot,0.0000,On Hand,28 Apr 2025
QOH,TCBS381-E,Bambino,OH,Sweetdreams Mocha Melange Campcot,0.0000,On Hand,28 Apr 2025
QOH,C338C,ABC Building Materials,OH,ORAC Cornice Molding,8.0000,On Hand,28 Apr 2025
QOH,CACS771,Bambino,OH,Jole Stages Coal,0.0000,On Hand,28 Apr 2025
QOH,CACS746,Bambino,OH,Car Seat Elevate Two Tone Black,0.0000,On Hand,28 Apr 2025
QOH,P1045,NAD,OH,Mixed Pallet,0.0000,On Hand,28 Apr 2025
QOH,P1044,NAD,OH,Mixed Pallet,0.0000,On Hand,28 Apr 2025
QOH,P1046,NAD,OH,Mixed Pallet,0.0000,On Hand,28 Apr 2025
QOH,P1047,NAD,OH,Mixed Pallet,0.0000,On Hand,28 Apr 2025
QOH,P1048,NAD,OH,Mixed Pallet,0.0000,On Hand,28 Apr 2025
QOH,P1049,NAD,OH,Mixed Pallet,0.0000,On Hand,28 Apr 2025
QOH,P1050,NAD,OH,Mixed Pallet,0.0000,On Hand,28 Apr 2025
QOH,P1056,NAD,OH,Mixed Pallet,0.0000,On Hand,28 Apr 2025
QOH,P1055,NAD,OH,Mixed Pallet,0.0000,On Hand,28 Apr 2025
QOH,P1060,NAD,OH,Mixed Pallet,0.0000,On Hand,28 Apr 2025
QOH,P1052,NAD,OH,Mixed Pallet,0.0000,On Hand,28 Apr 2025
QOH,P1053,NAD,OH,Mixed Pallet,0.0000,On Hand,28 Apr 2025
QOH,P1051,NAD,OH,Mixed Pallet,0.0000,On Hand,28 Apr 2025
QOH,P1054,NAD,OH,Mixed Pallet,0.0000,On Hand,28 Apr 2025
QOH,P1062,NAD,OH,Mixed Pallet,0.0000,On Hand,28 Apr 2025
QOH,P1061,NAD,OH,Mixed Pallet,0.0000,On Hand,28 Apr 2025
QOH,P1063,NAD,OH,Mixed Pallet,0.0000,On Hand,28 Apr 2025
QOH,P1057,NAD,OH,Mixed Pallet,0.0000,On Hand,28 Apr 2025
QOH,P1058,NAD,OH,Mixed Pallet,0.0000,On Hand,28 Apr 2025
QOH,P1059,NAD,OH,Mixed Pallet,0.0000,On Hand,28 Apr 2025
QOH,P1064,NAD,OH,Mixed Pallet,0.0000,On Hand,28 Apr 2025
QOH,P1065,NAD,OH,Mixed Pallet,0.0000,On Hand,28 Apr 2025
QOH,P1066,NAD,OH,Mixed Pallet,0.0000,On Hand,28 Apr 2025
QOH,P1067,NAD,OH,Mixed Pallet,0.0000,On Hand,28 Apr 2025
QOH,P1068,NAD,OH,Mixed Pallet,0.0000,On Hand,28 Apr 2025
QOH,P1069,NAD,OH,Mixed Pallet,0.0000,On Hand,28 Apr 2025
QOH,P1070,NAD,OH,Mixed Pallet,0.0000,On Hand,28 Apr 2025
QOH,P1071,NAD,OH,Mixed Pallet,0.0000,On Hand,28 Apr 2025
QOH,P1072,NAD,OH,Mixed Pallet,0.0000,On Hand,28 Apr 2025
QOH,P1073,NAD,OH,Mixed Pallet,0.0000,On Hand,28 Apr 2025
QOH,P1074,NAD,OH,Mixed Pallet,0.0000,On Hand,28 Apr 2025
QOH,P1075,NAD,OH,Mixed Pallet,0.0000,On Hand,28 Apr 2025
QOH,P1076,NAD,OH,Mixed Pallet,0.0000,On Hand,28 Apr 2025
QOH,P1077,NAD,OH,Mixed Pallet,0.0000,On Hand,28 Apr 2025
QOH,P1078,NAD,OH,Mixed Pallet,0.0000,On Hand,28 Apr 2025
QOH,P1079,NAD,OH,Mixed Pallet,0.0000,On Hand,28 Apr 2025
QOH,P1080,NAD,OH,Mixed Pallet,0.0000,On Hand,28 Apr 2025
QOH,P1081,NAD,OH,Mixed Pallet,0.0000,On Hand,28 Apr 2025
QOH,P1082,NAD,OH,Mixed Pallet,0.0000,On Hand,28 Apr 2025
QOH,P1083,NAD,OH,Mixed Pallet,0.0000,On Hand,28 Apr 2025
QOH,P1084,NAD,OH,Mixed Pallet,0.0000,On Hand,28 Apr 2025
QOH,P1085,NAD,OH,Mixed Pallet,0.0000,On Hand,28 Apr 2025
QOH,P1086,NAD,OH,Mixed Pallet,0.0000,On Hand,28 Apr 2025
QOH,WACB027,Bambino,OH,Activity Walker Animal Friends,0.0000,On Hand,28 Apr 2025
QOH,WACB027-A,Bambino,OH,Activity Walker Animal Friends,0.0000,On Hand,28 Apr 2025
QOH,WACB027-B,Bambino,OH,Activity Walker Animal Friends,0.0000,On Hand,28 Apr 2025
QOH,WACB027-C,Bambino,OH,Activity Walker Animal Friends,0.0000,On Hand,28 Apr 2025
QOH,WACB027-D,Bambino,OH,Activity Walker Animal Friends,0.0000,On Hand,28 Apr 2025
QOH,WACB027-E,Bambino,OH,Activity Walker Animal Friends,0.0000,On Hand,28 Apr 2025
QOH,WACB027-F,Bambino,OH,Activity Walker Animal Friends,0.0000,On Hand,28 Apr 2025
QOH,WACB027-G,Bambino,OH,Activity Walker Animal Friends,0.0000,On Hand,28 Apr 2025
QOH,WACB028-A,Bambino,OH,Icon Plus Walker Grey,0.0000,On Hand,28 Apr 2025
QOH,WACB028-B,Bambino,OH,Icon Plus Walker Grey,0.0000,On Hand,28 Apr 2025
QOH,WACB028-C,Bambino,OH,Icon Plus Walker Grey,0.0000,On Hand,28 Apr 2025
QOH,WACB028-D,Bambino,OH,Icon Plus Walker Grey,0.0000,On Hand,28 Apr 2025
QOH,WACB028-E,Bambino,OH,Icon Plus Walker Grey,0.0000,On Hand,28 Apr 2025
QOH,WACB028-F,Bambino,OH,Icon Plus Walker Grey,0.0000,On Hand,28 Apr 2025
QOH,WACB028-G,Bambino,OH,Icon Plus Walker Grey,0.0000,On Hand,28 Apr 2025
QOH,WACB030-A,Bambino,OH,2 in 1 Walker Rocker,11.0000,On Hand,28 Apr 2025
QOH,WACB030-B,Bambino,OH,2 in 1 Walker Rocker,11.0000,On Hand,28 Apr 2025
QOH,WACB030-W,Bambino,OH,2 in 1 Walker Rocker,22.0000,On Hand,28 Apr 2025
QOH,WACB030-X,Bambino,OH,2 in 1 Walker Rocker,22.0000,On Hand,28 Apr 2025
QOH,WACB030-Y,Bambino,OH,2 in 1 Walker Rocker,1.0000,On Hand,28 Apr 2025
QOH,WACB030-Z,Bambino,OH,2 in 1 Walker Rocker,0.0000,On Hand,28 Apr 2025
QOH,WACB030-AA,Bambino,OH,2 in 1 Walker Rocker,0.0000,On Hand,28 Apr 2025
QOH,SAPRES,Bambino,OH,BAMBINO 5096,0.0000,On Hand,28 Apr 2025
QOH,CACS771-A,Bambino,OH,Jole Stages Coal,0.0000,On Hand,28 Apr 2025
QOH,15-00-26A,Kiki Trading,OH,15-00-26 Sierraform GT 07/02/2025,50.0000,On Hand,28 Apr 2025
QOH,P1087,NAD,OH,Mixed Pallet,0.0000,On Hand,28 Apr 2025
QOH,P1088,NAD,OH,Mixed Pallet,0.0000,On Hand,28 Apr 2025
QOH,STTS828-A,Bambino,OH,Muze LX Travel System - Coal,0.0000,On Hand,28 Apr 2025
QOH,STTS828-G,Bambino,OH,Muze LX Travel System - Coal,0.0000,On Hand,28 Apr 2025
QOH,STTS828-D,Bambino,OH,Muze LX Travel System - Coal,0.0000,On Hand,28 Apr 2025
QOH,STTS828-F,Bambino,OH,Muze LX Travel System - Coal,0.0000,On Hand,28 Apr 2025
QOH,STTS828-H,Bambino,OH,Muze LX Travel System - Coal,0.0000,On Hand,28 Apr 2025
QOH,CACS771-B,Bambino,OH,Jole Stages Coal,0.0000,On Hand,28 Apr 2025
QOH,CACS771-C,Bambino,OH,Jole Stages Coal,0.0000,On Hand,28 Apr 2025
QOH,TCBS380-A,Bambino,OH,Sweetdreams Grey Malange Campcot,25.0000,On Hand,28 Apr 2025
QOH,FSW-45B1-G,LRB,OH,Elements Fan High Velocity 3 in 1 45cm,17.0000,On Hand,28 Apr 2025
QOH,FSW-45B1-J,LRB,OH,Elements Fan High Velocity 3 in 1 45cm Box Damaged,0.0000,On Hand,28 Apr 2025
QOH,FSW-45B1-Q,LRB,OH,Elements Fan High Velocity 3 in 1 45cm,241.0000,On Hand,28 Apr 2025
QOH,FSW-45B1-R,LRB,OH,Elements Fan High Velocity 3 in 1 45cm,235.0000,On Hand,28 Apr 2025
QOH,FSW-45B1-S,LRB,OH,Elements Fan High Velocity 3 in 1 45cm,139.0000,On Hand,28 Apr 2025
QOH,FSW-45-L,LRB,OH,Elements Fan High Velocity 3 in 1 45cm,0.0000,On Hand,28 Apr 2025
QOH,FSW-45-M,LRB,OH,Elements Fan High Velocity 3 in 1 45cm,0.0000,On Hand,28 Apr 2025
QOH,FSW-45B1-T,LRB,OH,Elements Fan High Velocity 3 in 1 45cm,0.0000,On Hand,28 Apr 2025
QOH,FSW-45B1-U,LRB,OH,Elements Fan High Velocity 3 in 1 45cm BD,7.0000,On Hand,28 Apr 2025
QOH,P1089,NAD,OH,Mixed Pallet,0.0000,On Hand,28 Apr 2025
QOH,P1090,NAD,OH,Mixed Pallet,0.0000,On Hand,28 Apr 2025
QOH,P1091,NAD,OH,Mixed Pallet,0.0000,On Hand,28 Apr 2025
QOH,P1092,NAD,OH,Mixed Pallet,0.0000,On Hand,28 Apr 2025
QOH,P1093,NAD,OH,Mixed Pallet,0.0000,On Hand,28 Apr 2025
QOH,P1094,NAD,OH,Mixed Pallet,0.0000,On Hand,28 Apr 2025
QOH,P1095,NAD,OH,Mixed Pallet,0.0000,On Hand,28 Apr 2025
QOH,P1096,NAD,OH,Mixed Pallet,0.0000,On Hand,28 Apr 2025
QOH,P1097,NAD,OH,Mixed Pallet,0.0000,On Hand,28 Apr 2025
QOH,P1098,NAD,OH,Mixed Pallet,0.0000,On Hand,28 Apr 2025
QOH,P1099,NAD,OH,Mixed Pallet,0.0000,On Hand,28 Apr 2025
QOH,P1100,NAD,OH,Mixed Pallet,0.0000,On Hand,28 Apr 2025
QOH,P1101,NAD,OH,Mixed Pallet,0.0000,On Hand,28 Apr 2025
QOH,P1102,NAD,OH,Mixed Pallet,0.0000,On Hand,28 Apr 2025
QOH,P1103,NAD,OH,Mixed Pallet,0.0000,On Hand,28 Apr 2025
QOH,P1104,NAD,OH,Mixed Pallet,0.0000,On Hand,28 Apr 2025
QOH,P1105,NAD,OH,Mixed Pallet,0.0000,On Hand,28 Apr 2025
QOH,P1106,NAD,OH,Mixed Pallet,0.0000,On Hand,28 Apr 2025
QOH,P1107,NAD,OH,Mixed Pallet,0.0000,On Hand,28 Apr 2025
QOH,P1108,NAD,OH,Mixed Pallet,0.0000,On Hand,28 Apr 2025
QOH,P1109,NAD,OH,Mixed Pallet,0.0000,On Hand,28 Apr 2025
QOH,P1110,NAD,OH,Mixed Pallet,0.0000,On Hand,28 Apr 2025
QOH,P1111,NAD,OH,Mixed Pallet,0.0000,On Hand,28 Apr 2025
QOH,KRONOS 2190/25,KMS,OH,2190/25KG Titanium Dioxide,0.0000,On Hand,28 Apr 2025
QOH,18+06+18-A,Kiki Trading,OH,18+06+18 Sierraform GT latest 17/01/25,50.0000,On Hand,28 Apr 2025
QOH,18+06+18-B,Kiki Trading,OH,18+06+18 Sierraform GT latest 17/01/25,50.0000,On Hand,28 Apr 2025
QOH,18+06+18+-C,Kiki Trading,OH,18+06+18 Sierraform GT latest 17-01-2025,51.0000,On Hand,28 Apr 2025
QOH,KIKIBOXES-A,Kiki Trading,OH,Kiki Trading Empty Boxes 25KG,44.0000,On Hand,28 Apr 2025
QOH,MG-5513F-G,LRB,OH,Elements 30cm Rechargeble Box Fan Black,1.0000,On Hand,28 Apr 2025
QOH,MG-5314F-AJ,LRB,OH,Elements 40cm Rechargeble Desk Fan Wht,1.0000,On Hand,28 Apr 2025
QOH,TCBS400-L,Bambino,OH,Side By Side Playard,20.0000,On Hand,28 Apr 2025
QOH,CACS604-M,Bambino,OH,I Rotate 360 Graphite,12.0000,On Hand,28 Apr 2025
QOH,CACS604-N,Bambino,OH,I Rotate 360 Graphite,12.0000,On Hand,28 Apr 2025
QOH,CACS604-O,Bambino,OH,I Rotate 360 Graphite,12.0000,On Hand,28 Apr 2025
QOH,CACS604-P,Bambino,OH,I Rotate 360 Graphite,12.0000,On Hand,28 Apr 2025
QOH,P1112,NAD,OH,Mixed Pallet,0.0000,On Hand,28 Apr 2025
QOH,P1113,NAD,OH,Mixed Pallet,0.0000,On Hand,28 Apr 2025
QOH,P1114,NAD,OH,Mixed Pallet,0.0000,On Hand,28 Apr 2025
QOH,P1115,NAD,OH,Mixed Pallet,0.0000,On Hand,28 Apr 2025
QOH,P1116,NAD,OH,Mixed Pallet,0.0000,On Hand,28 Apr 2025
QOH,P1117,NAD,OH,Mixed Pallet,0.0000,On Hand,28 Apr 2025
QOH,P1118,NAD,OH,Mixed Pallet,0.0000,On Hand,28 Apr 2025
QOH,710X510WTL125G,Kiki Bags,OH,White Top Liner 125G New Code,0.0000,On Hand,28 Apr 2025
QOH,HP705-A,Hygizone,OH,Hygizone Actuator -Matt Chrome,40.0000,On Hand,28 Apr 2025
QOH,710X510WTL125G-A,Kiki Bags,OH,White Top Liner 125G New Code,5200.0000,On Hand,28 Apr 2025
QOH,710X510WTL125G-B,Kiki Bags,OH,White Top Liner 125G New Code,5582.0000,On Hand,28 Apr 2025
QOH,P1119,NAD,OH,Mixed Pallet,0.0000,On Hand,28 Apr 2025
QOH,P1120,NAD,OH,Mixed Pallet,0.0000,On Hand,28 Apr 2025
QOH,P1121,NAD,OH,Mixed Pallet,0.0000,On Hand,28 Apr 2025
QOH,P1122,NAD,OH,Mixed Pallet,0.0000,On Hand,28 Apr 2025
QOH,P1123,NAD,OH,Mixed Pallet,0.0000,On Hand,28 Apr 2025
QOH,P1124,NAD,OH,Mixed Pallet,0.0000,On Hand,28 Apr 2025
QOH,P1125,NAD,OH,Mixed Pallet,0.0000,On Hand,28 Apr 2025
QOH,MUL225/30-B,Isinkwe Energies,OH,Multivalve 225/30 Toroidale,0.0000,On Hand,28 Apr 2025
QOH,MUL240/30-A,Isinkwe Energies,OH,Multivalve 240-250/30,0.0000,On Hand,28 Apr 2025
QOH,TANKINT600X225-A,Isinkwe Energies,OH,Tank Int 600x225 - 48LT,3.0000,On Hand,28 Apr 2025
QOH,TANKINT630X200-A,Isinkwe Energies,OH,Tank int 630 x 200,2.0000,On Hand,28 Apr 2025
QOH,TANKINT680X240-A,Isinkwe Energies,OH,Tank Int 680x240 - 68LT,4.0000,On Hand,28 Apr 2025
QOH,OTIMA106,LRB,OH,Otima Chair Party Black,0.0000,On Hand,28 Apr 2025
QOH,P1126,NAD,OH,Mixed Pallet,0.0000,On Hand,28 Apr 2025
QOH,P1127,NAD,OH,Mixed Pallet,0.0000,On Hand,28 Apr 2025
QOH,P1128,NAD,OH,Mixed Pallet,0.0000,On Hand,28 Apr 2025
QOH,P1129,NAD,OH,Mixed Pallet,0.0000,On Hand,28 Apr 2025
QOH,P1130,NAD,OH,Mixed Pallet,0.0000,On Hand,28 Apr 2025
QOH,P1131,NAD,OH,Mixed Pallet,1.0000,On Hand,28 Apr 2025
QOH,OTIMA106.A,LRB,OH,Otima Chair Party Black,0.0000,On Hand,28 Apr 2025
QOH,P1132,NAD,OH,Mixed Pallet,0.0000,On Hand,28 Apr 2025
QOH,P1133,NAD,OH,Mixed Pallet,0.0000,On Hand,28 Apr 2025
QOH,P1134,NAD,OH,Mixed Pallet,0.0000,On Hand,28 Apr 2025
QOH,P1135,NAD,OH,Mixed Pallet,0.0000,On Hand,28 Apr 2025
QOH,P1136,NAD,OH,Mixed Pallet,0.0000,On Hand,28 Apr 2025
QOH,P1137,NAD,OH,Mixed Pallet,0.0000,On Hand,28 Apr 2025
QOH,P1138,NAD,OH,Mixed Pallet,0.0000,On Hand,28 Apr 2025
QOH,P1139,NAD,OH,Mixed Pallet,0.0000,On Hand,28 Apr 2025
QOH,P1140,NAD,OH,Mixed Pallet,0.0000,On Hand,28 Apr 2025
QOH,CABS261-D,Bambino,OH,Grand Prix LX Black 2in box,0.0000,On Hand,28 Apr 2025
QOH,CABS261-E,Bambino,OH,Grand Prix LX Black 2in box,0.0000,On Hand,28 Apr 2025
QOH,CABS261-F,Bambino,OH,Grand Prix LX Black 2in box,0.0000,On Hand,28 Apr 2025
QOH,CABS261-G,Bambino,OH,Grand Prix LX Black 2in box,0.0000,On Hand,28 Apr 2025
QOH,CABS261-H,Bambino,OH,Grand Prix LX Black 2in box,0.0000,On Hand,28 Apr 2025
QOH,CABS261-I,Bambino,OH,Grand Prix LX Black 2in box,0.0000,On Hand,28 Apr 2025
QOH,CABS261-J,Bambino,OH,Grand Prix LX Black 2in box,0.0000,On Hand,28 Apr 2025
QOH,CABS261-K,Bambino,OH,Grand Prix LX Black 2in box,0.0000,On Hand,28 Apr 2025
QOH,CABS261-L,Bambino,OH,Grand Prix LX Black 2in box,0.0000,On Hand,28 Apr 2025
QOH,CABS261-M,Bambino,OH,Grand Prix LX Black 2in box,0.0000,On Hand,28 Apr 2025
QOH,ACGS249-S,Bambino,OH,Safety Gate Extentions 7 14 28cm,0.0000,On Hand,28 Apr 2025
QOH,ACGS249-T,Bambino,OH,Safety Gate Extentions 7 14 28cm,0.0000,On Hand,28 Apr 2025
QOH,ACGS249-U,Bambino,OH,Safety Gate Extentions 7 14 28cm,0.0000,On Hand,28 Apr 2025
QOH,ACGS249-V,Bambino,OH,Safety Gate Extentions 7 14 28cm,0.0000,On Hand,28 Apr 2025
QOH,ACGS249-W,Bambino,OH,Safety Gate Extentions 7 14 28cm,0.0000,On Hand,28 Apr 2025
QOH,ACGS249-X,Bambino,OH,Safety Gate Extentions 7 14 28cm,0.0000,On Hand,28 Apr 2025
QOH,ACGS249-Y,Bambino,OH,Safety Gate Extentions 7 14 28cm,0.0000,On Hand,28 Apr 2025
QOH,ACGS249-Z,Bambino,OH,Safety Gate Extentions 7 14 28cm,0.0000,On Hand,28 Apr 2025
QOH,ACGS249-AA,Bambino,OH,Safety Gate Extentions 7 14 28cm,357.0000,On Hand,28 Apr 2025
QOH,ACGS249-AB,Bambino,OH,Safety Gate Extentions 7 14 28cm,0.0000,On Hand,28 Apr 2025
QOH,ACGS249-AC,Bambino,OH,Safety Gate Extentions 7 14 28cm,0.0000,On Hand,28 Apr 2025
QOH,ACGS249-AD,Bambino,OH,Safety Gate Extentions 7 14 28cm,0.0000,On Hand,28 Apr 2025
QOH,ACGS249-AE,Bambino,OH,Safety Gate Extentions 7 14 28cm,0.0000,On Hand,28 Apr 2025
QOH,ACGS249-AF,Bambino,OH,Safety Gate Extentions 7 14 28cm,0.0000,On Hand,28 Apr 2025
QOH,ACGS249-AH,Bambino,OH,Safety Gate Extentions 7 14 28cm,0.0000,On Hand,28 Apr 2025
QOH,ACGS249-AG,Bambino,OH,Safety Gate Extentions 7 14 28cm,0.0000,On Hand,28 Apr 2025
QOH,ACGS249-AI,Bambino,OH,Safety Gate Extentions 7 14 28cm,0.0000,On Hand,28 Apr 2025
QOH,ACGS249-AJ,Bambino,OH,Safety Gate Extentions 7 14 28cm,0.0000,On Hand,28 Apr 2025
QOH,ACGS249-AK,Bambino,OH,Safety Gate Extentions 7 14 28cm,0.0000,On Hand,28 Apr 2025
QOH,ACGS249-AL,Bambino,OH,Safety Gate Extentions 7 14 28cm,0.0000,On Hand,28 Apr 2025
QOH,ACGS249-AM,Bambino,OH,Safety Gate Extentions 7 14 28cm,0.0000,On Hand,28 Apr 2025
QOH,ACGS249-AN,Bambino,OH,Safety Gate Extentions 7 14 28cm,0.0000,On Hand,28 Apr 2025
QOH,ACGS249-AO,Bambino,OH,Safety Gate Extentions 7 14 28cm,0.0000,On Hand,28 Apr 2025
QOH,ACGS249-AP,Bambino,OH,Safety Gate Extentions 7 14 28cm,0.0000,On Hand,28 Apr 2025
QOH,ACGS249-AQ,Bambino,OH,Safety Gate Extentions 7 14 28cm,0.0000,On Hand,28 Apr 2025
QOH,ACGS249-AR,Bambino,OH,Safety Gate Extentions 7 14 28cm,0.0000,On Hand,28 Apr 2025
QOH,ACGS249-AS,Bambino,OH,Safety Gate Extentions 7 14 28cm,0.0000,On Hand,28 Apr 2025
QOH,ACGS249-AT,Bambino,OH,Safety Gate Extentions 7 14 28cm,0.0000,On Hand,28 Apr 2025
QOH,ACGS249-AU,Bambino,OH,Safety Gate Extentions 7 14 28cm,0.0000,On Hand,28 Apr 2025
QOH,ACGS249-AV,Bambino,OH,Safety Gate Extentions 7 14 28cm,0.0000,On Hand,28 Apr 2025
QOH,ACGS249-AW,Bambino,OH,Safety Gate Extentions 7 14 28cm,0.0000,On Hand,28 Apr 2025
QOH,ACGS249-AX,Bambino,OH,Safety Gate Extentions 7 14 28cm,0.0000,On Hand,28 Apr 2025
QOH,ACGS249-AY,Bambino,OH,Safety Gate Extentions 7 14 28cm,0.0000,On Hand,28 Apr 2025
QOH,FE-45II (BLACK)M,LRB,OH,Elements High Velocity Floor Fan Black,0.0000,On Hand,28 Apr 2025
QOH,P1141,NAD,OH,Mixed Pallet,0.0000,On Hand,28 Apr 2025
QOH,P1142,NAD,OH,Mixed Pallet,0.0000,On Hand,28 Apr 2025
QOH,P1143,NAD,OH,Mixed Pallet,0.0000,On Hand,28 Apr 2025
QOH,P1144,NAD,OH,Mixed Pallet,0.0000,On Hand,28 Apr 2025
QOH,P1145,NAD,OH,Mixed Pallet,0.0000,On Hand,28 Apr 2025
QOH,P1146,NAD,OH,Mixed Pallet,0.0000,On Hand,28 Apr 2025
QOH,P1147,NAD,OH,Mixed Pallet,0.0000,On Hand,28 Apr 2025
QOH,P1148,NAD,OH,Mixed Pallet,0.0000,On Hand,28 Apr 2025
QOH,P1149,NAD,OH,Mixed Pallet,0.0000,On Hand,28 Apr 2025
QOH,P1150,NAD,OH,Mixed Pallet,0.0000,On Hand,28 Apr 2025
QOH,P1151,NAD,OH,Mixed Pallet,1.0000,On Hand,28 Apr 2025
QOH,P1152,NAD,OH,Mixed Pallet,1.0000,On Hand,28 Apr 2025
QOH,P1153,NAD,OH,Mixed Pallet,0.0000,On Hand,28 Apr 2025
QOH,P1154,NAD,OH,Mixed Pallet,0.0000,On Hand,28 Apr 2025
QOH,P1155,NAD,OH,Mixed Pallet,0.0000,On Hand,28 Apr 2025
QOH,P1156,NAD,OH,Mixed Pallet,0.0000,On Hand,28 Apr 2025
QOH,P1157,NAD,OH,Mixed Pallet,0.0000,On Hand,28 Apr 2025
QOH,P1158,NAD,OH,Mixed Pallet,0.0000,On Hand,28 Apr 2025
QOH,ACGS248-M,Bambino,OH,Safety Gate Extentions 7cm,0.0000,On Hand,28 Apr 2025
QOH,ACGS248-O,Bambino,OH,Safety Gate Extentions 7cm,0.0000,On Hand,28 Apr 2025
QOH,ACGS248-P,Bambino,OH,Safety Gate Extentions 7cm,0.0000,On Hand,28 Apr 2025
QOH,ACGS248-Q,Bambino,OH,Safety Gate Extentions 7cm,-36.0000,On Hand,28 Apr 2025
QOH,ACGS248-R,Bambino,OH,Safety Gate Extentions 7cm,0.0000,On Hand,28 Apr 2025
QOH,ACGS248-S,Bambino,OH,Safety Gate Extentions 7cm,0.0000,On Hand,28 Apr 2025
QOH,ACGS248-T,Bambino,OH,Safety Gate Extentions 7cm,0.0000,On Hand,28 Apr 2025
QOH,ACGS248-U,Bambino,OH,Safety Gate Extentions 7cm,0.0000,On Hand,28 Apr 2025
QOH,ACGS248-V,Bambino,OH,Safety Gate Extentions 7cm,0.0000,On Hand,28 Apr 2025
QOH,ACGS248-W,Bambino,OH,Safety Gate Extentions 7cm,0.0000,On Hand,28 Apr 2025
QOH,ACGS248-X,Bambino,OH,Safety Gate Extentions 7cm,0.0000,On Hand,28 Apr 2025
QOH,ACGS248-Y,Bambino,OH,Safety Gate Extentions 7cm,0.0000,On Hand,28 Apr 2025
QOH,ACGS248-Z,Bambino,OH,Safety Gate Extentions 7cm,0.0000,On Hand,28 Apr 2025
QOH,ACGS248-AA,Bambino,OH,Safety Gate Extentions 7cm,0.0000,On Hand,28 Apr 2025
QOH,944764B,Niemann,OH,FA68 Reflex Madreperia,20.0000,On Hand,28 Apr 2025
QOH,944764C,Niemann,OH,FA68 Reflex Madreperia,0.0000,On Hand,28 Apr 2025
QOH,970119,Niemann,OH,FB49 DK Brown Leather,0.0000,On Hand,28 Apr 2025
QOH,970119A,Niemann,OH,FB49 DK Brown Leather,0.0000,On Hand,28 Apr 2025
QOH,944763,Niemann,OH,FA84 Madreperiato,0.0000,On Hand,28 Apr 2025
QOH,944766A,Niemann,OH,LR17 JUM,0.0000,On Hand,28 Apr 2025
QOH,SAMPLE-A,Niemann,OH,Bambino Samples BAM5126,0.0000,On Hand,28 Apr 2025
QOH,20+00+07-N,Kiki Trading,OH,20+00+07 Proturf latest 12-11-2024,40.0000,On Hand,28 Apr 2025
QOH,20+00+07-O,Kiki Trading,OH,20+00+07 Proturf latest 12-11-2024,40.0000,On Hand,28 Apr 2025
QOH,20+00+07-P,Kiki Trading,OH,20+00+07 Proturf latest 12-11-2024,40.0000,On Hand,28 Apr 2025
QOH,20+00+07-Q,Kiki Trading,OH,20+00+07 Proturf latest 12-11-2024,40.0000,On Hand,28 Apr 2025
QOH,20+00+07-R,Kiki Trading,OH,20+00+07 Proturf latest 12-11-2024,18.0000,On Hand,28 Apr 2025
QOH,20+00+07-S,Kiki Trading,OH,20+00+07 Proturf latest 12-11-2024,40.0000,On Hand,28 Apr 2025
QOH,20+00+07-T,Kiki Trading,OH,20+00+07 Proturf latest 07/02/2025,0.0000,On Hand,28 Apr 2025
QOH,20+00+07-U,Kiki Trading,OH,20+00+07 Proturf latest 12-11-2024,0.0000,On Hand,28 Apr 2025
QOH,20+00+07-V,Kiki Trading,OH,20+00+07 Proturf latest 06/03/2025,40.0000,On Hand,28 Apr 2025
QOH,ACGS248-AB,Bambino,OH,Safety Gate Extentions 7cm,0.0000,On Hand,28 Apr 2025
QOH,ACGS248-AC,Bambino,OH,Safety Gate Extentions 7cm,0.0000,On Hand,28 Apr 2025
QOH,ACGS248-AD,Bambino,OH,Safety Gate Extentions 7cm,0.0000,On Hand,28 Apr 2025
QOH,ACGS248-AE,Bambino,OH,Safety Gate Extentions 7cm,0.0000,On Hand,28 Apr 2025
QOH,610X460WTL125G-A,Kiki Bags,OH,White Top Liner 125G New Code,5854.0000,On Hand,28 Apr 2025
QOH,610X460WTL125G-B,Kiki Bags,OH,White Top Liner 125G New Code,6000.0000,On Hand,28 Apr 2025
QOH,610X460WTL125G-C,Kiki Bags,OH,White Top Liner 125G New Code,6000.0000,On Hand,28 Apr 2025
QOH,KRIST001,Niemann,OH,Kristal White Top Sheets,0.0000,On Hand,28 Apr 2025
QOH,KRIST002,Niemann,OH,Kristal White Back Sheet,0.0000,On Hand,28 Apr 2025
QOH,ACL8855X,Niemann,OH,Acrylux Anthracite Matt Sheets,0.0000,On Hand,28 Apr 2025
QOH,KRSIT003,Niemann,OH,Kristal Black Back Sheets,0.0000,On Hand,28 Apr 2025
QOH,P1161,NAD,OH,Mixed Pallet,0.0000,On Hand,28 Apr 2025
QOH,P1162,NAD,OH,Mixed Pallet,0.0000,On Hand,28 Apr 2025
QOH,P1163,NAD,OH,Mixed Pallet,0.0000,On Hand,28 Apr 2025
QOH,P1164,NAD,OH,Mixed Pallet,0.0000,On Hand,28 Apr 2025
QOH,P1165,NAD,OH,Mixed Pallet,0.0000,On Hand,28 Apr 2025
QOH,P1166,NAD,OH,Mixed Pallet,0.0000,On Hand,28 Apr 2025
QOH,P1167,NAD,OH,Mixed Pallet,0.0000,On Hand,28 Apr 2025
QOH,P1168,NAD,OH,Mixed Pallet,0.0000,On Hand,28 Apr 2025
QOH,P1169,NAD,OH,Mixed Pallet,0.0000,On Hand,28 Apr 2025
QOH,P1170,NAD,OH,Mixed Pallet,0.0000,On Hand,28 Apr 2025
QOH,P1171,NAD,OH,Mixed Pallet,0.0000,On Hand,28 Apr 2025
QOH,P1172,NAD,OH,Mixed Pallet,0.0000,On Hand,28 Apr 2025
QOH,P1173,NAD,OH,Mixed Pallet,0.0000,On Hand,28 Apr 2025
QOH,P1174,NAD,OH,Mixed Pallet,0.0000,On Hand,28 Apr 2025
QOH,P1175,NAD,OH,Mixed Pallet,0.0000,On Hand,28 Apr 2025
QOH,P1176,NAD,OH,Mixed Pallet,0.0000,On Hand,28 Apr 2025
QOH,P1177,NAD,OH,Mixed Pallet,0.0000,On Hand,28 Apr 2025
QOH,P1178,NAD,OH,Mixed Pallet,0.0000,On Hand,28 Apr 2025
QOH,P1179,NAD,OH,Mixed Pallet,0.0000,On Hand,28 Apr 2025
QOH,P1180,NAD,OH,Mixed Pallet,0.0000,On Hand,28 Apr 2025
QOH,P1181,NAD,OH,Mixed Pallet,0.0000,On Hand,28 Apr 2025
QOH,P1182,NAD,OH,Mixed Pallet,0.0000,On Hand,28 Apr 2025
QOH,P1183,NAD,OH,Mixed Pallet,0.0000,On Hand,28 Apr 2025
QOH,CACS611,Bambino,OH,I-Swivel Car Seat - Cobalt,0.0000,On Hand,28 Apr 2025
QOH,P1159,NAD,OH,Mixed Pallet,0.0000,On Hand,28 Apr 2025
QOH,P1160,NAD,OH,Mixed Pallet,0.0000,On Hand,28 Apr 2025
QOH,CACS611-A,Bambino,OH,I-Swivel Car Seat - Cobalt,104.0000,On Hand,28 Apr 2025
QOH,CACS611-B,Bambino,OH,I-Swivel Car Seat - Cobalt,4.0000,On Hand,28 Apr 2025
QOH,CACS611-C,Bambino,OH,I-Swivel Car Seat - Cobalt,0.0000,On Hand,28 Apr 2025
QOH,CACS611-D,Bambino,OH,I-Swivel Car Seat - Cobalt,9.0000,On Hand,28 Apr 2025
QOH,CACS611-E,Bambino,OH,I-Swivel Car Seat - Cobalt,0.0000,On Hand,28 Apr 2025
QOH,P1184,NAD,OH,Mixed Pallet,0.0000,On Hand,28 Apr 2025
QOH,P1185,NAD,OH,Mixed Pallet,0.0000,On Hand,28 Apr 2025
QOH,P1186,NAD,OH,Mixed Pallet,0.0000,On Hand,28 Apr 2025
QOH,P1187,NAD,OH,Mixed Pallet,0.0000,On Hand,28 Apr 2025
QOH,P1188,NAD,OH,Mixed Pallet,0.0000,On Hand,28 Apr 2025
QOH,P1189,NAD,OH,Mixed Pallet,0.0000,On Hand,28 Apr 2025
QOH,P1190,NAD,OH,Mixed Pallet,0.0000,On Hand,28 Apr 2025
QOH,P1191,NAD,OH,Mixed Pallet,0.0000,On Hand,28 Apr 2025
QOH,P1192,NAD,OH,Mixed Pallet,0.0000,On Hand,28 Apr 2025
QOH,P1193,NAD,OH,Mixed Pallet,0.0000,On Hand,28 Apr 2025
QOH,P1194,NAD,OH,Mixed Pallet,0.0000,On Hand,28 Apr 2025
QOH,P1195,NAD,OH,Mixed Pallet,0.0000,On Hand,28 Apr 2025
QOH,P1196,NAD,OH,Mixed Pallet,0.0000,On Hand,28 Apr 2025
QOH,P1197,NAD,OH,Mixed Pallet,0.0000,On Hand,28 Apr 2025
QOH,P1198,NAD,OH,Mixed Pallet,0.0000,On Hand,28 Apr 2025
QOH,P1199,NAD,OH,Mixed Pallet,0.0000,On Hand,28 Apr 2025
QOH,P1200,NAD,OH,Mixed Pallet,0.0000,On Hand,28 Apr 2025
QOH,P1201,NAD,OH,Mixed Pallet,0.0000,On Hand,28 Apr 2025
QOH,P1202,NAD,OH,Mixed Pallet,0.0000,On Hand,28 Apr 2025
QOH,P1204,NAD,OH,Mixed Pallet,0.0000,On Hand,28 Apr 2025
QOH,P1205,NAD,OH,Mixed Pallet,0.0000,On Hand,28 Apr 2025
QOH,P1206,NAD,OH,Mixed Pallet,0.0000,On Hand,28 Apr 2025
QOH,P1207,NAD,OH,Mixed Pallet,0.0000,On Hand,28 Apr 2025
QOH,P1203,NAD,OH,Mixed Pallet,0.0000,On Hand,28 Apr 2025
QOH,990037,Niemann,OH,KS028 Royal Oak,0.0000,On Hand,28 Apr 2025
QOH,990041LF,Niemann,OH,Liquid Brass Matt Front Laminates,25.0000,On Hand,28 Apr 2025
QOH,990041,Niemann,OH,Liquid Brass Matt,0.0000,On Hand,28 Apr 2025
QOH,FTW1.8-AD,LRB,OH,Table Foldable 1.8m White,0.0000,On Hand,28 Apr 2025
QOH,FTW1.8-AF,LRB,OH,Table Foldable 1.8m White,0.0000,On Hand,28 Apr 2025
QOH,FTW1.8-AG,LRB,OH,Table Foldable 1.8m White,0.0000,On Hand,28 Apr 2025
QOH,FTW1.8-AH,LRB,OH,Table Foldable 1.8m White,0.0000,On Hand,28 Apr 2025
QOH,FTW1.8-AI,LRB,OH,Table Foldable 1.8m White,0.0000,On Hand,28 Apr 2025
QOH,FTW1.8-AJ,LRB,OH,Table Foldable 1.8m White,0.0000,On Hand,28 Apr 2025
QOH,FTW1.8-AK,LRB,OH,Table Foldable 1.8m White,0.0000,On Hand,28 Apr 2025
QOH,FTW1.8-AL,LRB,OH,Table Foldable 1.8m White,17.0000,On Hand,28 Apr 2025
QOH,FTW1.8-AM,LRB,OH,Table Foldable 1.8m White,0.0000,On Hand,28 Apr 2025
QOH,FTW1.8-AN,LRB,OH,Table Foldable 1.8m White,0.0000,On Hand,28 Apr 2025
QOH,FTW1.8-AO,LRB,OH,Table Foldable 1.8m White,0.0000,On Hand,28 Apr 2025
QOH,FTW1.8-AP,LRB,OH,Table Foldable 1.8m White,0.0000,On Hand,28 Apr 2025
QOH,FTW1.8-AQ,LRB,OH,Table Foldable 1.8m White,0.0000,On Hand,28 Apr 2025
QOH,FTW1.8-AR,LRB,OH,Table Foldable 1.8m White,17.0000,On Hand,28 Apr 2025
QOH,FTW1.8-AS,LRB,OH,Table Foldable 1.8m White,0.0000,On Hand,28 Apr 2025
QOH,FTW1.8-AT,LRB,OH,Table Foldable 1.8m White,0.0000,On Hand,28 Apr 2025
QOH,FTW1.8-AU,LRB,OH,Table Foldable 1.8m White,0.0000,On Hand,28 Apr 2025
QOH,OTIMA106-B,LRB,OH,Otima Chair Party Black,0.0000,On Hand,28 Apr 2025
QOH,OTIMA106-C,LRB,OH,Otima Chair Party Black,0.0000,On Hand,28 Apr 2025
QOH,OTIMA106-D,LRB,OH,Otima Chair Party Black,0.0000,On Hand,28 Apr 2025
QOH,OTIMA106-E,LRB,OH,Otima Chair Party Black,0.0000,On Hand,28 Apr 2025
QOH,OTIMA106-F,LRB,OH,Otima Chair Party Black,0.0000,On Hand,28 Apr 2025
QOH,OTIMA106-G,LRB,OH,Otima Chair Party Black,0.0000,On Hand,28 Apr 2025
QOH,PANAFRIEL,Kynor,OH,Panafriel Aircons,0.0000,On Hand,28 Apr 2025
QOH,ACBT100,Bambino,OH,3 In 1 Comfy Bath,62.0000,On Hand,28 Apr 2025
QOH,ACBT100-A,Bambino,OH,3 In 1 Comfy Bath,48.0000,On Hand,28 Apr 2025
QOH,ACBT100-B,Bambino,OH,3 In 1 Comfy Bath,0.0000,On Hand,28 Apr 2025
QOH,ACBT100-C,Bambino,OH,3 In 1 Comfy Bath,62.0000,On Hand,28 Apr 2025
QOH,ACBT100-D,Bambino,OH,3 In 1 Comfy Bath,76.0000,On Hand,28 Apr 2025
QOH,ACBT100-E,Bambino,OH,3 In 1 Comfy Bath,0.0000,On Hand,28 Apr 2025
QOH,Laundry Bag,Kiki Bags,OH,Protea Laundry Bag,0.0000,On Hand,28 Apr 2025
QOH,P1217,NAD,OH,Mixed Pallet,0.0000,On Hand,28 Apr 2025
QOH,391/04511011/B-C,Isinkwe Energies,OH,Silverline 4C 51CC,0.0000,On Hand,28 Apr 2025
QOH,TANKINT600X200-A,Isinkwe Energies,OH,Tank Int 600x200,1.0000,On Hand,28 Apr 2025
QOH,TANKINT600X225-48L,Isinkwe Energies,OH,Tank Int 600x225-48L,6.0000,On Hand,28 Apr 2025
QOH,TANKINT630X200-C,Isinkwe Energies,OH,Tank Int 630x200 44lL,7.0000,On Hand,28 Apr 2025
QOH,TANKINT650X200-50L,Isinkwe Energies,OH,Tank Int 650x200 -50L,6.0000,On Hand,28 Apr 2025
QOH,TANKINT650X225-58L,Isinkwe Energies,OH,Tank Int 65x225 -58L,9.0000,On Hand,28 Apr 2025
QOH,TANKINT680X240-68L-B,Isinkwe Energies,OH,Tank Int 680x240-68L,8.0000,On Hand,28 Apr 2025
QOH,P1238,NAD,OH,Mixed Pallet,0.0000,On Hand,28 Apr 2025
QOH,P1239,NAD,OH,Mixed Pallet,0.0000,On Hand,28 Apr 2025
QOH,P1240,NAD,OH,Mixed Pallet,0.0000,On Hand,28 Apr 2025
QOH,P1241,NAD,OH,Mixed Pallet,0.0000,On Hand,28 Apr 2025
QOH,P1242,NAD,OH,Mixed Pallet,0.0000,On Hand,28 Apr 2025
QOH,P1243,NAD,OH,Mixed Pallet,0.0000,On Hand,28 Apr 2025
QOH,P1244,NAD,OH,Mixed Pallet,0.0000,On Hand,28 Apr 2025
QOH,P1245,NAD,OH,Mixed Pallet,0.0000,On Hand,28 Apr 2025
QOH,P1246,NAD,OH,Mixed Pallet,0.0000,On Hand,28 Apr 2025
QOH,P1247,NAD,OH,Mixed Pallet,0.0000,On Hand,28 Apr 2025
QOH,P1248,NAD,OH,Mixed Pallet,0.0000,On Hand,28 Apr 2025
QOH,P1249,NAD,OH,Mixed Pallet,0.0000,On Hand,28 Apr 2025
QOH,P1250,NAD,OH,Mixed Pallet,0.0000,On Hand,28 Apr 2025
QOH,P1251,NAD,OH,Mixed Pallet,0.0000,On Hand,28 Apr 2025
QOH,P1252,NAD,OH,Mixed Pallet,0.0000,On Hand,28 Apr 2025
QOH,P1253,NAD,OH,Mixed Pallet,0.0000,On Hand,28 Apr 2025
QOH,P1254,NAD,OH,Mixed Pallet,0.0000,On Hand,28 Apr 2025
QOH,P1255,NAD,OH,Mixed Pallet,0.0000,On Hand,28 Apr 2025
QOH,P1256,NAD,OH,Mixed Pallet,0.0000,On Hand,28 Apr 2025
QOH,P1257,NAD,OH,Mixed Pallet,0.0000,On Hand,28 Apr 2025
QOH,P1258,NAD,OH,Mixed Pallet,0.0000,On Hand,28 Apr 2025
QOH,P1259,NAD,OH,Mixed Pallet,0.0000,On Hand,28 Apr 2025
QOH,P1260,NAD,OH,Mixed Pallet,0.0000,On Hand,28 Apr 2025
QOH,P1261,NAD,OH,Mixed Pallet,0.0000,On Hand,28 Apr 2025
QOH,P1208,NAD,OH,Mixed Pallet,1.0000,On Hand,28 Apr 2025
QOH,P1209,NAD,OH,Mixed Pallet,1.0000,On Hand,28 Apr 2025
QOH,P1210,NAD,OH,Mixed Pallet,1.0000,On Hand,28 Apr 2025
QOH,P211,NAD,OH,Mixed Pallet,1.0000,On Hand,28 Apr 2025
QOH,P1212,NAD,OH,Mixed Pallet,1.0000,On Hand,28 Apr 2025
QOH,P1213,NAD,OH,Mixed Pallet,0.0000,On Hand,28 Apr 2025
QOH,P1214,NAD,OH,Mixed Pallet,1.0000,On Hand,28 Apr 2025
QOH,P1215,NAD,OH,Mixed Pallet,1.0000,On Hand,28 Apr 2025
QOH,P1220,NAD,OH,Mixed Pallet,0.0000,On Hand,28 Apr 2025
QOH,391/04511011/C,Isinkwe Energies,OH,Silverline 4C 511C,0.0000,On Hand,28 Apr 2025
QOH,P1218,NAD,OH,Mixed Pallet,0.0000,On Hand,28 Apr 2025
QOH,P1219,NAD,OH,Mixed Pallet,0.0000,On Hand,28 Apr 2025
QOH,P1262,NAD,OH,Mixed Pallet,0.0000,On Hand,28 Apr 2025
QOH,P1263,NAD,OH,Mixed Pallet,0.0000,On Hand,28 Apr 2025
QOH,P1264,NAD,OH,Mixed Pallet,0.0000,On Hand,28 Apr 2025
QOH,P1265,NAD,OH,Mixed Pallet,0.0000,On Hand,28 Apr 2025
QOH,P1266,NAD,OH,Mixed Pallet,0.0000,On Hand,28 Apr 2025
QOH,P1267,NAD,OH,Mixed Pallet,0.0000,On Hand,28 Apr 2025
QOH,P1268,NAD,OH,Mixed Pallet,0.0000,On Hand,28 Apr 2025
QOH,P1269,NAD,OH,Mixed Pallet,0.0000,On Hand,28 Apr 2025
QOH,W110,ABC Building Materials,OH,ORAC 3D Wall Panel,0.0000,On Hand,28 Apr 2025
QOH,WX210-2600,ABC Building Materials,OH,ORAC 3D Wall Panel,0.0000,On Hand,28 Apr 2025
QOH,WX211-2600,ABC Building Materials,OH,ORAC 3D Wall Panel,0.0000,On Hand,28 Apr 2025
QOH,CX106,ABC Building Materials,OH,ORAC Cornice Moulding,0.0000,On Hand,28 Apr 2025
QOH,SX194,ABC Building Materials,OH,ORAC Skirting,0.0000,On Hand,28 Apr 2025
QOH,SX163,ABC Building Materials,OH,ORAC Skirting,0.0000,On Hand,28 Apr 2025
QOH,SX157,ABC Building Materials,OH,ORAC Skirting,0.0000,On Hand,28 Apr 2025
QOH,SX104,ABC Building Materials,OH,ORAC Skirting,0.0000,On Hand,28 Apr 2025
QOH,C380,ABC Building Materials,OH,ORAC Indirect Lighting,0.0000,On Hand,28 Apr 2025
QOH,CB503N,ABC Building Materials,OH,ORAC Cornice Moulding,0.0000,On Hand,28 Apr 2025
QOH,CB512N,ABC Building Materials,OH,ORAC Cornice Moulding,0.0000,On Hand,28 Apr 2025
QOH,CB525N,ABC Building Materials,OH,ORAC Cornice Moulding,0.0000,On Hand,28 Apr 2025
QOH,SX184,ABC Building Materials,OH,ORAC Skirting,0.0000,On Hand,28 Apr 2025
QOH,PX103A,ABC Building Materials,OH,ORAC Corner For PX103,40.0000,On Hand,28 Apr 2025
QOH,R40,ABC Building Materials,OH,ORAC Ceiling Rose,0.0000,On Hand,28 Apr 2025
QOH,PX198,ABC Building Materials,OH,ORAC Panel Moulding,0.0000,On Hand,28 Apr 2025
QOH,CX126,ABC Building Materials,OH,ORAC Cornice Moulding,84.0000,On Hand,28 Apr 2025
QOH,CX192,ABC Building Materials,OH,ORAC Cornice Moulding,0.0000,On Hand,28 Apr 2025
QOH,R17,ABC Building Materials,OH,ORAC Ceiling Rose,0.0000,On Hand,28 Apr 2025
QOH,R18,ABC Building Materials,OH,ORAC Ceiling Rose,0.0000,On Hand,28 Apr 2025
QOH,R52,ABC Building Materials,OH,ORAC Ceiling Rose,0.0000,On Hand,28 Apr 2025
QOH,R24,ABC Building Materials,OH,ORAC Ceiling Rose,0.0000,On Hand,28 Apr 2025
QOH,D503,ABC Building Materials,OH,ORAC Panel,100.0000,On Hand,28 Apr 2025
QOH,R22,ABC Building Materials,OH,ORAC Ceiling Rose,0.0000,On Hand,28 Apr 2025
QOH,C342,ABC Building Materials,OH,ORAC Cornice Moulding,0.0000,On Hand,28 Apr 2025
QOH,FDP700-A,ABC Building Materials,OH,ORAC DecoFix Power 290,0.0000,On Hand,28 Apr 2025
QOH,DX119-2300,ABC Building Materials,OH,ORAC Panel Moulding,0.0000,On Hand,28 Apr 2025
QOH,DX121-2300,ABC Building Materials,OH,ORAC Panel Moulding,0.0000,On Hand,28 Apr 2025
QOH,D504-A,ABC Building Materials,OH,ORAC Panel,0.0000,On Hand,28 Apr 2025
QOH,CX196,ABC Building Materials,OH,ORAC Cornice Moulding,0.0000,On Hand,28 Apr 2025
QOH,C343-A,ABC Building Materials,OH,ORAC Cornice Moulding,0.0000,On Hand,28 Apr 2025
QOH,CX197,ABC Building Materials,OH,ORAC Cornice Moulding,0.0000,On Hand,28 Apr 2025
QOH,CX100,ABC Building Materials,OH,ORAC Cornice Moulding,22.0000,On Hand,28 Apr 2025
QOH,CX100F,ABC Building Materials,OH,ORAC Flex Cornice Moulding,12.0000,On Hand,28 Apr 2025
QOH,P101A,ABC Building Materials,OH,ORAC Coner For P1020,16.0000,On Hand,28 Apr 2025
QOH,P1020-A,ABC Building Materials,OH,ORAC Panel Moulding,20.0000,On Hand,28 Apr 2025
QOH,FDP500,ABC Building Materials,OH,ORAC DecoFix Pro 310ml,0.0000,On Hand,28 Apr 2025
QOH,C201-A,ABC Building Materials,OH,ORAC Cornice Moulding,0.0000,On Hand,28 Apr 2025
QOH,MP085-001,ABC Building Materials,OH,ORAC Modern Classic Enruespl,3000.0000,On Hand,28 Apr 2025
QOH,MS052-006,ABC Building Materials,OH,ORAC Duropolymer Novelties,0.0000,On Hand,28 Apr 2025
QOH,MS052-003,ABC Building Materials,OH,ORAC New Classic Novelties,0.0000,On Hand,28 Apr 2025
QOH,MP077-004,ABC Building Materials,OH,ORAC 3D Wall Covering Broch,1561.0000,On Hand,28 Apr 2025
QOH,MD016-402,ABC Building Materials,OH,ORAC Ornamented Display 3D,0.0000,On Hand,28 Apr 2025
QOH,MS060-013,ABC Building Materials,OH,ORAC Sample Case Modern,0.0000,On Hand,28 Apr 2025
QOH,CB511N,ABC Building Materials,OH,ORAC Cornice Moulding,0.0000,On Hand,28 Apr 2025
QOH,MD016-105,ABC Building Materials,OH,Medium Display,0.0000,On Hand,28 Apr 2025
QOH,MD016-106,ABC Building Materials,OH,Entry Display,0.0000,On Hand,28 Apr 2025
QOH,MD016-307,ABC Building Materials,OH,OD Ind Light Dibond Display,0.0000,On Hand,28 Apr 2025
QOH,MS060-001,ABC Building Materials,OH,ORAC Sample Case SX DX,0.0000,On Hand,28 Apr 2025
QOH,MP076-002,ABC Building Materials,OH,New Classic Book,1000.0000,On Hand,28 Apr 2025
QOH,MD031-008,ABC Building Materials,OH,ORAC Skirting Counter Disp,0.0000,On Hand,28 Apr 2025
QOH,MD016-402-A,ABC Building Materials,OH,Ornamented Display 3D,0.0000,On Hand,28 Apr 2025
QOH,FDP600,ABC Building Materials,OH,ORAC DecoFix PRO 4 2,0.0000,On Hand,28 Apr 2025
QOH,FDP600-A,ABC Building Materials,OH,ORAC DecoFix PRO 4 2,0.0000,On Hand,28 Apr 2025
QOH,FDP600-B,ABC Building Materials,OH,ORAC DecoFix PRO 4 2,0.0000,On Hand,28 Apr 2025
QOH,P1211,NAD,OH,Mixed Pallet,1.0000,On Hand,28 Apr 2025
QOH,740X640sUKLB170G,Kiki Bags,OH,Bay Brown Liner 170G,4224.0000,On Hand,28 Apr 2025
QOH,710X510WTL135G-C,Kiki Bags,OH,White Top Liner 135G,5600.0000,On Hand,28 Apr 2025
QOH,MG-5513F-H,LRB,OH,Elements 30cm Rechargeble Box Fan Black,23.0000,On Hand,28 Apr 2025
QOH,MG-5616F-I,LRB,OH,Elements Fan Pedest Recharge 40cm,232.0000,On Hand,28 Apr 2025
QOH,MG-5616F-J,LRB,OH,Elements Fan Pedest Recharge 40cm,232.0000,On Hand,28 Apr 2025
QOH,MG-5313F-S,LRB,OH,Elements 30cm Rechargeble Desk Fan Wht,525.0000,On Hand,28 Apr 2025
QOH,MG-5313F-T,LRB,OH,Elements 30cm Rechargeble Desk Fan Wht,254.0000,On Hand,28 Apr 2025
QOH,MG-5513F-I,LRB,OH,Elements 30cm Rechargeble Box Fan Black,225.0000,On Hand,28 Apr 2025
QOH,MG-5513F-J,LRB,OH,Elements 30cm Rechargeble Box Fan Black,225.0000,On Hand,28 Apr 2025
QOH,MG-5513F-K,LRB,OH,Elements 30cm Rechargeble Box Fan Black,225.0000,On Hand,28 Apr 2025
QOH,MG-5513F-L,LRB,OH,Elements 30cm Rechargeble Box Fan Black,225.0000,On Hand,28 Apr 2025
QOH,MG-5513F-M,LRB,OH,Elements 30cm Rechargeble Box Fan Black,225.0000,On Hand,28 Apr 2025
QOH,MG-5616F-K,LRB,OH,Elements Fan Pedest Recharge 40cm,227.0000,On Hand,28 Apr 2025
QOH,MG-5616F-L,LRB,OH,Elements Fan Pedest Recharge 40cm,234.0000,On Hand,28 Apr 2025
QOH,FE-45II(CHROME)F,LRB,OH,Elements High Velocity Floor Fan Chrome,0.0000,On Hand,28 Apr 2025
QOH,FE-45II(CHROME)D,LRB,OH,Elements High Velocity Floor Fan Chrome,0.0000,On Hand,28 Apr 2025
QOH,FE-45II(CHROME)E,LRB,OH,Elements High Velocity Floor Fan Chrome,0.0000,On Hand,28 Apr 2025
QOH,P1270,NAD,OH,Mixed Pallet,0.0000,On Hand,28 Apr 2025
QOH,P1271,NAD,OH,Mixed Pallet,0.0000,On Hand,28 Apr 2025
QOH,P1272,NAD,OH,Mixed Pallet,0.0000,On Hand,28 Apr 2025
QOH,P1273,NAD,OH,Mixed Pallet,0.0000,On Hand,28 Apr 2025
QOH,P1274,NAD,OH,Mixed Pallet,0.0000,On Hand,28 Apr 2025
QOH,P1275,NAD,OH,Mixed Pallet,0.0000,On Hand,28 Apr 2025
QOH,P1276,NAD,OH,Mixed Pallet,0.0000,On Hand,28 Apr 2025
QOH,P1277,NAD,OH,Mixed Pallet,0.0000,On Hand,28 Apr 2025
QOH,1020X710WTL175G-D,Kiki Bags,OH,White Top Liner 175g,0.0000,On Hand,28 Apr 2025
QOH,QPRT106,Bambino,OH,Rito Rubber Trike Grey,0.0000,On Hand,28 Apr 2025
QOH,QPRT107,Bambino,OH,Rito Rubber Trike Black,0.0000,On Hand,28 Apr 2025
QOH,QPRT100,Bambino,OH,Rito Star Trike Blue,0.0000,On Hand,28 Apr 2025
QOH,0501894,Kiki Bags,OH,Natural Paper Twist Roll,0.0000,On Hand,28 Apr 2025
QOH,710X510WTL135G-D,Kiki Bags,OH,White Top Liner 135G,5600.0000,On Hand,28 Apr 2025
QOH,HCBM393,Bambino,OH,Pesto High Chair Lumina Black/Rose Gold,0.0000,On Hand,28 Apr 2025
QOH,710X510WTL135G-L,Kiki Bags,OH,white Top Liner135g,0.0000,On Hand,28 Apr 2025
QOH,710X510WTL135G-M,Kiki Bags,OH,white Top Liner135g,0.0000,On Hand,28 Apr 2025
QOH,710X510WTL135G-N,Kiki Bags,OH,white Top Liner135g,0.0000,On Hand,28 Apr 2025
QOH,710X510WTL135G-O,Kiki Bags,OH,white Top Liner135g,2400.0000,On Hand,28 Apr 2025
QOH,710X510WTL135G-P,Kiki Bags,OH,white Top Liner135g,0.0000,On Hand,28 Apr 2025
QOH,P1278,NAD,OH,Mixed Pallet,0.0000,On Hand,28 Apr 2025
QOH,P1279,NAD,OH,Mixed Pallet,0.0000,On Hand,28 Apr 2025
QOH,HCBM391,Bambino,OH,Pesto High Chair Lava,0.0000,On Hand,28 Apr 2025
QOH,HCBM393-A,Bambino,OH,Pesto High Chair Lumina Black/Rose Gold,0.0000,On Hand,28 Apr 2025
QOH,50CCPWD244,Kynor,OH,Blanco Stacking Cream Soup Cup,0.0000,On Hand,28 Apr 2025
QOH,20CCEVW132,Kynor,OH,Evolution Rice Bowl 15.5cm,0.0000,On Hand,28 Apr 2025
QOH,CROPOL009,Kynor,OH,Polaris Side Plate 20.25cm,0.0000,On Hand,28 Apr 2025
QOH,CROPOL001,Kynor,OH,Polaris Dinner Plate 25cm,0.0000,On Hand,28 Apr 2025
QOH,KCP5250,Kynor,OH,Knife Cooks C/P Black 250mm,0.0000,On Hand,28 Apr 2025
QOH,KCP9090,Kynor,OH,Knife Paring C/P 90mm Plain Assorted,0.0000,On Hand,28 Apr 2025
QOH,SSK0001,Kynor,OH,Sharpening Stone 50mmx150mmx25mm,0.0000,On Hand,28 Apr 2025
QOH,BTA0011,Kynor,OH,Baking Tray Aluminium 600mmx400mm,0.0000,On Hand,28 Apr 2025
QOH,BTE0040,Kynor,OH,Baking Tray Enamelled 535mmx325mm,0.0000,On Hand,28 Apr 2025
QOH,BTA0014,Kynor,OH,Baking Tray Aluminium 600mmx400mm,0.0000,On Hand,28 Apr 2025
QOH,LITHCEVE105A,Silver Solutions,OH,3.2v 105ah EVE Lithium Cell Battery,192.0000,On Hand,28 Apr 2025
QOH,LITHCEVE105A-A,Silver Solutions,OH,3.2v 105ah EVE Lithium Cell Battery,320.0000,On Hand,28 Apr 2025
QOH,LITHCEVE105A-B,Silver Solutions,OH,3.2v 105ah EVE Lithium Cell Battery,320.0000,On Hand,28 Apr 2025
QOH,P1280,NAD,OH,Mixed Pallet,0.0000,On Hand,28 Apr 2025
QOH,P1281,NAD,OH,Mixed Pallet,1.0000,On Hand,28 Apr 2025
QOH,P1282,NAD,OH,Mixed Pallet,1.0000,On Hand,28 Apr 2025
QOH,P1283,NAD,OH,Mixed Pallet,1.0000,On Hand,28 Apr 2025
QOH,P1284,NAD,OH,Mixed Pallet,0.0000,On Hand,28 Apr 2025
QOH,P1285,NAD,OH,Mixed Pallet,1.0000,On Hand,28 Apr 2025
QOH,P1286,NAD,OH,Mixed Pallet,0.0000,On Hand,28 Apr 2025
QOH,P1287,NAD,OH,Mixed Pallet,0.0000,On Hand,28 Apr 2025
QOH,P1288,NAD,OH,Mixed Pallet,0.0000,On Hand,28 Apr 2025
QOH,P1289,NAD,OH,Mixed Pallet,0.0000,On Hand,28 Apr 2025
QOH,P1290,NAD,OH,Mixed Pallet,1.0000,On Hand,28 Apr 2025
QOH,P1291,NAD,OH,Mixed Pallet,1.0000,On Hand,28 Apr 2025
QOH,P1292,NAD,OH,Mixed Pallet,0.0000,On Hand,28 Apr 2025
QOH,P1293,NAD,OH,Mixed Pallet,0.0000,On Hand,28 Apr 2025
QOH,P1294,NAD,OH,Mixed Pallet,0.0000,On Hand,28 Apr 2025
QOH,P1295,NAD,OH,Mixed Pallet,0.0000,On Hand,28 Apr 2025
QOH,P1296,NAD,OH,Mixed Pallet,1.0000,On Hand,28 Apr 2025
QOH,P1297,NAD,OH,Mixed Pallet,0.0000,On Hand,28 Apr 2025
QOH,P1298,NAD,OH,Mixed Pallet,0.0000,On Hand,28 Apr 2025
QOH,P1299,NAD,OH,Mixed Pallet,1.0000,On Hand,28 Apr 2025
QOH,CABS270,Bambino,OH,I-Ultra Car Seat,0.0000,On Hand,28 Apr 2025
QOH,THK0134,KMS,OH,COAPUR 3025,0.0000,On Hand,28 Apr 2025
QOH,TCBS400-M,Bambino,OH,Side By Side Playard,20.0000,On Hand,28 Apr 2025
QOH,TCBS400-N,Bambino,OH,Side By Side Playard,20.0000,On Hand,28 Apr 2025
QOH,TCBS400-O,Bambino,OH,Side By Side Playard,20.0000,On Hand,28 Apr 2025
QOH,TCBS400-P,Bianomy,OH,Side By Side Playard,20.0000,On Hand,28 Apr 2025
QOH,TCBS400-Q,Bambino,OH,Side By Side Playard,20.0000,On Hand,28 Apr 2025
QOH,TCBS400-R,Bambino,OH,Side By Side Playard,20.0000,On Hand,28 Apr 2025
QOH,TCBS400-S,Bambino,OH,Side By Side Playard,20.0000,On Hand,28 Apr 2025
QOH,TCBS400-T,Bambino,OH,Side By Side Playard,0.0000,On Hand,28 Apr 2025
QOH,TCBS400-U,Bambino,OH,Side By Side Playard,0.0000,On Hand,28 Apr 2025
QOH,TCBS400-V,Bambino,OH,Side By Side Playard,1.0000,On Hand,28 Apr 2025
QOH,TCBS400-W,Bambino,OH,Side By Side Playard,0.0000,On Hand,28 Apr 2025
QOH,TCBS400-X,Bambino,OH,Side By Side Playard,0.0000,On Hand,28 Apr 2025
QOH,TCBS400-Y,Bambino,OH,Side By Side Playard,0.0000,On Hand,28 Apr 2025
QOH,TCBS400-Z,Bambino,OH,Side By Side Playard,0.0000,On Hand,28 Apr 2025
QOH,TCBS400-AA,Bambino,OH,Side By Side Playard,20.0000,On Hand,28 Apr 2025
QOH,TCBS400-AB,Bambino,OH,Side By Side Playard,20.0000,On Hand,28 Apr 2025
QOH,TCBS400-AC,Bambino,OH,Side By Side Playard,20.0000,On Hand,28 Apr 2025
QOH,TCBS400-AD,Bambino,OH,Side By Side Playard,20.0000,On Hand,28 Apr 2025
QOH,TCBS400-AE,Bambino,OH,Side By Side Playard,20.0000,On Hand,28 Apr 2025
QOH,TCBS400-AF,Bambino,OH,Side By Side Playard,20.0000,On Hand,28 Apr 2025
QOH,TCBS400-AG,Bambino,OH,Side By Side Playard,20.0000,On Hand,28 Apr 2025
QOH,TCBS400-AH,Bambino,OH,Side By Side Playard,20.0000,On Hand,28 Apr 2025
QOH,TCBS400-AI,Bambino,OH,Side By Side Playard,20.0000,On Hand,28 Apr 2025
QOH,TCBS400-AJ,Bambino,OH,Side By Side Playard,20.0000,On Hand,28 Apr 2025
QOH,TCBS400-AK,Bambino,OH,Side By Side Playard,20.0000,On Hand,28 Apr 2025
QOH,TCBS400-AL,Bambino,OH,Side By Side Playard,20.0000,On Hand,28 Apr 2025
QOH,TCBS400-AM,Bambino,OH,Side By Side Playard,0.0000,On Hand,28 Apr 2025
QOH,TCBS400-AN,Bambino,OH,Side By Side Playard,0.0000,On Hand,28 Apr 2025
QOH,TCBS400-AO,Bambino,OH,Side By Side Playard,0.0000,On Hand,28 Apr 2025
QOH,TCBS400-AP,Bambino,OH,Side By Side Playard,0.0000,On Hand,28 Apr 2025
QOH,TCBS400-AQ,Bambino,OH,Side By Side Playard,0.0000,On Hand,28 Apr 2025
QOH,CACS611-G,Bambino,OH,I-Swivel Car Seat - Cobalt,0.0000,On Hand,28 Apr 2025
QOH,CACS611-H,Bambino,OH,I-Swivel Car Seat - Cobalt,0.0000,On Hand,28 Apr 2025
QOH,CACS611-I,Bambino,OH,I-Swivel Car Seat - Cobalt,0.0000,On Hand,28 Apr 2025
QOH,CACS611-F,Bambino,OH,I-Swivel Car Seat - Cobalt,0.0000,On Hand,28 Apr 2025
QOH,ACBT100-F,Bambino,OH,3 In 1 Comfy Bath,0.0000,On Hand,28 Apr 2025
QOH,ACBT100-G,Bambino,OH,3 In 1 Comfy Bath,60.0000,On Hand,28 Apr 2025
QOH,ACBT100-H,Bambino,OH,3 In 1 Comfy Bath,60.0000,On Hand,28 Apr 2025
QOH,ACBT100-I,Bambino,OH,3 In 1 Comfy Bath,78.0000,On Hand,28 Apr 2025
QOH,ACBT100-J,Bambino,OH,3 In 1 Comfy Bath,0.0000,On Hand,28 Apr 2025
QOH,ACBT100-K,Bambino,OH,3 In 1 Comfy Bath,0.0000,On Hand,28 Apr 2025
QOH,ACBT100-L,Bambino,OH,3 In 1 Comfy Bath,0.0000,On Hand,28 Apr 2025
QOH,P59,NAD,OH,Mixed Pallet,1.0000,On Hand,28 Apr 2025
QOH,HMSDIR0000037,Kynor,OH,Railings 6m Galvanised Pipe Tube 34x2.mm,0.0000,On Hand,28 Apr 2025
QOH,P1300,NAD,OH,Mixed Pallet,0.0000,On Hand,28 Apr 2025
QOH,P1301,NAD,OH,Mixed Pallet,0.0000,On Hand,28 Apr 2025
QOH,P1302,NAD,OH,Mixed Pallet,0.0000,On Hand,28 Apr 2025
QOH,P1303,NAD,OH,Mixed Pallet,0.0000,On Hand,28 Apr 2025
QOH,P1304,NAD,OH,Mixed Pallet,0.0000,On Hand,28 Apr 2025
QOH,P1305,NAD,OH,Mixed Pallet,0.0000,On Hand,28 Apr 2025
QOH,P1306,NAD,OH,Mixed Pallet,0.0000,On Hand,28 Apr 2025
QOH,P1307,NAD,OH,Mixed Pallet,0.0000,On Hand,28 Apr 2025
QOH,P1308,NAD,OH,Mixed Pallet,0.0000,On Hand,28 Apr 2025
QOH,P1309,NAD,OH,Mixed Pallet,0.0000,On Hand,28 Apr 2025
QOH,P1310,NAD,OH,Mixed Pallet,0.0000,On Hand,28 Apr 2025
QOH,P1318,NAD,OH,Mixed Pallet,0.0000,On Hand,28 Apr 2025
QOH,P1321,NAD,OH,Mixed Pallet,0.0000,On Hand,28 Apr 2025
QOH,P1323,NAD,OH,Mixed Pallet,0.0000,On Hand,28 Apr 2025
QOH,P1324,NAD,OH,Mixed Pallet,0.0000,On Hand,28 Apr 2025
QOH,P1326,NAD,OH,Mixed Pallet,0.0000,On Hand,28 Apr 2025
QOH,ACBT100-M,Bambino,OH,3 In 1 Comfy Bath,0.0000,On Hand,28 Apr 2025
QOH,ACBT100-N,Bambino,OH,3 In 1 Comfy Bath,0.0000,On Hand,28 Apr 2025
QOH,ACBT100-O,Bambino,OH,3 In 1 Comfy Bath,0.0000,On Hand,28 Apr 2025
QOH,ACBT100-P,Bambino,OH,3 In 1 Comfy Bath,0.0000,On Hand,28 Apr 2025
QOH,ACBT100-Q,Bambino,OH,3 In 1 Comfy Bath,0.0000,On Hand,28 Apr 2025
QOH,P1314,NAD,OH,Mixed Pallet,0.0000,On Hand,28 Apr 2025
QOH,P1311,NAD,OH,Mixed Pallet,0.0000,On Hand,28 Apr 2025
QOH,P1312,NAD,OH,Mixed Pallet,0.0000,On Hand,28 Apr 2025
QOH,P1313,NAD,OH,Mixed Pallet,0.0000,On Hand,28 Apr 2025
QOH,P1315,NAD,OH,Mixed Pallet,0.0000,On Hand,28 Apr 2025
QOH,P1316,NAD,OH,Mixed Pallet,0.0000,On Hand,28 Apr 2025
QOH,P1317,NAD,OH,Mixed Pallet,0.0000,On Hand,28 Apr 2025
QOH,P1319,NAD,OH,Mixed Pallet,0.0000,On Hand,28 Apr 2025
QOH,P1320,NAD,OH,Mixed Pallet,0.0000,On Hand,28 Apr 2025
QOH,P1322,NAD,OH,Mixed Pallet,0.0000,On Hand,28 Apr 2025
QOH,P1325,NAD,OH,Mixed Pallet,0.0000,On Hand,28 Apr 2025
QOH,P1328,NAD,OH,Mixed Pallet,0.0000,On Hand,28 Apr 2025
QOH,P1329,NAD,OH,Mixed Pallet,0.0000,On Hand,28 Apr 2025
QOH,P1330,NAD,OH,Mixed Pallet,0.0000,On Hand,28 Apr 2025
QOH,P1331,NAD,OH,Mixed Pallet,0.0000,On Hand,28 Apr 2025
QOH,P1332,NAD,OH,Mixed Pallet,0.0000,On Hand,28 Apr 2025
QOH,P1333,NAD,OH,Mixed Pallet,0.0000,On Hand,28 Apr 2025
QOH,P1334,NAD,OH,Mixed Pallet,0.0000,On Hand,28 Apr 2025
QOH,P1335,NAD,OH,Mixed Pallet,0.0000,On Hand,28 Apr 2025
QOH,P1336,NAD,OH,Mixed Pallet,0.0000,On Hand,28 Apr 2025
QOH,P1337,NAD,OH,Mixed Pallet,0.0000,On Hand,28 Apr 2025
QOH,P1338,NAD,OH,Mixed Pallet,0.0000,On Hand,28 Apr 2025
QOH,P1339,NAD,OH,Mixed Pallet,0.0000,On Hand,28 Apr 2025
QOH,P1340,NAD,OH,Mixed Pallet,0.0000,On Hand,28 Apr 2025
QOH,P1341,NAD,OH,Mixed Pallet,0.0000,On Hand,28 Apr 2025
QOH,P1342,NAD,OH,Mixed Pallet,0.0000,On Hand,28 Apr 2025
QOH,P1343,NAD,OH,Mixed Pallet,0.0000,On Hand,28 Apr 2025
QOH,P1344,NAD,OH,Mixed Pallet,0.0000,On Hand,28 Apr 2025
QOH,P1345,NAD,OH,Mixed Pallet,0.0000,On Hand,28 Apr 2025
QOH,P1346,NAD,OH,Mixed Pallet,0.0000,On Hand,28 Apr 2025
QOH,P1347,NAD,OH,Mixed Pallet,0.0000,On Hand,28 Apr 2025
QOH,P1348,NAD,OH,Mixed Pallet,0.0000,On Hand,28 Apr 2025
QOH,P1349,NAD,OH,Mixed Pallet,0.0000,On Hand,28 Apr 2025
QOH,P1350,NAD,OH,Mixed Pallet,0.0000,On Hand,28 Apr 2025
QOH,1755,Kynor,OH,PVC Socket 110MM Single,0.0000,On Hand,28 Apr 2025
QOH,1760,Kynor,OH,PVC Bend 110-92 Plain,0.0000,On Hand,28 Apr 2025
QOH,1886,Kynor,OH,PVC Pipe 50mm x 6m,0.0000,On Hand,28 Apr 2025
QOH,20805,Kynor,OH,PVC Pipe 110m X 6m,0.0000,On Hand,28 Apr 2025
QOH,1906,Kynor,OH,PVC Stopend 50mm X Female,0.0000,On Hand,28 Apr 2025
QOH,1911,Kynor,OH,PVC Bend 50 X87 Plain,0.0000,On Hand,28 Apr 2025
QOH,1912,Kynor,OH,PVC Bend 50 X 87 Access,0.0000,On Hand,28 Apr 2025
QOH,1919,Kynor,OH,PVC Socket 50mm Double,0.0000,On Hand,28 Apr 2025
QOH,1927,Kynor,OH,PVC Junction 50 X 45 Plain,0.0000,On Hand,28 Apr 2025
QOH,RCP0010,Kynor,OH,Round Cutter Set Plain 10pc,0.0000,On Hand,28 Apr 2025
QOH,RCF0010,Kynor,OH,Round Cutter Set Fluted 10pc,0.0000,On Hand,28 Apr 2025
QOH,QPN0280,Kynor,OH,Quiche Pan 285mm,0.0000,On Hand,28 Apr 2025
QOH,SFT2026,Kynor,OH,Spring Form Tin 260mm,0.0000,On Hand,28 Apr 2025
QOH,SFT2028,Kynor,OH,Spring Form Tin 280mm,0.0000,On Hand,28 Apr 2025
QOH,MSS1240,Kynor,OH,Mould Silicone Fantasia 230mm X 95,0.0000,On Hand,28 Apr 2025
QOH,MSG0220,Kynor,OH,Mould Silicon Gugelhupf 240mm,0.0000,On Hand,28 Apr 2025
QOH,MSM0005,Kynor,OH,Mould Silicone Muffin 5 Cups 300 X 17,0.0000,On Hand,28 Apr 2025
QOH,MSG0006,Kynor,OH,Silicone Mould Formaflex,0.0000,On Hand,28 Apr 2025
QOH,MSR0260,Kynor,OH,Mould Silicone Round Plain Edge 255mm,0.0000,On Hand,28 Apr 2025
QOH,MJR0024,Kynor,OH,Jelly Mould Round 24 Portion,0.0000,On Hand,28 Apr 2025
QOH,MSM00012,Kynor,OH,Mould Silicone Muffin 12 Cups,0.0000,On Hand,28 Apr 2025
QOH,CRR0250,Kynor,OH,Cake Ring Round 250mm,0.0000,On Hand,28 Apr 2025
QOH,QCM0080,Kynor,OH,Queen Cake Moulds 80mm X 30mm,0.0000,On Hand,28 Apr 2025
QOH,NSM1010,Kynor,OH,Nossel Set Star 10 Piece,0.0000,On Hand,28 Apr 2025
QOH,NSM0010,Kynor,OH,Nossel Set Plain 10 Piece,0.0000,On Hand,28 Apr 2025
QOH,CHS0001,Kynor,OH,Cream Horn,0.0000,On Hand,28 Apr 2025
QOH,PBP0045,Kynor,OH,Piping Bag Polyurethane 450mm,0.0000,On Hand,28 Apr 2025
QOH,OMS0001,Kynor,OH,Oven Mits Silicon 320mm,0.0000,On Hand,28 Apr 2025
QOH,CLA0400,Kynor,OH,Colander Heavy Duty 400mm,0.0000,On Hand,28 Apr 2025
QOH,IBP0001,Kynor,OH,Ingredient Bin Mobile Dolley,0.0000,On Hand,28 Apr 2025
QOH,BTA0030,Kynor,OH,Baking Tray Large Muffin 15pce,0.0000,On Hand,28 Apr 2025
QOH,SSS3003,Kynor,OH,Stainless Sieve 400mm,0.0000,On Hand,28 Apr 2025
QOH,WRF1036,Kynor,OH,Wok Round Flat Bottom 360mm,0.0000,On Hand,28 Apr 2025
QOH,WRS1036,Kynor,OH,Wok Round Bottom 360mm,0.0000,On Hand,28 Apr 2025
QOH,CB503N-A,ABC Building Materials,OH,ORAC Cornice Moulding,0.0000,On Hand,28 Apr 2025
QOH,CB525N-A,ABC Building Materials,OH,ORAC Cornice Moulding,0.0000,On Hand,28 Apr 2025
QOH,CB511N-A,ABC Building Materials,OH,ORAC Cornice Moulding,0.0000,On Hand,28 Apr 2025
QOH,CB512N-A,ABC Building Materials,OH,ORAC Cornice Moulding,0.0000,On Hand,28 Apr 2025
QOH,C342-A,ABC Building Materials,OH,ORAC Cornice Moulding,100.0000,On Hand,28 Apr 2025
QOH,C343-B,ABC Building Materials,OH,ORAC Cornice Moulding,72.0000,On Hand,28 Apr 2025
QOH,C343-C,ABC Building Materials,OH,ORAC Cornice Moulding,0.0000,On Hand,28 Apr 2025
QOH,C343-D,ABC Building Materials,OH,ORAC Cornice Moulding,0.0000,On Hand,28 Apr 2025
QOH,C343-E,ABC Building Materials,OH,ORAC Cornice Moulding,72.0000,On Hand,28 Apr 2025
QOH,CANTILEV650G,Kynor,OH,Cantilever Bracker 650mm 220-240kg,0.0000,On Hand,28 Apr 2025
QOH,DSETSDS05M,Kynor,OH,Drill Set SDS 5pc Martlet,0.0000,On Hand,28 Apr 2025
QOH,KT14210206,Kynor,OH,S/Driver PH 2x150 K/Tony,0.0000,On Hand,28 Apr 2025
QOH,KT14226506,Kynor,OH,S/Driver Flat 6.5x150 K/Tony,0.0000,On Hand,28 Apr 2025
QOH,MNHG06,Kynor,OH,Nut HT Metric Galvanised 6mm,0.0000,On Hand,28 Apr 2025
QOH,MNHG08,Kynor,OH,Nut HT Metric Galvanised 8mm,0.0000,On Hand,28 Apr 2025
QOH,MNHG10,Kynor,OH,Nut HT Metric Galvanised 10mm,0.0000,On Hand,28 Apr 2025
QOH,MSMG06*050,Kynor,OH,Set MS Galv 4.8 DIN 6x50,0.0000,On Hand,28 Apr 2025
QOH,MSM08*050,Kynor,OH,Set MS Galv 4.8 DIN 8x50,0.0000,On Hand,28 Apr 2025
QOH,MSMG10*050,Kynor,OH,Set MS Galv 4.8 DIN 10x50,0.0000,On Hand,28 Apr 2025
QOH,R/011992,Kynor,OH,Mocro - Tec Measuring Taper 50mt,0.0000,On Hand,28 Apr 2025
QOH,RAW12R,Kynor,OH,Expantion Bolt 12mm Drill 20mm (kk),0.0000,On Hand,28 Apr 2025
QOH,SMETA08,Kynor,OH,Stanley Powerlock 8mt,0.0000,On Hand,28 Apr 2025
QOH,SPAN1B10GR,Kynor,OH,Spanner Comb Flat 10mm GED Red,0.0000,On Hand,28 Apr 2025
QOH,SPAN1B13GR,Kynor,OH,Spanner Comb Flat 13mm GED Red,0.0000,On Hand,28 Apr 2025
QOH,SPILES0450,Kynor,OH,Level Spirit 450mm ALU Stanley,0.0000,On Hand,28 Apr 2025
QOH,SPILES1200,Kynor,OH,Level Spirit 1200mm STL Stanley,0.0000,On Hand,28 Apr 2025
QOH,TCP18524,Kynor,OH,Tork Craft Cont. Blade 185x24T,0.0000,On Hand,28 Apr 2025
QOH,TCP23040,Kynor,OH,Tork Craft Cont. Blade 230x40T,0.0000,On Hand,28 Apr 2025
QOH,TOLFIB30,Kynor,OH,Tape Meas F/Glass 30mt Tolsen,0.0000,On Hand,28 Apr 2025
QOH,P1327,NAD,OH,Mixed Pallet,0.0000,On Hand,28 Apr 2025
QOH,900X600WTL135G-J,Kiki Bags,OH,White Top Liner 135G,5600.0000,On Hand,28 Apr 2025
QOH,InstantHedge-F2,Kynor,OH,Instant Artifical Hedge,0.0000,On Hand,28 Apr 2025
QOH,LAS6,Kynor,OH,LAS6 IND Step Ladder 1.8M,0.0000,On Hand,28 Apr 2025
QOH,LAS8,Kynor,OH,LAS8 IND Step Ladder 2.4M,0.0000,On Hand,28 Apr 2025
QOH,CPU2/20,Kynor,OH,CPU2/20 Extention Ladder,0.0000,On Hand,28 Apr 2025
QOH,CPU2/26,Kynor,OH,CPU2/26 Extention Ladder,0.0000,On Hand,28 Apr 2025
QOH,Smoking Detector,Kynor,OH,Electrical Room Smoking Detector,0.0000,On Hand,28 Apr 2025
QOH,15+00+43,Kiki Trading,OH,15+00+43 Sportsmaster17/01/25,66.0000,On Hand,28 Apr 2025
QOH,ACCPRO360ST,Kiki Trading,OH,AccPro 360ST + Raincover Applictors T&L,5.0000,On Hand,28 Apr 2025
QOH,P1357,NAD,OH,Mixed Pallet,0.0000,On Hand,28 Apr 2025
QOH,P1358,NAD,OH,Mixed Pallet,0.0000,On Hand,28 Apr 2025
QOH,P1359,NAD,OH,Mixed Pallet,0.0000,On Hand,28 Apr 2025
QOH,P1360,NAD,OH,Mixed Pallet,0.0000,On Hand,28 Apr 2025
QOH,P1361,NAD,OH,Mixed Pallet,0.0000,On Hand,28 Apr 2025
QOH,P1362,NAD,OH,Mixed Pallet,0.0000,On Hand,28 Apr 2025
QOH,P1363,NAD,OH,Mixed Pallet,0.0000,On Hand,28 Apr 2025
QOH,P1364,NAD,OH,Mixed Pallet,0.0000,On Hand,28 Apr 2025
QOH,P1365,NAD,OH,Mixed Pallet,0.0000,On Hand,28 Apr 2025
QOH,P1366,NAD,OH,Mixed Pallet,0.0000,On Hand,28 Apr 2025
QOH,P1354,NAD,OH,Mixed Pallet,1.0000,On Hand,28 Apr 2025
QOH,P1352,NAD,OH,Mixed Pallet,1.0000,On Hand,28 Apr 2025
QOH,P1353,NAD,OH,Mixed Pallet,0.0000,On Hand,28 Apr 2025
QOH,P1355,NAD,OH,Mixed Pallet,0.0000,On Hand,28 Apr 2025
QOH,P1351,NAD,OH,Mixed Pallet,0.0000,On Hand,28 Apr 2025
QOH,P1356,NAD,OH,Mixed Pallet,0.0000,On Hand,28 Apr 2025
QOH,P1367,NAD,OH,Mixed Pallet,0.0000,On Hand,28 Apr 2025
QOH,P1368,NAD,OH,Mixed Pallet,0.0000,On Hand,28 Apr 2025
QOH,P1369,NAD,OH,Mixed Pallet,1.0000,On Hand,28 Apr 2025
QOH,P1370,NAD,OH,Mixed Pallet,1.0000,On Hand,28 Apr 2025
QOH,P1371,NAD,OH,Mixed Pallet,0.0000,On Hand,28 Apr 2025
QOH,1276105,Rockwood,OH,2750x1830x16.0 Supawood,4.0000,On Hand,28 Apr 2025
QOH,1276087,Rockwood,OH,2750x1830x6.0 Supawood,3.0000,On Hand,28 Apr 2025
QOH,11740469,Kynor,OH,Contour Ruby Plastic Chair,0.0000,On Hand,28 Apr 2025
QOH,YY101AC-GR,Kynor,OH,Contour Ruby Plastic Chair,0.0000,On Hand,28 Apr 2025
QOH,DOORS,Kynor,OH,Bedroom Cupboard Doors,0.0000,On Hand,28 Apr 2025
QOH,TABLE CLOTHS,Kynor,OH,Table Cloths 10/10 Red&White,0.0000,On Hand,28 Apr 2025
QOH,P127,NAD,OH,Mixed Pallet,1.0000,On Hand,28 Apr 2025
QOH,KYT-30B-I,LRB,OH,Elements Box Fan 30CM,1.0000,On Hand,28 Apr 2025
QOH,COFFEE,Kynor,OH,Coffee - Charity 200KG,0.0000,On Hand,28 Apr 2025
QOH,PRINTER,Kynor,OH,Printer & Paper for Geoff,0.0000,On Hand,28 Apr 2025
QOH,LIGHTS,Kynor,OH,Outdoor Lights,0.0000,On Hand,28 Apr 2025
QOH,CORDS,Kynor,OH,Electrical Cords,0.0000,On Hand,28 Apr 2025
QOH,2251355,Kynor,OH,Battery Pack B 22-110 Li-ion,0.0000,On Hand,28 Apr 2025
QOH,2160220,Kynor,OH,Combihammer TE 30-AVR 220V Case,0.0000,On Hand,28 Apr 2025
QOH,2256704,Kynor,OH,Cordless Rotary Hammer TE 2-22 Case,0.0000,On Hand,28 Apr 2025
QOH,2118046,Kynor,OH,Cutting Disc EQD SPX-SL125 (2) univ,0.0000,On Hand,28 Apr 2025
QOH,P1372,NAD,OH,Mixed Pallet,0.0000,On Hand,28 Apr 2025
QOH,P1373,NAD,OH,Mixed Pallet,0.0000,On Hand,28 Apr 2025
QOH,P1374,NAD,OH,Mixed Pallet,1.0000,On Hand,28 Apr 2025
QOH,P1375,NAD,OH,Mixed Pallet,1.0000,On Hand,28 Apr 2025
QOH,P1376,NAD,OH,Mixed Pallet,1.0000,On Hand,28 Apr 2025
QOH,P1377,NAD,OH,Mixed Pallet,1.0000,On Hand,28 Apr 2025
QOH,P1378,NAD,OH,Mixed Pallet,1.0000,On Hand,28 Apr 2025
QOH,P1379,NAD,OH,Mixed Pallet,1.0000,On Hand,28 Apr 2025
QOH,P1380,NAD,OH,Mixed Pallet,1.0000,On Hand,28 Apr 2025
QOH,P1381,NAD,OH,Mixed Pallet,1.0000,On Hand,28 Apr 2025
QOH,P1382,NAD,OH,Mixed Pallet,1.0000,On Hand,28 Apr 2025
QOH,P1383,NAD,OH,Mixed Pallet,1.0000,On Hand,28 Apr 2025
QOH,P1384,NAD,OH,Mixed Pallet,1.0000,On Hand,28 Apr 2025
QOH,P1385,NAD,OH,Mixed Pallet,1.0000,On Hand,28 Apr 2025
QOH,463189,Kynor,OH,Brickforce NHBRC 150x2.8NNx20M Galv,0.0000,On Hand,28 Apr 2025
QOH,42037,Kynor,OH,Lasher Spade 660mm,0.0000,On Hand,28 Apr 2025
QOH,717307,Kynor,OH,Ryobi Line Trimmer 1 8V C/Less Unit Only,0.0000,On Hand,28 Apr 2025
QOH,572829,Kynor,OH,Ryobi Battery Pk One Plus XB1500 18V,0.0000,On Hand,28 Apr 2025
QOH,572836,Kynor,OH,Ryobi Charger Pk One Plus XPP2700 18V,0.0000,On Hand,28 Apr 2025
QOH,599342,Kynor,OH,Antrap Indoors 2Pk,0.0000,On Hand,28 Apr 2025
QOH,747692,Kynor,OH,D/Tello INT DR HB CA IRO GRVD EE PRD,0.0000,On Hand,28 Apr 2025
QOH,FALCO13,Kynor,OH,Wheelbarrow WB Falco N Conc CKD,0.0000,On Hand,28 Apr 2025
QOH,5390,Kynor,OH,Hillaldam Cosy Deluxe DIY Set 30KG,0.0000,On Hand,28 Apr 2025
QOH,20+00+07-W,Kiki Trading,OH,20+00+07 Proturf NEW 17/01/2025,40.0000,On Hand,28 Apr 2025
QOH,20+00+07-X,Kiki Trading,OH,20+00+07 Proturf latest 07/02/2025,40.0000,On Hand,28 Apr 2025
QOH,20+00+07-Y,Kiki Trading,OH,20+00+07 Proturf latest 07/02/2025,40.0000,On Hand,28 Apr 2025
QOH,18+06+18-E,Kiki Trading,OH,18+06+18 Sierraform GT latest 06-03-2025,50.0000,On Hand,28 Apr 2025
QOH,18+06+18-F,Kiki Trading,OH,18+06+18 Sierraform GT latest 07/02/2025,50.0000,On Hand,28 Apr 2025
QOH,18-22-05-B,Kiki Trading,OH,18+22+05 Sierraform GT latest 17-01-2025,50.0000,On Hand,28 Apr 2025
QOH,800X640WTL175-C,Kiki Bags,OH,White Top Liner 175G,3161.0000,On Hand,28 Apr 2025
QOH,800X640WTL175-D,Kiki Bags,OH,White Top Liner 175G Damaged sheets,0.0000,On Hand,28 Apr 2025
QOH,P1386,NAD,OH,Mixed Pallet,0.0000,On Hand,28 Apr 2025
QOH,P1387,NAD,OH,Mixed Pallet,0.0000,On Hand,28 Apr 2025
QOH,P1388,NAD,OH,Mixed Pallet,0.0000,On Hand,28 Apr 2025
QOH,P1389,NAD,OH,Mixed Pallet,0.0000,On Hand,28 Apr 2025
QOH,P1390,NAD,OH,Mixed Pallet,0.0000,On Hand,28 Apr 2025
QOH,P1391,NAD,OH,Mixed Pallet,0.0000,On Hand,28 Apr 2025
QOH,P1392,NAD,OH,Mixed Pallet,0.0000,On Hand,28 Apr 2025
QOH,P1393,NAD,OH,Mixed Pallet,0.0000,On Hand,28 Apr 2025
QOH,P1394,NAD,OH,Mixed Pallet,0.0000,On Hand,28 Apr 2025
QOH,P1395,NAD,OH,Mixed Pallet,0.0000,On Hand,28 Apr 2025
QOH,P1396,NAD,OH,Mixed Pallet,0.0000,On Hand,28 Apr 2025
QOH,P1397,NAD,OH,Mixed Pallet,0.0000,On Hand,28 Apr 2025
QOH,P1398,NAD,OH,Mixed Pallet,0.0000,On Hand,28 Apr 2025
QOH,P1399,NAD,OH,Mixed Pallet,0.0000,On Hand,28 Apr 2025
QOH,P1400,NAD,OH,Mixed Pallet,0.0000,On Hand,28 Apr 2025
QOH,P1401,NAD,OH,Mixed Pallet,0.0000,On Hand,28 Apr 2025
QOH,P1402,NAD,OH,Mixed Pallet,0.0000,On Hand,28 Apr 2025
QOH,P1403,NAD,OH,Mixed Pallet,0.0000,On Hand,28 Apr 2025
QOH,P1404,NAD,OH,Mixed Pallet,0.0000,On Hand,28 Apr 2025
QOH,P1405,NAD,OH,Mixed Pallet,0.0000,On Hand,28 Apr 2025
QOH,P1406,NAD,OH,Mixed Pallet,0.0000,On Hand,28 Apr 2025
QOH,P1407,NAD,OH,Mixed Pallet,0.0000,On Hand,28 Apr 2025
QOH,P1408,NAD,OH,Mixed Pallet,0.0000,On Hand,28 Apr 2025
QOH,CROPOL001-A,Kynor,OH,Polaris Dinner Plate 25cm,0.0000,On Hand,28 Apr 2025
QOH,599342-A,Kynor,OH,Antrap Indoors 2Pk,0.0000,On Hand,28 Apr 2025
QOH,516958,Kynor,OH,Garden Master Compost,0.0000,On Hand,28 Apr 2025
QOH,516961,Kynor,OH,Garden Master Potting Soil,0.0000,On Hand,28 Apr 2025
QOH,CABC400,Bambino,OH,Commuter Booster Black/Grey,0.0000,On Hand,28 Apr 2025
QOH,DF-200P9-9T(BLACK)A,LRB,OH,Elements Oil Heater Black BD,2.0000,On Hand,28 Apr 2025
QOH,SK66W-1,Kynor,OH,Abus Doorchain White,0.0000,On Hand,28 Apr 2025
QOH,CACS611-J,Bambino,OH,I-Swivel Car Seat - Cobalt,0.0000,On Hand,28 Apr 2025
QOH,CACS611-K,Bambino,OH,I-Swivel Car Seat - Cobalt,0.0000,On Hand,28 Apr 2025
QOH,CABC400-A,Bambino,OH,Commuter Booster Black/Grey,0.0000,On Hand,28 Apr 2025
QOH,CABS270-A,Bambino,OH,I-Ultra Car Seat,0.0000,On Hand,28 Apr 2025
QOH,MG-5616F-M,LRB,OH,Elements Fan Pedest Recharge 40cm,1.0000,On Hand,28 Apr 2025
QOH,21055199,Kynor,OH,Knorr Beef Stock 1KG,0.0000,On Hand,28 Apr 2025
QOH,21055201,Kynor,OH,Knorr Chicken Stock Gran 1KG,0.0000,On Hand,28 Apr 2025
QOH,21055200,Kynor,OH,Knorr Veg Stock 1KG,0.0000,On Hand,28 Apr 2025
QOH,11125,Kynor,OH,Robertsons Hot Rajah 800G,0.0000,On Hand,28 Apr 2025
QOH,11132,Kynor,OH,Robertsons Medium Rajah 800G,0.0000,On Hand,28 Apr 2025
QOH,11349,Kynor,OH,Robertsons Barbecue Spice 1KG,0.0000,On Hand,28 Apr 2025
QOH,11443,Kynor,OH,Robertsons Chicken Spice 1KG,0.0000,On Hand,28 Apr 2025
QOH,11442,Kynor,OH,Robertsons Fish Spice 1KG,0.0000,On Hand,28 Apr 2025
QOH,11444,Kynor,OH,Robertsons Steak & Chop Spice 1 KG,0.0000,On Hand,28 Apr 2025
QOH,11723,Kynor,OH,Robertsons Peri Peri 700G,0.0000,On Hand,28 Apr 2025
QOH,11487,Kynor,OH,Robs Lemon & Herb Flav Seas 800G,0.0000,On Hand,28 Apr 2025
QOH,11489,Kynor,OH,Robertsons Portuguese Chicken 1KG,0.0000,On Hand,28 Apr 2025
QOH,11635,Kynor,OH,Robertsons Chip & Potato Seasoning 1KG,0.0000,On Hand,28 Apr 2025
QOH,11713,Kynor,OH,Robertsons Black Pepper 800G,0.0000,On Hand,28 Apr 2025
QOH,11715,Kynor,OH,Robertsons Cinnamon 600G,0.0000,On Hand,28 Apr 2025
QOH,11728,Kynor,OH,Robertsons Paprika 700G,0.0000,On Hand,28 Apr 2025
QOH,11725,Kynor,OH,Robertsons Tumeric 800G,0.0000,On Hand,28 Apr 2025
QOH,12354,Kynor,OH,Knorr Demi Glace Base 800G,0.0000,On Hand,28 Apr 2025
QOH,11421,Kynor,OH,Carte D'OR Strawberry Jelly 2KG,0.0000,On Hand,28 Apr 2025
QOH,11414,Kynor,OH,Carte D'OR Orange Jelly 2KG,0.0000,On Hand,28 Apr 2025
QOH,11411,Kynor,OH,Carte D'OR Greenage Jelly 2KG,0.0000,On Hand,28 Apr 2025
QOH,11381,Kynor,OH,Carte D'OR Cheese Cake Mix 1KG,0.0000,On Hand,28 Apr 2025
QOH,21128386,Kynor,OH,Knorr Chicken Soup 1.6KG,0.0000,On Hand,28 Apr 2025
QOH,21128387,Kynor,OH,Knorr Brown Onion Soup 1.6KG,0.0000,On Hand,28 Apr 2025
QOH,21128384,Kynor,OH,Knorr Mushroom Soup 1.6KG,0.0000,On Hand,28 Apr 2025
QOH,21128390,Kynor,OH,Knorr Thick Veg Soup 1.6KG,0.0000,On Hand,28 Apr 2025
QOH,P1409,NAD,OH,Mixed Pallet,0.0000,On Hand,28 Apr 2025
QOH,P1410,NAD,OH,Mixed Pallet,0.0000,On Hand,28 Apr 2025
QOH,P1411,NAD,OH,Mixed Pallet,0.0000,On Hand,28 Apr 2025
QOH,P1412,NAD,OH,Mixed Pallet,0.0000,On Hand,28 Apr 2025
QOH,P1413,NAD,OH,Mixed Pallet,0.0000,On Hand,28 Apr 2025
QOH,P1414,NAD,OH,Mixed Pallet,0.0000,On Hand,28 Apr 2025
QOH,P1415,NAD,OH,Mixed Pallet,0.0000,On Hand,28 Apr 2025
QOH,P1416,NAD,OH,Mixed Pallet,0.0000,On Hand,28 Apr 2025
QOH,P1417,NAD,OH,Mixed Pallet,0.0000,On Hand,28 Apr 2025
QOH,P1418,NAD,OH,Mixed Pallet,0.0000,On Hand,28 Apr 2025
QOH,P1419,NAD,OH,Mixed Pallet,0.0000,On Hand,28 Apr 2025
QOH,P1420,NAD,OH,Mixed Pallet,0.0000,On Hand,28 Apr 2025
QOH,P1421,NAD,OH,Mixed Pallet,0.0000,On Hand,28 Apr 2025
QOH,P1422,NAD,OH,Mixed Pallet,0.0000,On Hand,28 Apr 2025
QOH,P1423,NAD,OH,Mixed Pallet,0.0000,On Hand,28 Apr 2025
QOH,P1424,NAD,OH,Mixed Pallet,0.0000,On Hand,28 Apr 2025
QOH,P1425,NAD,OH,Mixed Pallet,0.0000,On Hand,28 Apr 2025
QOH,P1426,NAD,OH,Mixed Pallet,0.0000,On Hand,28 Apr 2025
QOH,P1427,NAD,OH,Mixed Pallet,1.0000,On Hand,28 Apr 2025
QOH,P1428,NAD,OH,Mixed Pallet,0.0000,On Hand,28 Apr 2025
QOH,P1429,NAD,OH,Mixed Pallet,1.0000,On Hand,28 Apr 2025
QOH,P1430,NAD,OH,Mixed Pallet,0.0000,On Hand,28 Apr 2025
QOH,P1431,NAD,OH,Mixed Pallet,1.0000,On Hand,28 Apr 2025
QOH,P1432,NAD,OH,Mixed Pallet,1.0000,On Hand,28 Apr 2025
QOH,BRAAI,Kynor,OH,Stainless Braai,0.0000,On Hand,28 Apr 2025
QOH,BRAAIEQP,Kynor,OH,Fire Startter & Rotisserie Attachement,0.0000,On Hand,28 Apr 2025
QOH,430022,Kynor,OH,12-16.5 14PR SKS - Ultra Deep Brute - L5,0.0000,On Hand,28 Apr 2025
QOH,21880,Kynor,OH,Valves - Brass - TR618A,0.0000,On Hand,28 Apr 2025
QOH,35+00+14,Kiki Trading,OH,35+00+14 Sportsmaster 07/02/2025,30.0000,On Hand,28 Apr 2025
QOH,15+00+43B,Kiki Trading,OH,15+00+43 Sportsmaster 07/02/2025,66.0000,On Hand,28 Apr 2025
QOH,3741032,Kynor,OH,Electrical Goods,0.0000,On Hand,28 Apr 2025
QOH,3141236,Kynor,OH,Electrical Goods,0.0000,On Hand,28 Apr 2025
QOH,3741232,Kynor,OH,Electrical Goods,0.0000,On Hand,28 Apr 2025
QOH,3740926,Kynor,OH,Electrical Goods,0.0000,On Hand,28 Apr 2025
QOH,3741235,Kynor,OH,Electrical Goods,0.0000,On Hand,28 Apr 2025
QOH,3740927,Kynor,OH,Electrical Goods,0.0000,On Hand,28 Apr 2025
QOH,3741236,Kynor,OH,Electrical Goods,0.0000,On Hand,28 Apr 2025
QOH,P1433,NAD,OH,Mixed Pallet,0.0000,On Hand,28 Apr 2025
QOH,P1434,NAD,OH,Mixed Pallet,1.0000,On Hand,28 Apr 2025
QOH,P1435,NAD,OH,Mixed Pallet,0.0000,On Hand,28 Apr 2025
QOH,P1436,NAD,OH,Mixed Pallet,1.0000,On Hand,28 Apr 2025
QOH,P1437,NAD,OH,Mixed Pallet,1.0000,On Hand,28 Apr 2025
QOH,22+05+11E,Kiki Trading,OH,22+05+11 Sierraform GT 07/02/2025,50.0000,On Hand,28 Apr 2025
QOH,22+05+11F,Kiki Trading,OH,22+05+11 Sierraform GT 07/02/2025,50.0000,On Hand,28 Apr 2025
QOH,18+06+18-G,Kiki Trading,OH,18+06+18 Sierraform GT latest 07/02/2025,50.0000,On Hand,28 Apr 2025
QOH,18+06+18-H,Kiki Trading,OH,18+06+18 Sierraform GT latest 07/02/2025,50.0000,On Hand,28 Apr 2025
QOH,18+06+18-I,Kiki Trading,OH,18+06+18 Sierraform GT latest 07/02/2025,50.0000,On Hand,28 Apr 2025
QOH,20+00+07-AA,Kiki Trading,OH,20+00+07 Proturf latest 06/03/2025,40.0000,On Hand,28 Apr 2025
QOH,20+00+07-Z,Kiki Trading,OH,20+00+07 Proturf latest 07/02/2025,25.0000,On Hand,28 Apr 2025
QOH,QST114U,Kiki Bags,OH,Shopper Unprinted Bags,0.0000,On Hand,28 Apr 2025
QOH,S0015200,Kynor,OH,Butterlux Top Flush,0.0000,On Hand,28 Apr 2025
QOH,S0012263,Kynor,OH,Evox Vegas Round Molded Wood Seat,0.0000,On Hand,28 Apr 2025
QOH,122804,Kynor,OH,T&G Headboard,0.0000,On Hand,28 Apr 2025
QOH,141104,Kynor,OH,Lexi Pedestal,0.0000,On Hand,28 Apr 2025
QOH,600X460WTL135GI,Kiki Bags,OH,White Top Liner 135G,100.0000,On Hand,28 Apr 2025
QOH,600X460WTL135GJ,Kiki Bags,OH,White Top Liner 135G,34.0000,On Hand,28 Apr 2025
QOH,DF-200P9-9T-E,LRB,OH,Elements Heater 9 Fin Oil 2000w,200.0000,On Hand,28 Apr 2025
QOH,DF-200P9-9T-F,LRB,OH,Elements Heater 9 Fin Oil 2000w BD,0.0000,On Hand,28 Apr 2025
QOH,1276105-A,Rockwood,OH,2750x1830 16.0 Supawood,0.0000,On Hand,28 Apr 2025
QOH,SPARES-F,Bambino,OH,BAM5119,0.0000,On Hand,28 Apr 2025
QOH,P1438,NAD,OH,Mixed Pallet,0.0000,On Hand,28 Apr 2025
QOH,P1439,NAD,OH,Mixed Pallet,0.0000,On Hand,28 Apr 2025
QOH,P1440,NAD,OH,Mixed Pallet,0.0000,On Hand,28 Apr 2025
QOH,P1441,NAD,OH,Mixed Pallet,0.0000,On Hand,28 Apr 2025
QOH,P1442,NAD,OH,Mixed Pallet,0.0000,On Hand,28 Apr 2025
QOH,P1443,NAD,OH,Mixed Pallet,0.0000,On Hand,28 Apr 2025
QOH,P1444,NAD,OH,Mixed Pallet,0.0000,On Hand,28 Apr 2025
QOH,P1445,NAD,OH,Mixed Pallet,0.0000,On Hand,28 Apr 2025
QOH,P1446,NAD,OH,Mixed Pallet,0.0000,On Hand,28 Apr 2025
QOH,P1447,NAD,OH,Mixed Pallet,0.0000,On Hand,28 Apr 2025
QOH,P1448,NAD,OH,Mixed Pallet,0.0000,On Hand,28 Apr 2025
QOH,P1449,NAD,OH,Mixed Pallet,0.0000,On Hand,28 Apr 2025
QOH,P1450,NAD,OH,Mixed Pallet,0.0000,On Hand,28 Apr 2025
QOH,P1451,NAD,OH,Mixed Pallet,0.0000,On Hand,28 Apr 2025
QOH,P1452,NAD,OH,Mixed Pallet,0.0000,On Hand,28 Apr 2025
QOH,P1453,NAD,OH,Mixed Pallet,0.0000,On Hand,28 Apr 2025
QOH,P1454,NAD,OH,Mixed Pallet,0.0000,On Hand,28 Apr 2025
QOH,P1455,NAD,OH,Mixed Pallet,0.0000,On Hand,28 Apr 2025
QOH,P1456,NAD,OH,Mixed Pallet,0.0000,On Hand,28 Apr 2025
QOH,P1457,NAD,OH,Mixed Pallet,0.0000,On Hand,28 Apr 2025
QOH,P1458,NAD,OH,Mixed Pallet,0.0000,On Hand,28 Apr 2025
QOH,P1459,NAD,OH,Mixed Pallet,0.0000,On Hand,28 Apr 2025
QOH,P1460,NAD,OH,Mixed Pallet,0.0000,On Hand,28 Apr 2025
QOH,P1461,NAD,OH,Mixed Pallet,0.0000,On Hand,28 Apr 2025
QOH,P1462,NAD,OH,Mixed Pallet,0.0000,On Hand,28 Apr 2025
QOH,P1463,NAD,OH,Mixed Pallet,0.0000,On Hand,28 Apr 2025
QOH,P1464,NAD,OH,Mixed Pallet,0.0000,On Hand,28 Apr 2025
QOH,P1465,NAD,OH,Mixed Pallet,0.0000,On Hand,28 Apr 2025
QOH,P1466,NAD,OH,Mixed Pallet,0.0000,On Hand,28 Apr 2025
QOH,P1467,NAD,OH,Mixed Pallet,0.0000,On Hand,28 Apr 2025
QOH,P1468,NAD,OH,Mixed Pallet,0.0000,On Hand,28 Apr 2025
QOH,P1469,NAD,OH,Mixed Pallet,0.0000,On Hand,28 Apr 2025
QOH,P1470,NAD,OH,Mixed Pallet,0.0000,On Hand,28 Apr 2025
QOH,P1471,NAD,OH,Mixed Pallet,0.0000,On Hand,28 Apr 2025
QOH,P1472,NAD,OH,Mixed Pallet,0.0000,On Hand,28 Apr 2025
QOH,P1473,NAD,OH,Mixed Pallet,0.0000,On Hand,28 Apr 2025
QOH,P1474,NAD,OH,Mixed Pallet,0.0000,On Hand,28 Apr 2025
QOH,GAR-GLOSS630,Kamboo Marketing,OH,24 PP Thermal Gloss -630mm,9.0000,On Hand,28 Apr 2025
QOH,GAR-GLOSS710,Kamboo Marketing,OH,24 PP Thermal Gloss -710mm,6.0000,On Hand,28 Apr 2025
QOH,GAR-GLOSS450,Kamboo Marketing,OH,24 PP Thermal Gloss -450mm,10.0000,On Hand,28 Apr 2025
QOH,GAR-MATT450,Kamboo Marketing,OH,27 PP Thermal Matt -450mm,10.0000,On Hand,28 Apr 2025
QOH,GAR-GLOSS910,Kamboo Marketing,OH,24 PP Thermal Gloss -910,2.0000,On Hand,28 Apr 2025
QOH,GAR-DIGLOSS320,Kamboo Marketing,OH,32 PP Digi Gloss -320mm,4.0000,On Hand,28 Apr 2025
QOH,GAR-DIMATT320,Kamboo Marketing,OH,32 PP Digi Matt -320mm,4.0000,On Hand,28 Apr 2025
QOH,PLA-070-422-S25,Kamboo Marketing,OH,Planamelt R 1323-2 (25KG),2.0000,On Hand,28 Apr 2025
QOH,PLA-066-023-PB2,Kamboo Marketing,OH,PUR 2880 (2KG),5.0000,On Hand,28 Apr 2025
QOH,D-DHS83NM,Kamboo Marketing,OH,DHS 83 NM 900*1200,10.0000,On Hand,28 Apr 2025
QOH,D-DRF170M,Kamboo Marketing,OH,Rapidoflex DR170M (900*1200),0.0000,On Hand,28 Apr 2025
QOH,GAR-GLO450-1000,Kamboo Marketing,OH,24 PP Thermal Gloss -450mmx100m,0.0000,On Hand,28 Apr 2025
QOH,T1,Trendcorp,OH,Mixed Pallet,0.0000,On Hand,28 Apr 2025
QOH,T2,Trendcorp,OH,Mixed Pallet,0.0000,On Hand,28 Apr 2025
QOH,T3,Trendcorp,OH,Mixed Pallet,0.0000,On Hand,28 Apr 2025
QOH,T4,Trendcorp,OH,Mixed Pallet,0.0000,On Hand,28 Apr 2025
QOH,T5,Trendcorp,OH,Mixed Pallet,0.0000,On Hand,28 Apr 2025
QOH,T6,Trendcorp,OH,Mixed Pallet,0.0000,On Hand,28 Apr 2025
QOH,T7,Trendcorp,OH,Mixed Pallet,0.0000,On Hand,28 Apr 2025
QOH,T8,Trendcorp,OH,Mixed Pallet,0.0000,On Hand,28 Apr 2025
QOH,T9,Trendcorp,OH,Mixed Pallet,0.0000,On Hand,28 Apr 2025
QOH,T10,Trendcorp,OH,Mixed Pallet,0.0000,On Hand,28 Apr 2025
QOH,T11,Trendcorp,OH,Mixed Pallet,0.0000,On Hand,28 Apr 2025
QOH,T12,Trendcorp,OH,Mixed Pallet,0.0000,On Hand,28 Apr 2025
QOH,T13,Trendcorp,OH,Mixed Pallet,0.0000,On Hand,28 Apr 2025
QOH,T14,Trendcorp,OH,Mixed Pallet,0.0000,On Hand,28 Apr 2025
QOH,T15,Trendcorp,OH,Mixed Pallet,0.0000,On Hand,28 Apr 2025
QOH,T16,Trendcorp,OH,Mixed Pallet,0.0000,On Hand,28 Apr 2025
QOH,T17,Trendcorp,OH,Mixed Pallet,0.0000,On Hand,28 Apr 2025
QOH,T18,Trendcorp,OH,Mixed Pallet,0.0000,On Hand,28 Apr 2025
QOH,T19,Trendcorp,OH,Mixed Pallet,0.0000,On Hand,28 Apr 2025
QOH,T20,Trendcorp,OH,Mixed Pallet,0.0000,On Hand,28 Apr 2025
QOH,T21,Trendcorp,OH,Mixed Pallet,0.0000,On Hand,28 Apr 2025
QOH,T22,Trendcorp,OH,Mixed Pallet,0.0000,On Hand,28 Apr 2025
QOH,T23,Trendcorp,OH,Mixed Pallet,0.0000,On Hand,28 Apr 2025
QOH,T24,Trendcorp,OH,Mixed Pallet,0.0000,On Hand,28 Apr 2025
QOH,T25,Trendcorp,OH,Mixed Pallet,0.0000,On Hand,28 Apr 2025
QOH,T26,Trendcorp,OH,Mixed Pallet,0.0000,On Hand,28 Apr 2025
QOH,T27,Trendcorp,OH,Mixed Pallet,0.0000,On Hand,28 Apr 2025
QOH,T28,Trendcorp,OH,Mixed Pallet,0.0000,On Hand,28 Apr 2025
QOH,T29,Trendcorp,OH,Mixed Pallet,0.0000,On Hand,28 Apr 2025
QOH,T30,Trendcorp,OH,Mixed Pallet,0.0000,On Hand,28 Apr 2025
QOH,T31,Trendcorp,OH,Mixed Pallet,0.0000,On Hand,28 Apr 2025
QOH,T32,Trendcorp,OH,Mixed Pallet,0.0000,On Hand,28 Apr 2025
QOH,T33,Trendcorp,OH,Mixed Pallet,0.0000,On Hand,28 Apr 2025
QOH,T34,Trendcorp,OH,Mixed Pallet,0.0000,On Hand,28 Apr 2025
QOH,T35,Trendcorp,OH,Mixed Pallet,0.0000,On Hand,28 Apr 2025
QOH,T36,Trendcorp,OH,Mixed Pallet,0.0000,On Hand,28 Apr 2025
QOH,T37,Trendcorp,OH,Mixed Pallet,0.0000,On Hand,28 Apr 2025
QOH,T38,Trendcorp,OH,Mixed Pallet,0.0000,On Hand,28 Apr 2025
QOH,T39,Trendcorp,OH,Mixed Pallet,0.0000,On Hand,28 Apr 2025
QOH,T40,Trendcorp,OH,Mixed Pallet,0.0000,On Hand,28 Apr 2025
QOH,T41,Trendcorp,OH,Mixed Pallet,0.0000,On Hand,28 Apr 2025
QOH,T42,Trendcorp,OH,Mixed Pallet,0.0000,On Hand,28 Apr 2025
QOH,T43,Trendcorp,OH,Mixed Pallet,0.0000,On Hand,28 Apr 2025
QOH,T44,Trendcorp,OH,Mixed Pallet,0.0000,On Hand,28 Apr 2025
QOH,T45,Trendcorp,OH,Mixed Pallet,0.0000,On Hand,28 Apr 2025
QOH,T46,Trendcorp,OH,Mixed Pallet,0.0000,On Hand,28 Apr 2025
QOH,T47,Trendcorp,OH,Mixed Pallet,0.0000,On Hand,28 Apr 2025
QOH,T48,Trendcorp,OH,Mixed Pallet,0.0000,On Hand,28 Apr 2025
QOH,T49,Trendcorp,OH,Mixed Pallet,0.0000,On Hand,28 Apr 2025
QOH,T50,Trendcorp,OH,Mixed Pallet,0.0000,On Hand,28 Apr 2025
QOH,T51,Trendcorp,OH,Mixed Pallet,0.0000,On Hand,28 Apr 2025
QOH,T52,Trendcorp,OH,Mixed Pallet,0.0000,On Hand,28 Apr 2025
QOH,T53,Trendcorp,OH,Mixed Pallet,0.0000,On Hand,28 Apr 2025
QOH,T54,Trendcorp,OH,Mixed Pallet,0.0000,On Hand,28 Apr 2025
QOH,T55,Trendcorp,OH,Mixed Pallet,0.0000,On Hand,28 Apr 2025
QOH,T56,Trendcorp,OH,Mixed Pallet,0.0000,On Hand,28 Apr 2025
QOH,T57,Trendcorp,OH,Mixed Pallet,0.0000,On Hand,28 Apr 2025
QOH,T58,Trendcorp,OH,Mixed Pallet,0.0000,On Hand,28 Apr 2025
QOH,T59,Trendcorp,OH,Mixed Pallet,0.0000,On Hand,28 Apr 2025
QOH,T60,Trendcorp,OH,Mixed Pallet,0.0000,On Hand,28 Apr 2025
QOH,T61,Trendcorp,OH,Mixed Pallet,0.0000,On Hand,28 Apr 2025
QOH,T62,Trendcorp,OH,Mixed Pallet,0.0000,On Hand,28 Apr 2025
QOH,T63,Trendcorp,OH,Mixed Pallet,0.0000,On Hand,28 Apr 2025
QOH,T64,Trendcorp,OH,Mixed Pallet,0.0000,On Hand,28 Apr 2025
QOH,GAR-GLOSS630-A,Kamboo Marketing,OH,24 PP Thermal Gloss -630mm,1.0000,On Hand,28 Apr 2025
QOH,T65,Trendcorp,OH,Mixed Pallet,0.0000,On Hand,28 Apr 2025
QOH,T66,Trendcorp,OH,Mixed Pallet,0.0000,On Hand,28 Apr 2025
QOH,MUL200/30,Isinkwe Energies,OH,Multivalve 200-204/30,0.0000,On Hand,28 Apr 2025
QOH,MUL225/30-C,Isinkwe Energies,OH,Multivalve 225/30 Toroidale,0.0000,On Hand,28 Apr 2025
QOH,FH-188A-C,LRB,OH,Elements Heater Fan 2000w Oscillating,864.0000,On Hand,28 Apr 2025
QOH,T67,Trendcorp,OH,Mixed Pallet,0.0000,On Hand,28 Apr 2025
QOH,T68,Trendcorp,OH,Mixed Pallet,0.0000,On Hand,28 Apr 2025
QOH,T69,Trendcorp,OH,Mixed Pallet,0.0000,On Hand,28 Apr 2025
QOH,T70,Trendcorp,OH,Mixed Pallet,0.0000,On Hand,28 Apr 2025
QOH,T71,Trendcorp,OH,Mixed Pallet,0.0000,On Hand,28 Apr 2025
QOH,T72,Trendcorp,OH,Mixed Pallet,0.0000,On Hand,28 Apr 2025
QOH,T73,Trendcorp,OH,Mixed Pallet,0.0000,On Hand,28 Apr 2025
QOH,T74,Trendcorp,OH,Mixed Pallet,0.0000,On Hand,28 Apr 2025
QOH,T75,Trendcorp,OH,Mixed Pallet,0.0000,On Hand,28 Apr 2025
QOH,T76,Trendcorp,OH,Mixed Pallet,0.0000,On Hand,28 Apr 2025
QOH,T77,Trendcorp,OH,Mixed Pallet,0.0000,On Hand,28 Apr 2025
QOH,T78,Trendcorp,OH,Mixed Pallet,0.0000,On Hand,28 Apr 2025
QOH,T79,Trendcorp,OH,Mixed Pallet,0.0000,On Hand,28 Apr 2025
QOH,T80,Trendcorp,OH,Mixed Pallet,0.0000,On Hand,28 Apr 2025
QOH,T81,Trendcorp,OH,Mixed Pallet,0.0000,On Hand,28 Apr 2025
QOH,T82,Trendcorp,OH,Mixed Pallet,0.0000,On Hand,28 Apr 2025
QOH,T83,Trendcorp,OH,Mixed Pallet,0.0000,On Hand,28 Apr 2025
QOH,T84,Trendcorp,OH,Mixed Pallet,0.0000,On Hand,28 Apr 2025
QOH,T85,Trendcorp,OH,Mixed Pallet,0.0000,On Hand,28 Apr 2025
QOH,T86,Trendcorp,OH,Mixed Pallet,0.0000,On Hand,28 Apr 2025
QOH,T87,Trendcorp,OH,Mixed Pallet,0.0000,On Hand,28 Apr 2025
QOH,T88,Trendcorp,OH,Mixed Pallet,0.0000,On Hand,28 Apr 2025
QOH,T89,Trendcorp,OH,Mixed Pallet,0.0000,On Hand,28 Apr 2025
QOH,T90,Trendcorp,OH,Mixed Pallet,0.0000,On Hand,28 Apr 2025
QOH,T91,Trendcorp,OH,Mixed Pallet,0.0000,On Hand,28 Apr 2025
QOH,T92,Trendcorp,OH,Mixed Pallet,0.0000,On Hand,28 Apr 2025
QOH,T93,Trendcorp,OH,Mixed Pallet,0.0000,On Hand,28 Apr 2025
QOH,T94,Trendcorp,OH,Mixed Pallet,0.0000,On Hand,28 Apr 2025
QOH,T95,Trendcorp,OH,Mixed Pallet,0.0000,On Hand,28 Apr 2025
QOH,T96,Trendcorp,OH,Mixed Pallet,0.0000,On Hand,28 Apr 2025
QOH,T97,Trendcorp,OH,Mixed Pallet,0.0000,On Hand,28 Apr 2025
QOH,T98,Trendcorp,OH,Mixed Pallet,0.0000,On Hand,28 Apr 2025
QOH,WACB030-M,Bambino,OH,2 in 1 Walker Rocker,0.0000,On Hand,28 Apr 2025
QOH,WACB030-AB,Bambino,OH,2 in 1 Walker Rocker,22.0000,On Hand,28 Apr 2025
QOH,WACB030-AC,Bambino,OH,2 in 1 Walker Rocker,0.0000,On Hand,28 Apr 2025
QOH,WACB030-AE,Bambino,OH,2 in 1 Walker Rocker,22.0000,On Hand,28 Apr 2025
QOH,WACB030-AD,Bambino,OH,2 in 1 Walker Rocker,0.0000,On Hand,28 Apr 2025
QOH,WACB030-AF,Bambino,OH,2 in 1 Walker Rocker,22.0000,On Hand,28 Apr 2025
QOH,WACB030-AG,Bambino,OH,2 in 1 Walker Rocker,0.0000,On Hand,28 Apr 2025
QOH,WACB030-AH,Bambino,OH,2 in 1 Walker Rocker,22.0000,On Hand,28 Apr 2025
QOH,WACB030-AI,Bambino,OH,2 in 1 Walker Rocker,11.0000,On Hand,28 Apr 2025
QOH,T99,Trendcorp,OH,Mixed Pallet,0.0000,On Hand,28 Apr 2025
QOH,T100,Trendcorp,OH,Mixed Pallet,0.0000,On Hand,28 Apr 2025
QOH,T101,Trendcorp,OH,Mixed Pallet,0.0000,On Hand,28 Apr 2025
QOH,T102,Trendcorp,OH,Mixed Pallet,0.0000,On Hand,28 Apr 2025
QOH,T103,Trendcorp,OH,Mixed Pallet,0.0000,On Hand,28 Apr 2025
QOH,T104,Trendcorp,OH,Mixed Pallet,0.0000,On Hand,28 Apr 2025
QOH,T105,Trendcorp,OH,Mixed Pallet,0.0000,On Hand,28 Apr 2025
QOH,T106,Trendcorp,OH,Mixed Pallet,0.0000,On Hand,28 Apr 2025
QOH,T107,Trendcorp,OH,Mixed Pallet,0.0000,On Hand,28 Apr 2025
QOH,T108,Trendcorp,OH,Mixed Pallet,0.0000,On Hand,28 Apr 2025
QOH,T109,Trendcorp,OH,Mixed Pallet,0.0000,On Hand,28 Apr 2025
QOH,T110,Trendcorp,OH,Mixed Pallet,0.0000,On Hand,28 Apr 2025
QOH,T111,Trendcorp,OH,Mixed Pallet,0.0000,On Hand,28 Apr 2025
QOH,T112,Trendcorp,OH,Mixed Pallet,0.0000,On Hand,28 Apr 2025
QOH,T113,Trendcorp,OH,Mixed Pallet,0.0000,On Hand,28 Apr 2025
QOH,T114,Trendcorp,OH,Mixed Pallet,0.0000,On Hand,28 Apr 2025
QOH,T115,Trendcorp,OH,Mixed Pallet,0.0000,On Hand,28 Apr 2025
QOH,T116,Trendcorp,OH,Mixed Pallet,0.0000,On Hand,28 Apr 2025
QOH,T117,Trendcorp,OH,Mixed Pallet,0.0000,On Hand,28 Apr 2025
QOH,T118,Trendcorp,OH,Mixed Pallet,0.0000,On Hand,28 Apr 2025
QOH,T119,Trendcorp,OH,Mixed Pallet,0.0000,On Hand,28 Apr 2025
QOH,T120,Trendcorp,OH,Mixed Pallet,0.0000,On Hand,28 Apr 2025
QOH,T121,Trendcorp,OH,Mixed Pallet,0.0000,On Hand,28 Apr 2025
QOH,T122,Trendcorp,OH,Mixed Pallet,0.0000,On Hand,28 Apr 2025
QOH,T123,Trendcorp,OH,Mixed Pallet,0.0000,On Hand,28 Apr 2025
QOH,T124,Trendcorp,OH,Mixed Pallet,0.0000,On Hand,28 Apr 2025
QOH,GAR-PET40-1080,Kamboo Marketing,OH,PET40 - PT814 - 1080MM,12.0000,On Hand,28 Apr 2025
QOH,GAR-PET40,Kamboo Marketing,OH,PET40 - PT814 - 1020MM,18.0000,On Hand,28 Apr 2025
QOH,GAR-PET40-340,Kamboo Marketing,OH,PET40 - PT814 - 340MM,11.0000,On Hand,28 Apr 2025
QOH,GAR-PET40-A,Kamboo Marketing,OH,PET40 - PT814 - 1020MM,6.0000,On Hand,28 Apr 2025
QOH,GAR-PET40-B,Kamboo Marketing,OH,PET40 - PT814 - 1020MM,4.0000,On Hand,28 Apr 2025
QOH,GAR-PET40-C,Kamboo Marketing,OH,PET40 - PT814 - 1020MM,8.0000,On Hand,28 Apr 2025
QOH,GAR-PET40-D,Kamboo Marketing,OH,PET40 - PT814 - 1020MM,0.0000,On Hand,28 Apr 2025
QOH,GAR-PET40-1080-A,Kamboo Marketing,OH,PET40 - PT814 - 1080MM,6.0000,On Hand,28 Apr 2025
QOH,GAR-PET40-1080-B,Kamboo Marketing,OH,PET40 - PT814 - 1080MM,12.0000,On Hand,28 Apr 2025
QOH,GAR-PET40-1080-C,Kamboo Marketing,OH,PET40 - PT814 - 1080MM,4.0000,On Hand,28 Apr 2025
QOH,GAR-PET40-1080-D,Kamboo Marketing,OH,PET40 - PT814 - 1080MM,14.0000,On Hand,28 Apr 2025
QOH,GAR-PET40-340-A,Kamboo Marketing,OH,PET40 - PT814 - 340MM,12.0000,On Hand,28 Apr 2025
QOH,P1498,NAD,OH,Mixed Pallet,0.0000,On Hand,28 Apr 2025
QOH,P1475,NAD,OH,Mixed Pallet,1.0000,On Hand,28 Apr 2025
QOH,P1476,NAD,OH,Mixed Pallet,0.0000,On Hand,28 Apr 2025
QOH,P1477,NAD,OH,Mixed Pallet,0.0000,On Hand,28 Apr 2025
QOH,P1478,NAD,OH,Mixed Pallet,0.0000,On Hand,28 Apr 2025
QOH,P1479,NAD,OH,Mixed Pallet,0.0000,On Hand,28 Apr 2025
QOH,P1480,NAD,OH,Mixed Pallet,0.0000,On Hand,28 Apr 2025
QOH,P1481,NAD,OH,Mixed Pallet,0.0000,On Hand,28 Apr 2025
QOH,P1482,NAD,OH,Mixed Pallet,0.0000,On Hand,28 Apr 2025
QOH,P1483,NAD,OH,Mixed Pallet,0.0000,On Hand,28 Apr 2025
QOH,P1484,NAD,OH,Mixed Pallet,0.0000,On Hand,28 Apr 2025
QOH,P1485,NAD,OH,Mixed Pallet,0.0000,On Hand,28 Apr 2025
QOH,P1486,NAD,OH,Mixed Pallet,0.0000,On Hand,28 Apr 2025
QOH,P1487,NAD,OH,Mixed Pallet,0.0000,On Hand,28 Apr 2025
QOH,P1488,NAD,OH,Mixed Pallet,0.0000,On Hand,28 Apr 2025
QOH,P1489,NAD,OH,Mixed Pallet,0.0000,On Hand,28 Apr 2025
QOH,P1490,NAD,OH,Mixed Pallet,0.0000,On Hand,28 Apr 2025
QOH,P1491,NAD,OH,Mixed Pallet,0.0000,On Hand,28 Apr 2025
QOH,P1492,NAD,OH,Mixed Pallet,0.0000,On Hand,28 Apr 2025
QOH,P1493,NAD,OH,Mixed Pallet,0.0000,On Hand,28 Apr 2025
QOH,P1494,NAD,OH,Mixed Pallet,0.0000,On Hand,28 Apr 2025
QOH,P1495,NAD,OH,Mixed Pallet,0.0000,On Hand,28 Apr 2025
QOH,P1496,NAD,OH,Mixed Pallet,0.0000,On Hand,28 Apr 2025
QOH,P1497,NAD,OH,Mixed Pallet,0.0000,On Hand,28 Apr 2025
QOH,T125,Trendcorp,OH,Mixed Pallet,0.0000,On Hand,28 Apr 2025
QOH,T126,Trendcorp,OH,Mixed Pallet,0.0000,On Hand,28 Apr 2025
QOH,T127,Trendcorp,OH,Mixed Pallet,0.0000,On Hand,28 Apr 2025
QOH,T128,Trendcorp,OH,Mixed Pallet,0.0000,On Hand,28 Apr 2025
QOH,T129,Trendcorp,OH,Mixed Pallet,0.0000,On Hand,28 Apr 2025
QOH,T130,Trendcorp,OH,Mixed Pallet,0.0000,On Hand,28 Apr 2025
QOH,T131,Trendcorp,OH,Mixed Pallet,0.0000,On Hand,28 Apr 2025
QOH,T132,Trendcorp,OH,Mixed Pallet,0.0000,On Hand,28 Apr 2025
QOH,T133,Trendcorp,OH,Mixed Pallet,0.0000,On Hand,28 Apr 2025
QOH,T134,Trendcorp,OH,Mixed Pallet,0.0000,On Hand,28 Apr 2025
QOH,T135,Trendcorp,OH,Mixed Pallet,0.0000,On Hand,28 Apr 2025
QOH,T136,Trendcorp,OH,Mixed Pallet,0.0000,On Hand,28 Apr 2025
QOH,T137,Trendcorp,OH,Mixed Pallet,0.0000,On Hand,28 Apr 2025
QOH,T138,Trendcorp,OH,Mixed Pallet,0.0000,On Hand,28 Apr 2025
QOH,T139,Trendcorp,OH,Mixed Pallet,0.0000,On Hand,28 Apr 2025
QOH,T140,Trendcorp,OH,Mixed Pallet,0.0000,On Hand,28 Apr 2025
QOH,T141,Trendcorp,OH,Mixed Pallet,0.0000,On Hand,28 Apr 2025
QOH,T142,Trendcorp,OH,Mixed Pallet,0.0000,On Hand,28 Apr 2025
QOH,T143,Trendcorp,OH,Mixed Pallet,0.0000,On Hand,28 Apr 2025
QOH,T144,Trendcorp,OH,Mixed Pallet,0.0000,On Hand,28 Apr 2025
QOH,T145,Trendcorp,OH,Mixed Pallet,0.0000,On Hand,28 Apr 2025
QOH,T146,Trendcorp,OH,Mixed Pallet,0.0000,On Hand,28 Apr 2025
QOH,T147,Trendcorp,OH,Mixed Pallet,0.0000,On Hand,28 Apr 2025
QOH,T148,Trendcorp,OH,Mixed Pallet,0.0000,On Hand,28 Apr 2025
QOH,T149,Trendcorp,OH,Mixed Pallet,0.0000,On Hand,28 Apr 2025
QOH,T150,Trendcorp,OH,Mixed Pallet,0.0000,On Hand,28 Apr 2025
QOH,T151,Trendcorp,OH,Mixed Pallet,0.0000,On Hand,28 Apr 2025
QOH,T152,Trendcorp,OH,Mixed Pallet,0.0000,On Hand,28 Apr 2025
QOH,T153,Trendcorp,OH,Mixed Pallet,0.0000,On Hand,28 Apr 2025
QOH,T154,Trendcorp,OH,Mixed Pallet,0.0000,On Hand,28 Apr 2025
QOH,T155,Trendcorp,OH,Mixed Pallet,0.0000,On Hand,28 Apr 2025
QOH,T156,Trendcorp,OH,Mixed Pallet,0.0000,On Hand,28 Apr 2025
QOH,T157,Trendcorp,OH,Mixed Pallet,0.0000,On Hand,28 Apr 2025
QOH,T158,Trendcorp,OH,Mixed Pallet,0.0000,On Hand,28 Apr 2025
QOH,T159,Trendcorp,OH,Mixed Pallet,0.0000,On Hand,28 Apr 2025
QOH,T160,Trendcorp,OH,Mixed Pallet,0.0000,On Hand,28 Apr 2025
QOH,T161,Trendcorp,OH,Mixed Pallet,0.0000,On Hand,28 Apr 2025
QOH,T162,Trendcorp,OH,Mixed Pallet,0.0000,On Hand,28 Apr 2025
QOH,T163,Trendcorp,OH,Mixed Pallet,0.0000,On Hand,28 Apr 2025
QOH,T164,Trendcorp,OH,Mixed Pallet,0.0000,On Hand,28 Apr 2025
QOH,T165,Trendcorp,OH,Mixed Pallet,0.0000,On Hand,28 Apr 2025
QOH,T166,Trendcorp,OH,Mixed Pallet,0.0000,On Hand,28 Apr 2025
QOH,T167,Trendcorp,OH,Mixed Pallet,0.0000,On Hand,28 Apr 2025
QOH,T168,Trendcorp,OH,Mixed Pallet,0.0000,On Hand,28 Apr 2025
QOH,T169,Trendcorp,OH,Mixed Pallet,0.0000,On Hand,28 Apr 2025
QOH,T170,Trendcorp,OH,Mixed Pallet,0.0000,On Hand,28 Apr 2025
QOH,T171,Trendcorp,OH,Mixed Pallet,0.0000,On Hand,28 Apr 2025
QOH,T172,Trendcorp,OH,Mixed Pallet,0.0000,On Hand,28 Apr 2025
QOH,P1499,NAD,OH,Mixed Pallet,0.0000,On Hand,28 Apr 2025
QOH,P1500,NAD,OH,Mixed Pallet,0.0000,On Hand,28 Apr 2025
QOH,P1501,NAD,OH,Mixed Pallet,0.0000,On Hand,28 Apr 2025
QOH,P1502,NAD,OH,Mixed Pallet,0.0000,On Hand,28 Apr 2025
QOH,P1503,NAD,OH,Mixed Pallet,0.0000,On Hand,28 Apr 2025
QOH,P1504,NAD,OH,Mixed Pallet,0.0000,On Hand,28 Apr 2025
QOH,P1505,NAD,OH,Mixed Pallet,0.0000,On Hand,28 Apr 2025
QOH,P1506,NAD,OH,Mixed Pallet,0.0000,On Hand,28 Apr 2025
QOH,P1507,NAD,OH,Mixed Pallet,0.0000,On Hand,28 Apr 2025
QOH,P1508,NAD,OH,Mixed Pallet,0.0000,On Hand,28 Apr 2025
QOH,P1509,NAD,OH,Mixed Pallet,0.0000,On Hand,28 Apr 2025
QOH,P1510,NAD,OH,Mixed Pallet,0.0000,On Hand,28 Apr 2025
QOH,SYH-1208B-S,LRB,OH,Elements Heater Quartz 6 Bar 2400w,108.0000,On Hand,28 Apr 2025
QOH,SYH-1208B-T,LRB,OH,Elements Heater Quartz 6 Bar 2400w,108.0000,On Hand,28 Apr 2025
QOH,SYH-1208B-U,LRB,OH,Elements Heater Quartz 6 Bar 2400w,108.0000,On Hand,28 Apr 2025
QOH,SYH-1208B-V,LRB,OH,Elements Heater Quartz 6 Bar 2400w,108.0000,On Hand,28 Apr 2025
QOH,SYH-1208B-W,LRB,OH,Elements Heater Quartz 6 Bar 2400w,57.0000,On Hand,28 Apr 2025
QOH,SYH-1208B-X,LRB,OH,Elements Heater Quartz 6 Bar 2400w,108.0000,On Hand,28 Apr 2025
QOH,SYH-1208B-Y,LRB,OH,Elements Heater Quartz 6 Bar 2400w,3.0000,On Hand,28 Apr 2025
QOH,P1511,NAD,OH,Mixed Pallet,0.0000,On Hand,28 Apr 2025
QOH,P1512,NAD,OH,Mixed Pallet,0.0000,On Hand,28 Apr 2025
QOH,P1513,NAD,OH,Mixed Pallet,0.0000,On Hand,28 Apr 2025
QOH,P1514,NAD,OH,Mixed Pallet,0.0000,On Hand,28 Apr 2025
QOH,P1515,NAD,OH,Mixed Pallet,0.0000,On Hand,28 Apr 2025
QOH,P1516,NAD,OH,Mixed Pallet,0.0000,On Hand,28 Apr 2025
QOH,P1517,NAD,OH,Mixed Pallet,0.0000,On Hand,28 Apr 2025
QOH,P1518,NAD,OH,Mixed Pallet,0.0000,On Hand,28 Apr 2025
QOH,P1519,NAD,OH,Mixed Pallet,0.0000,On Hand,28 Apr 2025
QOH,T173,Trendcorp,OH,Mixed Pallet,0.0000,On Hand,28 Apr 2025
QOH,T174,Trendcorp,OH,Mixed Pallet,0.0000,On Hand,28 Apr 2025
QOH,T175,Trendcorp,OH,Mixed Pallet,0.0000,On Hand,28 Apr 2025
QOH,T176,Trendcorp,OH,Mixed Pallet,0.0000,On Hand,28 Apr 2025
QOH,T177,Trendcorp,OH,Mixed Pallet,0.0000,On Hand,28 Apr 2025
QOH,T178,Trendcorp,OH,Mixed Pallet,0.0000,On Hand,28 Apr 2025
QOH,T179,Trendcorp,OH,Mixed Pallet,0.0000,On Hand,28 Apr 2025
QOH,T180,Trendcorp,OH,Mixed Pallet,0.0000,On Hand,28 Apr 2025
QOH,T181,Trendcorp,OH,Mixed Pallet,0.0000,On Hand,28 Apr 2025
QOH,T182,Trendcorp,OH,Mixed Pallet,0.0000,On Hand,28 Apr 2025
QOH,T183,Trendcorp,OH,Mixed Pallet,0.0000,On Hand,28 Apr 2025
QOH,T184,Trendcorp,OH,Mixed Pallet,0.0000,On Hand,28 Apr 2025
QOH,T185,Trendcorp,OH,Mixed Pallet,0.0000,On Hand,28 Apr 2025
QOH,T186,Trendcorp,OH,Mixed Pallet,0.0000,On Hand,28 Apr 2025
QOH,T187,Trendcorp,OH,Mixed Pallet,0.0000,On Hand,28 Apr 2025
QOH,T188,Trendcorp,OH,Mixed Pallet,0.0000,On Hand,28 Apr 2025
QOH,T189,Trendcorp,OH,Mixed Pallet,0.0000,On Hand,28 Apr 2025
QOH,T190,Trendcorp,OH,Mixed Pallet,0.0000,On Hand,28 Apr 2025
QOH,T191,Trendcorp,OH,Mixed Pallet,0.0000,On Hand,28 Apr 2025
QOH,T192,Trendcorp,OH,Mixed Pallet,0.0000,On Hand,28 Apr 2025
QOH,T193,Trendcorp,OH,Mixed Pallet,0.0000,On Hand,28 Apr 2025
QOH,T194,Trendcorp,OH,Mixed Pallet,0.0000,On Hand,28 Apr 2025
QOH,T195,Trendcorp,OH,Mixed Pallet,0.0000,On Hand,28 Apr 2025
QOH,T196,Trendcorp,OH,Mixed Pallet,0.0000,On Hand,28 Apr 2025
QOH,T197,Trendcorp,OH,Mixed Pallet,0.0000,On Hand,28 Apr 2025
QOH,T198,Trendcorp,OH,Mixed Pallet,0.0000,On Hand,28 Apr 2025
QOH,T199,Trendcorp,OH,Mixed Pallet,0.0000,On Hand,28 Apr 2025
QOH,T200,Trendcorp,OH,Mixed Pallet,0.0000,On Hand,28 Apr 2025
QOH,T201,Trendcorp,OH,Mixed Pallet,0.0000,On Hand,28 Apr 2025
QOH,T203,Trendcorp,OH,Mixed Pallet,0.0000,On Hand,28 Apr 2025
QOH,T204,Trendcorp,OH,Mixed Pallet,0.0000,On Hand,28 Apr 2025
QOH,T202,Trendcorp,OH,Mixed Pallet,0.0000,On Hand,28 Apr 2025
QOH,WACB027-H,Bambino,OH,Activity Walker Animal Friends,0.0000,On Hand,28 Apr 2025
QOH,WACB027-I,Bambino,OH,Activity Walker Animal Friends,0.0000,On Hand,28 Apr 2025
QOH,WACB027-J,Bambino,OH,Activity Walker Animal Friends,0.0000,On Hand,28 Apr 2025
QOH,WACB027-K,Bambino,OH,Activity Walker Animal Friends,0.0000,On Hand,28 Apr 2025
QOH,WACB027-L,Bambino,OH,Activity Walker Animal Friends,0.0000,On Hand,28 Apr 2025
QOH,WACB027-M,Bambino,OH,Activity Walker Animal Friends,0.0000,On Hand,28 Apr 2025
QOH,WACB027-N,Bambino,OH,Activity Walker Animal Friends,0.0000,On Hand,28 Apr 2025
QOH,WACB027-O,Bambino,OH,Activity Walker Animal Friends,0.0000,On Hand,28 Apr 2025
QOH,T205,Trendcorp,OH,Mixed Pallet,0.0000,On Hand,28 Apr 2025
QOH,T206,Trendcorp,OH,Mixed Pallet,0.0000,On Hand,28 Apr 2025
QOH,T207,Trendcorp,OH,Mixed Pallet,0.0000,On Hand,28 Apr 2025
QOH,T208,Trendcorp,OH,Mixed Pallet,0.0000,On Hand,28 Apr 2025
QOH,T209,Trendcorp,OH,Mixed Pallet,0.0000,On Hand,28 Apr 2025
QOH,T210,Trendcorp,OH,Mixed Pallet,0.0000,On Hand,28 Apr 2025
QOH,T211,Trendcorp,OH,Mixed Pallet,0.0000,On Hand,28 Apr 2025
QOH,T212,Trendcorp,OH,Mixed Pallet,0.0000,On Hand,28 Apr 2025
QOH,T213,Trendcorp,OH,Mixed Pallet,0.0000,On Hand,28 Apr 2025
QOH,T214,Trendcorp,OH,Mixed Pallet,0.0000,On Hand,28 Apr 2025
QOH,T215,Trendcorp,OH,Mixed Pallet,0.0000,On Hand,28 Apr 2025
QOH,T216,Trendcorp,OH,Mixed Pallet,0.0000,On Hand,28 Apr 2025
QOH,T217,Trendcorp,OH,Mixed Pallet,0.0000,On Hand,28 Apr 2025
QOH,T218,Trendcorp,OH,Mixed Pallet,0.0000,On Hand,28 Apr 2025
QOH,T219,Trendcorp,OH,Mixed Pallet,0.0000,On Hand,28 Apr 2025
QOH,T220,Trendcorp,OH,Mixed Pallet,0.0000,On Hand,28 Apr 2025
QOH,B0001,Trendcorp,OH,Mixed Pallet,0.0000,On Hand,28 Apr 2025
QOH,B0002,Trendcorp,OH,Mixed Pallet,0.0000,On Hand,28 Apr 2025
QOH,B0003,Trendcorp,OH,Mixed Pallet,0.0000,On Hand,28 Apr 2025
QOH,B0004,Trendcorp,OH,Mixed Pallet,0.0000,On Hand,28 Apr 2025
QOH,B0005,Trendcorp,OH,Mixed Pallet,0.0000,On Hand,28 Apr 2025
QOH,B0006,Trendcorp,OH,Mixed Pallet,0.0000,On Hand,28 Apr 2025
QOH,B0007,Trendcorp,OH,Mixed Pallet,0.0000,On Hand,28 Apr 2025
QOH,B0008,Trendcorp,OH,Mixed Pallet,0.0000,On Hand,28 Apr 2025
QOH,B0009,Trendcorp,OH,Mixed Pallet,0.0000,On Hand,28 Apr 2025
QOH,B0010,Trendcorp,OH,Mixed Pallet,0.0000,On Hand,28 Apr 2025
QOH,B0011,Trendcorp,OH,Mixed Pallet,0.0000,On Hand,28 Apr 2025
QOH,B0012,Trendcorp,OH,Mixed Pallet,0.0000,On Hand,28 Apr 2025
QOH,B0013,Trendcorp,OH,Mixed Pallet,0.0000,On Hand,28 Apr 2025
QOH,B0014,Trendcorp,OH,Mixed Pallet,0.0000,On Hand,28 Apr 2025
QOH,B0015,Trendcorp,OH,Mixed Pallet,0.0000,On Hand,28 Apr 2025
QOH,B0016,Trendcorp,OH,Mixed Pallet,0.0000,On Hand,28 Apr 2025
QOH,P1520,NAD,OH,Mixed Pallet,0.0000,On Hand,28 Apr 2025
QOH,P1521,NAD,OH,Mixed Pallet,0.0000,On Hand,28 Apr 2025
QOH,P1522,NAD,OH,Mixed Pallet,0.0000,On Hand,28 Apr 2025
QOH,P1523,NAD,OH,Mixed Pallet,0.0000,On Hand,28 Apr 2025
QOH,P1524,NAD,OH,Mixed Pallet,0.0000,On Hand,28 Apr 2025
QOH,P1525,NAD,OH,Mixed Pallet,0.0000,On Hand,28 Apr 2025
QOH,P1526,NAD,OH,Mixed Pallet,0.0000,On Hand,28 Apr 2025
QOH,T221,Trendcorp,OH,Mixed Pallet,0.0000,On Hand,28 Apr 2025
QOH,T222,Trendcorp,OH,Mixed Pallet,0.0000,On Hand,28 Apr 2025
QOH,T223,Trendcorp,OH,Mixed Pallet,0.0000,On Hand,28 Apr 2025
QOH,T224,Trendcorp,OH,Mixed Pallet,0.0000,On Hand,28 Apr 2025
QOH,T225,Trendcorp,OH,Mixed Pallet,0.0000,On Hand,28 Apr 2025
QOH,T227,Trendcorp,OH,Mixed Pallet,0.0000,On Hand,28 Apr 2025
QOH,T228,Trendcorp,OH,Mixed Pallet,0.0000,On Hand,28 Apr 2025
QOH,T229,Trendcorp,OH,Mixed Pallet,0.0000,On Hand,28 Apr 2025
QOH,T230,Trendcorp,OH,Mixed Pallet,0.0000,On Hand,28 Apr 2025
QOH,T231,Trendcorp,OH,Mixed Pallet,0.0000,On Hand,28 Apr 2025
QOH,T232,Trendcorp,OH,Mixed Pallet,0.0000,On Hand,28 Apr 2025
QOH,T233,Trendcorp,OH,Mixed Pallet,0.0000,On Hand,28 Apr 2025
QOH,T234,Trendcorp,OH,Mixed Pallet,0.0000,On Hand,28 Apr 2025
QOH,T235,Trendcorp,OH,Mixed Pallet,0.0000,On Hand,28 Apr 2025
QOH,T236,Trendcorp,OH,Mixed Pallet,0.0000,On Hand,28 Apr 2025
QOH,T226,Trendcorp,OH,Mixed Pallet,0.0000,On Hand,28 Apr 2025
QOH,B0017,Trendcorp,OH,Mixed Pallet,0.0000,On Hand,28 Apr 2025
QOH,B0018,Trendcorp,OH,Mixed Pallet,0.0000,On Hand,28 Apr 2025
QOH,B0019,Trendcorp,OH,Mixed Pallet,0.0000,On Hand,28 Apr 2025
QOH,B0020,Trendcorp,OH,Mixed Pallet,0.0000,On Hand,28 Apr 2025
QOH,B0021,Trendcorp,OH,Mixed Pallet,0.0000,On Hand,28 Apr 2025
QOH,B0022,Trendcorp,OH,Mixed Pallet,0.0000,On Hand,28 Apr 2025
QOH,B0023,Trendcorp,OH,Mixed Pallet,0.0000,On Hand,28 Apr 2025
QOH,B0024,Trendcorp,OH,Mixed Pallet,0.0000,On Hand,28 Apr 2025
QOH,B0025,Trendcorp,OH,Mixed Pallet,0.0000,On Hand,28 Apr 2025
QOH,B0026,Trendcorp,OH,Mixed Pallet,0.0000,On Hand,28 Apr 2025
QOH,B0027,Trendcorp,OH,Mixed Pallet,0.0000,On Hand,28 Apr 2025
QOH,B0028,Trendcorp,OH,Mixed Pallet,0.0000,On Hand,28 Apr 2025
QOH,B0029,Trendcorp,OH,Mixed Pallet,0.0000,On Hand,28 Apr 2025
QOH,T237,Trendcorp,OH,Mixed Pallet,0.0000,On Hand,28 Apr 2025
QOH,T238,Trendcorp,OH,Mixed Pallet,0.0000,On Hand,28 Apr 2025
QOH,T239,Trendcorp,OH,Mixed Pallet,0.0000,On Hand,28 Apr 2025
QOH,T240,Trendcorp,OH,Mixed Pallet,0.0000,On Hand,28 Apr 2025
QOH,T241,Trendcorp,OH,Mixed Pallet,0.0000,On Hand,28 Apr 2025
QOH,T242,Trendcorp,OH,Mixed Pallet,0.0000,On Hand,28 Apr 2025
QOH,T243,Trendcorp,OH,Mixed Pallet,0.0000,On Hand,28 Apr 2025
QOH,WACB026-N,Bambino,OH,Activity walker Turqouise,0.0000,On Hand,28 Apr 2025
QOH,WACB026-O,Bambino,OH,Activity walker Turqouise,0.0000,On Hand,28 Apr 2025
QOH,WACB026-P,Bambino,OH,Activity walker Turqouise,0.0000,On Hand,28 Apr 2025
QOH,WACB026-Q,Bambino,OH,Activity walker Turqouise,0.0000,On Hand,28 Apr 2025
QOH,WACB026-R,Bambino,OH,Activity walker Turqouise,0.0000,On Hand,28 Apr 2025
QOH,WACB026-S,Bambino,OH,Activity walker Turqouise,0.0000,On Hand,28 Apr 2025
QOH,WACB026-T,Bambino,OH,Activity walker Turqouise,0.0000,On Hand,28 Apr 2025
QOH,WACB026-U,Bambino,OH,Activity walker Turqouise,0.0000,On Hand,28 Apr 2025
QOH,WACB029-AA,Bambino,OH,F1 Racer Walker,10.0000,On Hand,28 Apr 2025
QOH,WACB029-AB,Bambino,OH,F1 Racer Walker,10.0000,On Hand,28 Apr 2025
QOH,T246,Trendcorp,OH,Mixed Pallet,0.0000,On Hand,28 Apr 2025
QOH,T247,Trendcorp,OH,Mixed Pallet,0.0000,On Hand,28 Apr 2025
QOH,T248,Trendcorp,OH,Mixed Pallet,0.0000,On Hand,28 Apr 2025
QOH,T249,Trendcorp,OH,Mixed Pallet,0.0000,On Hand,28 Apr 2025
QOH,T250,Trendcorp,OH,Mixed Pallet,0.0000,On Hand,28 Apr 2025
QOH,T251,Trendcorp,OH,Mixed Pallet,0.0000,On Hand,28 Apr 2025
QOH,T252,Trendcorp,OH,Mixed Pallet,0.0000,On Hand,28 Apr 2025
QOH,T253,Trendcorp,OH,Mixed Pallet,0.0000,On Hand,28 Apr 2025
QOH,T254,Trendcorp,OH,Mixed Pallet,0.0000,On Hand,28 Apr 2025
QOH,T255,Trendcorp,OH,Mixed Pallet,0.0000,On Hand,28 Apr 2025
QOH,T256,Trendcorp,OH,Mixed Pallet,0.0000,On Hand,28 Apr 2025
QOH,T257,Trendcorp,OH,Mixed Pallet,0.0000,On Hand,28 Apr 2025
QOH,T258,Trendcorp,OH,Mixed Pallet,0.0000,On Hand,28 Apr 2025
QOH,T259,Trendcorp,OH,Mixed Pallet,0.0000,On Hand,28 Apr 2025
QOH,T260,Trendcorp,OH,Mixed Pallet,0.0000,On Hand,28 Apr 2025
QOH,T261,Trendcorp,OH,Mixed Pallet,0.0000,On Hand,28 Apr 2025
QOH,WACB029-AC,Bambino,OH,F1 Racer Walker,10.0000,On Hand,28 Apr 2025
QOH,WACB029-AD,Bambino,OH,F1 Racer Walker,10.0000,On Hand,28 Apr 2025
QOH,WACB029-AE,Bambino,OH,F1 Racer Walker,10.0000,On Hand,28 Apr 2025
QOH,WACB029-AF,Bambino,OH,F1 Racer Walker,10.0000,On Hand,28 Apr 2025
QOH,WACB029-AG,Bambino,OH,F1 Racer Walker,10.0000,On Hand,28 Apr 2025
QOH,WACB029-AH,Bambino,OH,F1 Racer Walker,10.0000,On Hand,28 Apr 2025
QOH,WACB029-AI,Bambino,OH,F1 Racer Walker,10.0000,On Hand,28 Apr 2025
QOH,WACB029-AJ,Bambino,OH,F1 Racer Walker,10.0000,On Hand,28 Apr 2025
QOH,WACB029-AK,Bambino,OH,F1 Racer Walker,10.0000,On Hand,28 Apr 2025
QOH,WACB029-AL,Bambino,OH,F1 Racer Walker,3.0000,On Hand,28 Apr 2025
QOH,WACB029-AM,Bambino,OH,F1 Racer Walker,0.0000,On Hand,28 Apr 2025
QOH,WACB029-AN,Bambino,OH,F1 Racer Walker,0.0000,On Hand,28 Apr 2025
QOH,WACB029-AO,Bambino,OH,F1 Racer Walker,0.0000,On Hand,28 Apr 2025
QOH,WACB029-AP,Bambino,OH,F1 Racer Walker,0.0000,On Hand,28 Apr 2025
QOH,T262,Trendcorp,OH,Mixed Pallet,0.0000,On Hand,28 Apr 2025
QOH,T263,Trendcorp,OH,Mixed Pallet,0.0000,On Hand,28 Apr 2025
QOH,T264,Trendcorp,OH,Mixed Pallet,0.0000,On Hand,28 Apr 2025
QOH,T265,Trendcorp,OH,Mixed Pallet,0.0000,On Hand,28 Apr 2025
QOH,T266,Trendcorp,OH,Mixed Pallet,0.0000,On Hand,28 Apr 2025
QOH,T267,Trendcorp,OH,Mixed Pallet,0.0000,On Hand,28 Apr 2025
QOH,T268,Trendcorp,OH,Mixed Pallet,0.0000,On Hand,28 Apr 2025
QOH,T269,Trendcorp,OH,Mixed Pallet,0.0000,On Hand,28 Apr 2025
QOH,T270,Trendcorp,OH,Mixed Pallet,0.0000,On Hand,28 Apr 2025
QOH,T271,Trendcorp,OH,Mixed Pallet,0.0000,On Hand,28 Apr 2025
QOH,T272,Trendcorp,OH,Mixed Pallet,0.0000,On Hand,28 Apr 2025
QOH,T273,Trendcorp,OH,Mixed Pallet,0.0000,On Hand,28 Apr 2025
QOH,T274,Trendcorp,OH,Mixed Pallet,0.0000,On Hand,28 Apr 2025
QOH,T275,Trendcorp,OH,Mixed Pallet,0.0000,On Hand,28 Apr 2025
QOH,T276,Trendcorp,OH,Mixed Pallet,0.0000,On Hand,28 Apr 2025
QOH,T277,Trendcorp,OH,Mixed Pallet,0.0000,On Hand,28 Apr 2025
QOH,T278,Trendcorp,OH,Mixed Pallet,0.0000,On Hand,28 Apr 2025
QOH,T279,Trendcorp,OH,Mixed Pallet,0.0000,On Hand,28 Apr 2025
QOH,T280,Trendcorp,OH,Mixed Pallet,0.0000,On Hand,28 Apr 2025
QOH,T281,Trendcorp,OH,Mixed Pallet,0.0000,On Hand,28 Apr 2025
QOH,T282,Trendcorp,OH,Mixed Pallet,0.0000,On Hand,28 Apr 2025
QOH,T283,Trendcorp,OH,Mixed Pallet,0.0000,On Hand,28 Apr 2025
QOH,T284,Trendcorp,OH,Mixed Pallet,0.0000,On Hand,28 Apr 2025
QOH,T285,Trendcorp,OH,Mixed Pallet,0.0000,On Hand,28 Apr 2025
QOH,T286,Trendcorp,OH,Mixed Pallet,0.0000,On Hand,28 Apr 2025
QOH,T287,Trendcorp,OH,Mixed Pallet,0.0000,On Hand,28 Apr 2025
QOH,T288,Trendcorp,OH,Mixed Pallet,0.0000,On Hand,28 Apr 2025
QOH,T289,Trendcorp,OH,Mixed Pallet,0.0000,On Hand,28 Apr 2025
QOH,T290,Trendcorp,OH,Mixed Pallet,0.0000,On Hand,28 Apr 2025
QOH,T291,Trendcorp,OH,Mixed Pallet,0.0000,On Hand,28 Apr 2025
QOH,T292,Trendcorp,OH,Mixed Pallet,0.0000,On Hand,28 Apr 2025
QOH,T293,Trendcorp,OH,Mixed Pallet,0.0000,On Hand,28 Apr 2025
QOH,T294,Trendcorp,OH,Mixed Pallet,0.0000,On Hand,28 Apr 2025
QOH,T295,Trendcorp,OH,Mixed Pallet,0.0000,On Hand,28 Apr 2025
QOH,T296,Trendcorp,OH,Mixed Pallet,0.0000,On Hand,28 Apr 2025
QOH,T297,Trendcorp,OH,Mixed Pallet,0.0000,On Hand,28 Apr 2025
QOH,T298,Trendcorp,OH,Mixed Pallet,0.0000,On Hand,28 Apr 2025
QOH,T299,Trendcorp,OH,Mixed Pallet,0.0000,On Hand,28 Apr 2025
QOH,T300,Trendcorp,OH,Mixed Pallet,0.0000,On Hand,28 Apr 2025
QOH,T302,Trendcorp,OH,Mixed Pallet,0.0000,On Hand,28 Apr 2025
QOH,T303,Trendcorp,OH,Mixed Pallet,0.0000,On Hand,28 Apr 2025
QOH,T304,Trendcorp,OH,Mixed Pallet,0.0000,On Hand,28 Apr 2025
QOH,T305,Trendcorp,OH,Mixed Pallet,0.0000,On Hand,28 Apr 2025
QOH,T306,Trendcorp,OH,Mixed Pallet,0.0000,On Hand,28 Apr 2025
QOH,T307,Trendcorp,OH,Mixed Pallet,0.0000,On Hand,28 Apr 2025
QOH,T308,Trendcorp,OH,Mixed Pallet,0.0000,On Hand,28 Apr 2025
QOH,T309,Trendcorp,OH,Mixed Pallet,0.0000,On Hand,28 Apr 2025
QOH,T310,Trendcorp,OH,Mixed Pallet,0.0000,On Hand,28 Apr 2025
QOH,T311,Trendcorp,OH,Mixed Pallet,0.0000,On Hand,28 Apr 2025
QOH,T312,Trendcorp,OH,Mixed Pallet,0.0000,On Hand,28 Apr 2025
QOH,T313,Trendcorp,OH,Mixed Pallet,0.0000,On Hand,28 Apr 2025
QOH,T314,Trendcorp,OH,Mixed Pallet,0.0000,On Hand,28 Apr 2025
QOH,T315,Trendcorp,OH,Mixed Pallet,0.0000,On Hand,28 Apr 2025
QOH,T301,Trendcorp,OH,Mixed Pallet,0.0000,On Hand,28 Apr 2025
QOH,T316,Trendcorp,OH,Mixed Pallet,0.0000,On Hand,28 Apr 2025
QOH,T317,Trendcorp,OH,Mixed Pallet,0.0000,On Hand,28 Apr 2025
QOH,T318,Trendcorp,OH,Mixed Pallet,0.0000,On Hand,28 Apr 2025
QOH,T319,Trendcorp,OH,Mixed Pallet,0.0000,On Hand,28 Apr 2025
QOH,T320,Trendcorp,OH,Mixed Pallet,0.0000,On Hand,28 Apr 2025
QOH,T321,Trendcorp,OH,Mixed Pallet,0.0000,On Hand,28 Apr 2025
QOH,T322,Trendcorp,OH,Mixed Pallet,0.0000,On Hand,28 Apr 2025
QOH,T323,Trendcorp,OH,Mixed Pallet,0.0000,On Hand,28 Apr 2025
QOH,T324,Trendcorp,OH,Mixed Pallet,0.0000,On Hand,28 Apr 2025
QOH,T325,Trendcorp,OH,Mixed Pallet,0.0000,On Hand,28 Apr 2025
QOH,T326,Trendcorp,OH,Mixed Pallet,0.0000,On Hand,28 Apr 2025
QOH,T327,Trendcorp,OH,Mixed Pallet,0.0000,On Hand,28 Apr 2025
QOH,T328,Trendcorp,OH,Mixed Pallet,0.0000,On Hand,28 Apr 2025
QOH,T329,Trendcorp,OH,Mixed Pallet,0.0000,On Hand,28 Apr 2025
QOH,T330,Trendcorp,OH,Mixed Pallet,0.0000,On Hand,28 Apr 2025
QOH,T331,Trendcorp,OH,Mixed Pallet,0.0000,On Hand,28 Apr 2025
QOH,T332,Trendcorp,OH,Mixed Pallet,0.0000,On Hand,28 Apr 2025
QOH,T333,Trendcorp,OH,Mixed Pallet,0.0000,On Hand,28 Apr 2025
QOH,T334,Trendcorp,OH,Mixed Pallet,0.0000,On Hand,28 Apr 2025
QOH,T335,Trendcorp,OH,Mixed Pallet,0.0000,On Hand,28 Apr 2025
QOH,T336,Trendcorp,OH,Mixed Pallet,0.0000,On Hand,28 Apr 2025
QOH,T337,Trendcorp,OH,Mixed Pallet,0.0000,On Hand,28 Apr 2025
QOH,T338,Trendcorp,OH,Mixed Pallet,0.0000,On Hand,28 Apr 2025
QOH,T339,Trendcorp,OH,Mixed Pallet,0.0000,On Hand,28 Apr 2025
QOH,FRIDGE,Kynor,OH,Double Door Fridge,1.0000,On Hand,28 Apr 2025
QOH,DF-200P9-9T(BLACK)G,LRB,OH,Elements Heater Oil 9FIN 2000W Black,192.0000,On Hand,28 Apr 2025
QOH,DF-200P9-9T(BLACK)H,LRB,OH,Elements Heater Oil 9FIN 2000W Black,22.0000,On Hand,28 Apr 2025
QOH,DF-200P9-9T(BLACK)I,LRB,OH,Elements Heater Oil 9FIN 2000W Black,20.0000,On Hand,28 Apr 2025
QOH,DF-200P9-9T(BLACK)J,LRB,OH,Elements Heater Oil 9FIN 2000W Black,17.0000,On Hand,28 Apr 2025
QOH,DF-200P9-9T-G,LRB,OH,Elements Heater 9 Fin Oil 2000w,10.0000,On Hand,28 Apr 2025
QOH,DF-200P9-9T-H,LRB,OH,Elements Heater 9 Fin Oil 2000w,10.0000,On Hand,28 Apr 2025
QOH,DF-200P9-9T-I,LRB,OH,Elements Heater 9 Fin Oil 2000w,20.0000,On Hand,28 Apr 2025
QOH,DF-200P9-9T-J,LRB,OH,Elements Heater 9 Fin Oil 2000w,9.0000,On Hand,28 Apr 2025
QOH,DF-300P9-13T-E,LRB,OH,Elements Heater 13 Fin Oil 3000w,18.0000,On Hand,28 Apr 2025
QOH,DF-300P9-13T-G,LRB,OH,Elements Heater 13 Fin Oil 3000w,18.0000,On Hand,28 Apr 2025
QOH,DF-300P9-13T-H,LRB,OH,Elements Heater 13 Fin Oil 3000w,8.0000,On Hand,28 Apr 2025
QOH,T340,Trendcorp,OH,Mixed Pallet,0.0000,On Hand,28 Apr 2025
QOH,T341,Trendcorp,OH,Mixed Pallet,0.0000,On Hand,28 Apr 2025
QOH,T342,Trendcorp,OH,Mixed Pallet,0.0000,On Hand,28 Apr 2025
QOH,ALSIL-P,KMS,OH,ALSIL-P PAL,0.0000,On Hand,28 Apr 2025
QOH,COA3025/200,KMS,OH,Coapur 3025 (200KG),0.0000,On Hand,28 Apr 2025
QOH,T343,Trendcorp,OH,Mixed Pallet,0.0000,On Hand,28 Apr 2025
QOH,T344,Trendcorp,OH,Mixed Pallet,0.0000,On Hand,28 Apr 2025
QOH,T345,Trendcorp,OH,Mixed Pallet,0.0000,On Hand,28 Apr 2025
QOH,T346,Trendcorp,OH,Mixed Pallet,0.0000,On Hand,28 Apr 2025
QOH,T347,Trendcorp,OH,Mixed Pallet,0.0000,On Hand,28 Apr 2025
QOH,T348,Trendcorp,OH,Mixed Pallet,0.0000,On Hand,28 Apr 2025
QOH,T349,Trendcorp,OH,Mixed Pallet,0.0000,On Hand,28 Apr 2025
QOH,T350,Trendcorp,OH,Mixed Pallet,0.0000,On Hand,28 Apr 2025
QOH,T351,Trendcorp,OH,Mixed Pallet,0.0000,On Hand,28 Apr 2025
QOH,T352,Trendcorp,OH,Mixed Pallet,0.0000,On Hand,28 Apr 2025
QOH,T353,Trendcorp,OH,Mixed Pallet,0.0000,On Hand,28 Apr 2025
QOH,T354,Trendcorp,OH,Mixed Pallet,0.0000,On Hand,28 Apr 2025
QOH,T355,Trendcorp,OH,Mixed Pallet,0.0000,On Hand,28 Apr 2025
QOH,T356,Trendcorp,OH,Mixed Pallet,0.0000,On Hand,28 Apr 2025
QOH,T357,Trendcorp,OH,Mixed Pallet,0.0000,On Hand,28 Apr 2025
QOH,T358,Trendcorp,OH,Mixed Pallet,0.0000,On Hand,28 Apr 2025
QOH,T359,Trendcorp,OH,Mixed Pallet,0.0000,On Hand,28 Apr 2025
QOH,T360,Trendcorp,OH,Mixed Pallet,0.0000,On Hand,28 Apr 2025
QOH,T361,Trendcorp,OH,Mixed Pallet,0.0000,On Hand,28 Apr 2025
QOH,T362,Trendcorp,OH,Mixed Pallet,0.0000,On Hand,28 Apr 2025
QOH,T363,Trendcorp,OH,Mixed Pallet,0.0000,On Hand,28 Apr 2025
QOH,T364,Trendcorp,OH,Mixed Pallet,0.0000,On Hand,28 Apr 2025
QOH,T365,Trendcorp,OH,Mixed Pallet,0.0000,On Hand,28 Apr 2025
QOH,T367,Trendcorp,OH,Mixed Pallet,0.0000,On Hand,28 Apr 2025
QOH,T368,Trendcorp,OH,Mixed Pallet,0.0000,On Hand,28 Apr 2025
QOH,T369,Trendcorp,OH,Mixed Pallet,0.0000,On Hand,28 Apr 2025
QOH,T370,Trendcorp,OH,Mixed Pallet,0.0000,On Hand,28 Apr 2025
QOH,T371,Trendcorp,OH,Mixed Pallet,0.0000,On Hand,28 Apr 2025
QOH,T372,Trendcorp,OH,Mixed Pallet,0.0000,On Hand,28 Apr 2025
QOH,T366,Trendcorp,OH,Mixed Pallet,0.0000,On Hand,28 Apr 2025
QOH,P1529,NAD,OH,Mixed Pallet,0.0000,On Hand,28 Apr 2025
QOH,P1527,NAD,OH,Mixed Pallet,0.0000,On Hand,28 Apr 2025
QOH,P1528,NAD,OH,Mixed Pallet,1.0000,On Hand,28 Apr 2025
QOH,P1530,NAD,OH,Mixed Pallet,1.0000,On Hand,28 Apr 2025
QOH,P1531,NAD,OH,Mixed Pallet,0.0000,On Hand,28 Apr 2025
QOH,P1532,NAD,OH,Mixed Pallet,1.0000,On Hand,28 Apr 2025
QOH,P1533,NAD,OH,Mixed Pallet,1.0000,On Hand,28 Apr 2025
QOH,P1535,NAD,OH,Mixed Pallet,1.0000,On Hand,28 Apr 2025
QOH,P1534,NAD,OH,Mixed Pallet,1.0000,On Hand,28 Apr 2025
QOH,P1536,NAD,OH,Mixed Pallet,0.0000,On Hand,28 Apr 2025
QOH,P1537,NAD,OH,Mixed Pallet,0.0000,On Hand,28 Apr 2025
QOH,P1538,NAD,OH,Mixed Pallet,0.0000,On Hand,28 Apr 2025
QOH,P1539,NAD,OH,Mixed Pallet,0.0000,On Hand,28 Apr 2025
QOH,P1540,NAD,OH,Mixed Pallet,0.0000,On Hand,28 Apr 2025
QOH,P1541,NAD,OH,Mixed Pallet,0.0000,On Hand,28 Apr 2025
QOH,P1547,NAD,OH,Mixed Pallet,0.0000,On Hand,28 Apr 2025
QOH,P1548,NAD,OH,Mixed Pallet,0.0000,On Hand,28 Apr 2025
QOH,P1546,NAD,OH,Mixed Pallet,0.0000,On Hand,28 Apr 2025
QOH,P1545,NAD,OH,Mixed Pallet,0.0000,On Hand,28 Apr 2025
QOH,P1544,NAD,OH,Mixed Pallet,0.0000,On Hand,28 Apr 2025
QOH,P1543,NAD,OH,Mixed Pallet,0.0000,On Hand,28 Apr 2025
QOH,T373,Trendcorp,OH,Mixed Pallet,0.0000,On Hand,28 Apr 2025
QOH,T374,Trendcorp,OH,Mixed Pallet,0.0000,On Hand,28 Apr 2025
QOH,T375,Trendcorp,OH,Mixed Pallet,0.0000,On Hand,28 Apr 2025
QOH,T376,Trendcorp,OH,Mixed Pallet,0.0000,On Hand,28 Apr 2025
QOH,T377,Trendcorp,OH,Mixed Pallet,0.0000,On Hand,28 Apr 2025
QOH,T378,Trendcorp,OH,Mixed Pallet,0.0000,On Hand,28 Apr 2025
QOH,T379,Trendcorp,OH,Mixed Pallet,0.0000,On Hand,28 Apr 2025
QOH,T380,Trendcorp,OH,Mixed Pallet,0.0000,On Hand,28 Apr 2025
QOH,T381,Trendcorp,OH,Mixed Pallet,0.0000,On Hand,28 Apr 2025
QOH,T382,Trendcorp,OH,Mixed Pallet,0.0000,On Hand,28 Apr 2025
QOH,T383,Trendcorp,OH,Mixed Pallet,0.0000,On Hand,28 Apr 2025
QOH,T384,Trendcorp,OH,Mixed Pallet,0.0000,On Hand,28 Apr 2025
QOH,T385,Trendcorp,OH,Mixed Pallet,0.0000,On Hand,28 Apr 2025
QOH,T386,Trendcorp,OH,Mixed Pallet,0.0000,On Hand,28 Apr 2025
QOH,T387,Trendcorp,OH,Mixed Pallet,0.0000,On Hand,28 Apr 2025
QOH,T388,Trendcorp,OH,Mixed Pallet,0.0000,On Hand,28 Apr 2025
QOH,T389,Trendcorp,OH,Mixed Pallet,0.0000,On Hand,28 Apr 2025
QOH,T390,Trendcorp,OH,Mixed Pallet,0.0000,On Hand,28 Apr 2025
QOH,T391,Trendcorp,OH,Mixed Pallet,0.0000,On Hand,28 Apr 2025
QOH,T392,Trendcorp,OH,Mixed Pallet,0.0000,On Hand,28 Apr 2025
QOH,T393,Trendcorp,OH,Mixed Pallet,0.0000,On Hand,28 Apr 2025
QOH,T394,Trendcorp,OH,Mixed Pallet,0.0000,On Hand,28 Apr 2025
QOH,T395,Trendcorp,OH,Mixed Pallet,0.0000,On Hand,28 Apr 2025
QOH,T396,Trendcorp,OH,Mixed Pallet,0.0000,On Hand,28 Apr 2025
QOH,T397,Trendcorp,OH,Mixed Pallet,0.0000,On Hand,28 Apr 2025
QOH,T398,Trendcorp,OH,Mixed Pallet,0.0000,On Hand,28 Apr 2025
QOH,T399,Trendcorp,OH,Mixed Pallet,0.0000,On Hand,28 Apr 2025
QOH,T400,Trendcorp,OH,Mixed Pallet,0.0000,On Hand,28 Apr 2025
QOH,T401,Trendcorp,OH,Mixed Pallet,0.0000,On Hand,28 Apr 2025
QOH,T402,Trendcorp,OH,Mixed Pallet,0.0000,On Hand,28 Apr 2025
QOH,T403,Trendcorp,OH,Mixed Pallet,0.0000,On Hand,28 Apr 2025
QOH,T404,Trendcorp,OH,Mixed Pallet,0.0000,On Hand,28 Apr 2025
QOH,T405,Trendcorp,OH,Mixed Pallet,0.0000,On Hand,28 Apr 2025
QOH,T406,Trendcorp,OH,Mixed Pallet,0.0000,On Hand,28 Apr 2025
QOH,T407,Trendcorp,OH,Mixed Pallet,0.0000,On Hand,28 Apr 2025
QOH,T408,Trendcorp,OH,Mixed Pallet,0.0000,On Hand,28 Apr 2025
QOH,T409,Trendcorp,OH,Mixed Pallet,0.0000,On Hand,28 Apr 2025
QOH,T410,Trendcorp,OH,Mixed Pallet,0.0000,On Hand,28 Apr 2025
QOH,T411,Trendcorp,OH,Mixed Pallet,0.0000,On Hand,28 Apr 2025
QOH,T412,Trendcorp,OH,Mixed Pallet,0.0000,On Hand,28 Apr 2025
QOH,T413,Trendcorp,OH,Mixed Pallet,0.0000,On Hand,28 Apr 2025
QOH,T414,Trendcorp,OH,Mixed Pallet,0.0000,On Hand,28 Apr 2025
QOH,T415,Trendcorp,OH,Mixed Pallet,0.0000,On Hand,28 Apr 2025
QOH,T416,Trendcorp,OH,Mixed Pallet,0.0000,On Hand,28 Apr 2025
QOH,T417,Trendcorp,OH,Mixed Pallet,0.0000,On Hand,28 Apr 2025
QOH,T418,Trendcorp,OH,Mixed Pallet,0.0000,On Hand,28 Apr 2025
QOH,T419,Trendcorp,OH,Mixed Pallet,0.0000,On Hand,28 Apr 2025
QOH,T420,Trendcorp,OH,Mixed Pallet,0.0000,On Hand,28 Apr 2025
QOH,P1542,NAD,OH,Mixed Pallet,0.0000,On Hand,28 Apr 2025
QOH,391/04421011/C,Isinkwe Energies,OH,Silverline 4C 42CC,5.0000,On Hand,28 Apr 2025
QOH,391/04511011/B-D,Isinkwe Energies,OH,Silverline 4C 51CC,56.0000,On Hand,28 Apr 2025
QOH,MUL200/30-C,Isinkwe Energies,OH,Multivalve 200/30,0.0000,On Hand,28 Apr 2025
QOH,TANKEXT600X180,Isinkwe Energies,OH,Tank External 600x180 -37LT,5.0000,On Hand,28 Apr 2025
QOH,TANKEXT720X180-B,Isinkwe Energies,OH,Tank Extrenal 720x180 -52LT,0.0000,On Hand,28 Apr 2025
QOH,TANKEXT720X200-B,Isinkwe Energies,OH,Tank Ext 720 x 200,0.0000,On Hand,28 Apr 2025
QOH,TANKEXT720X250-A,Isinkwe Energies,OH,Tank Ext 720x250 - 78LT,8.0000,On Hand,28 Apr 2025
QOH,TANKINT600X200-B,Isinkwe Energies,OH,Tank Int 600x200,4.0000,On Hand,28 Apr 2025
QOH,TANKINT600X225-B,Isinkwe Energies,OH,Tank Int 600x225 - 48LT,10.0000,On Hand,28 Apr 2025
QOH,TANKINT650X250,Isinkwe Energies,OH,Tank Internal 650x250 - 66LT,8.0000,On Hand,28 Apr 2025
QOH,TANKINT680X225-A,Isinkwe Energies,OH,Tank Int 680x225 - 62LT,8.0000,On Hand,28 Apr 2025
QOH,TANKINT680X240-B,Isinkwe Energies,OH,Tank Int 680x240 - 68LT,7.0000,On Hand,28 Apr 2025
QOH,COV001,Isinkwe Energies,OH,External MV Safety Cover,20.0000,On Hand,28 Apr 2025
QOH,T421,Trendcorp,OH,Mixed Pallet,0.0000,On Hand,28 Apr 2025
QOH,T422,Trendcorp,OH,Mixed Pallet,0.0000,On Hand,28 Apr 2025
QOH,T423,Trendcorp,OH,Mixed Pallet,0.0000,On Hand,28 Apr 2025
QOH,T424,Trendcorp,OH,Mixed Pallet,0.0000,On Hand,28 Apr 2025
QOH,T425,Trendcorp,OH,Mixed Pallet,0.0000,On Hand,28 Apr 2025
QOH,T426,Trendcorp,OH,Mixed Pallet,0.0000,On Hand,28 Apr 2025
QOH,T427,Trendcorp,OH,Mixed Pallet,0.0000,On Hand,28 Apr 2025
QOH,T428,Trendcorp,OH,Mixed Pallet,0.0000,On Hand,28 Apr 2025
QOH,T429,Trendcorp,OH,Mixed Pallet,0.0000,On Hand,28 Apr 2025
QOH,T430,Trendcorp,OH,Mixed Pallet,0.0000,On Hand,28 Apr 2025
QOH,T431,Trendcorp,OH,Mixed Pallet,0.0000,On Hand,28 Apr 2025
QOH,T432,Trendcorp,OH,Mixed Pallet,0.0000,On Hand,28 Apr 2025
QOH,T433,Trendcorp,OH,Mixed Pallet,0.0000,On Hand,28 Apr 2025
QOH,T434,Trendcorp,OH,Mixed Pallet,0.0000,On Hand,28 Apr 2025
QOH,T435,Trendcorp,OH,Mixed Pallet,0.0000,On Hand,28 Apr 2025
QOH,T436,Trendcorp,OH,Mixed Pallet,0.0000,On Hand,28 Apr 2025
QOH,T437,Trendcorp,OH,Mixed Pallet,0.0000,On Hand,28 Apr 2025
QOH,T438,Trendcorp,OH,Mixed Pallet,0.0000,On Hand,28 Apr 2025
QOH,T439,Trendcorp,OH,Mixed Pallet,0.0000,On Hand,28 Apr 2025
QOH,T440,Trendcorp,OH,Mixed Pallet,0.0000,On Hand,28 Apr 2025
QOH,T441,Trendcorp,OH,Mixed Pallet,0.0000,On Hand,28 Apr 2025
QOH,T442,Trendcorp,OH,Mixed Pallet,0.0000,On Hand,28 Apr 2025
QOH,T443,Trendcorp,OH,Mixed Pallet,0.0000,On Hand,28 Apr 2025
QOH,T444,Trendcorp,OH,Mixed Pallet,0.0000,On Hand,28 Apr 2025
QOH,T445,Trendcorp,OH,Mixed Pallet,0.0000,On Hand,28 Apr 2025
QOH,T446,Trendcorp,OH,Mixed Pallet,0.0000,On Hand,28 Apr 2025
QOH,T447,Trendcorp,OH,Mixed Pallet,0.0000,On Hand,28 Apr 2025
QOH,T448,Trendcorp,OH,Mixed Pallet,0.0000,On Hand,28 Apr 2025
QOH,T449,Trendcorp,OH,Mixed Pallet,0.0000,On Hand,28 Apr 2025
QOH,T450,Trendcorp,OH,Mixed Pallet,0.0000,On Hand,28 Apr 2025
QOH,T451,Trendcorp,OH,Mixed Pallet,0.0000,On Hand,28 Apr 2025
QOH,T452,Trendcorp,OH,Mixed Pallet,0.0000,On Hand,28 Apr 2025
QOH,35+00+14A,Kiki Trading,OH,35+00+14 Sportsmaster 07/02/2025,36.0000,On Hand,28 Apr 2025
QOH,MUL240/0-A,Isinkwe Energies,OH,Multivalve 240/0 Toroidale,0.0000,On Hand,28 Apr 2025
QOH,TANKEXT600X200-B,Isinkwe Energies,OH,Tank Ext 600 X 200,0.0000,On Hand,28 Apr 2025
QOH,B0030,Trendcorp,OH,Mixed Pallet,0.0000,On Hand,28 Apr 2025
QOH,B0031,Trendcorp,OH,Mixed Pallet,0.0000,On Hand,28 Apr 2025
QOH,B0032,Trendcorp,OH,Mixed Pallet,0.0000,On Hand,28 Apr 2025
QOH,B0033,Trendcorp,OH,Mixed Pallet,0.0000,On Hand,28 Apr 2025
QOH,B0034,Trendcorp,OH,Mixed Pallet,0.0000,On Hand,28 Apr 2025
QOH,B0035,Trendcorp,OH,Mixed Pallet,0.0000,On Hand,28 Apr 2025
QOH,B0036,Trendcorp,OH,Mixed Pallet,0.0000,On Hand,28 Apr 2025
QOH,B0037,Trendcorp,OH,Mixed Pallet,0.0000,On Hand,28 Apr 2025
QOH,B0038,Trendcorp,OH,Mixed Pallet,0.0000,On Hand,28 Apr 2025
QOH,B0039,Trendcorp,OH,Mixed Pallet,0.0000,On Hand,28 Apr 2025
QOH,B0040,Trendcorp,OH,Mixed Pallet,0.0000,On Hand,28 Apr 2025
QOH,B0041,Trendcorp,OH,Mixed Pallet,0.0000,On Hand,28 Apr 2025
QOH,B0042,Trendcorp,OH,Mixed Pallet,0.0000,On Hand,28 Apr 2025
QOH,B0043,Trendcorp,OH,Mixed Pallet,0.0000,On Hand,28 Apr 2025
QOH,B0044,Trendcorp,OH,Mixed Pallet,0.0000,On Hand,28 Apr 2025
QOH,B0045,Trendcorp,OH,Mixed Pallet,0.0000,On Hand,28 Apr 2025
QOH,B0046,Trendcorp,OH,Mixed Pallet,0.0000,On Hand,28 Apr 2025
QOH,B0047,Trendcorp,OH,Mixed Pallet,0.0000,On Hand,28 Apr 2025
QOH,B0048,Trendcorp,OH,Mixed Pallet,0.0000,On Hand,28 Apr 2025
QOH,B0049,Trendcorp,OH,Mixed Pallet,0.0000,On Hand,28 Apr 2025
QOH,B0050,Trendcorp,OH,Mixed Pallet,0.0000,On Hand,28 Apr 2025
QOH,B0051,Trendcorp,OH,Mixed Pallet,0.0000,On Hand,28 Apr 2025
QOH,B0052,Trendcorp,OH,Mixed Pallet,0.0000,On Hand,28 Apr 2025
QOH,B0053,Trendcorp,OH,Mixed Pallet,0.0000,On Hand,28 Apr 2025
QOH,B0054,Trendcorp,OH,Mixed Pallet,0.0000,On Hand,28 Apr 2025
QOH,B0055,Trendcorp,OH,Mixed Pallet,0.0000,On Hand,28 Apr 2025
QOH,B0056,Trendcorp,OH,Mixed Pallet,0.0000,On Hand,28 Apr 2025
QOH,B0057,Trendcorp,OH,Mixed Pallet,0.0000,On Hand,28 Apr 2025
QOH,B0058,Trendcorp,OH,Mixed Pallet,0.0000,On Hand,28 Apr 2025
QOH,B0059,Trendcorp,OH,Mixed Pallet,0.0000,On Hand,28 Apr 2025
QOH,B0060,Trendcorp,OH,Mixed Pallet,0.0000,On Hand,28 Apr 2025
QOH,B0061,Trendcorp,OH,Mixed Pallet,0.0000,On Hand,28 Apr 2025
QOH,B0062,Trendcorp,OH,Mixed Pallet,0.0000,On Hand,28 Apr 2025
QOH,B0063,Trendcorp,OH,Mixed Pallet,0.0000,On Hand,28 Apr 2025
QOH,B0064,Trendcorp,OH,Mixed Pallet,0.0000,On Hand,28 Apr 2025
QOH,B0065,Trendcorp,OH,Mixed Pallet,0.0000,On Hand,28 Apr 2025
QOH,B0066,Trendcorp,OH,Mixed Pallet,0.0000,On Hand,28 Apr 2025
QOH,B0067,Trendcorp,OH,Mixed Pallet,0.0000,On Hand,28 Apr 2025
QOH,B0068,Trendcorp,OH,Mixed Pallet,0.0000,On Hand,28 Apr 2025
QOH,B0069,Trendcorp,OH,Mixed Pallet,0.0000,On Hand,28 Apr 2025
QOH,B0070,Trendcorp,OH,Mixed Pallet,0.0000,On Hand,28 Apr 2025
QOH,B0071,Trendcorp,OH,Mixed Pallet,0.0000,On Hand,28 Apr 2025
QOH,B0072,Trendcorp,OH,Mixed Pallet,0.0000,On Hand,28 Apr 2025
QOH,B0073,Trendcorp,OH,Mixed Pallet,0.0000,On Hand,28 Apr 2025
QOH,B0074,Trendcorp,OH,Mixed Pallet,0.0000,On Hand,28 Apr 2025
QOH,B0075,Trendcorp,OH,Mixed Pallet,0.0000,On Hand,28 Apr 2025
QOH,B0076,Trendcorp,OH,Mixed Pallet,0.0000,On Hand,28 Apr 2025
QOH,B0077,Trendcorp,OH,Mixed Pallet,0.0000,On Hand,28 Apr 2025
QOH,B0078,Trendcorp,OH,Mixed Pallet,0.0000,On Hand,28 Apr 2025
QOH,B0079,Trendcorp,OH,Mixed Pallet,0.0000,On Hand,28 Apr 2025
QOH,B0080,Trendcorp,OH,Mixed Pallet,0.0000,On Hand,28 Apr 2025
QOH,B0081,Trendcorp,OH,Mixed Pallet,0.0000,On Hand,28 Apr 2025
QOH,B0082,Trendcorp,OH,Mixed Pallet,0.0000,On Hand,28 Apr 2025
QOH,B0083,Trendcorp,OH,Mixed Pallet,0.0000,On Hand,28 Apr 2025
QOH,B0084,Trendcorp,OH,Mixed Pallet,0.0000,On Hand,28 Apr 2025
QOH,B0085,Trendcorp,OH,Mixed Pallet,0.0000,On Hand,28 Apr 2025
QOH,B0086,Trendcorp,OH,Mixed Pallet,0.0000,On Hand,28 Apr 2025
QOH,B0087,Trendcorp,OH,Mixed Pallet,0.0000,On Hand,28 Apr 2025
QOH,B0088,Trendcorp,OH,Mixed Pallet,0.0000,On Hand,28 Apr 2025
QOH,B0089,Trendcorp,OH,Mixed Pallet,0.0000,On Hand,28 Apr 2025
QOH,B0090,Trendcorp,OH,Mixed Pallet,0.0000,On Hand,28 Apr 2025
QOH,P1549,NAD,OH,Mixed Pallet,0.0000,On Hand,28 Apr 2025
QOH,P1550,NAD,OH,Mixed Pallet,0.0000,On Hand,28 Apr 2025
QOH,P1551,NAD,OH,Mixed Pallet,0.0000,On Hand,28 Apr 2025
QOH,P1552,NAD,OH,Mixed Pallet,0.0000,On Hand,28 Apr 2025
QOH,TANKINT650X200-C,Isinkwe Energies,OH,Tank Int 650 x 200 - 50LT,10.0000,On Hand,28 Apr 2025
QOH,TANKINT680X225-B,Isinkwe Energies,OH,Tank Int 680x225 - 62LT,2.0000,On Hand,28 Apr 2025
QOH,CACS611-L,Bambino,OH,I-Swivel Car Seat - Cobalt,0.0000,On Hand,28 Apr 2025
QOH,P1553,NAD,OH,Mixed Pallet,1.0000,On Hand,28 Apr 2025
QOH,P1554,NAD,OH,Mixed Pallet,1.0000,On Hand,28 Apr 2025
QOH,P1555,NAD,OH,Mixed Pallet,1.0000,On Hand,28 Apr 2025
QOH,P1556,NAD,OH,Mixed Pallet,1.0000,On Hand,28 Apr 2025
QOH,P1557,NAD,OH,Mixed Pallet,1.0000,On Hand,28 Apr 2025
QOH,P1558,NAD,OH,Mixed Pallet,1.0000,On Hand,28 Apr 2025
QOH,P1559,NAD,OH,Mixed Pallet,1.0000,On Hand,28 Apr 2025
QOH,P1560,NAD,OH,Mixed Pallet,1.0000,On Hand,28 Apr 2025
QOH,P1561,NAD,OH,Mixed Pallet,1.0000,On Hand,28 Apr 2025
QOH,P1562,NAD,OH,Mixed Pallet,1.0000,On Hand,28 Apr 2025
QOH,P1563,NAD,OH,Mixed Pallet,1.0000,On Hand,28 Apr 2025
QOH,P1564,NAD,OH,Mixed Pallet,1.0000,On Hand,28 Apr 2025
QOH,P1565,NAD,OH,Mixed Pallet,1.0000,On Hand,28 Apr 2025
QOH,P1566,NAD,OH,Mixed Pallet,1.0000,On Hand,28 Apr 2025
QOH,P1567,NAD,OH,Mixed Pallet,1.0000,On Hand,28 Apr 2025
QOH,P1568,NAD,OH,Mixed Pallet,1.0000,On Hand,28 Apr 2025
QOH,P1569,NAD,OH,Mixed Pallet,1.0000,On Hand,28 Apr 2025
QOH,P1570,NAD,OH,Mixed Pallet,1.0000,On Hand,28 Apr 2025
QOH,P1571,NAD,OH,Mixed Pallet,0.0000,On Hand,28 Apr 2025
QOH,P1572,NAD,OH,Mixed Pallet,0.0000,On Hand,28 Apr 2025
QOH,P1573,NAD,OH,Mixed Pallet,1.0000,On Hand,28 Apr 2025
QOH,P1574,NAD,OH,Mixed Pallet,0.0000,On Hand,28 Apr 2025
QOH,P1575,NAD,OH,Mixed Pallet,1.0000,On Hand,28 Apr 2025
QOH,P1576,NAD,OH,Mixed Pallet,1.0000,On Hand,28 Apr 2025
QOH,P1577,NAD,OH,Mixed Pallet,1.0000,On Hand,28 Apr 2025
QOH,P1578,NAD,OH,Mixed Pallet,1.0000,On Hand,28 Apr 2025
QOH,P1579,NAD,OH,Mixed Pallet,1.0000,On Hand,28 Apr 2025
QOH,P1580,NAD,OH,Mixed Pallet,1.0000,On Hand,28 Apr 2025
QOH,P1581,NAD,OH,Mixed Pallet,1.0000,On Hand,28 Apr 2025
QOH,P1582,NAD,OH,Mixed Pallet,1.0000,On Hand,28 Apr 2025
QOH,P1583,NAD,OH,Mixed Pallet,1.0000,On Hand,28 Apr 2025
QOH,P1584,NAD,OH,Mixed Pallet,1.0000,On Hand,28 Apr 2025
QOH,P1585,NAD,OH,Mixed Pallet,1.0000,On Hand,28 Apr 2025
QOH,P1586,NAD,OH,Mixed Pallet,1.0000,On Hand,28 Apr 2025
QOH,P1587,NAD,OH,Mixed Pallet,1.0000,On Hand,28 Apr 2025
QOH,P1588,NAD,OH,Mixed Pallet,1.0000,On Hand,28 Apr 2025
QOH,P1589,NAD,OH,Mixed Pallet,1.0000,On Hand,28 Apr 2025
QOH,P1590,NAD,OH,Mixed Pallet,1.0000,On Hand,28 Apr 2025
QOH,P1591,NAD,OH,Mixed Pallet,1.0000,On Hand,28 Apr 2025
QOH,P1592,NAD,OH,Mixed Pallet,1.0000,On Hand,28 Apr 2025
QOH,P1593,NAD,OH,Mixed Pallet,1.0000,On Hand,28 Apr 2025
QOH,P1594,NAD,OH,Mixed Pallet,1.0000,On Hand,28 Apr 2025
QOH,P1595,NAD,OH,Mixed Pallet,1.0000,On Hand,28 Apr 2025
QOH,P1596,NAD,OH,Mixed Pallet,1.0000,On Hand,28 Apr 2025
QOH,P1597,NAD,OH,Mixed Pallet,1.0000,On Hand,28 Apr 2025
QOH,P1598,NAD,OH,Mixed Pallet,1.0000,On Hand,28 Apr 2025
QOH,P1599,NAD,OH,Mixed Pallet,1.0000,On Hand,28 Apr 2025
QOH,P1600,NAD,OH,Mixed Pallet,1.0000,On Hand,28 Apr 2025
QOH,P1601,NAD,OH,Mixed Pallet,1.0000,On Hand,28 Apr 2025
QOH,P1602,NAD,OH,Mixed Pallet,1.0000,On Hand,28 Apr 2025
QOH,P1603,NAD,OH,Mixed Pallet,1.0000,On Hand,28 Apr 2025
QOH,P1604,NAD,OH,Mixed Pallet,1.0000,On Hand,28 Apr 2025
QOH,P1605,NAD,OH,Mixed Pallet,1.0000,On Hand,28 Apr 2025
QOH,P1606,NAD,OH,Mixed Pallet,1.0000,On Hand,28 Apr 2025
QOH,P1607,NAD,OH,Mixed Pallet,1.0000,On Hand,28 Apr 2025
QOH,P1608,NAD,OH,Mixed Pallet,1.0000,On Hand,28 Apr 2025
QOH,T455,Trendcorp,OH,Mixed Pallet,0.0000,On Hand,28 Apr 2025
QOH,T456,Trendcorp,OH,Mixed Pallet,0.0000,On Hand,28 Apr 2025
QOH,T457,Trendcorp,OH,Mixed Pallet,0.0000,On Hand,28 Apr 2025
QOH,T458,Trendcorp,OH,Mixed Pallet,0.0000,On Hand,28 Apr 2025
QOH,T459,Trendcorp,OH,Mixed Pallet,0.0000,On Hand,28 Apr 2025
QOH,T460,Trendcorp,OH,Mixed Pallet,0.0000,On Hand,28 Apr 2025
QOH,T461,Trendcorp,OH,Mixed Pallet,0.0000,On Hand,28 Apr 2025
QOH,T462,Trendcorp,OH,Mixed Pallet,0.0000,On Hand,28 Apr 2025
QOH,T463,Trendcorp,OH,Mixed Pallet,0.0000,On Hand,28 Apr 2025
QOH,T464,Trendcorp,OH,Mixed Pallet,0.0000,On Hand,28 Apr 2025
QOH,T465,Trendcorp,OH,Mixed Pallet,0.0000,On Hand,28 Apr 2025
QOH,T466,Trendcorp,OH,Mixed Pallet,0.0000,On Hand,28 Apr 2025
QOH,T467,Trendcorp,OH,Mixed Pallet,0.0000,On Hand,28 Apr 2025
QOH,T468,Trendcorp,OH,Mixed Pallet,0.0000,On Hand,28 Apr 2025
QOH,T469,Trendcorp,OH,Mixed Pallet,0.0000,On Hand,28 Apr 2025
QOH,T470,Trendcorp,OH,Mixed Pallet,0.0000,On Hand,28 Apr 2025
QOH,T471,Trendcorp,OH,Mixed Pallet,0.0000,On Hand,28 Apr 2025
QOH,T472,Trendcorp,OH,Mixed Pallet,0.0000,On Hand,28 Apr 2025
QOH,T473,Trendcorp,OH,Mixed Pallet,0.0000,On Hand,28 Apr 2025
QOH,T474,Trendcorp,OH,Mixed Pallet,0.0000,On Hand,28 Apr 2025
QOH,T475,Trendcorp,OH,Mixed Pallet,0.0000,On Hand,28 Apr 2025
QOH,T476,Trendcorp,OH,Mixed Pallet,0.0000,On Hand,28 Apr 2025
QOH,T477,Trendcorp,OH,Mixed Pallet,0.0000,On Hand,28 Apr 2025
QOH,T478,Trendcorp,OH,Mixed Pallet,0.0000,On Hand,28 Apr 2025
QOH,T479,Trendcorp,OH,Mixed Pallet,0.0000,On Hand,28 Apr 2025
QOH,T480,Trendcorp,OH,Mixed Pallet,0.0000,On Hand,28 Apr 2025
QOH,T481,Trendcorp,OH,Mixed Pallet,0.0000,On Hand,28 Apr 2025
QOH,T482,Trendcorp,OH,Mixed Pallet,0.0000,On Hand,28 Apr 2025
QOH,T483,Trendcorp,OH,Mixed Pallet,0.0000,On Hand,28 Apr 2025
QOH,T484,Trendcorp,OH,Mixed Pallet,0.0000,On Hand,28 Apr 2025
QOH,T485,Trendcorp,OH,Mixed Pallet,0.0000,On Hand,28 Apr 2025
QOH,TANKINT680X240-C,Isinkwe Energies,OH,Tank Int 680x240 - 68LT,10.0000,On Hand,28 Apr 2025
QOH,TANKINT680X240-D,Isinkwe Energies,OH,Tank Int 680x240 - 68LT,10.0000,On Hand,28 Apr 2025
QOH,TANKINT680X240-E,Isinkwe Energies,OH,Tank Int 680x240 - 68LT,10.0000,On Hand,28 Apr 2025
QOH,TANKINT650X200-D,Isinkwe Energies,OH,Tank Int 650 x 200 - 50LT,6.0000,On Hand,28 Apr 2025
QOH,TANKINT650X200-E,Isinkwe Energies,OH,Tank Int 650 x 200 - 50LT,10.0000,On Hand,28 Apr 2025
QOH,TANKINT650X200-F,Isinkwe Energies,OH,Tank Int 650 x 200 - 50LT,10.0000,On Hand,28 Apr 2025
QOH,TANKINT650X250-A,Isinkwe Energies,OH,Tank Internal 650x250 - 66LT,3.0000,On Hand,28 Apr 2025
QOH,MUL200-204/30-A,Isinkwe Energies,OH,Multivalve 200-204/30,91.0000,On Hand,28 Apr 2025
QOH,T486,Trendcorp,OH,Mixed Pallet,0.0000,On Hand,28 Apr 2025
QOH,T487,Trendcorp,OH,Mixed Pallet,0.0000,On Hand,28 Apr 2025
QOH,T488,Trendcorp,OH,Mixed Pallet,0.0000,On Hand,28 Apr 2025
QOH,T489,Trendcorp,OH,Mixed Pallet,0.0000,On Hand,28 Apr 2025
QOH,T490,Trendcorp,OH,Mixed Pallet,0.0000,On Hand,28 Apr 2025
QOH,T491,Trendcorp,OH,Mixed Pallet,0.0000,On Hand,28 Apr 2025
QOH,T492,Trendcorp,OH,Mixed Pallet,0.0000,On Hand,28 Apr 2025
QOH,T493,Trendcorp,OH,Mixed Pallet,0.0000,On Hand,28 Apr 2025
QOH,T494,Trendcorp,OH,Mixed Pallet,0.0000,On Hand,28 Apr 2025
QOH,T495,Trendcorp,OH,Mixed Pallet,0.0000,On Hand,28 Apr 2025
QOH,MULTOR225/30,Isinkwe Energies,OH,Multivalve 225/30,95.0000,On Hand,28 Apr 2025
QOH,3743868,Kynor,OH,Housewire Conduit PVC Pipe GLS Bulb cool white ES,1.0000,On Hand,28 Apr 2025
QOH,T496,Trendcorp,OH,Mixed Pallet,0.0000,On Hand,28 Apr 2025
QOH,T497,Trendcorp,OH,Mixed Pallet,0.0000,On Hand,28 Apr 2025
QOH,T498,Trendcorp,OH,Mixed Pallet,0.0000,On Hand,28 Apr 2025
QOH,T499,Trendcorp,OH,Mixed Pallet,0.0000,On Hand,28 Apr 2025
QOH,T500,Trendcorp,OH,Mixed Pallet,0.0000,On Hand,28 Apr 2025
QOH,T501,Trendcorp,OH,Mixed Pallet,0.0000,On Hand,28 Apr 2025
QOH,T502,Trendcorp,OH,Mixed Pallet,0.0000,On Hand,28 Apr 2025
QOH,T503,Trendcorp,OH,Mixed Pallet,0.0000,On Hand,28 Apr 2025
QOH,T504,Trendcorp,OH,Mixed Pallet,0.0000,On Hand,28 Apr 2025
QOH,T505,Trendcorp,OH,Mixed Pallet,0.0000,On Hand,28 Apr 2025
QOH,T506,Trendcorp,OH,Mixed Pallet,0.0000,On Hand,28 Apr 2025
QOH,T507,Trendcorp,OH,Mixed Pallet,0.0000,On Hand,28 Apr 2025
QOH,T508,Trendcorp,OH,Mixed Pallet,0.0000,On Hand,28 Apr 2025
QOH,T509,Trendcorp,OH,Mixed Pallet,0.0000,On Hand,28 Apr 2025
QOH,T510,Trendcorp,OH,Mixed Pallet,0.0000,On Hand,28 Apr 2025
QOH,T511,Trendcorp,OH,Mixed Pallet,0.0000,On Hand,28 Apr 2025
QOH,T512,Trendcorp,OH,Mixed Pallet,0.0000,On Hand,28 Apr 2025
QOH,T513,Trendcorp,OH,Mixed Pallet,0.0000,On Hand,28 Apr 2025
QOH,T514,Trendcorp,OH,Mixed Pallet,0.0000,On Hand,28 Apr 2025
QOH,T516,Trendcorp,OH,Mixed Pallet,0.0000,On Hand,28 Apr 2025
QOH,T517,Trendcorp,OH,Mixed Pallet,0.0000,On Hand,28 Apr 2025
QOH,T518,Trendcorp,OH,Mixed Pallet,0.0000,On Hand,28 Apr 2025
QOH,T519,Trendcorp,OH,Mixed Pallet,0.0000,On Hand,28 Apr 2025
QOH,T520,Trendcorp,OH,Mixed Pallet,0.0000,On Hand,28 Apr 2025
QOH,T521,Trendcorp,OH,Mixed Pallet,0.0000,On Hand,28 Apr 2025
QOH,T522,Trendcorp,OH,Mixed Pallet,0.0000,On Hand,28 Apr 2025
QOH,T523,Trendcorp,OH,Mixed Pallet,0.0000,On Hand,28 Apr 2025
QOH,T524,Trendcorp,OH,Mixed Pallet,0.0000,On Hand,28 Apr 2025
QOH,T525,Trendcorp,OH,Mixed Pallet,0.0000,On Hand,28 Apr 2025
QOH,T526,Trendcorp,OH,Mixed Pallet,0.0000,On Hand,28 Apr 2025
QOH,T527,Trendcorp,OH,Mixed Pallet,0.0000,On Hand,28 Apr 2025
QOH,HC421D,Hygizone,OH,Hygizone Touchless Concealed Cistern,6.0000,On Hand,28 Apr 2025
QOH,3743889-15,Kynor,OH,Electrical Goods,1.0000,On Hand,28 Apr 2025
QOH,3744319,Kynor,OH,Electrical Goods,1.0000,On Hand,28 Apr 2025
QOH,3744367,Kynor,OH,Electrical Goods,1.0000,On Hand,28 Apr 2025
QOH,3744375,Kynor,OH,Electrical Goods,1.0000,On Hand,28 Apr 2025
QOH,P1628,NAD,OH,Mixed Pallet,0.0000,On Hand,28 Apr 2025
QOH,P1629,NAD,OH,Mixed Pallet,0.0000,On Hand,28 Apr 2025
QOH,P1630,NAD,OH,Mixed Pallet,0.0000,On Hand,28 Apr 2025
QOH,P1631,NAD,OH,Mixed Pallet,0.0000,On Hand,28 Apr 2025
QOH,P1632,NAD,OH,Mixed Pallet,1.0000,On Hand,28 Apr 2025
QOH,P1633,NAD,OH,Mixed Pallet,1.0000,On Hand,28 Apr 2025
QOH,P1634,NAD,OH,Mixed Pallet,1.0000,On Hand,28 Apr 2025
QOH,P1635,NAD,OH,Mixed Pallet,1.0000,On Hand,28 Apr 2025
QOH,P1636,NAD,OH,Mixed Pallet,1.0000,On Hand,28 Apr 2025
QOH,P1637,NAD,OH,Mixed Pallet,1.0000,On Hand,28 Apr 2025
QOH,P1638,NAD,OH,Mixed Pallet,0.0000,On Hand,28 Apr 2025
QOH,P1639,NAD,OH,Mixed Pallet,0.0000,On Hand,28 Apr 2025
QOH,P1640,NAD,OH,Mixed Pallet,0.0000,On Hand,28 Apr 2025
QOH,P1641,NAD,OH,Mixed Pallet,1.0000,On Hand,28 Apr 2025
QOH,P1642,NAD,OH,Mixed Pallet,0.0000,On Hand,28 Apr 2025
QOH,P1643,NAD,OH,Mixed Pallet,0.0000,On Hand,28 Apr 2025
QOH,P1644,NAD,OH,Mixed Pallet,0.0000,On Hand,28 Apr 2025
QOH,P1645,NAD,OH,Mixed Pallet,0.0000,On Hand,28 Apr 2025
QOH,P1646,NAD,OH,Mixed Pallet,0.0000,On Hand,28 Apr 2025
QOH,P1647,NAD,OH,Mixed Pallet,0.0000,On Hand,28 Apr 2025
QOH,P1648,NAD,OH,Mixed Pallet,0.0000,On Hand,28 Apr 2025
QOH,P1649,NAD,OH,Mixed Pallet,0.0000,On Hand,28 Apr 2025
QOH,P1650,NAD,OH,Mixed Pallet,0.0000,On Hand,28 Apr 2025
QOH,P1618,NAD,OH,Mixed Pallet,0.0000,On Hand,28 Apr 2025
QOH,P1622,NAD,OH,Mixed Pallet,0.0000,On Hand,28 Apr 2025
QOH,P1619,NAD,OH,Mixed Pallet,0.0000,On Hand,28 Apr 2025
QOH,P1621,NAD,OH,Mixed Pallet,0.0000,On Hand,28 Apr 2025
QOH,P1624,NAD,OH,Mixed Pallet,0.0000,On Hand,28 Apr 2025
QOH,P1625,NAD,OH,Mixed Pallet,0.0000,On Hand,28 Apr 2025
QOH,P1626,NAD,OH,Mixed Pallet,0.0000,On Hand,28 Apr 2025
QOH,P1627,NAD,OH,Mixed Pallet,0.0000,On Hand,28 Apr 2025
QOH,P1614,NAD,OH,Mixed Pallet,1.0000,On Hand,28 Apr 2025
QOH,P1615,NAD,OH,Mixed Pallet,0.0000,On Hand,28 Apr 2025
QOH,P1616,NAD,OH,Mixed Pallet,1.0000,On Hand,28 Apr 2025
QOH,P1617,NAD,OH,Mixed Pallet,1.0000,On Hand,28 Apr 2025
QOH,P1611,NAD,OH,Mixed Pallet,0.0000,On Hand,28 Apr 2025
QOH,P1612,NAD,OH,Mixed Pallet,0.0000,On Hand,28 Apr 2025
QOH,P1620,NAD,OH,Mixed Pallet,0.0000,On Hand,28 Apr 2025
QOH,P1623,NAD,OH,Mixed Pallet,0.0000,On Hand,28 Apr 2025
QOH,P1613,NAD,OH,Mixed Pallet,1.0000,On Hand,28 Apr 2025
QOH,T531,Trendcorp,OH,Mixed Pallet,0.0000,On Hand,28 Apr 2025
QOH,T530,Trendcorp,OH,Mixed Pallet,0.0000,On Hand,28 Apr 2025
QOH,T529,Trendcorp,OH,Mixed Pallet,0.0000,On Hand,28 Apr 2025
QOH,T532,Trendcorp,OH,Mixed Pallet,0.0000,On Hand,28 Apr 2025
QOH,T533,Trendcorp,OH,Mixed Pallet,0.0000,On Hand,28 Apr 2025
QOH,T534,Trendcorp,OH,Mixed Pallet,0.0000,On Hand,28 Apr 2025
QOH,T535,Trendcorp,OH,Mixed Pallet,0.0000,On Hand,28 Apr 2025
QOH,T536,Trendcorp,OH,Mixed Pallet,0.0000,On Hand,28 Apr 2025
QOH,T537,Trendcorp,OH,Mixed Pallet,0.0000,On Hand,28 Apr 2025
QOH,T538,Trendcorp,OH,Mixed Pallet,0.0000,On Hand,28 Apr 2025
QOH,T539,Trendcorp,OH,Mixed Pallet,0.0000,On Hand,28 Apr 2025
QOH,T540,Trendcorp,OH,Mixed Pallet,0.0000,On Hand,28 Apr 2025
QOH,T541,Trendcorp,OH,Mixed Pallet,0.0000,On Hand,28 Apr 2025
QOH,T542,Trendcorp,OH,Mixed Pallet,0.0000,On Hand,28 Apr 2025
QOH,T543,Trendcorp,OH,Mixed Pallet,0.0000,On Hand,28 Apr 2025
QOH,T544,Trendcorp,OH,Mixed Pallet,0.0000,On Hand,28 Apr 2025
QOH,T545,Trendcorp,OH,Mixed Pallet,0.0000,On Hand,28 Apr 2025
QOH,T546,Trendcorp,OH,Mixed Pallet,0.0000,On Hand,28 Apr 2025
QOH,T547,Trendcorp,OH,Mixed Pallet,0.0000,On Hand,28 Apr 2025
QOH,T548,Trendcorp,OH,Mixed Pallet,0.0000,On Hand,28 Apr 2025
QOH,T549,Trendcorp,OH,Mixed Pallet,0.0000,On Hand,28 Apr 2025
QOH,T550,Trendcorp,OH,Mixed Pallet,0.0000,On Hand,28 Apr 2025
QOH,T551,Trendcorp,OH,Mixed Pallet,0.0000,On Hand,28 Apr 2025
QOH,T552,Trendcorp,OH,Mixed Pallet,0.0000,On Hand,28 Apr 2025
QOH,T553,Trendcorp,OH,Mixed Pallet,0.0000,On Hand,28 Apr 2025
QOH,T554,Trendcorp,OH,Mixed Pallet,0.0000,On Hand,28 Apr 2025
QOH,T555,Trendcorp,OH,Mixed Pallet,0.0000,On Hand,28 Apr 2025
QOH,T556,Trendcorp,OH,Mixed Pallet,0.0000,On Hand,28 Apr 2025
QOH,T557,Trendcorp,OH,Mixed Pallet,0.0000,On Hand,28 Apr 2025
QOH,T558,Trendcorp,OH,Mixed Pallet,0.0000,On Hand,28 Apr 2025
QOH,FW0001,Trendcorp,OH,Mixed Pallet,0.0000,On Hand,28 Apr 2025
QOH,FW0002,Trendcorp,OH,Mixed Pallet,0.0000,On Hand,28 Apr 2025
QOH,FW0003,Trendcorp,OH,Mixed Pallet,0.0000,On Hand,28 Apr 2025
QOH,FW0004,Trendcorp,OH,Mixed Pallet,0.0000,On Hand,28 Apr 2025
QOH,FW0005,Trendcorp,OH,Mixed Pallet,0.0000,On Hand,28 Apr 2025
QOH,FW0006,Trendcorp,OH,Mixed Pallet,0.0000,On Hand,28 Apr 2025
QOH,FW0007,Trendcorp,OH,Mixed Pallet,0.0000,On Hand,28 Apr 2025
QOH,FW0008,Trendcorp,OH,Mixed Pallet,0.0000,On Hand,28 Apr 2025
QOH,FW0009,Trendcorp,OH,Mixed Pallet,0.0000,On Hand,28 Apr 2025
QOH,FW0010,Trendcorp,OH,Mixed Pallet,0.0000,On Hand,28 Apr 2025
QOH,FW0011,Trendcorp,OH,Mixed Pallet,0.0000,On Hand,28 Apr 2025
QOH,FW0012,Trendcorp,OH,Mixed Pallet,0.0000,On Hand,28 Apr 2025
QOH,FW0013,Trendcorp,OH,Mixed Pallet,0.0000,On Hand,28 Apr 2025
QOH,FW0014,Trendcorp,OH,Mixed Pallet,0.0000,On Hand,28 Apr 2025
QOH,P1651,NAD,OH,Mixed Pallet,0.0000,On Hand,28 Apr 2025
QOH,P1652,NAD,OH,Mixed Pallet,0.0000,On Hand,28 Apr 2025
QOH,P1653,NAD,OH,Mixed Pallet,0.0000,On Hand,28 Apr 2025
QOH,P1654,NAD,OH,Mixed Pallet,0.0000,On Hand,28 Apr 2025
QOH,P1655,NAD,OH,Mixed Pallet,0.0000,On Hand,28 Apr 2025
QOH,P1656,NAD,OH,Mixed Pallet,0.0000,On Hand,28 Apr 2025
QOH,P1657,NAD,OH,Mixed Pallet,0.0000,On Hand,28 Apr 2025
QOH,P1831,NAD,OH,Mixed Pallet,1.0000,On Hand,28 Apr 2025
QOH,P1659,NAD,OH,Mixed Pallet,0.0000,On Hand,28 Apr 2025
QOH,P1660,NAD,OH,Mixed Pallet,0.0000,On Hand,28 Apr 2025
QOH,P1671,NAD,OH,Mixed Pallet,1.0000,On Hand,28 Apr 2025
QOH,P1672,NAD,OH,Mixed Pallet,1.0000,On Hand,28 Apr 2025
QOH,P1673,NAD,OH,Mixed Pallet,1.0000,On Hand,28 Apr 2025
QOH,P1674,NAD,OH,Mixed Pallet,1.0000,On Hand,28 Apr 2025
QOH,P1675,NAD,OH,Mixed Pallet,1.0000,On Hand,28 Apr 2025
QOH,P1676,NAD,OH,Mixed Pallet,1.0000,On Hand,28 Apr 2025
QOH,P1677,NAD,OH,Mixed Pallet,1.0000,On Hand,28 Apr 2025
QOH,P1678,NAD,OH,Mixed Pallet,1.0000,On Hand,28 Apr 2025
QOH,P1679,NAD,OH,Mixed Pallet,1.0000,On Hand,28 Apr 2025
QOH,P1680,NAD,OH,Mixed Pallet,1.0000,On Hand,28 Apr 2025
QOH,P1681,NAD,OH,Mixed Pallet,1.0000,On Hand,28 Apr 2025
QOH,P1682,NAD,OH,Mixed Pallet,1.0000,On Hand,28 Apr 2025
QOH,P1683,NAD,OH,Mixed Pallet,1.0000,On Hand,28 Apr 2025
QOH,P1684,NAD,OH,Mixed Pallet,1.0000,On Hand,28 Apr 2025
QOH,P1685,NAD,OH,Mixed Pallet,1.0000,On Hand,28 Apr 2025
QOH,FW0015,Trendcorp,OH,Mixed Pallet,0.0000,On Hand,28 Apr 2025
QOH,FW0016,Trendcorp,OH,Mixed Pallet,0.0000,On Hand,28 Apr 2025
QOH,3N0001,Trendcorp,OH,Mixed Pallet,0.0000,On Hand,28 Apr 2025
QOH,3N0002,Trendcorp,OH,Mixed Pallet,0.0000,On Hand,28 Apr 2025
QOH,3N0003,Trendcorp,OH,Mixed Pallet,0.0000,On Hand,28 Apr 2025
QOH,3N0004,Trendcorp,OH,Mixed Pallet,0.0000,On Hand,28 Apr 2025
QOH,3N0005,Trendcorp,OH,Mixed Pallet,0.0000,On Hand,28 Apr 2025
QOH,3N0006,Trendcorp,OH,Mixed Pallet,0.0000,On Hand,28 Apr 2025
QOH,3N0007,Trendcorp,OH,Mixed Pallet,0.0000,On Hand,28 Apr 2025
QOH,3N0008,Trendcorp,OH,Mixed Pallet,0.0000,On Hand,28 Apr 2025
QOH,3N0009,Trendcorp,OH,Mixed Pallet,0.0000,On Hand,28 Apr 2025
QOH,3N0010,Trendcorp,OH,Mixed Pallet,0.0000,On Hand,28 Apr 2025
QOH,FW0017,Trendcorp,OH,Mixed Pallet,0.0000,On Hand,28 Apr 2025
QOH,FW0018,Trendcorp,OH,Mixed Pallet,0.0000,On Hand,28 Apr 2025
QOH,FW0020,Trendcorp,OH,Mixed Pallet,0.0000,On Hand,28 Apr 2025
QOH,FW0021,Trendcorp,OH,Mixed Pallet,1.0000,On Hand,28 Apr 2025
QOH,FW0022,Trendcorp,OH,Mixed Pallet,0.0000,On Hand,28 Apr 2025
QOH,FW0023,Trendcorp,OH,Mixed Pallet,0.0000,On Hand,28 Apr 2025
QOH,FW0024,Trendcorp,OH,Mixed Pallet,0.0000,On Hand,28 Apr 2025
QOH,FW0019,Trendcorp,OH,Mixed Pallet,0.0000,On Hand,28 Apr 2025
QOH,3N0012,Trendcorp,OH,Mixed Pallet,0.0000,On Hand,28 Apr 2025
QOH,3N0013,Trendcorp,OH,Mixed Pallet,0.0000,On Hand,28 Apr 2025
QOH,3N0014,Trendcorp,OH,Mixed Pallet,0.0000,On Hand,28 Apr 2025
QOH,3N0015,Trendcorp,OH,Mixed Pallet,0.0000,On Hand,28 Apr 2025
QOH,3N0016,Trendcorp,OH,Mixed Pallet,0.0000,On Hand,28 Apr 2025
QOH,3N0017,Trendcorp,OH,Mixed Pallet,0.0000,On Hand,28 Apr 2025
QOH,3N0018,Trendcorp,OH,Mixed Pallet,0.0000,On Hand,28 Apr 2025
QOH,3N0019,Trendcorp,OH,Mixed Pallet,0.0000,On Hand,28 Apr 2025
QOH,3N0020,Trendcorp,OH,Mixed Pallet,0.0000,On Hand,28 Apr 2025
QOH,3N0021,Trendcorp,OH,Mixed Pallet,0.0000,On Hand,28 Apr 2025
QOH,3N0022,Trendcorp,OH,Mixed Pallet,0.0000,On Hand,28 Apr 2025
QOH,3N0023,Trendcorp,OH,Mixed Pallet,0.0000,On Hand,28 Apr 2025
QOH,3N0024,Trendcorp,OH,Mixed Pallet,0.0000,On Hand,28 Apr 2025
QOH,3N0025,Trendcorp,OH,Mixed Pallet,0.0000,On Hand,28 Apr 2025
QOH,3N0026,Trendcorp,OH,Mixed Pallet,0.0000,On Hand,28 Apr 2025
QOH,3N0027,Trendcorp,OH,Mixed Pallet,0.0000,On Hand,28 Apr 2025
QOH,3N0028,Trendcorp,OH,Mixed Pallet,0.0000,On Hand,28 Apr 2025
QOH,3N0029,Trendcorp,OH,Mixed Pallet,0.0000,On Hand,28 Apr 2025
QOH,3N0030,Trendcorp,OH,Mixed Pallet,0.0000,On Hand,28 Apr 2025
QOH,3N0011,Trendcorp,OH,Mixed Pallet,0.0000,On Hand,28 Apr 2025
QOH,18+06+18-J,Kiki Trading,OH,18+06+18 Sierraform GT latest 06-03-2025,50.0000,On Hand,28 Apr 2025
QOH,18+06+18-K,Kiki Trading,OH,18+06+18 Sierraform GT latest 06-03-2025,50.0000,On Hand,28 Apr 2025
QOH,18+06+18-L,Kiki Trading,OH,18+06+18 Sierraform GT latest 06-03-2025,50.0000,On Hand,28 Apr 2025
QOH,18+06+18-M,Kiki Trading,OH,18+06+18 Sierraform GT latest 06-03-2025,50.0000,On Hand,28 Apr 2025
QOH,20+00+07-AB,Kiki Trading,OH,20+00+07 Proturf latest 06/03/2025,40.0000,On Hand,28 Apr 2025
QOH,20+00+07-AK,Kiki Trading,OH,20+00+07 Proturf latest 06/03/2025,40.0000,On Hand,28 Apr 2025
QOH,20+00+07-AC,Kiki Trading,OH,20+00+07 Proturf latest 06/03/2025,40.0000,On Hand,28 Apr 2025
QOH,20+00+07-AD,Kiki Trading,OH,20+00+07 Proturf latest 06/03/2025,40.0000,On Hand,28 Apr 2025
QOH,20+00+07-AE,Kiki Trading,OH,20+00+07 Proturf latest 06/03/2025,40.0000,On Hand,28 Apr 2025
QOH,20+00+07-AF,Kiki Trading,OH,20+00+07 Proturf latest 06/03/2025,40.0000,On Hand,28 Apr 2025
QOH,20+00+07-AG,Kiki Trading,OH,20+00+07 Proturf latest 06/03/2025,40.0000,On Hand,28 Apr 2025
QOH,20+00+07-AH,Kiki Trading,OH,20+00+07 Proturf latest 06/03/2025,40.0000,On Hand,28 Apr 2025
QOH,20+00+07-AI,Kiki Trading,OH,20+00+07 Proturf latest 06/03/2025,40.0000,On Hand,28 Apr 2025
QOH,20+00+07-AJ,Kiki Trading,OH,20+00+07 Proturf latest 06/03/2025,40.0000,On Hand,28 Apr 2025
QOH,P1661,NAD,OH,Mixed Pallet,1.0000,On Hand,28 Apr 2025
QOH,P1662,NAD,OH,Mixed Pallet,1.0000,On Hand,28 Apr 2025
QOH,P1663,NAD,OH,Mixed Pallet,1.0000,On Hand,28 Apr 2025
QOH,P1664,NAD,OH,Mixed Pallet,1.0000,On Hand,28 Apr 2025
QOH,P1665,NAD,OH,Mixed Pallet,1.0000,On Hand,28 Apr 2025
QOH,P1666,NAD,OH,Mixed Pallet,0.0000,On Hand,28 Apr 2025
QOH,E00001,Trendcorp,OH,Mixed Pallet,0.0000,On Hand,28 Apr 2025
QOH,E00002,Trendcorp,OH,Mixed Pallet,0.0000,On Hand,28 Apr 2025
QOH,E00003,Trendcorp,OH,Mixed Pallet,0.0000,On Hand,28 Apr 2025
QOH,E00004,Trendcorp,OH,Mixed Pallet,0.0000,On Hand,28 Apr 2025
QOH,E00005,Trendcorp,OH,Mixed Pallet,0.0000,On Hand,28 Apr 2025
QOH,E00006,Trendcorp,OH,Mixed Pallet,0.0000,On Hand,28 Apr 2025
QOH,E00007,Trendcorp,OH,Mixed Pallet,0.0000,On Hand,28 Apr 2025
QOH,E00008,Trendcorp,OH,Mixed Pallet,0.0000,On Hand,28 Apr 2025
QOH,E00009,Trendcorp,OH,Mixed Pallet,0.0000,On Hand,28 Apr 2025
QOH,E00010,Trendcorp,OH,Mixed Pallet,0.0000,On Hand,28 Apr 2025
QOH,E00011,Trendcorp,OH,Mixed Pallet,0.0000,On Hand,28 Apr 2025
QOH,E00012,Trendcorp,OH,Mixed Pallet,0.0000,On Hand,28 Apr 2025
QOH,E00013,Trendcorp,OH,Mixed Pallet,0.0000,On Hand,28 Apr 2025
QOH,E00014,Trendcorp,OH,Mixed Pallet,0.0000,On Hand,28 Apr 2025
QOH,E00015,Trendcorp,OH,Mixed Pallet,0.0000,On Hand,28 Apr 2025
QOH,E00016,Trendcorp,OH,Mixed Pallet,0.0000,On Hand,28 Apr 2025
QOH,E00017,Trendcorp,OH,Mixed Pallet,0.0000,On Hand,28 Apr 2025
QOH,E00018,Trendcorp,OH,Mixed Pallet,0.0000,On Hand,28 Apr 2025
QOH,E00019,Trendcorp,OH,Mixed Pallet,0.0000,On Hand,28 Apr 2025
QOH,E00020,Trendcorp,OH,Mixed Pallet,0.0000,On Hand,28 Apr 2025
QOH,E00021,Trendcorp,OH,Mixed Pallet,0.0000,On Hand,28 Apr 2025
QOH,E00022,Trendcorp,OH,Mixed Pallet,0.0000,On Hand,28 Apr 2025
QOH,E00023,Trendcorp,OH,Mixed Pallet,0.0000,On Hand,28 Apr 2025
QOH,E00024,Trendcorp,OH,Mixed Pallet,0.0000,On Hand,28 Apr 2025
QOH,E00025,Trendcorp,OH,Mixed Pallet,0.0000,On Hand,28 Apr 2025
QOH,E00026,Trendcorp,OH,Mixed Pallet,0.0000,On Hand,28 Apr 2025
QOH,P1686,NAD,OH,Mixed Pallet,0.0000,On Hand,28 Apr 2025
QOH,P1687,NAD,OH,Mixed Pallet,0.0000,On Hand,28 Apr 2025
QOH,P1688,NAD,OH,Mixed Pallet,0.0000,On Hand,28 Apr 2025
QOH,P1689,NAD,OH,Mixed Pallet,0.0000,On Hand,28 Apr 2025
QOH,P1690,NAD,OH,Mixed Pallet,0.0000,On Hand,28 Apr 2025
QOH,P1691,NAD,OH,Mixed Pallet,0.0000,On Hand,28 Apr 2025
QOH,P1692,NAD,OH,Mixed Pallet,0.0000,On Hand,28 Apr 2025
QOH,P1693,NAD,OH,Mixed Pallet,0.0000,On Hand,28 Apr 2025
QOH,P1694,NAD,OH,Mixed Pallet,0.0000,On Hand,28 Apr 2025
QOH,P1695,NAD,OH,Mixed Pallet,0.0000,On Hand,28 Apr 2025
QOH,P1696,NAD,OH,Mixed Pallet,0.0000,On Hand,28 Apr 2025
QOH,P1697,NAD,OH,Mixed Pallet,0.0000,On Hand,28 Apr 2025
QOH,P1698,NAD,OH,Mixed Pallet,0.0000,On Hand,28 Apr 2025
QOH,P1699,NAD,OH,Mixed Pallet,0.0000,On Hand,28 Apr 2025
QOH,P1701,NAD,OH,Mixed Pallet,0.0000,On Hand,28 Apr 2025
QOH,P1702,NAD,OH,Mixed Pallet,0.0000,On Hand,28 Apr 2025
QOH,P1703,NAD,OH,Mixed Pallet,0.0000,On Hand,28 Apr 2025
QOH,P1705,NAD,OH,Mixed Pallet,0.0000,On Hand,28 Apr 2025
QOH,P1706,NAD,OH,Mixed Pallet,0.0000,On Hand,28 Apr 2025
QOH,P1707,NAD,OH,Mixed Pallet,0.0000,On Hand,28 Apr 2025
QOH,P1700,NAD,OH,Mixed Pallet,0.0000,On Hand,28 Apr 2025
QOH,P1704,NAD,OH,Mixed Pallet,0.0000,On Hand,28 Apr 2025
QOH,T515,Trendcorp,OH,Mixed Pallet,0.0000,On Hand,28 Apr 2025
QOH,P1708,NAD,OH,Mixed Pallet,0.0000,On Hand,28 Apr 2025
QOH,P1709,NAD,OH,Mixed Pallet,1.0000,On Hand,28 Apr 2025
QOH,P1710,NAD,OH,Mixed Pallet,1.0000,On Hand,28 Apr 2025
QOH,P1711,NAD,OH,Mixed Pallet,1.0000,On Hand,28 Apr 2025
QOH,P1712,NAD,OH,Mixed Pallet,1.0000,On Hand,28 Apr 2025
QOH,P1713,NAD,OH,Mixed Pallet,1.0000,On Hand,28 Apr 2025
QOH,P1714,NAD,OH,Mixed Pallet,0.0000,On Hand,28 Apr 2025
QOH,P1715,NAD,OH,Mixed Pallet,1.0000,On Hand,28 Apr 2025
QOH,P1716,NAD,OH,Mixed Pallet,0.0000,On Hand,28 Apr 2025
QOH,P1717,NAD,OH,Mixed Pallet,0.0000,On Hand,28 Apr 2025
QOH,P1718,NAD,OH,Mixed Pallet,1.0000,On Hand,28 Apr 2025
QOH,P1719,NAD,OH,Mixed Pallet,1.0000,On Hand,28 Apr 2025
QOH,P1720,NAD,OH,Mixed Pallet,1.0000,On Hand,28 Apr 2025
QOH,P1721,NAD,OH,Mixed Pallet,1.0000,On Hand,28 Apr 2025
QOH,P1722,NAD,OH,Mixed Pallet,0.0000,On Hand,28 Apr 2025
QOH,P1723,NAD,OH,Mixed Pallet,1.0000,On Hand,28 Apr 2025
QOH,3N0031,Trendcorp,OH,Mixed Pallet,0.0000,On Hand,28 Apr 2025
QOH,3N0032,Trendcorp,OH,Mixed Pallet,0.0000,On Hand,28 Apr 2025
QOH,3N0033,Trendcorp,OH,Mixed Pallet,0.0000,On Hand,28 Apr 2025
QOH,3N0034,Trendcorp,OH,Mixed Pallet,0.0000,On Hand,28 Apr 2025
QOH,3N0035,Trendcorp,OH,Mixed Pallet,0.0000,On Hand,28 Apr 2025
QOH,3N0036,Trendcorp,OH,Mixed Pallet,0.0000,On Hand,28 Apr 2025
QOH,3N0037,Trendcorp,OH,Mixed Pallet,0.0000,On Hand,28 Apr 2025
QOH,3N0038,Trendcorp,OH,Mixed Pallet,0.0000,On Hand,28 Apr 2025
QOH,3N0039,Trendcorp,OH,Mixed Pallet,0.0000,On Hand,28 Apr 2025
QOH,3N0040,Trendcorp,OH,Mixed Pallet,0.0000,On Hand,28 Apr 2025
QOH,3N0041,Trendcorp,OH,Mixed Pallet,0.0000,On Hand,28 Apr 2025
QOH,3N0042,Trendcorp,OH,Mixed Pallet,0.0000,On Hand,28 Apr 2025
QOH,3N0043,Trendcorp,OH,Mixed Pallet,0.0000,On Hand,28 Apr 2025
QOH,3N0044,Trendcorp,OH,Mixed Pallet,0.0000,On Hand,28 Apr 2025
QOH,3N0045,Trendcorp,OH,Mixed Pallet,0.0000,On Hand,28 Apr 2025
QOH,3N0046,Trendcorp,OH,Mixed Pallet,0.0000,On Hand,28 Apr 2025
QOH,3N0047,Trendcorp,OH,Mixed Pallet,0.0000,On Hand,28 Apr 2025
QOH,3N0048,Trendcorp,OH,Mixed Pallet,0.0000,On Hand,28 Apr 2025
QOH,3N0049,Trendcorp,OH,Mixed Pallet,0.0000,On Hand,28 Apr 2025
QOH,3N0050,Trendcorp,OH,Mixed Pallet,0.0000,On Hand,28 Apr 2025
QOH,3N0051,Trendcorp,OH,Mixed Pallet,0.0000,On Hand,28 Apr 2025
QOH,P1724,NAD,OH,Mixed Pallet,1.0000,On Hand,28 Apr 2025
QOH,P1725,NAD,OH,Mixed Pallet,1.0000,On Hand,28 Apr 2025
QOH,P1727,NAD,OH,Mixed Pallet,1.0000,On Hand,28 Apr 2025
QOH,P1726,NAD,OH,Mixed Pallet,1.0000,On Hand,28 Apr 2025
QOH,P1728,NAD,OH,Mixed Pallet,1.0000,On Hand,28 Apr 2025
QOH,CACS599-N,Bambino,OH,Stylo Car Seat - Black/Sliver,0.0000,On Hand,28 Apr 2025
QOH,CACS599-O,Bambino,OH,Stylo Car Seat - Black/Sliver,0.0000,On Hand,28 Apr 2025
QOH,CACS599-P,Bambino,OH,Stylo Car Seat - Black/Sliver,0.0000,On Hand,28 Apr 2025
QOH,CACS599-Q,Bambino,OH,Stylo Car Seat - Black/Sliver,0.0000,On Hand,28 Apr 2025
QOH,CACS599-R,Bambino,OH,Stylo Car Seat - Black/Sliver,0.0000,On Hand,28 Apr 2025
QOH,P1729,NAD,OH,Mixed Pallet,0.0000,On Hand,28 Apr 2025
QOH,P1730,NAD,OH,Mixed Pallet,0.0000,On Hand,28 Apr 2025
QOH,P1731,NAD,OH,Mixed Pallet,0.0000,On Hand,28 Apr 2025
QOH,P1732,NAD,OH,Mixed Pallet,0.0000,On Hand,28 Apr 2025
QOH,P1733,NAD,OH,Mixed Pallet,0.0000,On Hand,28 Apr 2025
QOH,P1734,NAD,OH,Mixed Pallet,0.0000,On Hand,28 Apr 2025
QOH,P1735,NAD,OH,Mixed Pallet,0.0000,On Hand,28 Apr 2025
QOH,P1736,NAD,OH,Mixed Pallet,0.0000,On Hand,28 Apr 2025
QOH,P1737,NAD,OH,Mixed Pallet,0.0000,On Hand,28 Apr 2025
QOH,P1738,NAD,OH,Mixed Pallet,0.0000,On Hand,28 Apr 2025
QOH,P1739,NAD,OH,Mixed Pallet,0.0000,On Hand,28 Apr 2025
QOH,P1740,NAD,OH,Mixed Pallet,0.0000,On Hand,28 Apr 2025
QOH,P1741,NAD,OH,Mixed Pallet,0.0000,On Hand,28 Apr 2025
QOH,P1742,NAD,OH,Mixed Pallet,0.0000,On Hand,28 Apr 2025
QOH,P1743,NAD,OH,Mixed Pallet,0.0000,On Hand,28 Apr 2025
QOH,P1744,NAD,OH,Mixed Pallet,0.0000,On Hand,28 Apr 2025
QOH,P1745,NAD,OH,Mixed Pallet,0.0000,On Hand,28 Apr 2025
QOH,P1746,NAD,OH,Mixed Pallet,0.0000,On Hand,28 Apr 2025
QOH,P1747,NAD,OH,Mixed Pallet,0.0000,On Hand,28 Apr 2025
QOH,P1748,NAD,OH,Mixed Pallet,0.0000,On Hand,28 Apr 2025
QOH,3N0052,Trendcorp,OH,Mixed Pallet,1.0000,On Hand,28 Apr 2025
QOH,3N0053,Trendcorp,OH,Mixed Pallet,1.0000,On Hand,28 Apr 2025
QOH,3N0054,Trendcorp,OH,Mixed Pallet,0.0000,On Hand,28 Apr 2025
QOH,FW0025,Trendcorp,OH,Mixed Pallet,0.0000,On Hand,28 Apr 2025
QOH,FW0026,Trendcorp,OH,Mixed Pallet,0.0000,On Hand,28 Apr 2025
QOH,FW0027,Trendcorp,OH,Mixed Pallet,0.0000,On Hand,28 Apr 2025
QOH,FW0028,Trendcorp,OH,Mixed Pallet,0.0000,On Hand,28 Apr 2025
QOH,FW0029,Trendcorp,OH,Mixed Pallet,0.0000,On Hand,28 Apr 2025
QOH,FW0030,Trendcorp,OH,Mixed Pallet,0.0000,On Hand,28 Apr 2025
QOH,FW0031,Trendcorp,OH,Mixed Pallet,0.0000,On Hand,28 Apr 2025
QOH,FW0032,Trendcorp,OH,Mixed Pallet,0.0000,On Hand,28 Apr 2025
QOH,PRFB-A,KMS,OH,Pyrofil Bulk,0.0000,On Hand,28 Apr 2025
QOH,P1749,NAD,OH,Mixed Pallet,1.0000,On Hand,28 Apr 2025
QOH,P1750,NAD,OH,Mixed Pallet,1.0000,On Hand,28 Apr 2025
QOH,3743889-16,Kynor,OH,Electrical Goods,62.0000,On Hand,28 Apr 2025
QOH,CACS599-S,Bambino,OH,Stylo Black Car Seat,0.0000,On Hand,28 Apr 2025
QOH,CACS599-T,Bambino,OH,Stylo Black Car Seat,0.0000,On Hand,28 Apr 2025
QOH,CACS599-U,Bambino,OH,Stylo Black Car Seat,0.0000,On Hand,28 Apr 2025
QOH,CACS599-V,Bambino,OH,Stylo Black Car Seat,0.0000,On Hand,28 Apr 2025
QOH,CACS599-W,Bambino,OH,Stylo Black Car Seat,0.0000,On Hand,28 Apr 2025
QOH,CACS599-X,Bambino,OH,Stylo Black Car Seat,0.0000,On Hand,28 Apr 2025
QOH,CACS599-Y,Bambino,OH,Stylo Black Car Seat,0.0000,On Hand,28 Apr 2025
QOH,CACS599-Z,Bambino,OH,Stylo Black Car Seat,0.0000,On Hand,28 Apr 2025
QOH,CACS599-AA,Bambino,OH,Stylo Black Car Seat,6.0000,On Hand,28 Apr 2025
QOH,CACS599-AB,Bambino,OH,Stylo Black Car Seat,6.0000,On Hand,28 Apr 2025
QOH,CACS599-AC,Bambino,OH,Stylo Black Car Seat,6.0000,On Hand,28 Apr 2025
QOH,CACS599-AD,Bambino,OH,Stylo Black Car Seat,6.0000,On Hand,28 Apr 2025
QOH,CACS599-AE,Bambino,OH,Stylo Black Car Seat,6.0000,On Hand,28 Apr 2025
QOH,CACS599-AF,Bambino,OH,Stylo Black Car Seat,6.0000,On Hand,28 Apr 2025
QOH,CACS599-AG,Bambino,OH,Stylo Black Car Seat,6.0000,On Hand,28 Apr 2025
QOH,CACS599-AH,Bambino,OH,Stylo Black Car Seat,6.0000,On Hand,28 Apr 2025
QOH,CACS599-AI,Bambino,OH,Stylo Black Car Seat,0.0000,On Hand,28 Apr 2025
QOH,CACS599-AJ,Bambino,OH,Stylo Black Car Seat,6.0000,On Hand,28 Apr 2025
QOH,CACS599-AK,Bambino,OH,Stylo Black Car Seat,6.0000,On Hand,28 Apr 2025
QOH,CACS599-AL,Bambino,OH,Stylo Black Car Seat,0.0000,On Hand,28 Apr 2025
QOH,CACS599-AN,Bambino,OH,Stylo Black Car Seat,0.0000,On Hand,28 Apr 2025
QOH,CACS599-AM,Bambino,OH,Stylo Black Car Seat,0.0000,On Hand,28 Apr 2025
QOH,FW0033,Trendcorp,OH,Mixed Pallet,0.0000,On Hand,28 Apr 2025
QOH,FW0034,Trendcorp,OH,Mixed Pallet,0.0000,On Hand,28 Apr 2025
QOH,FW0035,Trendcorp,OH,Mixed Pallet,0.0000,On Hand,28 Apr 2025
QOH,FW0036,Trendcorp,OH,Mixed Pallet,0.0000,On Hand,28 Apr 2025
QOH,FW0037,Trendcorp,OH,Mixed Pallet,0.0000,On Hand,28 Apr 2025
QOH,FW0038,Trendcorp,OH,Mixed Pallet,0.0000,On Hand,28 Apr 2025
QOH,FW0039,Trendcorp,OH,Mixed Pallet,0.0000,On Hand,28 Apr 2025
QOH,FW0040,Trendcorp,OH,Mixed Pallet,0.0000,On Hand,28 Apr 2025
QOH,FW0041,Trendcorp,OH,Mixed Pallet,0.0000,On Hand,28 Apr 2025
QOH,FW0042,Trendcorp,OH,Mixed Pallet,0.0000,On Hand,28 Apr 2025
QOH,FW0043,Trendcorp,OH,Mixed Pallet,0.0000,On Hand,28 Apr 2025
QOH,FW0044,Trendcorp,OH,Mixed Pallet,0.0000,On Hand,28 Apr 2025
QOH,FW0045,Trendcorp,OH,Mixed Pallet,0.0000,On Hand,28 Apr 2025
QOH,FW0046,Trendcorp,OH,Mixed Pallet,0.0000,On Hand,28 Apr 2025
QOH,FW0047,Trendcorp,OH,Mixed Pallet,0.0000,On Hand,28 Apr 2025
QOH,FW0048,Trendcorp,OH,Mixed Pallet,0.0000,On Hand,28 Apr 2025
QOH,MFCFC18,Niemann,OH,FC18 Talco Fiocco,0.0000,On Hand,28 Apr 2025
QOH,MFCS128,Niemann,OH,S128 Pembroke Maloja,0.0000,On Hand,28 Apr 2025
QOH,MFCS185,Niemann,OH,S185 Quercia,0.0000,On Hand,28 Apr 2025
QOH,MFCS181,Niemann,OH,S181 Quercia,0.0000,On Hand,28 Apr 2025
QOH,944763A,Niemann,OH,FA84 Madreperiato,20.0000,On Hand,28 Apr 2025
QOH,970119B,Niemann,OH,FB49 DK Brown Leather,20.0000,On Hand,28 Apr 2025
QOH,T528,Trendcorp,OH,Mixed Pallet,0.0000,On Hand,28 Apr 2025
QOH,CACS599-AO,Bambino,OH,Stylo Car Seat - Black/Sliver,6.0000,On Hand,28 Apr 2025
QOH,CACS599-AP,Bambino,OH,Stylo Car Seat - Black/Sliver,210.0000,On Hand,28 Apr 2025
QOH,CACS599-AQ,Bambino,OH,Stylo Car Seat - Black/Sliver,0.0000,On Hand,28 Apr 2025
QOH,CACS599-AR,Bambino,OH,Stylo Car Seat - Black/Sliver,0.0000,On Hand,28 Apr 2025
QOH,CACS599-AS,Bambino,OH,Stylo Car Seat - Black/Sliver,0.0000,On Hand,28 Apr 2025
QOH,CACS599-AT,Bambino,OH,Stylo Car Seat - Black/Sliver,8.0000,On Hand,28 Apr 2025
QOH,CACS599-AU,Bambino,OH,Stylo Car Seat - Black/Sliver,0.0000,On Hand,28 Apr 2025
QOH,CACS599-AV,Bambino,OH,Stylo Car Seat - Black/Sliver,0.0000,On Hand,28 Apr 2025
QOH,CACS599-AW,Bambino,OH,Stylo Car Seat - Black/Sliver,0.0000,On Hand,28 Apr 2025
QOH,CACS599-AX,Bambino,OH,Stylo Car Seat - Black/Sliver,0.0000,On Hand,28 Apr 2025
QOH,CACS599-AY,Bambino,OH,Stylo Car Seat - Black/Sliver,0.0000,On Hand,28 Apr 2025
QOH,CACS599-AZ,Bambino,OH,Stylo Car Seat - Black/Sliver,6.0000,On Hand,28 Apr 2025
QOH,CACS599-BA,Bambino,OH,Stylo Car Seat - Black/Sliver,6.0000,On Hand,28 Apr 2025
QOH,CACS599-BB,Bambino,OH,Stylo Car Seat - Black/Sliver,6.0000,On Hand,28 Apr 2025
QOH,CACS599-BC,Bambino,OH,Stylo Car Seat - Black/Sliver,6.0000,On Hand,28 Apr 2025
QOH,CACS599-BD,Bambino,OH,Stylo Car Seat - Black/Sliver,6.0000,On Hand,28 Apr 2025
QOH,CACS599-BE,Bambino,OH,Stylo Car Seat - Black/Sliver,0.0000,On Hand,28 Apr 2025
QOH,CACS599-BF,Bambino,OH,Stylo Car Seat - Black/Sliver,8.0000,On Hand,28 Apr 2025
QOH,3N0059,Trendcorp,OH,Mixed Pallet,0.0000,On Hand,28 Apr 2025
QOH,3N0055,Trendcorp,OH,Mixed Pallet,0.0000,On Hand,28 Apr 2025
QOH,3N0060,Trendcorp,OH,Mixed Pallet,0.0000,On Hand,28 Apr 2025
QOH,3N0057,Trendcorp,OH,Mixed Pallet,0.0000,On Hand,28 Apr 2025
QOH,3N0056,Trendcorp,OH,Mixed Pallet,0.0000,On Hand,28 Apr 2025
QOH,3N0058,Trendcorp,OH,Mixed Pallet,0.0000,On Hand,28 Apr 2025
QOH,3N0061,Trendcorp,OH,Mixed Pallet,0.0000,On Hand,28 Apr 2025
QOH,3N0062,Trendcorp,OH,Mixed Pallet,0.0000,On Hand,28 Apr 2025
QOH,3N0063,Trendcorp,OH,Mixed Pallet,0.0000,On Hand,28 Apr 2025
QOH,3N0064,Trendcorp,OH,Mixed Pallet,0.0000,On Hand,28 Apr 2025
QOH,P1752,NAD,OH,Mixed Pallet,0.0000,On Hand,28 Apr 2025
QOH,P1753,NAD,OH,Mixed Pallet,0.0000,On Hand,28 Apr 2025
QOH,P1754,NAD,OH,Mixed Pallet,0.0000,On Hand,28 Apr 2025
QOH,P1755,NAD,OH,Mixed Pallet,0.0000,On Hand,28 Apr 2025
QOH,P1756,NAD,OH,Mixed Pallet,0.0000,On Hand,28 Apr 2025
QOH,P1757,NAD,OH,Mixed Pallet,0.0000,On Hand,28 Apr 2025
QOH,P1758,NAD,OH,Mixed Pallet,0.0000,On Hand,28 Apr 2025
QOH,P1759,NAD,OH,Mixed Pallet,0.0000,On Hand,28 Apr 2025
QOH,P1760,NAD,OH,Mixed Pallet,0.0000,On Hand,28 Apr 2025
QOH,P1761,NAD,OH,Mixed Pallet,0.0000,On Hand,28 Apr 2025
QOH,P1762,NAD,OH,Mixed Pallet,0.0000,On Hand,28 Apr 2025
QOH,P1763,NAD,OH,Mixed Pallet,0.0000,On Hand,28 Apr 2025
QOH,CABS400,Bambino,OH,Commuter Booster Cushion,0.0000,On Hand,28 Apr 2025
QOH,KIK104,Kiki Bags,OH,Chateu Gateux Shopper Bags,0.0000,On Hand,28 Apr 2025
QOH,D507-A,ABC Building Materials,OH,ORAC Panel,38.0000,On Hand,28 Apr 2025
QOH,L00001,Trendcorp,OH,Mixed Pallet,0.0000,On Hand,28 Apr 2025
QOH,L00002,Trendcorp,OH,Mixed Pallet,0.0000,On Hand,28 Apr 2025
QOH,L00003,Trendcorp,OH,Mixed Pallet,0.0000,On Hand,28 Apr 2025
QOH,L00004,Trendcorp,OH,Mixed Pallet,0.0000,On Hand,28 Apr 2025
QOH,L00005,Trendcorp,OH,Mixed Pallet,0.0000,On Hand,28 Apr 2025
QOH,L00006,Trendcorp,OH,Mixed Pallet,0.0000,On Hand,28 Apr 2025
QOH,L00007,Trendcorp,OH,Mixed Pallet,0.0000,On Hand,28 Apr 2025
QOH,L00008,Trendcorp,OH,Mixed Pallet,0.0000,On Hand,28 Apr 2025
QOH,L00009,Trendcorp,OH,Mixed Pallet,0.0000,On Hand,28 Apr 2025
QOH,L00010,Trendcorp,OH,Mixed Pallet,0.0000,On Hand,28 Apr 2025
QOH,L00011,Trendcorp,OH,Mixed Pallet,0.0000,On Hand,28 Apr 2025
QOH,L00012,Trendcorp,OH,Mixed Pallet,0.0000,On Hand,28 Apr 2025
QOH,L00013,Trendcorp,OH,Mixed Pallet,0.0000,On Hand,28 Apr 2025
QOH,L00014,Trendcorp,OH,Mixed Pallet,0.0000,On Hand,28 Apr 2025
QOH,FW0049,Trendcorp,OH,Mixed Pallet,0.0000,On Hand,28 Apr 2025
QOH,FW0050,Trendcorp,OH,Mixed Pallet,0.0000,On Hand,28 Apr 2025
QOH,FW0051,Trendcorp,OH,Mixed Pallet,0.0000,On Hand,28 Apr 2025
QOH,FW0052,Trendcorp,OH,Mixed Pallet,0.0000,On Hand,28 Apr 2025
QOH,FW0053,Trendcorp,OH,Mixed Pallet,0.0000,On Hand,28 Apr 2025
QOH,FW0054,Trendcorp,OH,Mixed Pallet,0.0000,On Hand,28 Apr 2025
QOH,FW0055,Trendcorp,OH,Mixed Pallet,0.0000,On Hand,28 Apr 2025
QOH,P1751,NAD,OH,Mixed Pallet,1.0000,On Hand,28 Apr 2025
QOH,CACS599-BG,Bambino,OH,Stylo Car Seat - Black/Sliver,6.0000,On Hand,28 Apr 2025
QOH,CACS599-BH,Bambino,OH,Stylo Car Seat - Black/Sliver,6.0000,On Hand,28 Apr 2025
QOH,CACS599-BI,Bambino,OH,Stylo Car Seat - Black/Sliver,0.0000,On Hand,28 Apr 2025
QOH,CACS599-BJ,Bambino,OH,Stylo Car Seat - Black/Sliver,0.0000,On Hand,28 Apr 2025
QOH,CACS599-BK,Bambino,OH,Stylo Car Seat - Black/Sliver,0.0000,On Hand,28 Apr 2025
QOH,CACS599-BL,Bambino,OH,Stylo Car Seat - Black/Sliver,68.0000,On Hand,28 Apr 2025
QOH,CACS599-BM,Bambino,OH,Stylo Car Seat - Black/Sliver,0.0000,On Hand,28 Apr 2025
QOH,CACS599-BN,Bambino,OH,Stylo Car Seat - Black/Sliver,0.0000,On Hand,28 Apr 2025
QOH,CABC400-B,Bambino,OH,Commuter Booster Cushion,0.0000,On Hand,28 Apr 2025
QOH,CABC400-C,Bambino,OH,Commuter Booster Cushion,0.0000,On Hand,28 Apr 2025
QOH,CACS599-CA,Bambino,OH,Stylo Car Seat - Black/Sliver,0.0000,On Hand,28 Apr 2025
QOH,CACS599-CB,Bambino,OH,Stylo Car Seat - Black/Sliver,0.0000,On Hand,28 Apr 2025
QOH,CACS599-CC,Bambino,OH,Stylo Car Seat - Black/Sliver,0.0000,On Hand,28 Apr 2025
QOH,CACS599-CD,Bambino,OH,Stylo Car Seat - Black/Sliver,0.0000,On Hand,28 Apr 2025
QOH,CACS599-BO,Bambino,OH,Stylo Car Seat - Black/Sliver,6.0000,On Hand,28 Apr 2025
QOH,CACS599-BP,Bambino,OH,Stylo Car Seat - Black/Sliver,6.0000,On Hand,28 Apr 2025
QOH,CACS599-BQ,Bambino,OH,Stylo Car Seat - Black/Sliver,6.0000,On Hand,28 Apr 2025
QOH,CACS599-BR,Bambino,OH,Stylo Car Seat - Black/Sliver,6.0000,On Hand,28 Apr 2025
QOH,CACS599-BS,Bambino,OH,Stylo Car Seat - Black/Sliver,6.0000,On Hand,28 Apr 2025
QOH,CACS599-BT,Bambino,OH,Stylo Car Seat - Black/Sliver,6.0000,On Hand,28 Apr 2025
QOH,CACS599-BU,Bambino,OH,Stylo Car Seat - Black/Sliver,6.0000,On Hand,28 Apr 2025
QOH,CACS599-BV,Bambino,OH,Stylo Car Seat - Black/Sliver,6.0000,On Hand,28 Apr 2025
QOH,CACS599-BW,Bambino,OH,Stylo Car Seat - Black/Sliver,6.0000,On Hand,28 Apr 2025
QOH,CACS599-BX,Bambino,OH,Stylo Car Seat - Black/Sliver,6.0000,On Hand,28 Apr 2025
QOH,CACS599-BY,Bambino,OH,Stylo Car Seat - Black/Sliver,6.0000,On Hand,28 Apr 2025
QOH,CACS599-BZ,Bambino,OH,Stylo Car Seat - Black/Sliver,4.0000,On Hand,28 Apr 2025
QOH,P1768,NAD,OH,Mixed Pallet,0.0000,On Hand,28 Apr 2025
QOH,P1769,NAD,OH,Mixed Pallet,0.0000,On Hand,28 Apr 2025
QOH,P1770,NAD,OH,Mixed Pallet,0.0000,On Hand,28 Apr 2025
QOH,P1771,NAD,OH,Mixed Pallet,0.0000,On Hand,28 Apr 2025
QOH,P1772,NAD,OH,Mixed Pallet,0.0000,On Hand,28 Apr 2025
QOH,P1773,NAD,OH,Mixed Pallet,0.0000,On Hand,28 Apr 2025
QOH,P1774,NAD,OH,Mixed Pallet,0.0000,On Hand,28 Apr 2025
QOH,P1775,NAD,OH,Mixed Pallet,0.0000,On Hand,28 Apr 2025
QOH,FW0056,Trendcorp,OH,Mixed Pallet,0.0000,On Hand,28 Apr 2025
QOH,FW0057,Trendcorp,OH,Mixed Pallet,0.0000,On Hand,28 Apr 2025
QOH,FW0058,Trendcorp,OH,Mixed Pallet,0.0000,On Hand,28 Apr 2025
QOH,FW0059,Trendcorp,OH,Mixed Pallet,0.0000,On Hand,28 Apr 2025
QOH,FW0060,Trendcorp,OH,Mixed Pallet,0.0000,On Hand,28 Apr 2025
QOH,L00015,Trendcorp,OH,Mixed Pallet,0.0000,On Hand,28 Apr 2025
QOH,L00016,Trendcorp,OH,Mixed Pallet,0.0000,On Hand,28 Apr 2025
QOH,3N0065,Trendcorp,OH,Mixed Pallet,0.0000,On Hand,28 Apr 2025
QOH,3N0066,Trendcorp,OH,Mixed Pallet,0.0000,On Hand,28 Apr 2025
QOH,FW0061,Trendcorp,OH,Mixed Pallet,0.0000,On Hand,28 Apr 2025
QOH,FW0062,Trendcorp,OH,Mixed Pallet,0.0000,On Hand,28 Apr 2025
QOH,FW0063,Trendcorp,OH,Mixed Pallet,0.0000,On Hand,28 Apr 2025
QOH,FW0064,Trendcorp,OH,Mixed Pallet,0.0000,On Hand,28 Apr 2025
QOH,FW0065,Trendcorp,OH,Mixed Pallet,0.0000,On Hand,28 Apr 2025
QOH,FW0066,Trendcorp,OH,Mixed Pallet,0.0000,On Hand,28 Apr 2025
QOH,FW0067,Trendcorp,OH,Mixed Pallet,0.0000,On Hand,28 Apr 2025
QOH,FW0068,Trendcorp,OH,Mixed Pallet,0.0000,On Hand,28 Apr 2025
QOH,FW0069,Trendcorp,OH,Mixed Pallet,0.0000,On Hand,28 Apr 2025
QOH,FW0070,Trendcorp,OH,Mixed Pallet,0.0000,On Hand,28 Apr 2025
QOH,FW0071,Trendcorp,OH,Mixed Pallet,0.0000,On Hand,28 Apr 2025
QOH,FW0072,Trendcorp,OH,Mixed Pallet,0.0000,On Hand,28 Apr 2025
QOH,FW0073,Trendcorp,OH,Mixed Pallet,0.0000,On Hand,28 Apr 2025
QOH,FW0074,Trendcorp,OH,Mixed Pallet,0.0000,On Hand,28 Apr 2025
QOH,FW0075,Trendcorp,OH,Mixed Pallet,0.0000,On Hand,28 Apr 2025
QOH,K00001,Trendcorp,OH,Mixed Pallet,0.0000,On Hand,28 Apr 2025
QOH,K00002,Trendcorp,OH,Mixed Pallet,0.0000,On Hand,28 Apr 2025
QOH,K00003,Trendcorp,OH,Mixed Pallet,0.0000,On Hand,28 Apr 2025
QOH,K00004,Trendcorp,OH,Mixed Pallet,0.0000,On Hand,28 Apr 2025
QOH,K00005,Trendcorp,OH,Mixed Pallet,0.0000,On Hand,28 Apr 2025
QOH,K00006,Trendcorp,OH,Mixed Pallet,0.0000,On Hand,28 Apr 2025
QOH,K00007,Trendcorp,OH,Mixed Pallet,0.0000,On Hand,28 Apr 2025
QOH,K00008,Trendcorp,OH,Mixed Pallet,0.0000,On Hand,28 Apr 2025
QOH,K00009,Trendcorp,OH,Mixed Pallet,0.0000,On Hand,28 Apr 2025
QOH,3N0067,Trendcorp,OH,Mixed Pallet,0.0000,On Hand,28 Apr 2025
QOH,3N0068,Trendcorp,OH,Mixed Pallet,0.0000,On Hand,28 Apr 2025
QOH,3N0069,Trendcorp,OH,Mixed Pallet,0.0000,On Hand,28 Apr 2025
QOH,3N0070,Trendcorp,OH,Mixed Pallet,0.0000,On Hand,28 Apr 2025
QOH,3N0071,Trendcorp,OH,Mixed Pallet,1.0000,On Hand,28 Apr 2025
QOH,FW0076,Trendcorp,OH,Mixed Pallet,0.0000,On Hand,28 Apr 2025
QOH,FW0077,Trendcorp,OH,Mixed Pallet,0.0000,On Hand,28 Apr 2025
QOH,FW0078,Trendcorp,OH,Mixed Pallet,0.0000,On Hand,28 Apr 2025
QOH,FW0079,Trendcorp,OH,Mixed Pallet,0.0000,On Hand,28 Apr 2025
QOH,FW0080,Trendcorp,OH,Mixed Pallet,0.0000,On Hand,28 Apr 2025
QOH,FW0081,Trendcorp,OH,Mixed Pallet,0.0000,On Hand,28 Apr 2025
QOH,FW0082,Trendcorp,OH,Mixed Pallet,0.0000,On Hand,28 Apr 2025
QOH,FW0083,Trendcorp,OH,Mixed Pallet,0.0000,On Hand,28 Apr 2025
QOH,FW0084,Trendcorp,OH,Mixed Pallet,0.0000,On Hand,28 Apr 2025
QOH,FW0085,Trendcorp,OH,Mixed Pallet,0.0000,On Hand,28 Apr 2025
QOH,FW0086,Trendcorp,OH,Mixed Pallet,0.0000,On Hand,28 Apr 2025
QOH,FW0087,Trendcorp,OH,Mixed Pallet,0.0000,On Hand,28 Apr 2025
QOH,FW0088,Trendcorp,OH,Mixed Pallet,0.0000,On Hand,28 Apr 2025
QOH,FW0089,Trendcorp,OH,Mixed Pallet,0.0000,On Hand,28 Apr 2025
QOH,FW0090,Trendcorp,OH,Mixed Pallet,0.0000,On Hand,28 Apr 2025
QOH,FW0091,Trendcorp,OH,Mixed Pallet,0.0000,On Hand,28 Apr 2025
QOH,FW0092,Trendcorp,OH,Mixed Pallet,0.0000,On Hand,28 Apr 2025
QOH,P1764,NAD,OH,Mixed Pallet,1.0000,On Hand,28 Apr 2025
QOH,P1765,NAD,OH,Mixed Pallet,1.0000,On Hand,28 Apr 2025
QOH,P1766,NAD,OH,Mixed Pallet,1.0000,On Hand,28 Apr 2025
QOH,P1767,NAD,OH,Mixed Pallet,1.0000,On Hand,28 Apr 2025
QOH,P1776,NAD,OH,Mixed Pallet,0.0000,On Hand,28 Apr 2025
QOH,P1777,NAD,OH,Mixed Pallet,0.0000,On Hand,28 Apr 2025
QOH,P1778,NAD,OH,Mixed Pallet,1.0000,On Hand,28 Apr 2025
QOH,P1779,NAD,OH,Mixed Pallet,1.0000,On Hand,28 Apr 2025
QOH,P1780,NAD,OH,Mixed Pallet,1.0000,On Hand,28 Apr 2025
QOH,P1781,NAD,OH,Mixed Pallet,1.0000,On Hand,28 Apr 2025
QOH,P1782,NAD,OH,Mixed Pallet,1.0000,On Hand,28 Apr 2025
QOH,P1783,NAD,OH,Mixed Pallet,1.0000,On Hand,28 Apr 2025
QOH,P1784,NAD,OH,Mixed Pallet,1.0000,On Hand,28 Apr 2025
QOH,P1785,NAD,OH,Mixed Pallet,0.0000,On Hand,28 Apr 2025
QOH,P1786,NAD,OH,Mixed Pallet,1.0000,On Hand,28 Apr 2025
QOH,P1787,NAD,OH,Mixed Pallet,1.0000,On Hand,28 Apr 2025
QOH,P1788,NAD,OH,Mixed Pallet,1.0000,On Hand,28 Apr 2025
QOH,P1789,NAD,OH,Mixed Pallet,1.0000,On Hand,28 Apr 2025
QOH,P1790,NAD,OH,Mixed Pallet,1.0000,On Hand,28 Apr 2025
QOH,P1791,NAD,OH,Mixed Pallet,1.0000,On Hand,28 Apr 2025
QOH,P1792,NAD,OH,Mixed Pallet,0.0000,On Hand,28 Apr 2025
QOH,P1793,NAD,OH,Mixed Pallet,0.0000,On Hand,28 Apr 2025
QOH,P1794,NAD,OH,Mixed Pallet,0.0000,On Hand,28 Apr 2025
QOH,P1795,NAD,OH,Mixed Pallet,0.0000,On Hand,28 Apr 2025
QOH,P1796,NAD,OH,Mixed Pallet,0.0000,On Hand,28 Apr 2025
QOH,P1797,NAD,OH,Mixed Pallet,1.0000,On Hand,28 Apr 2025
QOH,K00029,Trendcorp,OH,Mixed Pallet,0.0000,On Hand,28 Apr 2025
QOH,K00025,Trendcorp,OH,Mixed Pallet,0.0000,On Hand,28 Apr 2025
QOH,K00026,Trendcorp,OH,Mixed Pallet,0.0000,On Hand,28 Apr 2025
QOH,K00022,Trendcorp,OH,Mixed Pallet,0.0000,On Hand,28 Apr 2025
QOH,K00027,Trendcorp,OH,Mixed Pallet,0.0000,On Hand,28 Apr 2025
QOH,K00028,Trendcorp,OH,Mixed Pallet,0.0000,On Hand,28 Apr 2025
QOH,K00012,Trendcorp,OH,Mixed Pallet,0.0000,On Hand,28 Apr 2025
QOH,K00011,Trendcorp,OH,Mixed Pallet,0.0000,On Hand,28 Apr 2025
QOH,K00010,Trendcorp,OH,Mixed Pallet,0.0000,On Hand,28 Apr 2025
QOH,K00024,Trendcorp,OH,Mixed Pallet,0.0000,On Hand,28 Apr 2025
QOH,K00023,Trendcorp,OH,Mixed Pallet,0.0000,On Hand,28 Apr 2025
QOH,K00021,Trendcorp,OH,Mixed Pallet,0.0000,On Hand,28 Apr 2025
QOH,K00020,Trendcorp,OH,Mixed Pallet,0.0000,On Hand,28 Apr 2025
QOH,K00019,Trendcorp,OH,Mixed Pallet,0.0000,On Hand,28 Apr 2025
QOH,K00014,Trendcorp,OH,Mixed Pallet,0.0000,On Hand,28 Apr 2025
QOH,K00016,Trendcorp,OH,Mixed Pallet,0.0000,On Hand,28 Apr 2025
QOH,K00013,Trendcorp,OH,Mixed Pallet,0.0000,On Hand,28 Apr 2025
QOH,K00015,Trendcorp,OH,Mixed Pallet,0.0000,On Hand,28 Apr 2025
QOH,K00017,Trendcorp,OH,Mixed Pallet,0.0000,On Hand,28 Apr 2025
QOH,K00018,Trendcorp,OH,Mixed Pallet,0.0000,On Hand,28 Apr 2025
QOH,TU0001,Trendcorp,OH,Mixed Pallet,0.0000,On Hand,28 Apr 2025
QOH,TU0003,Trendcorp,OH,Mixed Pallet,0.0000,On Hand,28 Apr 2025
QOH,TU0002,Trendcorp,OH,Mixed Pallet,0.0000,On Hand,28 Apr 2025
QOH,TU0004,Trendcorp,OH,Mixed Pallet,0.0000,On Hand,28 Apr 2025
QOH,TU0005,Trendcorp,OH,Mixed Pallet,0.0000,On Hand,28 Apr 2025
QOH,TU0006,Trendcorp,OH,Mixed Pallet,0.0000,On Hand,28 Apr 2025
QOH,TU0007,Trendcorp,OH,Mixed Pallet,0.0000,On Hand,28 Apr 2025
QOH,TU0008,Trendcorp,OH,Mixed Pallet,0.0000,On Hand,28 Apr 2025
QOH,TU0015,Trendcorp,OH,Mixed Pallet,0.0000,On Hand,28 Apr 2025
QOH,TU0009,Trendcorp,OH,Mixed Pallet,0.0000,On Hand,28 Apr 2025
QOH,TU0010,Trendcorp,OH,Mixed Pallet,0.0000,On Hand,28 Apr 2025
QOH,TU0014,Trendcorp,OH,Mixed Pallet,0.0000,On Hand,28 Apr 2025
QOH,TU0011,Trendcorp,OH,Mixed Pallet,0.0000,On Hand,28 Apr 2025
QOH,TU0013,Trendcorp,OH,Mixed Pallet,0.0000,On Hand,28 Apr 2025
QOH,TU0012,Trendcorp,OH,Mixed Pallet,0.0000,On Hand,28 Apr 2025
QOH,FW0100,Trendcorp,OH,Mixed Pallet,0.0000,On Hand,28 Apr 2025
QOH,FW0099,Trendcorp,OH,Mixed Pallet,0.0000,On Hand,28 Apr 2025
QOH,FW0097,Trendcorp,OH,Mixed Pallet,0.0000,On Hand,28 Apr 2025
QOH,FW0098,Trendcorp,OH,Mixed Pallet,0.0000,On Hand,28 Apr 2025
QOH,FW0093,Trendcorp,OH,Mixed Pallet,0.0000,On Hand,28 Apr 2025
QOH,FW0094,Trendcorp,OH,Mixed Pallet,0.0000,On Hand,28 Apr 2025
QOH,FW0095,Trendcorp,OH,Mixed Pallet,0.0000,On Hand,28 Apr 2025
QOH,FW0096,Trendcorp,OH,Mixed Pallet,0.0000,On Hand,28 Apr 2025
QOH,3N0072,Trendcorp,OH,Mixed Pallet,0.0000,On Hand,28 Apr 2025
QOH,CC0001,Trendcorp,OH,Mixed Pallet,0.0000,On Hand,28 Apr 2025
QOH,CC0003,Trendcorp,OH,Mixed Pallet,0.0000,On Hand,28 Apr 2025
QOH,CC0002,Trendcorp,OH,Mixed Pallet,0.0000,On Hand,28 Apr 2025
QOH,CC0007,Trendcorp,OH,Mixed Pallet,0.0000,On Hand,28 Apr 2025
QOH,CC0004,Trendcorp,OH,Mixed Pallet,0.0000,On Hand,28 Apr 2025
QOH,CC0005,Trendcorp,OH,Mixed Pallet,0.0000,On Hand,28 Apr 2025
QOH,CC0006,Trendcorp,OH,Mixed Pallet,0.0000,On Hand,28 Apr 2025
QOH,CC0008,Trendcorp,OH,Mixed Pallet,0.0000,On Hand,28 Apr 2025
QOH,3N0073,Trendcorp,OH,Mixed Pallet,0.0000,On Hand,28 Apr 2025
QOH,3N0074,Trendcorp,OH,Mixed Pallet,0.0000,On Hand,28 Apr 2025
QOH,3N0075,Trendcorp,OH,Mixed Pallet,0.0000,On Hand,28 Apr 2025
QOH,3N0076,Trendcorp,OH,Mixed Pallet,0.0000,On Hand,28 Apr 2025
QOH,3N0077,Trendcorp,OH,Mixed Pallet,0.0000,On Hand,28 Apr 2025
QOH,3N0079,Trendcorp,OH,Mixed Pallet,0.0000,On Hand,28 Apr 2025
QOH,3N0078,Trendcorp,OH,Mixed Pallet,1.0000,On Hand,28 Apr 2025
QOH,3N0080,Trendcorp,OH,Mixed Pallet,0.0000,On Hand,28 Apr 2025
QOH,3N0081,Trendcorp,OH,Mixed Pallet,0.0000,On Hand,28 Apr 2025
QOH,3N0082,Trendcorp,OH,Mixed Pallet,0.0000,On Hand,28 Apr 2025
QOH,3N0083,Trendcorp,OH,Mixed Pallet,0.0000,On Hand,28 Apr 2025
QOH,3N0084,Trendcorp,OH,Mixed Pallet,0.0000,On Hand,28 Apr 2025
QOH,3N0085,Trendcorp,OH,Mixed Pallet,0.0000,On Hand,28 Apr 2025
QOH,3N0087,Trendcorp,OH,Mixed Pallet,0.0000,On Hand,28 Apr 2025
QOH,3N0086,Trendcorp,OH,Mixed Pallet,0.0000,On Hand,28 Apr 2025
QOH,3N0088,Trendcorp,OH,Mixed Pallet,0.0000,On Hand,28 Apr 2025
QOH,3N0089,Trendcorp,OH,Mixed Pallet,0.0000,On Hand,28 Apr 2025
QOH,3N0094,Trendcorp,OH,Mixed Pallet,0.0000,On Hand,28 Apr 2025
QOH,3N0093,Trendcorp,OH,Mixed Pallet,0.0000,On Hand,28 Apr 2025
QOH,3N0092,Trendcorp,OH,Mixed Pallet,0.0000,On Hand,28 Apr 2025
QOH,3N0091,Trendcorp,OH,Mixed Pallet,0.0000,On Hand,28 Apr 2025
QOH,3N0090,Trendcorp,OH,Mixed Pallet,0.0000,On Hand,28 Apr 2025
QOH,3N0097,Trendcorp,OH,Mixed Pallet,1.0000,On Hand,28 Apr 2025
QOH,3N0096,Trendcorp,OH,Mixed Pallet,0.0000,On Hand,28 Apr 2025
QOH,3N0095,Trendcorp,OH,Mixed Pallet,0.0000,On Hand,28 Apr 2025
QOH,3N0098,Trendcorp,OH,Mixed Pallet,0.0000,On Hand,28 Apr 2025
QOH,3N0099,Trendcorp,OH,Mixed Pallet,0.0000,On Hand,28 Apr 2025
QOH,3N0100,Trendcorp,OH,Mixed Pallet,1.0000,On Hand,28 Apr 2025
QOH,L00017,Trendcorp,OH,Mixed Pallet,0.0000,On Hand,28 Apr 2025
QOH,L00019,Trendcorp,OH,Mixed Pallet,0.0000,On Hand,28 Apr 2025
QOH,L00018,Trendcorp,OH,Mixed Pallet,0.0000,On Hand,28 Apr 2025
QOH,CABS400-C,Bambino,OH,Commuter Booster Cushion,0.0000,On Hand,28 Apr 2025
QOH,FW0101,Trendcorp,OH,Mixed Pallet,0.0000,On Hand,28 Apr 2025
QOH,FW0102,Trendcorp,OH,Mixed Pallet,0.0000,On Hand,28 Apr 2025
QOH,FW0103,Trendcorp,OH,Mixed Pallet,0.0000,On Hand,28 Apr 2025
QOH,FW0104,Trendcorp,OH,Mixed Pallet,0.0000,On Hand,28 Apr 2025
QOH,FW0105,Trendcorp,OH,Mixed Pallet,0.0000,On Hand,28 Apr 2025
QOH,FW0106,Trendcorp,OH,Mixed Pallet,0.0000,On Hand,28 Apr 2025
QOH,FW0107,Trendcorp,OH,Mixed Pallet,0.0000,On Hand,28 Apr 2025
QOH,FW0108,Trendcorp,OH,Mixed Pallet,0.0000,On Hand,28 Apr 2025
QOH,FW0109,Trendcorp,OH,Mixed Pallet,0.0000,On Hand,28 Apr 2025
QOH,FW0110,Trendcorp,OH,Mixed Pallet,0.0000,On Hand,28 Apr 2025
QOH,FW0111,Trendcorp,OH,Mixed Pallet,0.0000,On Hand,28 Apr 2025
QOH,FW0112,Trendcorp,OH,Mixed Pallet,0.0000,On Hand,28 Apr 2025
QOH,FW0113,Trendcorp,OH,Mixed Pallet,0.0000,On Hand,28 Apr 2025
QOH,FW0114,Trendcorp,OH,Mixed Pallet,0.0000,On Hand,28 Apr 2025
QOH,FW0115,Trendcorp,OH,Mixed Pallet,0.0000,On Hand,28 Apr 2025
QOH,FW0116,Trendcorp,OH,Mixed Pallet,0.0000,On Hand,28 Apr 2025
QOH,FW0117,Trendcorp,OH,Mixed Pallet,0.0000,On Hand,28 Apr 2025
QOH,FW0118,Trendcorp,OH,Mixed Pallet,0.0000,On Hand,28 Apr 2025
QOH,FW0119,Trendcorp,OH,Mixed Pallet,0.0000,On Hand,28 Apr 2025
QOH,FW0120,Trendcorp,OH,Mixed Pallet,0.0000,On Hand,28 Apr 2025
QOH,FW0121,Trendcorp,OH,Mixed Pallet,0.0000,On Hand,28 Apr 2025
QOH,FW0122,Trendcorp,OH,Mixed Pallet,0.0000,On Hand,28 Apr 2025
QOH,FW0123,Trendcorp,OH,Mixed Pallet,0.0000,On Hand,28 Apr 2025
QOH,FW0124,Trendcorp,OH,Mixed Pallet,0.0000,On Hand,28 Apr 2025
QOH,FW0125,Trendcorp,OH,Mixed Pallet,0.0000,On Hand,28 Apr 2025
QOH,FW0126,Trendcorp,OH,Mixed Pallet,0.0000,On Hand,28 Apr 2025
QOH,FW0127,Trendcorp,OH,Mixed Pallet,0.0000,On Hand,28 Apr 2025
QOH,FW0128,Trendcorp,OH,Mixed Pallet,0.0000,On Hand,28 Apr 2025
QOH,FW0129,Trendcorp,OH,Mixed Pallet,0.0000,On Hand,28 Apr 2025
QOH,FW0130,Trendcorp,OH,Mixed Pallet,0.0000,On Hand,28 Apr 2025
QOH,FW0131,Trendcorp,OH,Mixed Pallet,0.0000,On Hand,28 Apr 2025
QOH,FW0132,Trendcorp,OH,Mixed Pallet,0.0000,On Hand,28 Apr 2025
QOH,P1799,NAD,OH,Mixed Pallet,0.0000,On Hand,28 Apr 2025
QOH,P1800,NAD,OH,Mixed Pallet,0.0000,On Hand,28 Apr 2025
QOH,P1801,NAD,OH,Mixed Pallet,0.0000,On Hand,28 Apr 2025
QOH,P1802,NAD,OH,Mixed Pallet,1.0000,On Hand,28 Apr 2025
QOH,P1803,NAD,OH,Mixed Pallet,1.0000,On Hand,28 Apr 2025
QOH,P1804,NAD,OH,Mixed Pallet,1.0000,On Hand,28 Apr 2025
QOH,P1805,NAD,OH,Mixed Pallet,1.0000,On Hand,28 Apr 2025
QOH,P1806,NAD,OH,Mixed Pallet,1.0000,On Hand,28 Apr 2025
QOH,E00027,Trendcorp,OH,Mixed Pallet,0.0000,On Hand,28 Apr 2025
QOH,E00028,Trendcorp,OH,Mixed Pallet,0.0000,On Hand,28 Apr 2025
QOH,E00029,Trendcorp,OH,Mixed Pallet,0.0000,On Hand,28 Apr 2025
QOH,E00030,Trendcorp,OH,Mixed Pallet,0.0000,On Hand,28 Apr 2025
QOH,E00031,Trendcorp,OH,Mixed Pallet,0.0000,On Hand,28 Apr 2025
QOH,E00032,Trendcorp,OH,Mixed Pallet,0.0000,On Hand,28 Apr 2025
QOH,E00033,Trendcorp,OH,Mixed Pallet,0.0000,On Hand,28 Apr 2025
QOH,E00034,Trendcorp,OH,Mixed Pallet,0.0000,On Hand,28 Apr 2025
QOH,E00035,Trendcorp,OH,Mixed Pallet,0.0000,On Hand,28 Apr 2025
QOH,E00036,Trendcorp,OH,Mixed Pallet,0.0000,On Hand,28 Apr 2025
QOH,E00037,Trendcorp,OH,Mixed Pallet,0.0000,On Hand,28 Apr 2025
QOH,E00038,Trendcorp,OH,Mixed Pallet,0.0000,On Hand,28 Apr 2025
QOH,E00039,Trendcorp,OH,Mixed Pallet,0.0000,On Hand,28 Apr 2025
QOH,E00040,Trendcorp,OH,Mixed Pallet,0.0000,On Hand,28 Apr 2025
QOH,E00041,Trendcorp,OH,Mixed Pallet,0.0000,On Hand,28 Apr 2025
QOH,E00042,Trendcorp,OH,Mixed Pallet,0.0000,On Hand,28 Apr 2025
QOH,E00043,Trendcorp,OH,Mixed Pallet,0.0000,On Hand,28 Apr 2025
QOH,E00044,Trendcorp,OH,Mixed Pallet,0.0000,On Hand,28 Apr 2025
QOH,E00045,Trendcorp,OH,Mixed Pallet,0.0000,On Hand,28 Apr 2025
QOH,E00046,Trendcorp,OH,Mixed Pallet,0.0000,On Hand,28 Apr 2025
QOH,E00047,Trendcorp,OH,Mixed Pallet,0.0000,On Hand,28 Apr 2025
QOH,E00048,Trendcorp,OH,Mixed Pallet,0.0000,On Hand,28 Apr 2025
QOH,E00049,Trendcorp,OH,Mixed Pallet,0.0000,On Hand,28 Apr 2025
QOH,E00050,Trendcorp,OH,Mixed Pallet,0.0000,On Hand,28 Apr 2025
QOH,E00051,Trendcorp,OH,Mixed Pallet,0.0000,On Hand,28 Apr 2025
QOH,TCW001,Trendcorp,OH,Mixed Pallet,0.0000,On Hand,28 Apr 2025
QOH,TCW002,Trendcorp,OH,Mixed Pallet,0.0000,On Hand,28 Apr 2025
QOH,TCW003,Trendcorp,OH,Mixed Pallet,0.0000,On Hand,28 Apr 2025
QOH,TCW004,Trendcorp,OH,Mixed Pallet,0.0000,On Hand,28 Apr 2025
QOH,TCW005,Trendcorp,OH,Mixed Pallet,0.0000,On Hand,28 Apr 2025
QOH,TCW006,Trendcorp,OH,Mixed Pallet,0.0000,On Hand,28 Apr 2025
QOH,P1807,NAD,OH,Mixed Pallet,1.0000,On Hand,28 Apr 2025
QOH,P1808,NAD,OH,Mixed Pallet,1.0000,On Hand,28 Apr 2025
QOH,P1809,NAD,OH,Mixed Pallet,1.0000,On Hand,28 Apr 2025
QOH,P1810,NAD,OH,Mixed Pallet,1.0000,On Hand,28 Apr 2025
QOH,P1811,NAD,OH,Mixed Pallet,1.0000,On Hand,28 Apr 2025
QOH,P1812,NAD,OH,Mixed Pallet,1.0000,On Hand,28 Apr 2025
QOH,P1813,NAD,OH,Mixed Pallet,1.0000,On Hand,28 Apr 2025
QOH,P1814,NAD,OH,Mixed Pallet,1.0000,On Hand,28 Apr 2025
QOH,P1815,NAD,OH,Mixed Pallet,1.0000,On Hand,28 Apr 2025
QOH,P1816,NAD,OH,Mixed Pallet,1.0000,On Hand,28 Apr 2025
QOH,P1817,NAD,OH,Mixed Pallet,0.0000,On Hand,28 Apr 2025
QOH,P1818,NAD,OH,Mixed Pallet,0.0000,On Hand,28 Apr 2025
QOH,P1819,NAD,OH,Mixed Pallet,0.0000,On Hand,28 Apr 2025
QOH,P1820,NAD,OH,Mixed Pallet,1.0000,On Hand,28 Apr 2025
QOH,P1821,NAD,OH,Mixed Pallet,1.0000,On Hand,28 Apr 2025
QOH,P1822,NAD,OH,Mixed Pallet,1.0000,On Hand,28 Apr 2025
QOH,P1823,NAD,OH,Mixed Pallet,1.0000,On Hand,28 Apr 2025
QOH,P1824,NAD,OH,Mixed Pallet,1.0000,On Hand,28 Apr 2025
QOH,P1826,NAD,OH,Mixed Pallet,1.0000,On Hand,28 Apr 2025
QOH,P1827,NAD,OH,Mixed Pallet,1.0000,On Hand,28 Apr 2025
QOH,P1828,NAD,OH,Mixed Pallet,1.0000,On Hand,28 Apr 2025
QOH,P1829,NAD,OH,Mixed Pallet,1.0000,On Hand,28 Apr 2025
QOH,P1830,NAD,OH,Mixed Pallet,1.0000,On Hand,28 Apr 2025
QOH,P1832,NAD,OH,Mixed Pallet,1.0000,On Hand,28 Apr 2025
QOH,P1833,NAD,OH,Mixed Pallet,1.0000,On Hand,28 Apr 2025
QOH,P1825,NAD,OH,Mixed Pallet,1.0000,On Hand,28 Apr 2025
QOH,P1834,NAD,OH,Mixed Pallet,0.0000,On Hand,28 Apr 2025
QOH,P1835,NAD,OH,Mixed Pallet,0.0000,On Hand,28 Apr 2025
QOH,P1836,NAD,OH,Mixed Pallet,0.0000,On Hand,28 Apr 2025
QOH,P1837,NAD,OH,Mixed Pallet,0.0000,On Hand,28 Apr 2025
QOH,P1838,NAD,OH,Mixed Pallet,0.0000,On Hand,28 Apr 2025
QOH,P1839,NAD,OH,Mixed Pallet,0.0000,On Hand,28 Apr 2025
QOH,P1840,NAD,OH,Mixed Pallet,0.0000,On Hand,28 Apr 2025
QOH,P1841,NAD,OH,Mixed Pallet,0.0000,On Hand,28 Apr 2025
QOH,P1842,NAD,OH,Mixed Pallet,0.0000,On Hand,28 Apr 2025
QOH,P1658,NAD,OH,Mixed Pallet,0.0000,On Hand,28 Apr 2025
QOH,P1846,NAD,OH,Mixed Pallet,0.0000,On Hand,28 Apr 2025
QOH,P1847,NAD,OH,Mixed Pallet,0.0000,On Hand,28 Apr 2025
QOH,P1848,NAD,OH,Mixed Pallet,0.0000,On Hand,28 Apr 2025
QOH,P1849,NAD,OH,Mixed Pallet,0.0000,On Hand,28 Apr 2025
QOH,P1852,NAD,OH,Mixed Pallet,0.0000,On Hand,28 Apr 2025
QOH,P1853,NAD,OH,Mixed Pallet,0.0000,On Hand,28 Apr 2025
QOH,P1855,NAD,OH,Mixed Pallet,0.0000,On Hand,28 Apr 2025
QOH,P1856,NAD,OH,Mixed Pallet,0.0000,On Hand,28 Apr 2025
QOH,P1845,NAD,OH,Mixed Pallet,0.0000,On Hand,28 Apr 2025
QOH,P1850,NAD,OH,Mixed Pallet,0.0000,On Hand,28 Apr 2025
QOH,P1851,NAD,OH,Mixed Pallet,0.0000,On Hand,28 Apr 2025
QOH,P1857,NAD,OH,Mixed Pallet,0.0000,On Hand,28 Apr 2025
QOH,P1843,NAD,OH,Mixed Pallet,0.0000,On Hand,28 Apr 2025
QOH,P1844,NAD,OH,Mixed Pallet,0.0000,On Hand,28 Apr 2025
QOH,P1854,NAD,OH,Mixed Pallet,0.0000,On Hand,28 Apr 2025
QOH,E00082,Trendcorp,OH,Mixed Pallet,0.0000,On Hand,28 Apr 2025
QOH,E00086,Trendcorp,OH,Mixed Pallet,0.0000,On Hand,28 Apr 2025
QOH,E00081,Trendcorp,OH,Mixed Pallet,0.0000,On Hand,28 Apr 2025
QOH,E00085,Trendcorp,OH,Mixed Pallet,0.0000,On Hand,28 Apr 2025
QOH,E00087,Trendcorp,OH,Mixed Pallet,0.0000,On Hand,28 Apr 2025
QOH,E00088,Trendcorp,OH,Mixed Pallet,0.0000,On Hand,28 Apr 2025
QOH,E00089,Trendcorp,OH,Mixed Pallet,0.0000,On Hand,28 Apr 2025
QOH,E00090,Trendcorp,OH,Mixed Pallet,0.0000,On Hand,28 Apr 2025
QOH,E00078,Trendcorp,OH,Mixed Pallet,0.0000,On Hand,28 Apr 2025
QOH,E00091,Trendcorp,OH,Mixed Pallet,0.0000,On Hand,28 Apr 2025
QOH,E00079,Trendcorp,OH,Mixed Pallet,0.0000,On Hand,28 Apr 2025
QOH,E00092,Trendcorp,OH,Mixed Pallet,0.0000,On Hand,28 Apr 2025
QOH,E00080,Trendcorp,OH,Mixed Pallet,0.0000,On Hand,28 Apr 2025
QOH,E00083,Trendcorp,OH,Mixed Pallet,0.0000,On Hand,28 Apr 2025
QOH,E00056,Trendcorp,OH,Mixed Pallet,0.0000,On Hand,28 Apr 2025
QOH,E00057,Trendcorp,OH,Mixed Pallet,0.0000,On Hand,28 Apr 2025
QOH,E00076,Trendcorp,OH,Mixed Pallet,0.0000,On Hand,28 Apr 2025
QOH,E00077,Trendcorp,OH,Mixed Pallet,0.0000,On Hand,28 Apr 2025
QOH,E00052,Trendcorp,OH,Mixed Pallet,0.0000,On Hand,28 Apr 2025
QOH,E00053,Trendcorp,OH,Mixed Pallet,0.0000,On Hand,28 Apr 2025
QOH,E00054,Trendcorp,OH,Mixed Pallet,0.0000,On Hand,28 Apr 2025
QOH,E00055,Trendcorp,OH,Mixed Pallet,0.0000,On Hand,28 Apr 2025
QOH,E00093,Trendcorp,OH,Mixed Pallet,0.0000,On Hand,28 Apr 2025
QOH,E00094,Trendcorp,OH,Mixed Pallet,0.0000,On Hand,28 Apr 2025
QOH,E00095,Trendcorp,OH,Mixed Pallet,0.0000,On Hand,28 Apr 2025
QOH,TCW007,Trendcorp,OH,Mixed Pallet,0.0000,On Hand,28 Apr 2025
QOH,FW0133,Trendcorp,OH,Mixed Pallet,0.0000,On Hand,28 Apr 2025
QOH,FW0134,Trendcorp,OH,Mixed Pallet,0.0000,On Hand,28 Apr 2025
QOH,P1798,NAD,OH,Mixed Pallet,1.0000,On Hand,28 Apr 2025
QOH,FW0141,Trendcorp,OH,Mixed Pallet,0.0000,On Hand,28 Apr 2025
QOH,FW0142,Trendcorp,OH,Mixed Pallet,0.0000,On Hand,28 Apr 2025
QOH,FW0143,Trendcorp,OH,Mixed Pallet,0.0000,On Hand,28 Apr 2025
QOH,FW0144,Trendcorp,OH,Mixed Pallet,0.0000,On Hand,28 Apr 2025
QOH,FW0145,Trendcorp,OH,Mixed Pallet,0.0000,On Hand,28 Apr 2025
QOH,FW0146,Trendcorp,OH,Mixed Pallet,0.0000,On Hand,28 Apr 2025
QOH,FW0147,Trendcorp,OH,Mixed Pallet,0.0000,On Hand,28 Apr 2025
QOH,FW0148,Trendcorp,OH,Mixed Pallet,0.0000,On Hand,28 Apr 2025
QOH,P1870,NAD,OH,Mixed Pallet,1.0000,On Hand,28 Apr 2025
QOH,P1871,NAD,OH,Mixed Pallet,1.0000,On Hand,28 Apr 2025
QOH,P1873,NAD,OH,Mixed Pallet,1.0000,On Hand,28 Apr 2025
QOH,P1866,NAD,OH,Mixed Pallet,1.0000,On Hand,28 Apr 2025
QOH,P1864,NAD,OH,Mixed Pallet,1.0000,On Hand,28 Apr 2025
QOH,P1861,NAD,OH,Mixed Pallet,1.0000,On Hand,28 Apr 2025
QOH,P1862,NAD,OH,Mixed Pallet,1.0000,On Hand,28 Apr 2025
QOH,P1860,NAD,OH,Mixed Pallet,1.0000,On Hand,28 Apr 2025
QOH,P1863,NAD,OH,Mixed Pallet,1.0000,On Hand,28 Apr 2025
QOH,P1865,NAD,OH,Mixed Pallet,1.0000,On Hand,28 Apr 2025
QOH,P1868,NAD,OH,Mixed Pallet,1.0000,On Hand,28 Apr 2025
QOH,P1867,NAD,OH,Mixed Pallet,1.0000,On Hand,28 Apr 2025
QOH,P1872,NAD,OH,Mixed Pallet,1.0000,On Hand,28 Apr 2025
QOH,P1869,NAD,OH,Mixed Pallet,1.0000,On Hand,28 Apr 2025
QOH,E00096,Trendcorp,OH,Mixed Pallet,0.0000,On Hand,28 Apr 2025
QOH,E00097,Trendcorp,OH,Mixed Pallet,0.0000,On Hand,28 Apr 2025
QOH,E00098,Trendcorp,OH,Mixed Pallet,0.0000,On Hand,28 Apr 2025
QOH,P1858,NAD,OH,Mixed Pallet,1.0000,On Hand,28 Apr 2025
QOH,P1859,NAD,OH,Mixed Pallet,1.0000,On Hand,28 Apr 2025
QOH,P1874,NAD,OH,Mixed Pallet,1.0000,On Hand,28 Apr 2025
QOH,CACS604-Q,Bambino,OH,I Rotate 360 Graphite,12.0000,On Hand,28 Apr 2025
QOH,CACS604-R,Bambino,OH,I Rotate 360 Graphite,12.0000,On Hand,28 Apr 2025
QOH,CACS604-S,Bambino,OH,I Rotate 360 Graphite,12.0000,On Hand,28 Apr 2025
QOH,CACS604-T,Bambino,OH,I Rotate 360 Graphite,12.0000,On Hand,28 Apr 2025
QOH,CACS604-U,Bambino,OH,I Rotate 360 Graphite,12.0000,On Hand,28 Apr 2025
QOH,CACS604-V,Bambino,OH,I Rotate 360 Graphite,12.0000,On Hand,28 Apr 2025
QOH,CACS604-W,Bambino,OH,I Rotate 360 Graphite,12.0000,On Hand,28 Apr 2025
QOH,CACS604-X,Bambino,OH,I Rotate 360 Graphite,12.0000,On Hand,28 Apr 2025
QOH,CACS604-Y,Bambino,OH,I Rotate 360 Graphite,0.0000,On Hand,28 Apr 2025
QOH,CACS604-Z,Bambino,OH,I Rotate 360 Graphite,0.0000,On Hand,28 Apr 2025
QOH,CACS604-AA,Bambino,OH,I Rotate 360 Graphite,12.0000,On Hand,28 Apr 2025
QOH,CACS604-AB,Bambino,OH,I Rotate 360 Graphite,12.0000,On Hand,28 Apr 2025
QOH,CACS604-AC,Bambino,OH,I Rotate 360 Graphite,12.0000,On Hand,28 Apr 2025
QOH,CACS604-AD,Bambino,OH,I Rotate 360 Graphite,12.0000,On Hand,28 Apr 2025
QOH,CACS604-AE,Bambino,OH,I Rotate 360 Graphite,12.0000,On Hand,28 Apr 2025
QOH,CACS604-AF,Bambino,OH,I Rotate 360 Graphite,12.0000,On Hand,28 Apr 2025
QOH,CACS604-AG,Bambino,OH,I Rotate 360 Graphite,12.0000,On Hand,28 Apr 2025
QOH,CACS604-AH,Bambino,OH,I Rotate 360 Graphite,9.0000,On Hand,28 Apr 2025
QOH,CACS604-AI,Bambino,OH,I Rotate 360 Graphite,0.0000,On Hand,28 Apr 2025
QOH,CACS604-AJ,Bambino,OH,I Rotate 360 Graphite,0.0000,On Hand,28 Apr 2025
QOH,CACS604-AK,Bambino,OH,I Rotate 360 Graphite,0.0000,On Hand,28 Apr 2025
QOH,CACS604-AL,Bambino,OH,I Rotate 360 Graphite,0.0000,On Hand,28 Apr 2025
QOH,CACS604-AM,Bambino,OH,I Rotate 360 Graphite,0.0000,On Hand,28 Apr 2025
QOH,CACS604-AN,Bambino,OH,I Rotate 360 Graphite,0.0000,On Hand,28 Apr 2025
QOH,CACS604-AO,Bambino,OH,I Rotate 360 Graphite,0.0000,On Hand,28 Apr 2025
QOH,CACS604-AP,Bambino,OH,I Rotate 360 Graphite,0.0000,On Hand,28 Apr 2025
QOH,CACS604-AQ,Bambino,OH,I Rotate 360 Graphite,0.0000,On Hand,28 Apr 2025
QOH,CACS604-AR,Bambino,OH,I Rotate 360 Graphite,2.0000,On Hand,28 Apr 2025
QOH,CACS604-AS,Bambino,OH,I Rotate 360 Graphite,0.0000,On Hand,28 Apr 2025
QOH,CACS604-AT,Bambino,OH,I Rotate 360 Graphite,0.0000,On Hand,28 Apr 2025
QOH,CACS604-AU,Bambino,OH,I Rotate 360 Graphite,0.0000,On Hand,28 Apr 2025
QOH,CACS604-AV,Bambino,OH,I Rotate 360 Graphite,8.0000,On Hand,28 Apr 2025
QOH,CACS604-AW,Bambino,OH,I Rotate 360 Graphite,0.0000,On Hand,28 Apr 2025
QOH,CACS604-AX,Bambino,OH,I Rotate 360 Graphite,0.0000,On Hand,28 Apr 2025
QOH,CACS604-AY,Bambino,OH,I Rotate 360 Graphite,0.0000,On Hand,28 Apr 2025
QOH,CACS604-AZ,Bambino,OH,I Rotate 360 Graphite,0.0000,On Hand,28 Apr 2025
QOH,CACS604-BA,Bambino,OH,I Rotate 360 Graphite,0.0000,On Hand,28 Apr 2025
QOH,CACS604-BB,Bambino,OH,I Rotate 360 Graphite,0.0000,On Hand,28 Apr 2025
QOH,CACS604-BC,Bambino,OH,I Rotate 360 Graphite,0.0000,On Hand,28 Apr 2025
QOH,CACS604-BD,Bambino,OH,I Rotate 360 Graphite,0.0000,On Hand,28 Apr 2025
QOH,CACS604-BE,Bambino,OH,I Rotate 360 Graphite,0.0000,On Hand,28 Apr 2025
QOH,CACS604-BF,Bambino,OH,I Rotate 360 Graphite,0.0000,On Hand,28 Apr 2025
QOH,CACS604-BG,Bambino,OH,I Rotate 360 Graphite,0.0000,On Hand,28 Apr 2025
QOH,CACS604-BH,Bambino,OH,I Rotate 360 Graphite,0.0000,On Hand,28 Apr 2025
QOH,CACS604-BI,Bambino,OH,I Rotate 360 Graphite,0.0000,On Hand,28 Apr 2025
QOH,CACS604-BJ,Bambino,OH,I Rotate 360 Graphite,0.0000,On Hand,28 Apr 2025
QOH,CACS604-BK,Bambino,OH,I Rotate 360 Graphite,0.0000,On Hand,28 Apr 2025
QOH,CACS604-BL,Bambino,OH,I Rotate 360 Graphite,0.0000,On Hand,28 Apr 2025
QOH,P1875,NAD,OH,Mixed Pallet,1.0000,On Hand,28 Apr 2025
QOH,P1876,NAD,OH,Mixed Pallet,1.0000,On Hand,28 Apr 2025
QOH,P1877,NAD,OH,Mixed Pallet,1.0000,On Hand,28 Apr 2025
QOH,P1878,NAD,OH,Mixed Pallet,1.0000,On Hand,28 Apr 2025
QOH,P1879,NAD,OH,Mixed Pallet,1.0000,On Hand,28 Apr 2025
QOH,P1880,NAD,OH,Mixed Pallet,1.0000,On Hand,28 Apr 2025
QOH,P1881,NAD,OH,Mixed Pallet,1.0000,On Hand,28 Apr 2025
QOH,KM3812,Kamboo Marketing,OH,Mero Transformer,0.0000,On Hand,28 Apr 2025
QOH,FH-188A-D,LRB,OH,Elements Heater Fan 2000w Oscillating,0.0000,On Hand,28 Apr 2025
QOH,TANKINT600X225-D,Isinkwe Energies,OH,Tank Int 600x225 - 48LT,10.0000,On Hand,28 Apr 2025
QOH,P1889,NAD,OH,Mixed Pallet,1.0000,On Hand,28 Apr 2025
QOH,P1890,NAD,OH,Mixed Pallet,1.0000,On Hand,28 Apr 2025
QOH,P1891,NAD,OH,Mixed Pallet,1.0000,On Hand,28 Apr 2025
QOH,P1892,NAD,OH,Mixed Pallet,1.0000,On Hand,28 Apr 2025
QOH,P1893,NAD,OH,Mixed Pallet,1.0000,On Hand,28 Apr 2025
QOH,P1894,NAD,OH,Mixed Pallet,1.0000,On Hand,28 Apr 2025
QOH,P1895,NAD,OH,Mixed Pallet,1.0000,On Hand,28 Apr 2025
QOH,P1896,NAD,OH,Mixed Pallet,1.0000,On Hand,28 Apr 2025
QOH,P1897,NAD,OH,Mixed Pallet,1.0000,On Hand,28 Apr 2025
QOH,P1898,NAD,OH,Mixed Pallet,1.0000,On Hand,28 Apr 2025
QOH,P1899,NAD,OH,Mixed Pallet,1.0000,On Hand,28 Apr 2025
QOH,P1900,NAD,OH,Mixed Pallet,1.0000,On Hand,28 Apr 2025
QOH,P1901,NAD,OH,Mixed Pallet,1.0000,On Hand,28 Apr 2025
QOH,P1902,NAD,OH,Mixed Pallet,1.0000,On Hand,28 Apr 2025
QOH,P1903,NAD,OH,Mixed Pallet,1.0000,On Hand,28 Apr 2025
QOH,P1904,NAD,OH,Mixed Pallet,1.0000,On Hand,28 Apr 2025
QOH,P1905,NAD,OH,Mixed Pallet,1.0000,On Hand,28 Apr 2025
QOH,P1906,NAD,OH,Mixed Pallet,1.0000,On Hand,28 Apr 2025
QOH,P1907,NAD,OH,Mixed Pallet,1.0000,On Hand,28 Apr 2025
QOH,P1908,NAD,OH,Mixed Pallet,1.0000,On Hand,28 Apr 2025
QOH,P1909,NAD,OH,Mixed Pallet,1.0000,On Hand,28 Apr 2025
QOH,P1910,NAD,OH,Mixed Pallet,1.0000,On Hand,28 Apr 2025
QOH,IDWALA,KMS,OH,Mixed Pallet,0.0000,On Hand,28 Apr 2025
QOH,P1911,NAD,OH,Mixed Pallet,1.0000,On Hand,28 Apr 2025
QOH,P1912,NAD,OH,Mixed Pallet,1.0000,On Hand,28 Apr 2025
QOH,P1913,NAD,OH,Mixed Pallet,1.0000,On Hand,28 Apr 2025
QOH,P1914,NAD,OH,Mixed Pallet,1.0000,On Hand,28 Apr 2025
QOH,P1915,NAD,OH,Mixed Pallet,1.0000,On Hand,28 Apr 2025
QOH,P1916,NAD,OH,Mixed Pallet,1.0000,On Hand,28 Apr 2025
QOH,TCW0095,Trendcorp,OH,Mixed Pallet,0.0000,On Hand,28 Apr 2025
QOH,990044,Niemann,OH,Liquid Rose Gold Gloss,0.0000,On Hand,28 Apr 2025
QOH,990038,Niemann,OH,Sentinel Oak,0.0000,On Hand,28 Apr 2025
QOH,990038A,Niemann,OH,Sentinel Oak,0.0000,On Hand,28 Apr 2025
QOH,P1917,NAD,OH,Mixed Pallet,1.0000,On Hand,28 Apr 2025
QOH,P1918,NAD,OH,Mixed Pallet,1.0000,On Hand,28 Apr 2025
QOH,P1919,NAD,OH,Mixed Pallet,1.0000,On Hand,28 Apr 2025
QOH,P1920,NAD,OH,Mixed Pallet,1.0000,On Hand,28 Apr 2025
QOH,P1921,NAD,OH,Mixed Pallet,1.0000,On Hand,28 Apr 2025
QOH,P1922,NAD,OH,Mixed Pallet,1.0000,On Hand,28 Apr 2025
QOH,P1923,NAD,OH,Mixed Pallet,1.0000,On Hand,28 Apr 2025
QOH,P1924,NAD,OH,Mixed Pallet,1.0000,On Hand,28 Apr 2025
QOH,P1925,NAD,OH,Mixed Pallet,1.0000,On Hand,28 Apr 2025
QOH,P1926,NAD,OH,Mixed Pallet,1.0000,On Hand,28 Apr 2025
QOH,P1927,NAD,OH,Mixed Pallet,1.0000,On Hand,28 Apr 2025
QOH,P1928,NAD,OH,Mixed Pallet,1.0000,On Hand,28 Apr 2025
QOH,P1929,NAD,OH,Mixed Pallet,1.0000,On Hand,28 Apr 2025
QOH,P1930,NAD,OH,Mixed Pallet,1.0000,On Hand,28 Apr 2025
QOH,P1931,NAD,OH,Mixed Pallet,1.0000,On Hand,28 Apr 2025
QOH,P1932,NAD,OH,Mixed Pallet,1.0000,On Hand,28 Apr 2025
QOH,P1933,NAD,OH,Mixed Pallet,1.0000,On Hand,28 Apr 2025
QOH,P1934,NAD,OH,Mixed Pallet,1.0000,On Hand,28 Apr 2025
QOH,P1935,NAD,OH,Mixed Pallet,1.0000,On Hand,28 Apr 2025
QOH,P1936,NAD,OH,Mixed Pallet,1.0000,On Hand,28 Apr 2025
QOH,P1937,NAD,OH,Mixed Pallet,1.0000,On Hand,28 Apr 2025
QOH,P1938,NAD,OH,Mixed Pallet,1.0000,On Hand,28 Apr 2025
QOH,P1939,NAD,OH,Mixed Pallet,1.0000,On Hand,28 Apr 2025
QOH,P1940,NAD,OH,Mixed Pallet,1.0000,On Hand,28 Apr 2025
QOH,P1941,NAD,OH,Mixed Pallet,1.0000,On Hand,28 Apr 2025
QOH,P1942,NAD,OH,Mixed Pallet,1.0000,On Hand,28 Apr 2025
QOH,P1943,NAD,OH,Mixed Pallet,1.0000,On Hand,28 Apr 2025
QOH,P1944,NAD,OH,Mixed Pallet,1.0000,On Hand,28 Apr 2025
QOH,P1945,NAD,OH,Mixed Pallet,1.0000,On Hand,28 Apr 2025
QOH,P1946,NAD,OH,Mixed Pallet,1.0000,On Hand,28 Apr 2025
QOH,P1963,NAD,OH,Mixed Pallet,1.0000,On Hand,28 Apr 2025
QOH,P1964,NAD,OH,Mixed Pallet,1.0000,On Hand,28 Apr 2025
QOH,P1965,NAD,OH,Mixed Pallet,1.0000,On Hand,28 Apr 2025
QOH,P1966,NAD,OH,Mixed Pallet,1.0000,On Hand,28 Apr 2025
QOH,P1967,NAD,OH,Mixed Pallet,1.0000,On Hand,28 Apr 2025
QOH,P1968,NAD,OH,Mixed Pallet,1.0000,On Hand,28 Apr 2025
QOH,P1969,NAD,OH,Mixed Pallet,1.0000,On Hand,28 Apr 2025
QOH,P1970,NAD,OH,Mixed Pallet,1.0000,On Hand,28 Apr 2025
QOH,P1971,NAD,OH,Mixed Pallet,1.0000,On Hand,28 Apr 2025
QOH,P1972,NAD,OH,Mixed Pallet,1.0000,On Hand,28 Apr 2025
QOH,P1973,NAD,OH,Mixed Pallet,1.0000,On Hand,28 Apr 2025
QOH,P1974,NAD,OH,Mixed Pallet,1.0000,On Hand,28 Apr 2025
QOH,P1949,NAD,OH,Mixed Pallet,1.0000,On Hand,28 Apr 2025
QOH,P1952,NAD,OH,Mixed Pallet,1.0000,On Hand,28 Apr 2025
QOH,P1948,NAD,OH,Mixed Pallet,1.0000,On Hand,28 Apr 2025
QOH,P1951,NAD,OH,Mixed Pallet,1.0000,On Hand,28 Apr 2025
QOH,P1947,NAD,OH,Mixed Pallet,1.0000,On Hand,28 Apr 2025
QOH,P1950,NAD,OH,Mixed Pallet,1.0000,On Hand,28 Apr 2025
QOH,P1961,NAD,OH,Mixed Pallet,1.0000,On Hand,28 Apr 2025
QOH,P1953,NAD,OH,Mixed Pallet,1.0000,On Hand,28 Apr 2025
QOH,P1955,NAD,OH,Mixed Pallet,1.0000,On Hand,28 Apr 2025
QOH,P1959,NAD,OH,Mixed Pallet,1.0000,On Hand,28 Apr 2025
QOH,P1962,NAD,OH,Mixed Pallet,1.0000,On Hand,28 Apr 2025
QOH,P1960,NAD,OH,Mixed Pallet,1.0000,On Hand,28 Apr 2025
QOH,P1958,NAD,OH,Mixed Pallet,0.0000,On Hand,28 Apr 2025
QOH,P1957,NAD,OH,Mixed Pallet,1.0000,On Hand,28 Apr 2025
QOH,P1987,NAD,OH,Mixed Pallet,1.0000,On Hand,28 Apr 2025
QOH,P1954,NAD,OH,Mixed Pallet,1.0000,On Hand,28 Apr 2025
QOH,P1956,NAD,OH,Mixed Pallet,1.0000,On Hand,28 Apr 2025
QOH,E00466,Trendcorp,OH,Mixed Pallet,1.0000,On Hand,28 Apr 2025
QOH,E00527,Trendcorp,OH,Mixed Pallet,1.0000,On Hand,28 Apr 2025
QOH,E00332,Trendcorp,OH,Mixed Pallet,1.0000,On Hand,28 Apr 2025
QOH,E00413,Trendcorp,OH,Mixed Pallet,1.0000,On Hand,28 Apr 2025
QOH,E00576,Trendcorp,OH,Mixed Pallet,1.0000,On Hand,28 Apr 2025
QOH,E00330,Trendcorp,OH,Mixed Pallet,1.0000,On Hand,28 Apr 2025
QOH,E00236,Trendcorp,OH,Mixed Pallet,1.0000,On Hand,28 Apr 2025
QOH,E00441,Trendcorp,OH,Mixed Pallet,1.0000,On Hand,28 Apr 2025
QOH,E00581,Trendcorp,OH,Mixed Pallet,1.0000,On Hand,28 Apr 2025
QOH,E00538,Trendcorp,OH,Mixed Pallet,1.0000,On Hand,28 Apr 2025
QOH,E00549,Trendcorp,OH,Mixed Pallet,1.0000,On Hand,28 Apr 2025
QOH,E00559,Trendcorp,OH,Mixed Pallet,1.0000,On Hand,28 Apr 2025
QOH,E00541,Trendcorp,OH,Mixed Pallet,1.0000,On Hand,28 Apr 2025
QOH,E00560,Trendcorp,OH,Mixed Pallet,1.0000,On Hand,28 Apr 2025
QOH,E00570,Trendcorp,OH,Mixed Pallet,1.0000,On Hand,28 Apr 2025
QOH,E00568,Trendcorp,OH,Mixed Pallet,1.0000,On Hand,28 Apr 2025
QOH,E00554,Trendcorp,OH,Mixed Pallet,1.0000,On Hand,28 Apr 2025
QOH,E00552,Trendcorp,OH,Mixed Pallet,1.0000,On Hand,28 Apr 2025
QOH,E00561,Trendcorp,OH,Mixed Pallet,1.0000,On Hand,28 Apr 2025
QOH,E00564,Trendcorp,OH,Mixed Pallet,1.0000,On Hand,28 Apr 2025
QOH,E00569,Trendcorp,OH,Mixed Pallet,1.0000,On Hand,28 Apr 2025
QOH,E00496,Trendcorp,OH,Mixed Pallet,1.0000,On Hand,28 Apr 2025
QOH,E00545,Trendcorp,OH,Mixed Pallet,1.0000,On Hand,28 Apr 2025
QOH,E00572,Trendcorp,OH,Mixed Pallet,1.0000,On Hand,28 Apr 2025
QOH,E00540,Trendcorp,OH,Mixed Pallet,1.0000,On Hand,28 Apr 2025
QOH,E00558,Trendcorp,OH,Mixed Pallet,1.0000,On Hand,28 Apr 2025
QOH,E00557,Trendcorp,OH,Mixed Pallet,1.0000,On Hand,28 Apr 2025
QOH,E00562,Trendcorp,OH,Mixed Pallet,1.0000,On Hand,28 Apr 2025
QOH,E00546,Trendcorp,OH,Mixed Pallet,1.0000,On Hand,28 Apr 2025
QOH,E00394,Trendcorp,OH,Mixed Pallet,1.0000,On Hand,28 Apr 2025
QOH,E00565,Trendcorp,OH,Mixed Pallet,1.0000,On Hand,28 Apr 2025
QOH,E00563,Trendcorp,OH,Mixed Pallet,1.0000,On Hand,28 Apr 2025
QOH,E00553,Trendcorp,OH,Mixed Pallet,1.0000,On Hand,28 Apr 2025
QOH,E00547,Trendcorp,OH,Mixed Pallet,1.0000,On Hand,28 Apr 2025
QOH,E00566,Trendcorp,OH,Mixed Pallet,1.0000,On Hand,28 Apr 2025
QOH,E00551,Trendcorp,OH,Mixed Pallet,1.0000,On Hand,28 Apr 2025
QOH,E00479,Trendcorp,OH,Mixed Pallet,1.0000,On Hand,28 Apr 2025
QOH,E00537,Trendcorp,OH,Mixed Pallet,1.0000,On Hand,28 Apr 2025
QOH,E00539,Trendcorp,OH,Mixed Pallet,1.0000,On Hand,28 Apr 2025
QOH,E00536,Trendcorp,OH,Mixed Pallet,1.0000,On Hand,28 Apr 2025
QOH,E00548,Trendcorp,OH,Mixed Pallet,1.0000,On Hand,28 Apr 2025
QOH,E00555,Trendcorp,OH,Mixed Pallet,1.0000,On Hand,28 Apr 2025
QOH,E00571,Trendcorp,OH,Mixed Pallet,1.0000,On Hand,28 Apr 2025
QOH,E00556,Trendcorp,OH,Mixed Pallet,1.0000,On Hand,28 Apr 2025
QOH,E00544,Trendcorp,OH,Mixed Pallet,1.0000,On Hand,28 Apr 2025
QOH,E00344,Trendcorp,OH,Mixed Pallet,1.0000,On Hand,28 Apr 2025
QOH,E00543,Trendcorp,OH,Mixed Pallet,1.0000,On Hand,28 Apr 2025
QOH,E00513,Trendcorp,OH,Mixed Pallet,1.0000,On Hand,28 Apr 2025
QOH,E00475,Trendcorp,OH,Mixed Pallet,1.0000,On Hand,28 Apr 2025
QOH,E00334,Trendcorp,OH,Mixed Pallet,1.0000,On Hand,28 Apr 2025
QOH,E00542,Trendcorp,OH,Mixed Pallet,1.0000,On Hand,28 Apr 2025
QOH,E00498,Trendcorp,OH,Mixed Pallet,1.0000,On Hand,28 Apr 2025
QOH,E00535,Trendcorp,OH,Mixed Pallet,1.0000,On Hand,28 Apr 2025
QOH,L00023,Trendcorp,OH,Mixed Pallet,1.0000,On Hand,28 Apr 2025
QOH,L00021,Trendcorp,OH,Mixed Pallet,1.0000,On Hand,28 Apr 2025
QOH,L00022,Trendcorp,OH,Mixed Pallet,1.0000,On Hand,28 Apr 2025
QOH,UPR001,Trendcorp,OH,Mixed Pallet,1.0000,On Hand,28 Apr 2025
QOH,UPR002,Trendcorp,OH,Mixed Pallet,1.0000,On Hand,28 Apr 2025
QOH,UPR003,Trendcorp,OH,Mixed Pallet,1.0000,On Hand,28 Apr 2025
QOH,3N0221,Trendcorp,OH,Mixed Pallet,1.0000,On Hand,28 Apr 2025
QOH,BOOKS,Kamboo Marketing,OH,Kamboo Books,0.0000,On Hand,28 Apr 2025
QOH,PRINTED LABLES,Kamboo Marketing,OH,Kamboo Printed Lables,0.0000,On Hand,28 Apr 2025
QOH,P1975,NAD,OH,Mixed Pallet,1.0000,On Hand,28 Apr 2025
QOH,P1986,NAD,OH,Mixed Pallet,1.0000,On Hand,28 Apr 2025
QOH,P1983,NAD,OH,Mixed Pallet,1.0000,On Hand,28 Apr 2025
QOH,P1978,NAD,OH,Mixed Pallet,1.0000,On Hand,28 Apr 2025
QOH,P1982,NAD,OH,Mixed Pallet,1.0000,On Hand,28 Apr 2025
QOH,P1976,NAD,OH,Mixed Pallet,1.0000,On Hand,28 Apr 2025
QOH,P1977,NAD,OH,Mixed Pallet,1.0000,On Hand,28 Apr 2025
QOH,P1981,NAD,OH,Mixed Pallet,1.0000,On Hand,28 Apr 2025
QOH,P1979,NAD,OH,Mixed Pallet,1.0000,On Hand,28 Apr 2025
QOH,P1984,NAD,OH,Mixed Pallet,1.0000,On Hand,28 Apr 2025
QOH,P1980,Trendcorp,OH,Mixed Pallet,1.0000,On Hand,28 Apr 2025
QOH,P1985,NAD,OH,Mixed Pallet,1.0000,On Hand,28 Apr 2025
QOH,D0001,Trendcorp,OH,Mixed Pallet,1.0000,On Hand,28 Apr 2025
QOH,D0002,Trendcorp,OH,Mixed Pallet,0.0000,On Hand,28 Apr 2025
QOH,D0003,Trendcorp,OH,Mixed Pallet,1.0000,On Hand,28 Apr 2025
QOH,D0004,Trendcorp,OH,Mixed Pallet,1.0000,On Hand,28 Apr 2025
QOH,D0005,Trendcorp,OH,Mixed Pallet,1.0000,On Hand,28 Apr 2025
QOH,D0006,Trendcorp,OH,Mixed Pallet,1.0000,On Hand,28 Apr 2025
QOH,D0007,Trendcorp,OH,Mixed Pallet,0.0000,On Hand,28 Apr 2025
QOH,D0008,Trendcorp,OH,Mixed Pallet,0.0000,On Hand,28 Apr 2025
QOH,D0009,Trendcorp,OH,Mixed Pallet,1.0000,On Hand,28 Apr 2025
QOH,D0010,Trendcorp,OH,Mixed Pallet,1.0000,On Hand,28 Apr 2025
QOH,D0011,Trendcorp,OH,Mixed Pallet,0.0000,On Hand,28 Apr 2025
QOH,D0012,Trendcorp,OH,Mixed Pallet,1.0000,On Hand,28 Apr 2025
QOH,D0013,Trendcorp,OH,Mixed Pallet,1.0000,On Hand,28 Apr 2025
QOH,D0014,Trendcorp,OH,Mixed Pallet,1.0000,On Hand,28 Apr 2025
QOH,D0015,Trendcorp,OH,Mixed Pallet,1.0000,On Hand,28 Apr 2025
QOH,D0016,Trendcorp,OH,Mixed Pallet,1.0000,On Hand,28 Apr 2025
QOH,D0017,Trendcorp,OH,Mixed Pallet,1.0000,On Hand,28 Apr 2025
QOH,D0018,Trendcorp,OH,Mixed Pallet,1.0000,On Hand,28 Apr 2025
QOH,D0019,Trendcorp,OH,Mixed Pallet,0.0000,On Hand,28 Apr 2025
QOH,D0020,Trendcorp,OH,Mixed Pallet,1.0000,On Hand,28 Apr 2025
QOH,D0021,Trendcorp,OH,Mixed Pallet,1.0000,On Hand,28 Apr 2025
QOH,D0022,Trendcorp,OH,Mixed Pallet,1.0000,On Hand,28 Apr 2025
QOH,D0023,Trendcorp,OH,Mixed Pallet,1.0000,On Hand,28 Apr 2025
QOH,D0024,Trendcorp,OH,Mixed Pallet,1.0000,On Hand,28 Apr 2025
QOH,D0025,Trendcorp,OH,Mixed Pallet,1.0000,On Hand,28 Apr 2025
QOH,D0026,Trendcorp,OH,Mixed Pallet,1.0000,On Hand,28 Apr 2025
QOH,D0027,Trendcorp,OH,Mixed Pallet,1.0000,On Hand,28 Apr 2025
QOH,D0028,Trendcorp,OH,Mixed Pallet,1.0000,On Hand,28 Apr 2025
QOH,D0029,Trendcorp,OH,Mixed Pallet,1.0000,On Hand,28 Apr 2025
QOH,D0030,Trendcorp,OH,Mixed Pallet,1.0000,On Hand,28 Apr 2025
QOH,D0031,Trendcorp,OH,Mixed Pallet,1.0000,On Hand,28 Apr 2025
QOH,D0032,Trendcorp,OH,Mixed Pallet,1.0000,On Hand,28 Apr 2025
QOH,D0033,Trendcorp,OH,Mixed Pallet,1.0000,On Hand,28 Apr 2025
QOH,D0034,Trendcorp,OH,Mixed Pallet,1.0000,On Hand,28 Apr 2025
QOH,D0035,Trendcorp,OH,Mixed Pallet,1.0000,On Hand,28 Apr 2025
QOH,D0036,Trendcorp,OH,Mixed Pallet,1.0000,On Hand,28 Apr 2025
QOH,D0037,Trendcorp,OH,Mixed Pallet,1.0000,On Hand,28 Apr 2025
QOH,D0038,Trendcorp,OH,Mixed Pallet,1.0000,On Hand,28 Apr 2025
QOH,D0039,Trendcorp,OH,Mixed Pallet,1.0000,On Hand,28 Apr 2025
QOH,D0040,Trendcorp,OH,Mixed Pallet,1.0000,On Hand,28 Apr 2025
QOH,D0041,Trendcorp,OH,Mixed Pallet,1.0000,On Hand,28 Apr 2025
QOH,D0042,Trendcorp,OH,Mixed Pallet,1.0000,On Hand,28 Apr 2025
QOH,D0043,Trendcorp,OH,Mixed Pallet,1.0000,On Hand,28 Apr 2025
QOH,D0044,Trendcorp,OH,Mixed Pallet,1.0000,On Hand,28 Apr 2025
QOH,D0045,Trendcorp,OH,Mixed Pallet,1.0000,On Hand,28 Apr 2025
QOH,D0046,Trendcorp,OH,Mixed Pallet,1.0000,On Hand,28 Apr 2025
QOH,E00578,Trendcorp,OH,Mixed Pallet,1.0000,On Hand,28 Apr 2025
QOH,E00577,Trendcorp,OH,Mixed Pallet,1.0000,On Hand,28 Apr 2025
QOH,1N0036,Trendcorp,OH,Mixed Pallet,1.0000,On Hand,28 Apr 2025
QOH,1N0038,Trendcorp,OH,Mixed Pallet,1.0000,On Hand,28 Apr 2025
QOH,1N0075,Trendcorp,OH,Mixed Pallet,1.0000,On Hand,28 Apr 2025
QOH,1N0034,Trendcorp,OH,Mixed Pallet,1.0000,On Hand,28 Apr 2025
QOH,1N0068,Trendcorp,OH,Mixed Pallet,1.0000,On Hand,28 Apr 2025
QOH,1N0062,Trendcorp,OH,Mixed Pallet,1.0000,On Hand,28 Apr 2025
QOH,1N0063,Trendcorp,OH,Mixed Pallet,1.0000,On Hand,28 Apr 2025
QOH,D0047,Trendcorp,OH,Mixed Pallet,1.0000,On Hand,28 Apr 2025
QOH,D0048,Trendcorp,OH,Mixed Pallet,1.0000,On Hand,28 Apr 2025
QOH,D0049,Trendcorp,OH,Mixed Pallet,1.0000,On Hand,28 Apr 2025
QOH,D0050,Trendcorp,OH,Mixed Pallet,1.0000,On Hand,28 Apr 2025
QOH,D0051,Trendcorp,OH,Mixed Pallet,1.0000,On Hand,28 Apr 2025
QOH,P1883,NAD,OH,Mixed Pallet,1.0000,On Hand,28 Apr 2025
QOH,P1885,NAD,OH,Mixed Pallet,1.0000,On Hand,28 Apr 2025
QOH,P1882,NAD,OH,Mixed Pallet,1.0000,On Hand,28 Apr 2025
QOH,P1888,NAD,OH,Mixed Pallet,1.0000,On Hand,28 Apr 2025
QOH,P1884,NAD,OH,Mixed Pallet,1.0000,On Hand,28 Apr 2025
MIN,P12,NAD,Min,Mixed Pallet,0.0000,Min Level,28 Apr 2025
MIN,P13,NAD,Min,Mixed Pallet,0.0000,Min Level,28 Apr 2025
MIN,P16,NAD,Min,Mixed Pallet,0.0000,Min Level,28 Apr 2025
MIN,P177,NAD,Min,Mixed Pallet,0.0000,Min Level,28 Apr 2025
MIN,P178,NAD,Min,Mixed Pallet,0.0000,Min Level,28 Apr 2025
MIN,P179,NAD,Min,Mixed Pallet,0.0000,Min Level,28 Apr 2025
MIN,P180,NAD,Min,Mixed Pallet,0.0000,Min Level,28 Apr 2025
MIN,P181,NAD,Min,Mixed Pallet,0.0000,Min Level,28 Apr 2025
MIN,P19,NAD,Min,Mixed Pallet,0.0000,Min Level,28 Apr 2025
MIN,P20,NAD,Min,Mixed Pallet,0.0000,Min Level,28 Apr 2025
MIN,P206,NAD,Min,Mixed Pallet,0.0000,Min Level,28 Apr 2025
MIN,P21,NAD,Min,Mixed Pallet,0.0000,Min Level,28 Apr 2025
MIN,P212,NAD,Min,Mixed Pallet,0.0000,Min Level,28 Apr 2025
MIN,P23,NAD,Min,Mixed Pallet,0.0000,Min Level,28 Apr 2025
MIN,P24,NAD,Min,Mixed Pallet,0.0000,Min Level,28 Apr 2025
MIN,P25,NAD,Min,Mixed Pallet,0.0000,Min Level,28 Apr 2025
MIN,P26,NAD,Min,Mixed Pallet,0.0000,Min Level,28 Apr 2025
MIN,P265,NAD,Min,Mixed Pallet,0.0000,Min Level,28 Apr 2025
MIN,P267,NAD,Min,Mixed Pallet,0.0000,Min Level,28 Apr 2025
MIN,P27,NAD,Min,Mixed Pallet,0.0000,Min Level,28 Apr 2025
MIN,P271,NAD,Min,Mixed Pallet,0.0000,Min Level,28 Apr 2025
MIN,P272,NAD,Min,Mixed Pallet,0.0000,Min Level,28 Apr 2025
MIN,P273,NAD,Min,Mixed Pallet,0.0000,Min Level,28 Apr 2025
MIN,P274,NAD,Min,Mixed Pallet,0.0000,Min Level,28 Apr 2025
MIN,P275,NAD,Min,Mixed Pallet,0.0000,Min Level,28 Apr 2025
MIN,P276,NAD,Min,Mixed Pallet,0.0000,Min Level,28 Apr 2025
MIN,P277,NAD,Min,Mixed Pallet,0.0000,Min Level,28 Apr 2025
MIN,P278,NAD,Min,Mixed Pallet,0.0000,Min Level,28 Apr 2025
MIN,P279,NAD,Min,Mixed Pallet,0.0000,Min Level,28 Apr 2025
MIN,P280,NAD,Min,Mixed Pallet,0.0000,Min Level,28 Apr 2025
MIN,P281,NAD,Min,Mixed Pallet,0.0000,Min Level,28 Apr 2025
MIN,P282,NAD,Min,Mixed Pallet,0.0000,Min Level,28 Apr 2025
MIN,P29,NAD,Min,Mixed Pallet,0.0000,Min Level,28 Apr 2025
MIN,P31,NAD,Min,Mixed Pallet,0.0000,Min Level,28 Apr 2025
MIN,P33,NAD,Min,Mixed Pallet,0.0000,Min Level,28 Apr 2025
MIN,P34,NAD,Min,Mixed Pallet,0.0000,Min Level,28 Apr 2025
MIN,P345,NAD,Min,Mixed Pallet,0.0000,Min Level,28 Apr 2025
MIN,P346,NAD,Min,Mixed Pallet,0.0000,Min Level,28 Apr 2025
MIN,P347A,NAD,Min,Mixed Pallet,0.0000,Min Level,28 Apr 2025
MIN,P35,NAD,Min,Mixed Pallet,0.0000,Min Level,28 Apr 2025
MIN,P36,NAD,Min,Mixed Pallet,0.0000,Min Level,28 Apr 2025
MIN,P369,NAD,Min,Mixed Pallet,0.0000,Min Level,28 Apr 2025
MIN,P37,NAD,Min,Mixed Pallet,0.0000,Min Level,28 Apr 2025
MIN,P38,NAD,Min,Mixed Pallet,0.0000,Min Level,28 Apr 2025
MIN,P385,NAD,Min,Mixed Pallet,0.0000,Min Level,28 Apr 2025
MIN,P39,NAD,Min,Mixed Pallet,0.0000,Min Level,28 Apr 2025
MIN,P40,NAD,Min,Mixed Pallet,0.0000,Min Level,28 Apr 2025
MIN,P41,NAD,Min,Mixed Pallet,0.0000,Min Level,28 Apr 2025
MIN,P411,NAD,Min,Mixed Pallet,0.0000,Min Level,28 Apr 2025
MIN,P42,NAD,Min,Mixed Pallet,0.0000,Min Level,28 Apr 2025
MIN,P43,NAD,Min,Mixed Pallet,0.0000,Min Level,28 Apr 2025
MIN,P44,NAD,Min,Mixed Pallet,0.0000,Min Level,28 Apr 2025
MIN,P454,NAD,Min,Mixed Pallet,0.0000,Min Level,28 Apr 2025
MIN,P455,NAD,Min,Mixed Pallet,0.0000,Min Level,28 Apr 2025
MIN,P456,NAD,Min,Mixed Pallet,0.0000,Min Level,28 Apr 2025
MIN,P457,NAD,Min,Mixed Pallet,0.0000,Min Level,28 Apr 2025
MIN,P458,NAD,Min,Mixed Pallet,0.0000,Min Level,28 Apr 2025
MIN,P459,NAD,Min,Mixed Pallet,0.0000,Min Level,28 Apr 2025
MIN,P46,NAD,Min,Mixed Pallet,0.0000,Min Level,28 Apr 2025
MIN,P466,NAD,Min,Mixed Pallet,0.0000,Min Level,28 Apr 2025
MIN,P47,NAD,Min,Mixed Pallet,0.0000,Min Level,28 Apr 2025
MIN,P477,NAD,Min,Mixed Pallet,0.0000,Min Level,28 Apr 2025
MIN,P48,NAD,Min,Mixed Pallet,0.0000,Min Level,28 Apr 2025
MIN,P493,NAD,Min,Mixed Pallet,0.0000,Min Level,28 Apr 2025
MIN,P494,NAD,Min,Mixed Pallet,0.0000,Min Level,28 Apr 2025
MIN,P495,NAD,Min,Mixed Pallet,0.0000,Min Level,28 Apr 2025
MIN,P499,NAD,Min,Mixed Pallet,0.0000,Min Level,28 Apr 2025
MIN,P50,NAD,Min,Mixed Pallet,0.0000,Min Level,28 Apr 2025
MIN,P500,NAD,Min,Mixed Pallet,0.0000,Min Level,28 Apr 2025
MIN,P501,NAD,Min,Mixed Pallet,0.0000,Min Level,28 Apr 2025
MIN,P502,NAD,Min,Mixed Pallet,0.0000,Min Level,28 Apr 2025
MIN,P503,NAD,Min,Mixed Pallet,0.0000,Min Level,28 Apr 2025
MIN,P505,NAD,Min,Mixed Pallet,0.0000,Min Level,28 Apr 2025
MIN,P51,NAD,Min,Mixed Pallet,0.0000,Min Level,28 Apr 2025
MIN,P52,NAD,Min,Mixed Pallet,0.0000,Min Level,28 Apr 2025
MIN,P523,NAD,Min,Mixed Pallet,0.0000,Min Level,28 Apr 2025
MIN,P529,NAD,Min,Mixed Pallet,0.0000,Min Level,28 Apr 2025
MIN,P53,NAD,Min,Mixed Pallet,0.0000,Min Level,28 Apr 2025
MIN,P54,NAD,Min,Mixed Pallet,0.0000,Min Level,28 Apr 2025
MIN,P55,NAD,Min,Mixed Pallet,0.0000,Min Level,28 Apr 2025
MIN,P551,NAD,Min,Mixed Pallet,0.0000,Min Level,28 Apr 2025
MIN,P552,NAD,Min,Mixed Pallet,0.0000,Min Level,28 Apr 2025
MIN,P553,NAD,Min,Mixed Pallet,0.0000,Min Level,28 Apr 2025
MIN,P56,NAD,Min,Mixed Pallet,0.0000,Min Level,28 Apr 2025
MIN,P560,NAD,Min,Mixed Pallet,0.0000,Min Level,28 Apr 2025
MIN,P561,NAD,Min,Mixed Pallet,0.0000,Min Level,28 Apr 2025
MIN,P562,NAD,Min,Mixed Pallet,0.0000,Min Level,28 Apr 2025
MIN,P565,NAD,Min,Mixed Pallet,0.0000,Min Level,28 Apr 2025
MIN,P566,NAD,Min,Mixed Pallet,0.0000,Min Level,28 Apr 2025
MIN,P567,NAD,Min,Mixed Pallet,0.0000,Min Level,28 Apr 2025
MIN,P568,NAD,Min,Mixed Pallet,0.0000,Min Level,28 Apr 2025
MIN,P569,NAD,Min,Mixed Pallet,0.0000,Min Level,28 Apr 2025
MIN,P57,NAD,Min,Mixed Pallet,0.0000,Min Level,28 Apr 2025
MIN,P570,NAD,Min,Mixed Pallet,0.0000,Min Level,28 Apr 2025
MIN,P571,NAD,Min,Mixed Pallet,0.0000,Min Level,28 Apr 2025
MIN,P572,NAD,Min,Mixed Pallet,0.0000,Min Level,28 Apr 2025
MIN,P573,NAD,Min,Mixed Pallet,0.0000,Min Level,28 Apr 2025
MIN,P574,NAD,Min,Mixed Pallet,0.0000,Min Level,28 Apr 2025
MIN,P575,NAD,Min,Mixed Pallet,0.0000,Min Level,28 Apr 2025
MIN,P576,NAD,Min,Mixed Pallet,0.0000,Min Level,28 Apr 2025
MIN,P577,NAD,Min,Mixed Pallet,0.0000,Min Level,28 Apr 2025
MIN,P578,NAD,Min,Mixed Pallet,0.0000,Min Level,28 Apr 2025
MIN,P579,NAD,Min,Mixed Pallet,0.0000,Min Level,28 Apr 2025
MIN,P58,NAD,Min,Mixed Pallet,0.0000,Min Level,28 Apr 2025
MIN,P580,NAD,Min,Mixed Pallet,0.0000,Min Level,28 Apr 2025
MIN,P581,NAD,Min,Mixed Pallet,0.0000,Min Level,28 Apr 2025
MIN,P582,NAD,Min,Mixed Pallet,0.0000,Min Level,28 Apr 2025
MIN,P583,NAD,Min,Mixed Pallet,0.0000,Min Level,28 Apr 2025
MIN,P584,NAD,Min,Mixed Pallet,0.0000,Min Level,28 Apr 2025
MIN,P585,NAD,Min,Mixed Pallet,0.0000,Min Level,28 Apr 2025
MIN,P234,NAD,Min,Mixed Pallet,0.0000,Min Level,28 Apr 2025
MIN,P590,NAD,Min,Mixed Pallet,0.0000,Min Level,28 Apr 2025
MIN,P591,NAD,Min,Mixed Pallet,0.0000,Min Level,28 Apr 2025
MIN,P592,NAD,Min,Mixed Pallet,0.0000,Min Level,28 Apr 2025
MIN,P593,NAD,Min,Mixed Pallet,0.0000,Min Level,28 Apr 2025
MIN,P594,NAD,Min,Mixed Pallet,0.0000,Min Level,28 Apr 2025
MIN,P595,NAD,Min,Mixed Pallet,0.0000,Min Level,28 Apr 2025
MIN,P596,NAD,Min,Mixed Pallet,0.0000,Min Level,28 Apr 2025
MIN,P597,NAD,Min,Mixed Pallet,0.0000,Min Level,28 Apr 2025
MIN,P598,NAD,Min,Mixed Pallet,0.0000,Min Level,28 Apr 2025
MIN,P599,NAD,Min,Mixed Pallet,0.0000,Min Level,28 Apr 2025
MIN,P60,NAD,Min,Mixed Pallet,0.0000,Min Level,28 Apr 2025
MIN,P600,NAD,Min,Mixed Pallet,0.0000,Min Level,28 Apr 2025
MIN,P601,NAD,Min,Mixed Pallet,0.0000,Min Level,28 Apr 2025
MIN,P602,NAD,Min,Mixed Pallet,0.0000,Min Level,28 Apr 2025
MIN,P603,NAD,Min,Mixed Pallet,0.0000,Min Level,28 Apr 2025
MIN,P604,NAD,Min,Mixed Pallet,0.0000,Min Level,28 Apr 2025
MIN,P605,NAD,Min,Mixed Pallet,0.0000,Min Level,28 Apr 2025
MIN,P606,NAD,Min,Mixed Pallet,0.0000,Min Level,28 Apr 2025
MIN,P607,NAD,Min,Mixed Pallet,0.0000,Min Level,28 Apr 2025
MIN,P608,NAD,Min,Mixed Pallet,0.0000,Min Level,28 Apr 2025
MIN,P609,NAD,Min,Mixed Pallet,0.0000,Min Level,28 Apr 2025
MIN,P61,NAD,Min,Mixed Pallet,0.0000,Min Level,28 Apr 2025
MIN,P610,NAD,Min,Mixed Pallet,0.0000,Min Level,28 Apr 2025
MIN,P611,NAD,Min,Mixed Pallet,0.0000,Min Level,28 Apr 2025
MIN,P612,NAD,Min,Mixed Pallet,0.0000,Min Level,28 Apr 2025
MIN,P613,NAD,Min,Mixed Pallet,0.0000,Min Level,28 Apr 2025
MIN,P614,NAD,Min,Mixed Pallet,0.0000,Min Level,28 Apr 2025
MIN,P615,NAD,Min,Mixed Pallet,0.0000,Min Level,28 Apr 2025
MIN,P616,NAD,Min,Mixed Pallet,0.0000,Min Level,28 Apr 2025
MIN,P617,NAD,Min,Mixed Pallet,0.0000,Min Level,28 Apr 2025
MIN,P618,NAD,Min,Mixed Pallet,0.0000,Min Level,28 Apr 2025
MIN,P619,NAD,Min,Mixed Pallet,0.0000,Min Level,28 Apr 2025
MIN,P62,NAD,Min,Mixed Pallet,0.0000,Min Level,28 Apr 2025
MIN,P620,NAD,Min,Mixed Pallet,0.0000,Min Level,28 Apr 2025
MIN,P621,NAD,Min,Mixed Pallet,0.0000,Min Level,28 Apr 2025
MIN,P622,NAD,Min,Mixed Pallet,0.0000,Min Level,28 Apr 2025
MIN,P623,NAD,Min,Mixed Pallet,0.0000,Min Level,28 Apr 2025
MIN,P624,NAD,Min,Mixed Pallet,0.0000,Min Level,28 Apr 2025
MIN,P625,NAD,Min,Mixed Pallet,0.0000,Min Level,28 Apr 2025
MIN,P626,NAD,Min,Mixed Pallet,0.0000,Min Level,28 Apr 2025
MIN,P627,NAD,Min,Mixed Pallet,0.0000,Min Level,28 Apr 2025
MIN,P628,NAD,Min,Mixed Pallet,0.0000,Min Level,28 Apr 2025
MIN,P629,NAD,Min,Mixed Pallet,0.0000,Min Level,28 Apr 2025
MIN,P63,NAD,Min,Mixed Pallet,0.0000,Min Level,28 Apr 2025
MIN,P630,NAD,Min,Mixed Pallet,0.0000,Min Level,28 Apr 2025
MIN,P631,NAD,Min,Mixed Pallet,0.0000,Min Level,28 Apr 2025
MIN,P632,NAD,Min,Mixed Pallet,0.0000,Min Level,28 Apr 2025
MIN,P633,NAD,Min,Mixed Pallet,0.0000,Min Level,28 Apr 2025
MIN,P634,NAD,Min,Mixed Pallet,0.0000,Min Level,28 Apr 2025
MIN,P635,NAD,Min,Mixed Pallet,0.0000,Min Level,28 Apr 2025
MIN,P636,NAD,Min,Mixed Pallet,0.0000,Min Level,28 Apr 2025
MIN,P637,NAD,Min,Mixed Pallet,0.0000,Min Level,28 Apr 2025
MIN,P638,NAD,Min,Mixed Pallet,0.0000,Min Level,28 Apr 2025
MIN,P639,NAD,Min,Mixed Pallet,0.0000,Min Level,28 Apr 2025
MIN,P64,NAD,Min,Mixed Pallet,0.0000,Min Level,28 Apr 2025
MIN,P640,NAD,Min,Mixed Pallet,0.0000,Min Level,28 Apr 2025
MIN,P641,NAD,Min,Mixed Pallet,0.0000,Min Level,28 Apr 2025
MIN,P642,NAD,Min,Mixed Pallet,0.0000,Min Level,28 Apr 2025
MIN,P643,NAD,Min,Mixed Pallet,0.0000,Min Level,28 Apr 2025
MIN,P644,NAD,Min,Mixed Pallet,0.0000,Min Level,28 Apr 2025
MIN,P645,NAD,Min,Mixed Pallet,0.0000,Min Level,28 Apr 2025
MIN,P646,NAD,Min,Mixed Pallet,0.0000,Min Level,28 Apr 2025
MIN,P647,NAD,Min,Mixed Pallet,0.0000,Min Level,28 Apr 2025
MIN,P648,NAD,Min,Mixed Pallet,0.0000,Min Level,28 Apr 2025
MIN,P649,NAD,Min,Mixed Pallet,0.0000,Min Level,28 Apr 2025
MIN,P650,NAD,Min,Mixed Pallet,0.0000,Min Level,28 Apr 2025
MIN,P651,NAD,Min,Mixed Pallet,0.0000,Min Level,28 Apr 2025
MIN,P652,NAD,Min,Mixed Pallet,0.0000,Min Level,28 Apr 2025
MIN,P653,NAD,Min,Mixed Pallet,0.0000,Min Level,28 Apr 2025
MIN,P654,NAD,Min,Mixed Pallet,0.0000,Min Level,28 Apr 2025
MIN,P655,NAD,Min,Mixed Pallet,0.0000,Min Level,28 Apr 2025
MIN,P656,NAD,Min,Mixed Pallet,0.0000,Min Level,28 Apr 2025
MIN,P657,NAD,Min,Mixed Pallet,0.0000,Min Level,28 Apr 2025
MIN,P658,NAD,Min,Mixed Pallet,0.0000,Min Level,28 Apr 2025
MIN,P659,NAD,Min,Mixed Pallet,0.0000,Min Level,28 Apr 2025
MIN,P660,NAD,Min,Mixed Pallet,0.0000,Min Level,28 Apr 2025
MIN,P661,NAD,Min,Mixed Pallet,0.0000,Min Level,28 Apr 2025
MIN,P662,NAD,Min,Mixed Pallet,0.0000,Min Level,28 Apr 2025
MIN,P663,NAD,Min,Mixed Pallet,0.0000,Min Level,28 Apr 2025
MIN,P664,NAD,Min,Mixed Pallet,0.0000,Min Level,28 Apr 2025
MIN,P665,NAD,Min,Mixed Pallet,0.0000,Min Level,28 Apr 2025
MIN,P666,NAD,Min,Mixed Pallet,0.0000,Min Level,28 Apr 2025
MIN,P667,NAD,Min,Mixed Pallet,0.0000,Min Level,28 Apr 2025
MIN,P668,NAD,Min,Mixed Pallet,0.0000,Min Level,28 Apr 2025
MIN,P669,NAD,Min,Mixed Pallet,0.0000,Min Level,28 Apr 2025
MIN,P670,NAD,Min,Mixed Pallet,0.0000,Min Level,28 Apr 2025
MIN,P671,NAD,Min,Mixed Pallet,0.0000,Min Level,28 Apr 2025
MIN,P672,NAD,Min,Mixed Pallet,0.0000,Min Level,28 Apr 2025
MIN,P673,NAD,Min,Mixed Pallet,0.0000,Min Level,28 Apr 2025
MIN,P674,NAD,Min,Mixed Pallet,0.0000,Min Level,28 Apr 2025
MIN,P7,NAD,Min,Mixed Pallet,0.0000,Min Level,28 Apr 2025
MIN,P94,NAD,Min,Mixed Pallet,0.0000,Min Level,28 Apr 2025
MIN,P95,NAD,Min,Mixed Pallet,0.0000,Min Level,28 Apr 2025
MIN,P96,NAD,Min,Mixed Pallet,0.0000,Min Level,28 Apr 2025
MIN,1020X710UKL160-A,Kiki Bags,Min,Brown Box Liner 160G,0.0000,Min Level,28 Apr 2025
MIN,1020X710UKL160G,Kiki Bags,Min,Brown Box Liner 160G,0.0000,Min Level,28 Apr 2025
MIN,1020X710UKL175G,Kiki Bags,Min,Brown Box Liner 175G,0.0000,Min Level,28 Apr 2025
MIN,1020X710WTL175-A,Kiki Bags,Min,White Top Liner 175g,0.0000,Min Level,28 Apr 2025
MIN,1020X710WTL175-D,Kiki Bags,Min,White Top Liner 175g,0.0000,Min Level,28 Apr 2025
MIN,1020X710WTL175G-F,Kiki Bags,Min,White Top Liner 175g,0.0000,Min Level,28 Apr 2025
MIN,510X710UKLB125-A,Kiki Bags,Min,Brown Box Liner 125G,0.0000,Min Level,28 Apr 2025
MIN,510X710UKLB125-C,Kiki Bags,Min,Brown Box Liner 125G,0.0000,Min Level,28 Apr 2025
MIN,510X710UKLB125-D,Kiki Bags,Min,Brown Box Liner 125G,0.0000,Min Level,28 Apr 2025
MIN,510X710UKLB125-E,Kiki Bags,Min,Brown Box Liner 125G,0.0000,Min Level,28 Apr 2025
MIN,510X710UKLB125-G,Kiki Bags,Min,Brown Box Liner 125G,0.0000,Min Level,28 Apr 2025
MIN,600X460WTL135G-D,Kiki Bags,Min,White Top Liner 135G,0.0000,Min Level,28 Apr 2025
MIN,600X460WTL135GE,Kiki Bags,Min,White Top Liner 135G,0.0000,Min Level,28 Apr 2025
MIN,600X460WTL135G-F,Kiki Bags,Min,White Top Liner 135G,0.0000,Min Level,28 Apr 2025
MIN,600X460WTL135GG,Kiki Bags,Min,White Top Liner 135G,0.0000,Min Level,28 Apr 2025
MIN,640X640UKLB170-A,Kiki Bags,Min,Brown Box Liner 170G,0.0000,Min Level,28 Apr 2025
MIN,640X640UKLB170-B,Kiki Bags,Min,Brown Box Liner 170G,0.0000,Min Level,28 Apr 2025
MIN,640X640UKLB170-G,Kiki Bags,Min,Brown Box Liner 170G,0.0000,Min Level,28 Apr 2025
MIN,640X640WTL175G-A,Kiki Bags,Min,White Top Liner 175G,0.0000,Min Level,28 Apr 2025
MIN,640X640WTL175G-E,Kiki Bags,Min,White Top Liner 175G,0.0000,Min Level,28 Apr 2025
MIN,710X510ADV130G,Kiki Bags,Min,710X510 130G ADV White,0.0000,Min Level,28 Apr 2025
MIN,710X510WTL115G,Kiki Bags,Min,White Top Liner 115g,0.0000,Min Level,28 Apr 2025
MIN,710X510WTL115G-A,Kiki Bags,Min,White Top Liner 115g,0.0000,Min Level,28 Apr 2025
MIN,710X510WTL115G-B,Kiki Bags,Min,White Top Liner 115g,0.0000,Min Level,28 Apr 2025
MIN,710X510WTL125G-C,Kiki Bags,Min,White Top Liner 125G New Code,0.0000,Min Level,28 Apr 2025
MIN,710X510WTL125G-D,Kiki Bags,Min,White Top Liner 125G New Code,0.0000,Min Level,28 Apr 2025
MIN,710X510WTL125G-E,Kiki Bags,Min,White Top Liner 125G New Code,0.0000,Min Level,28 Apr 2025
MIN,710X510WTL135G-E,Kiki Bags,Min,white Top Liner135g,0.0000,Min Level,28 Apr 2025
MIN,710X510WTL175G-A,Kiki Bags,Min,White Top Liner 175g,0.0000,Min Level,28 Apr 2025
MIN,710X640WTL175-G,Kiki Bags,Min,White Top Liner 175G,0.0000,Min Level,28 Apr 2025
MIN,710X640WTL175G-A,Kiki Bags,Min,White Top Liner 175G,0.0000,Min Level,28 Apr 2025
MIN,710X640WTL175G-B,Kiki Bags,Min,White Top Liner 175G,0.0000,Min Level,28 Apr 2025
MIN,710X640WTL175G-C,Kiki Bags,Min,White Top Liner 175G,0.0000,Min Level,28 Apr 2025
MIN,710X640WTL175G-D,Kiki Bags,Min,White Top Liner 175G,0.0000,Min Level,28 Apr 2025
MIN,710X640WTL175G-E,Kiki Bags,Min,White Top Liner 175G,0.0000,Min Level,28 Apr 2025
MIN,710X640WTL175G-F,Kiki Bags,Min,White Top Liner 175G,0.0000,Min Level,28 Apr 2025
MIN,710X640WTL175G-G,Kiki Bags,Min,White Top Liner 175G,0.0000,Min Level,28 Apr 2025
MIN,710X640WTL175G-H,Kiki Bags,Min,White Top Liner 175G,0.0000,Min Level,28 Apr 2025
MIN,735X640WTL135G-A,Kiki Bags,Min,White Top Liner 135G,0.0000,Min Level,28 Apr 2025
MIN,800X510WTL135G,Kiki Bags,Min,White Top Liner 135G,0.0000,Min Level,28 Apr 2025
MIN,800X640WTL175G,Kiki Bags,Min,White Top Liner 175G,0.0000,Min Level,28 Apr 2025
MIN,800X640WTL175G-B,Kiki Bags,Min,White Top Liner 175G,0.0000,Min Level,28 Apr 2025
MIN,800X640WTL175G-C,Kiki Bags,Min,White Top Liner 175G,0.0000,Min Level,28 Apr 2025
MIN,885X600UKLB170G-A,Kiki Bags,Min,Brown Box Liner 170G,0.0000,Min Level,28 Apr 2025
MIN,885X600UKLB170G,Kiki Bags,Min,Brown Box Liner 170G,0.0000,Min Level,28 Apr 2025
MIN,900X600UKLB175G,Kiki Bags,Min,Brown Box Liner 175G,0.0000,Min Level,28 Apr 2025
MIN,900X600ULKB125A,Kiki Bags,Min,Brown Box Liner 125G,0.0000,Min Level,28 Apr 2025
MIN,900X600UKLB125G,Kiki Bags,Min,Brown Box Liner 125G,0.0000,Min Level,28 Apr 2025
MIN,900X600WTL135G,Kiki Bags,Min,White Top Liner 135G,0.0000,Min Level,28 Apr 2025
MIN,900X600WTL135G-B,Kiki Bags,Min,White Top Liner 135G,0.0000,Min Level,28 Apr 2025
MIN,900X600WTL135G-C,Kiki Bags,Min,White Top Liner 135G Creased,0.0000,Min Level,28 Apr 2025
MIN,900X600WTL135G-E,Kiki Bags,Min,white Top Liner 135G,0.0000,Min Level,28 Apr 2025
MIN,900X600WTL135G-F,Kiki Bags,Min,white Top Liner 135G,0.0000,Min Level,28 Apr 2025
MIN,900X600WTL135G-G,Kiki Bags,Min,white Top Liner 135G,0.0000,Min Level,28 Apr 2025
MIN,900X600WTL175G,Kiki Bags,Min,White Top Liner 175G,0.0000,Min Level,28 Apr 2025
MIN,900X600WTL175G-A,Kiki Bags,Min,White Top Liner 175G,0.0000,Min Level,28 Apr 2025
MIN,900X600WTL175G-B,Kiki Bags,Min,White Top Liner 175G,0.0000,Min Level,28 Apr 2025
MIN,900X600WTL175G-C,Kiki Bags,Min,White Top Liner 175G,0.0000,Min Level,28 Apr 2025
MIN,900X600WTL175G-D,Kiki Bags,Min,White Top Liner 175G,0.0000,Min Level,28 Apr 2025
MIN,900X600WTL175G-E,Kiki Bags,Min,White Top Liner 175G,0.0000,Min Level,28 Apr 2025
MIN,CH01FBG,LRB,Min,Elements Heater Met Conv2000wBlk/Grey BD,0.0000,Min Level,28 Apr 2025
MIN,CH-01F-R,LRB,Min,Elements Heater Convection 2000w Red,0.0000,Min Level,28 Apr 2025
MIN,CH-01F-R-A,LRB,Min,Elements Heater Convection 2000w Red BD,0.0000,Min Level,28 Apr 2025
MIN,CH-01F-R-C,LRB,Min,Elements Heater Convection 2000w Red,0.0000,Min Level,28 Apr 2025
MIN,CH-01F-R-D,LRB,Min,Elements Heater Convection 2000w Red,0.0000,Min Level,28 Apr 2025
MIN,CH-01F-W-E,LRB,Min,Elements Heater Convection 2000wWht (BD),0.0000,Min Level,28 Apr 2025
MIN,DF-150P9-7,LRB,Min,Elements Heater Oil 7FIN 1500W,0.0000,Min Level,28 Apr 2025
MIN,DF-150P97(BLACK),LRB,Min,Elements Oil Heater Black,0.0000,Min Level,28 Apr 2025
MIN,DF-150P9-7T-A,LRB,Min,ELEMENTS HEATER OIL 7FIN 1500W BD,0.0000,Min Level,28 Apr 2025
MIN,DF-150P9-7T,LRB,Min,Elements Heater 7 Fin Oil 1500w BD,0.0000,Min Level,28 Apr 2025
MIN,DF-150-7T-D,LRB,Min,Elements Heater 7 Fin Oil 1500w PD,0.0000,Min Level,28 Apr 2025
MIN,DF-200P9-9,LRB,Min,Elements Oil Heater,0.0000,Min Level,28 Apr 2025
MIN,DF-200P9-9-B,LRB,Min,Elements Heater Oil 9FIN 2000W,0.0000,Min Level,28 Apr 2025
MIN,DF-200P9-9T,LRB,Min,Elements Heater 9 Fin Oil 2000w Black,0.0000,Min Level,28 Apr 2025
MIN,DF-250P9-11-B,LRB,Min,Elements Heater Oil 11 FIN 2500W,0.0000,Min Level,28 Apr 2025
MIN,DF-250P9-11-C,LRB,Min,Elements Heater Oil 11 FIN 2500W BD,0.0000,Min Level,28 Apr 2025
MIN,DF-250P9-11T,LRB,Min,Elements Heater 11 Fin Oil 2500w,0.0000,Min Level,28 Apr 2025
MIN,DF-250P9-11T-B,LRB,Min,Elemenys Heater 11 Fin Oil 2500w,0.0000,Min Level,28 Apr 2025
MIN,DF-250P9-11T-C,LRB,Min,Elements Heater 11 Fin Oil 2500w BD,0.0000,Min Level,28 Apr 2025
MIN,DF-300P9-13T,LRB,Min,Elements Heater 13 Fin Oil 3000w BD,0.0000,Min Level,28 Apr 2025
MIN,DF-300P9-13T-A,LRB,Min,Elements Heater 13 Fin Oil 3000w Box Dam,0.0000,Min Level,28 Apr 2025
MIN,DF-300P9-13T-C,LRB,Min,Elements Heater 13 Fin Oil 3000w,0.0000,Min Level,28 Apr 2025
MIN,DF-300P9-13T-F,LRB,Min,Elements Heater 13 Fin Oil 3000w,0.0000,Min Level,28 Apr 2025
MIN,DS-12,LRB,Min,Elements Heater Halogen 1200w,0.0000,Min Level,28 Apr 2025
MIN,DS-12-A,LRB,Min,Elements Heater Halogen 1200w,0.0000,Min Level,28 Apr 2025
MIN,DS-12-B,LRB,Min,Elements Heater Halogen 1200w,0.0000,Min Level,28 Apr 2025
MIN,DS-12-C,LRB,Min,Elements Heater Halogen 1200w,0.0000,Min Level,28 Apr 2025
MIN,DS-12-D,LRB,Min,Elements Heater Halogen 1200w,0.0000,Min Level,28 Apr 2025
MIN,EF-22AME,LRB,Min,Fireplace Heater,0.0000,Min Level,28 Apr 2025
MIN,EF-22AME-A,LRB,Min,Fireplace Heater,0.0000,Min Level,28 Apr 2025
MIN,EF-22AME-B,LRB,Min,Fireplace Heater,0.0000,Min Level,28 Apr 2025
MIN,EF-22AME-C,LRB,Min,Elements Fireplace Heater,0.0000,Min Level,28 Apr 2025
MIN,FA453-IN-1,LRB,Min,Elements Fan 3IN1 High Velocity 45CM BD,0.0000,Min Level,28 Apr 2025
MIN,FE-45II-A,LRB,Min,Elements Fan High Velocity Floor 45cm,0.0000,Min Level,28 Apr 2025
MIN,FES-45,LRB,Min,Elements Fan High Velocity Pedest45cm BD,0.0000,Min Level,28 Apr 2025
MIN,FES-45-A,LRB,Min,Elements Fan High Velocity Pedest 45cm BD,0.0000,Min Level,28 Apr 2025
MIN,FES-45-C,LRB,Min,Elements Fan High Velocity Pedest45cm BD,0.0000,Min Level,28 Apr 2025
MIN,FH-04-A,LRB,Min,Elements Heater Fan 2000w,0.0000,Min Level,28 Apr 2025
MIN,FH-188A-A,LRB,Min,Elements Heater Fan 2000w Oscillating,0.0000,Min Level,28 Apr 2025
MIN,FSW-45B1,LRB,Min,Elements Fan High Velocity 3 in 1 45cmD,0.0000,Min Level,28 Apr 2025
MIN,FSW-45B1-A,LRB,Min,Elements Fan High Velocity 3 in 1 45cm,0.0000,Min Level,28 Apr 2025
MIN,FSW-45B1-B,LRB,Min,Elements Fan High Velocity 3 in1 45cm PD,0.0000,Min Level,28 Apr 2025
MIN,FSW-45B1-C,LRB,Min,Elements Fan High Velocity 3 in1 45cm BD,0.0000,Min Level,28 Apr 2025
MIN,FSW-45B1-F,LRB,Min,Elements Fan High Velocity 3 in 1 45cm,0.0000,Min Level,28 Apr 2025
MIN,FSW-45B1-H,LRB,Min,Elements Fan High Velocity 3 in1 45cm BD,0.0000,Min Level,28 Apr 2025
MIN,FSW-45B1-I,LRB,Min,Elements Fan High Velocity Box Damage,0.0000,Min Level,28 Apr 2025
MIN,FSW-45B1-L,LRB,Min,Elements Fan High Velocity Box Damaged,0.0000,Min Level,28 Apr 2025
MIN,FT30MCB,LRB,Min,Elements Fan Desk Classic 30cm Blk Chrom,0.0000,Min Level,28 Apr 2025
MIN,FT30MCR-B,LRB,Min,Elements Fan Desk Classic 30CM Red Chrom,0.0000,Min Level,28 Apr 2025
MIN,FT30MCR-C,LRB,Min,Elements Fan Desk Classic 30CM Red Chrom,0.0000,Min Level,28 Apr 2025
MIN,FT30MCR-D,LRB,Min,Elements Fan Desk Classic 30CM Red BD,0.0000,Min Level,28 Apr 2025
MIN,FT30MCW-A,LRB,Min,Elements Fan Desk Classic30cmWht Chrom BD,0.0000,Min Level,28 Apr 2025
MIN,FT30MCW-B,LRB,Min,Elements Fan Desk Classic 30cm Wht Chrom,0.0000,Min Level,28 Apr 2025
MIN,FT30MCW-C,LRB,Min,Elements Fan Desk Classic 30cm Wht Chrom,0.0000,Min Level,28 Apr 2025
MIN,FT30MCW-D,LRB,Min,Elements Fan Desk Classic 30cm Wht Chrome BD,0.0000,Min Level,28 Apr 2025
MIN,FTW1.8,LRB,Min,Table Foldable 1.8m White,0.0000,Min Level,28 Apr 2025
MIN,FTW1.8-B,LRB,Min,Table Foldable 1.8m White,0.0000,Min Level,28 Apr 2025
MIN,FTW1.8-C,LRB,Min,Table Foldable 1.8m White,0.0000,Min Level,28 Apr 2025
MIN,FTW1.8-D,LRB,Min,Table Foldable 1.8m White,0.0000,Min Level,28 Apr 2025
MIN,FTW1.8-E,LRB,Min,Table Foldable 1.8m White,0.0000,Min Level,28 Apr 2025
MIN,FTW1.8-F,LRB,Min,Table Foldable 1.8m White,0.0000,Min Level,28 Apr 2025
MIN,FTW1.8-G,LRB,Min,Table Foldable 1.8m White,0.0000,Min Level,28 Apr 2025
MIN,FTW1.8-H,LRB,Min,Table Foldable 1.8m White,0.0000,Min Level,28 Apr 2025
MIN,FTW1.8-I,LRB,Min,Table Foldable 1.8m White,0.0000,Min Level,28 Apr 2025
MIN,FTW1.8-J,LRB,Min,Table Foldable 1.8m White,0.0000,Min Level,28 Apr 2025
MIN,FTW1.8-K,LRB,Min,Table Foldable 1.8m White,0.0000,Min Level,28 Apr 2025
MIN,FTW1.8-L,LRB,Min,Table Foldable 1.8m White,0.0000,Min Level,28 Apr 2025
MIN,HH-03R,LRB,Min,Elements Heater Halogen 1200w Remote OLD,0.0000,Min Level,28 Apr 2025
MIN,HH-03R-D,LRB,Min,Elements Heater Halogen 1200w Remote Old,0.0000,Min Level,28 Apr 2025
MIN,J36009B-1L,LRB,Min,Elements Fan Ceiling 30in6 Blade Blk(BD),0.0000,Min Level,28 Apr 2025
MIN,J42005S-3L,LRB,Min,Elements Fan Ceiling 40IN5Blade S/Chr BD,0.0000,Min Level,28 Apr 2025
MIN,J42005S-3L-B,LRB,Min,Elements Fan Ceiling 40IN 5Blade S/Chrom,0.0000,Min Level,28 Apr 2025
MIN,J42005W-3L-A,LRB,Min,Elements Fan Ceiling 40IN5 Bld White BD,0.0000,Min Level,28 Apr 2025
MIN,KYT-30B,LRB,Min,Elements Box Fan 30CM Physical Damaged,0.0000,Min Level,28 Apr 2025
MIN,KYT-30B-A,LRB,Min,Elements Fan Box 30cm,0.0000,Min Level,28 Apr 2025
MIN,KYT-30B-B,LRB,Min,Elements Fan Box 30cm,0.0000,Min Level,28 Apr 2025
MIN,KYT-30B-C,LRB,Min,Elements Fan Box 30cm,0.0000,Min Level,28 Apr 2025
MIN,KYT-30B-E,LRB,Min,Elements Fan Box 30cm Old Stock,0.0000,Min Level,28 Apr 2025
MIN,KYT-30B-G,LRB,Min,Elements Fan Box 30cm Old Stock,0.0000,Min Level,28 Apr 2025
MIN,KYT-30B-L,LRB,Min,Elements Fan Box 30cm Box Damaged,0.0000,Min Level,28 Apr 2025
MIN,KYT-30B-R,LRB,Min,Elements Fan Box 30cm Box Damaged,0.0000,Min Level,28 Apr 2025
MIN,LX-2820,LRB,Min,Elements Heater Quartz 3Bar 1200w Box Damage,0.0000,Min Level,28 Apr 2025
MIN,LX-2820-A,LRB,Min,Elements Heater Quartz 3Bar 1200w,0.0000,Min Level,28 Apr 2025
MIN,LX-2820-B,LRB,Min,Elements Heater Quartz 3Bar 1200w,0.0000,Min Level,28 Apr 2025
MIN,LX-2820-C,LRB,Min,Elements Heater Quartz 3Bar 1200w,0.0000,Min Level,28 Apr 2025
MIN,M52010S-1L,LRB,Min,Elements Fan Ceiling 52IN 5Bld S/Chrome BD,0.0000,Min Level,28 Apr 2025
MIN,M52010S-1L-A,LRB,Min,Elements Fan Ceiling 52IN 5Bld S/Chrom D,0.0000,Min Level,28 Apr 2025
MIN,M52010S-1L-D,LRB,Min,Elements Fan Ceiling 52IN 5Bld S/Chrome,0.0000,Min Level,28 Apr 2025
MIN,M52010W-1L-A,LRB,Min,Elements Fan Ceiling 52IN 5 Blade Wht BD,0.0000,Min Level,28 Apr 2025
MIN,MG-5313F,LRB,Min,Elements 30cm Rechargeble Desk Fan Wht,0.0000,Min Level,28 Apr 2025
MIN,MG-5314F,LRB,Min,Elements 40cm Rechargeble Desk Fan Wht,0.0000,Min Level,28 Apr 2025
MIN,MG-5513F,LRB,Min,Elements 30cm Rechargeble Box Fan Black,0.0000,Min Level,28 Apr 2025
MIN,MG-5616F-C,LRB,Min,Elements Fan Pedest Recharge 40cm BD,0.0000,Min Level,28 Apr 2025
MIN,MG-5616F-D,LRB,Min,Elements Fan Pedest Recharge 40cm BD,0.0000,Min Level,28 Apr 2025
MIN,MHFS-40,LRB,Min,Elements Fan Pedest 40cm Wht Old,0.0000,Min Level,28 Apr 2025
MIN,MHFS-40-D,LRB,Min,Elements Fan Pedest 40cm Wht Old,0.0000,Min Level,28 Apr 2025
MIN,MHFS-40-F,LRB,Min,Elements Fan Pedest 40cm Wht,0.0000,Min Level,28 Apr 2025
MIN,MHFS-40-I,LRB,Min,Elements Fan Pedest 40cm Wht Old,0.0000,Min Level,28 Apr 2025
MIN,MHFS-40-J,LRB,Min,Elements Fan Pedest 40cm Wht,0.0000,Min Level,28 Apr 2025
MIN,MHFT-30,LRB,Min,Elements Fan Desk 30cm Wht,0.0000,Min Level,28 Apr 2025
MIN,MHFT-30-A,LRB,Min,Elements Fan Desk 30cm Wht,0.0000,Min Level,28 Apr 2025
MIN,MHFT-30-AA,LRB,Min,Elements Fan Desk 30cm Wht,0.0000,Min Level,28 Apr 2025
MIN,MHFT-30-D,LRB,Min,Elements Fan Desk 30cm Wht Old,0.0000,Min Level,28 Apr 2025
MIN,MHFT-30-F,LRB,Min,Elements Fan Desk 30cm Wht Old,0.0000,Min Level,28 Apr 2025
MIN,MHFT-30-G,LRB,Min,Elements Fan Desk 30cm Wht,0.0000,Min Level,28 Apr 2025
MIN,MHFT-30-H,LRB,Min,Elements Fan Desk 30cm Wht Old,0.0000,Min Level,28 Apr 2025
MIN,MHFT-40,LRB,Min,Elements Fan Desk 40cm Wht,0.0000,Min Level,28 Apr 2025
MIN,MHFT-40-A,LRB,Min,Elements Fan Desk 40cm Wht -Old Stock,0.0000,Min Level,28 Apr 2025
MIN,MHFT-40-D,LRB,Min,Elements Fan Desk 40cm Wht,0.0000,Min Level,28 Apr 2025
MIN,MHFT-40-I,LRB,Min,Elements Fan Desk 40cm Wht BD,0.0000,Min Level,28 Apr 2025
MIN,MH-MF40A,LRB,Min,Elements Mist Fan,0.0000,Min Level,28 Apr 2025
MIN,MH-MF40A-A,LRB,Min,Elements Mist Fan,0.0000,Min Level,28 Apr 2025
MIN,MH-MF40A-B,LRB,Min,Elements Mist Fan,0.0000,Min Level,28 Apr 2025
MIN,MH-MF40A-E,LRB,Min,Elements Mist Fan BD,0.0000,Min Level,28 Apr 2025
MIN,NSB-2820-A,LRB,Min,Elements Heater Quartz 3Bar 1200w BD,0.0000,Min Level,28 Apr 2025
MIN,NSB-2820-B,LRB,Min,Elements Heater Quartz 3Bar 1200w BD,0.0000,Min Level,28 Apr 2025
MIN,NSB-2830S,LRB,Min,Elements Heater Quartz 4Bar 1600w old BD,0.0000,Min Level,28 Apr 2025
MIN,NSB-2830S-C,LRB,Min,Elements Heater Quartz 4Bar 1600w,0.0000,Min Level,28 Apr 2025
MIN,NSB-2830S-G,LRB,Min,Elements Heater Quartz 4Bar 1600w BD,0.0000,Min Level,28 Apr 2025
MIN,NSB-2830S-H,LRB,Min,Elements Heater Quartz 4Bar 1600w PD,0.0000,Min Level,28 Apr 2025
MIN,NSB-2900-A,LRB,Min,Elements Heater Quartz 3Bar Wall Mount,0.0000,Min Level,28 Apr 2025
MIN,OTIMA108AA,LRB,Min,Otima DIY - Collapsible Crate All Black,0.0000,Min Level,28 Apr 2025
MIN,PH-08H-AC,LRB,Min,Elements Heater Wall Panel Mounting Kit,0.0000,Min Level,28 Apr 2025
MIN,PH-08H-E,LRB,Min,Elements Heater Wall Panel 400w PD,0.0000,Min Level,28 Apr 2025
MIN,PH-08H-F,LRB,Min,Elements Heater Wall Panel 400w,0.0000,Min Level,28 Apr 2025
MIN,PH-08H-H,LRB,Min,Elements Heater Wall Panel 400w,0.0000,Min Level,28 Apr 2025
MIN,PH-08H-J,LRB,Min,Elements Heater Wall Panel 400w,0.0000,Min Level,28 Apr 2025
MIN,QH-1200B,LRB,Min,Element Quartz Heater Wall Mount 1500w D,0.0000,Min Level,28 Apr 2025
MIN,QH-1200B-A,LRB,Min,Element Quartz Heater Wall Mount 1500w,0.0000,Min Level,28 Apr 2025
MIN,QH-1200B-F,LRB,Min,Element Quartz Heater Wall Mount 1500w,0.0000,Min Level,28 Apr 2025
MIN,SAMPLES,LRB,Min,Rechargeable Fan,0.0000,Min Level,28 Apr 2025
MIN,SP44-6-1L,LRB,Min,Elements Fan Ceiling Deco 110cm Satin BD,0.0000,Min Level,28 Apr 2025
MIN,SP52-3-1L,LRB,Min,Elements Fan Ceiling Deco 130cm Satin BD,0.0000,Min Level,28 Apr 2025
MIN,SPARES,Bambino,Min,Bambino Spares BAM5129,0.0000,Min Level,28 Apr 2025
MIN,SPARES-A,LRB,Min,LRB Spares,0.0000,Min Level,28 Apr 2025
MIN,SYH-1208B,LRB,Min,Elements Heater Quartz 6Bar 2400w BD,0.0000,Min Level,28 Apr 2025
MIN,SYH-1208B-A,LRB,Min,Elements Heater Quartz 6Bar 2400w,0.0000,Min Level,28 Apr 2025
MIN,SYH-1208B-AC,LRB,Min,Elements Heater Quartz 6Bar 2400w,0.0000,Min Level,28 Apr 2025
MIN,SYH-1208B-AD,LRB,Min,Elements Heater Quartz 6Bar 2400w BD,0.0000,Min Level,28 Apr 2025
MIN,SYH-1208B-B,LRB,Min,Elements Heater Quartz 6 Bar 2400w,0.0000,Min Level,28 Apr 2025
MIN,SYH-1208B-C,LRB,Min,Elements Heater Quartz 6 Bar 2400w,0.0000,Min Level,28 Apr 2025
MIN,SYH-1208B-D,LRB,Min,Elements Heater Quartz 6 Bar 2400w,0.0000,Min Level,28 Apr 2025
MIN,SYH-1208B-E,LRB,Min,Elements Heater Quartz 6Bar 2400w,0.0000,Min Level,28 Apr 2025
MIN,SYH-1208B-F,LRB,Min,Elements Heater Quartz 6Bar 2400w,0.0000,Min Level,28 Apr 2025
MIN,SYH-1208B-G,LRB,Min,Elements Heater Quartz 6Bar 2400w,0.0000,Min Level,28 Apr 2025
MIN,SYH-1208B-H,LRB,Min,Elements Heater Quartz 6Bar 2400w BD,0.0000,Min Level,28 Apr 2025
MIN,SYH-1208B-I,LRB,Min,Elements Heater Quartz 6Bar 2400w,0.0000,Min Level,28 Apr 2025
MIN,SYH-1208B-J,LRB,Min,Elements Heater Quartz 6Bar 2400w,0.0000,Min Level,28 Apr 2025
MIN,SYH-1208B-K,LRB,Min,Elements Heater Quartz 6Bar 2400w,0.0000,Min Level,28 Apr 2025
MIN,SYH-1208B-L,LRB,Min,Elements Heater Quartz 6Bar 2400w,0.0000,Min Level,28 Apr 2025
MIN,SYH-1208B-M,LRB,Min,Elements Heater Quartz 6Bar 2400w,0.0000,Min Level,28 Apr 2025
MIN,SYH-1208B-N,LRB,Min,Elements Heater Quartz 6Bar 2400w BD,0.0000,Min Level,28 Apr 2025
MIN,SYH-1208B-O,LRB,Min,Elements Heater Quartz 6Bar 2400w PH,0.0000,Min Level,28 Apr 2025
MIN,SYH-1208B-P,LRB,Min,Elements Heater Quartz 6Bar 2400w,0.0000,Min Level,28 Apr 2025
MIN,SYH-1208B-Q,LRB,Min,Elements Heater Quartz 6Bar 2400w,0.0000,Min Level,28 Apr 2025
MIN,SYH-1208B-R,LRB,Min,Elements Heater Quartz 6Bar 2400w,0.0000,Min Level,28 Apr 2025
MIN,944103,Niemann,Min,Azimut Seta Gentile Sky,0.0000,Min Level,28 Apr 2025
MIN,944515,Niemann,Min,LM09 Tranche Old America Spa,0.0000,Min Level,28 Apr 2025
MIN,944519,Niemann,Min,Washed Oak LM68 Tranche,0.0000,Min Level,28 Apr 2025
MIN,944585,Niemann,Min,Vintage LM62 Tranche Seta Glatt,0.0000,Min Level,28 Apr 2025
MIN,944595,Niemann,Min,SO21 Azimut Seta Glatt Cleaf Clay,0.0000,Min Level,28 Apr 2025
MIN,944596,Niemann,Min,SO10 Yosemite Cleaf Champagne,0.0000,Min Level,28 Apr 2025
MIN,944609,Niemann,Min,FA82 Nadis Pied De Pol Cleaf,0.0000,Min Level,28 Apr 2025
MIN,944610,Niemann,Min,FA97 Candotti Cleaf,0.0000,Min Level,28 Apr 2025
MIN,944766,Niemann,Min,LR17 Sable Bagnola,0.0000,Min Level,28 Apr 2025
MIN,944835,Niemann,Min,Spa Carb II,0.0000,Min Level,28 Apr 2025
MIN,944836,Niemann,Min,ST9 Span Carb II,0.0000,Min Level,28 Apr 2025
MIN,947213,Niemann,Min,Polygloss U741 Lava,0.0000,Min Level,28 Apr 2025
MIN,947470,Niemann,Min,PMP SR DFI U1200 19 Flower,0.0000,Min Level,28 Apr 2025
MIN,948017,Niemann,Min,Polymatt H3031 Dark Olive,0.0000,Min Level,28 Apr 2025
MIN,948150,Niemann,Min,Piano Matt 0 5 Titanuim,0.0000,Min Level,28 Apr 2025
MIN,948218,Niemann,Min,MMP SR R5673 19 Narkassa Auslauf,0.0000,Min Level,28 Apr 2025
MIN,970303,Niemann,Min,H3734 ST9 Walnut,0.0000,Min Level,28 Apr 2025
MIN,990021,Niemann,Min,U12168 Sahara Gloss,0.0000,Min Level,28 Apr 2025
MIN,990023,Niemann,Min,U12290XG Anthrazit,0.0000,Min Level,28 Apr 2025
MIN,990024,Niemann,Min,U10227 Icy White Matt,0.0000,Min Level,28 Apr 2025
MIN,990030,Niemann,Min,U1191 XG Congo VV Top Valet,0.0000,Min Level,28 Apr 2025
MIN,990031,Niemann,Min,U16002 Graubraun Matt,0.0000,Min Level,28 Apr 2025
MIN,990040,Niemann,Min,Glaks Panel MDF 20MM Real 67 Gloss,0.0000,Min Level,28 Apr 2025
MIN,990047,Niemann,Min,R20029RU Grey Lance Oak Rustic,0.0000,Min Level,28 Apr 2025
MIN,990061,Niemann,Min,R30011 Madison Walnut Gloss,0.0000,Min Level,28 Apr 2025
MIN,990064,Niemann,Min,U11026 Lazer Warm White Matt,0.0000,Min Level,28 Apr 2025
MIN,944103A,Niemann,Min,Azimut Seta Gentile Sky,0.0000,Min Level,28 Apr 2025
MIN,944515A,Niemann,Min,LM09 Tranche Old America Spa,0.0000,Min Level,28 Apr 2025
MIN,944515B,Niemann,Min,LM09 Tranche Old America Spa,0.0000,Min Level,28 Apr 2025
MIN,944585A,Niemann,Min,Vintage LM62 Tranche Seta Glatt,0.0000,Min Level,28 Apr 2025
MIN,944585B,Niemann,Min,Vintage LM62 Tranche Seta Glatt,0.0000,Min Level,28 Apr 2025
MIN,944595A,Niemann,Min,SO21 Azimut Seta Glatt Cleaf Clay,0.0000,Min Level,28 Apr 2025
MIN,944595B,Niemann,Min,SO21 Azimut Seta Glatt Cleaf Clay,0.0000,Min Level,28 Apr 2025
MIN,944595C,Niemann,Min,SO21 Azimut Seta Glatt Cleaf Clay,0.0000,Min Level,28 Apr 2025
MIN,944595D,Niemann,Min,SO21 Azimut Seta Glatt Cleaf Clay,0.0000,Min Level,28 Apr 2025
MIN,944596A,Niemann,Min,SO10 Yosemite Cleaf Champagne,0.0000,Min Level,28 Apr 2025
MIN,944596B,Niemann,Min,SO10 Yosemite Cleaf Champagne,0.0000,Min Level,28 Apr 2025
MIN,944596C,Niemann,Min,SO10 Yosemite Cleaf Champagne,0.0000,Min Level,28 Apr 2025
MIN,944596D,Niemann,Min,SO10 Yosemite Cleaf Champagne,0.0000,Min Level,28 Apr 2025
MIN,944766B,Niemann,Min,LR17 Sable Bagnola,0.0000,Min Level,28 Apr 2025
MIN,944835B,Niemann,Min,Spa Carb II,0.0000,Min Level,28 Apr 2025
MIN,944836A,Niemann,Min,ST9 Span Carb II,0.0000,Min Level,28 Apr 2025
MIN,948218A,Niemann,Min,MMP SR R5673 19 Narkassa Auslauf,0.0000,Min Level,28 Apr 2025
MIN,970118A,Niemann,Min,FA33 Light Brown Leather,0.0000,Min Level,28 Apr 2025
MIN,970118B,Niemann,Min,FA33 Light Brown Leather,0.0000,Min Level,28 Apr 2025
MIN,990020A,Niemann,Min,U10227 Icy White Gloss,0.0000,Min Level,28 Apr 2025
MIN,990020B,Niemann,Min,U10227 Icy White Gloss,0.0000,Min Level,28 Apr 2025
MIN,990020C,Niemann,Min,U10227 Icy White Gloss,0.0000,Min Level,28 Apr 2025
MIN,990020D,Niemann,Min,U10227 Icy White Gloss,0.0000,Min Level,28 Apr 2025
MIN,990023A,Niemann,Min,U12290 Basalt Gloss,0.0000,Min Level,28 Apr 2025
MIN,990024A,Niemann,Min,U10227 Icy White Matt,0.0000,Min Level,28 Apr 2025
MIN,990024B,Niemann,Min,U10227 Icy White Matt,0.0000,Min Level,28 Apr 2025
MIN,990024C,Niemann,Min,U10227 Icy White Matt,0.0000,Min Level,28 Apr 2025
MIN,990024D,Niemann,Min,U10227 Icy White Matt,0.0000,Min Level,28 Apr 2025
MIN,990024E,Niemann,Min,U10227 Icy White Matt,0.0000,Min Level,28 Apr 2025
MIN,990025B,Niemann,Min,U12290 Basalt Matt,0.0000,Min Level,28 Apr 2025
MIN,990025C,Niemann,Min,U12290 Basalt Matt,0.0000,Min Level,28 Apr 2025
MIN,990025E,Niemann,Min,U12290 Basalt Matt,0.0000,Min Level,28 Apr 2025
MIN,990027B,Niemann,Min,U12188 Light Grey Matt,0.0000,Min Level,28 Apr 2025
MIN,990030A,Niemann,Min,U1191 XG Congo VV Top Valet,0.0000,Min Level,28 Apr 2025
MIN,990031A,Niemann,Min,U16002 Graubraun Matt,0.0000,Min Level,28 Apr 2025
MIN,990045A,Niemann,Min,U12000 Black Matt,0.0000,Min Level,28 Apr 2025
MIN,990045B,Niemann,Min,U12000 Black Matt,0.0000,Min Level,28 Apr 2025
MIN,990064A,Niemann,Min,U11026 Lazer Warm White Matt,0.0000,Min Level,28 Apr 2025
MIN,990064B,Niemann,Min,U11026 Crystal White,0.0000,Min Level,28 Apr 2025
MIN,990064C,Niemann,Min,U11026 Crystal White XT Matt (Warm White),0.0000,Min Level,28 Apr 2025
MIN,2.05.1217,Niemann,Min,Alcorpo 1 White ZA Plug Bainomy,0.0000,Min Level,28 Apr 2025
MIN,2.06.1112CN-A,Bianomy,Min,AL-1112S Glueboard Alcopro1,0.0000,Min Level,28 Apr 2025
MIN,2.06.8200,Bianomy,Min,Multilayer Universal - Clear Film,0.0000,Min Level,28 Apr 2025
MIN,2.06.8200-A,Bianomy,Min,Multilayer Universal - Clear Film,0.0000,Min Level,28 Apr 2025
MIN,2.07.2000,Bianomy,Min,Stomoxys - Trap,0.0000,Min Level,28 Apr 2025
MIN,2.14.8201,Bianomy,Min,AL-082M Glueboard Universal Multilayer,0.0000,Min Level,28 Apr 2025
MIN,2.14.8201-B,Bianomy,Min,AL-082M Glueboard Universal Multilayer,0.0000,Min Level,28 Apr 2025
MIN,10+00+10,Kiki Trading,Min,10+00+10 Greenmaster Liquid,0.0000,Min Level,28 Apr 2025
MIN,10+00+10A,Kiki Trading,Min,10+00+10 Greenmaster Liquid,0.0000,Min Level,28 Apr 2025
MIN,12+04+06,Kiki Trading,Min,12+04+06 Greenmaster Liquid,0.0000,Min Level,28 Apr 2025
MIN,12+04+06B,Kiki Trading,Min,12+04+06 Greenmaster Liquid 17/01/2025,0.0000,Min Level,28 Apr 2025
MIN,15-00-26C,Kiki Trading,Min,15-00-26 Sierraform GT latest 09-05-24,0.0000,Min Level,28 Apr 2025
MIN,15+00+43A,Kiki Trading,Min,15+00+43 Sportsmaster,0.0000,Min Level,28 Apr 2025
MIN,15-00-26,Kiki Trading,Min,15-00-26 Sierraform GT New Stock,0.0000,Min Level,28 Apr 2025
MIN,15-00-26B,Kiki Trading,Min,15-00-26 Sierraform GT 17/01/2025,0.0000,Min Level,28 Apr 2025
MIN,18+06+18,Kiki Trading,Min,18+06+18 Sierraform GT latest 17/01/25,0.0000,Min Level,28 Apr 2025
MIN,18+06+18-D,Kiki Trading,Min,18+06+18 Sierraform GT latest 17/01/25,0.0000,Min Level,28 Apr 2025
MIN,18+22+05-A,Kiki Trading,Min,18+22+05 Sierraform GT latest 17-01-2025,0.0000,Min Level,28 Apr 2025
MIN,18-22-05,Kiki Trading,Min,18+22+05 Sierraform GT,0.0000,Min Level,28 Apr 2025
MIN,19+00+19,Kiki Trading,Min,19+00+19 Sierraform GT New Stock,0.0000,Min Level,28 Apr 2025
MIN,19+00+19A,Kiki Trading,Min,19+00+19 Sierraform GT 07/02/2025,0.0000,Min Level,28 Apr 2025
MIN,19+00+19B,Kiki Trading,Min,19+00+19 Sierraform GT 07/02/2025,0.0000,Min Level,28 Apr 2025
MIN,20+00+07,Kiki Trading,Min,20+00+07 Proturf NEW 17/01/2025,0.0000,Min Level,28 Apr 2025
MIN,20+00+07-B,Kiki Trading,Min,20+00+07 Proturf NEW 17/01/2025,0.0000,Min Level,28 Apr 2025
MIN,20+00+07-C,Kiki Trading,Min,20+00+07 Proturf latest 12-11-2024,0.0000,Min Level,28 Apr 2025
MIN,20+00+07-D,Kiki Trading,Min,20+00+07 Proturf latest 12-11-2024,0.0000,Min Level,28 Apr 2025
MIN,20+00+07-E,Kiki Trading,Min,20+00+07 Proturf latest 12-11-2024,0.0000,Min Level,28 Apr 2025
MIN,20+00+07-F,Kiki Trading,Min,20+00+07 Proturf latest 06/03/2025,0.0000,Min Level,28 Apr 2025
MIN,20+00+07-G,Kiki Trading,Min,20+00+07 Proturf latest 12-11-2024,0.0000,Min Level,28 Apr 2025
MIN,20+00+07-H,Kiki Trading,Min,20+00+07 Proturf latest 12-11-2024,0.0000,Min Level,28 Apr 2025
MIN,20+00+07-I,Kiki Trading,Min,20+00+07 Proturf latest 12-11-2024,0.0000,Min Level,28 Apr 2025
MIN,20+00+07-J,Kiki Trading,Min,20+00+07 Proturf latest 12-11-2024,0.0000,Min Level,28 Apr 2025
MIN,20+00+07-K,Kiki Trading,Min,20+00+07 Proturf latest 12-11-2024,0.0000,Min Level,28 Apr 2025
MIN,20+00+07-L,Kiki Trading,Min,20+00+07 Proturf latest 12-11-2024,0.0000,Min Level,28 Apr 2025
MIN,20+00+07-M,Kiki Trading,Min,20+00+07 Proturf latest 12-11-2024,0.0000,Min Level,28 Apr 2025
MIN,22+05+11,Kiki Trading,Min,22+05+11 Sierraform GT 17/01/2025,0.0000,Min Level,28 Apr 2025
MIN,22+05+11B,Kiki Trading,Min,22+05+11 Sierraform GT New Stock,0.0000,Min Level,28 Apr 2025
MIN,22+05+11C,Kiki Trading,Min,22+05+11 Sierraform GT 07/02/2025,0.0000,Min Level,28 Apr 2025
MIN,22+05+11D,Kiki Trading,Min,22+05+11 Sierraform GT 07/02/2025,0.0000,Min Level,28 Apr 2025
MIN,35+00+14B,Kiki Trading,Min,35+00+14 Sportsmaster,0.0000,Min Level,28 Apr 2025
MIN,KIKIBOXES,Kiki Trading,Min,Kiki Trading Empty Boxes 20KG,0.0000,Min Level,28 Apr 2025
MIN,STEP-A,Kiki Trading,Min,Step Hi Mag latest 6/9/23,0.0000,Min Level,28 Apr 2025
MIN,STEP-D,Kiki Trading,Min,Step Hi Mag latest 09-05-24,0.0000,Min Level,28 Apr 2025
MIN,STEP-E,Kiki Trading,Min,Step Hi Mag latest 09-05-24,0.0000,Min Level,28 Apr 2025
MIN,CACS599-A,Bambino,Min,Stylo Car Seat - Black/Sliver,0.0000,Min Level,28 Apr 2025
MIN,CACS599-B,Bambino,Min,Stylo Car Seat - Black/Sliver,0.0000,Min Level,28 Apr 2025
MIN,CACS599-C,Bambino,Min,Stylo Car Seat - Black/Sliver,0.0000,Min Level,28 Apr 2025
MIN,CACS599-E,Bambino,Min,Stylo Car Seat - Black/Sliver,0.0000,Min Level,28 Apr 2025
MIN,CACS599-F,Bambino,Min,Stylo Car Seat - Black/Sliver,0.0000,Min Level,28 Apr 2025
MIN,CACS599-J,Bambino,Min,Stylo Car Seat - Black/Sliver,0.0000,Min Level,28 Apr 2025
MIN,CACS599-L,Bambino,Min,Stylo Car Seat - Black/Sliver,0.0000,Min Level,28 Apr 2025
MIN,CACS606,Bambino,Min,ETNA 360 Isofix (FR01),0.0000,Min Level,28 Apr 2025
MIN,HCBM384,Bambino,Min,Candy High Chair Midnight,0.0000,Min Level,28 Apr 2025
MIN,HCBM390,Bambino,Min,Pesto High Fern,0.0000,Min Level,28 Apr 2025
MIN,HCBM390-B,Bambino,Min,Pesto High Fern,0.0000,Min Level,28 Apr 2025
MIN,HCBM390-C,Bambino,Min,Pesto High Fern,0.0000,Min Level,28 Apr 2025
MIN,HCBM390-G,Bambino,Min,Pesto High Fern,0.0000,Min Level,28 Apr 2025
MIN,HCBM391-A,Bambino,Min,Pesto High Chair Lava,0.0000,Min Level,28 Apr 2025
MIN,HCBM391-B,Bambino,Min,Pesto High Chair Lava,0.0000,Min Level,28 Apr 2025
MIN,HCBM391-E,Bambino,Min,Pesto High Chair Lava,0.0000,Min Level,28 Apr 2025
MIN,HCBM391-F,Bambino,Min,Pesto High Chair Lava,0.0000,Min Level,28 Apr 2025
MIN,HCBM391-G,Bambino,Min,Pesto High Chair Lava,0.0000,Min Level,28 Apr 2025
MIN,STTS828-B,Bambino,Min,Muze LX Travel System - Coal,0.0000,Min Level,28 Apr 2025
MIN,STTS828-C,Bambino,Min,Muze LX Travel System - Coal,0.0000,Min Level,28 Apr 2025
MIN,STTS828-E,Bambino,Min,Muze LX Travel System - Coal,0.0000,Min Level,28 Apr 2025
MIN,TCBS381,Bambino,Min,Sweetdreams Mocha Melange Campcot,0.0000,Min Level,28 Apr 2025
MIN,TCBS400,Bambino,Min,Side By Side Playard,0.0000,Min Level,28 Apr 2025
MIN,TCBS400-A,Bambino,Min,Side By Side Playard,0.0000,Min Level,28 Apr 2025
MIN,TCBS400-B,Bambino,Min,Side By Side Playard,0.0000,Min Level,28 Apr 2025
MIN,TCBS400-C,Bambino,Min,Side By Side Playard,0.0000,Min Level,28 Apr 2025
MIN,TCBS400-D,Bambino,Min,Side By Side Playard,0.0000,Min Level,28 Apr 2025
MIN,TCBS400-E,Bambino,Min,Side By Side Playard,0.0000,Min Level,28 Apr 2025
MIN,TCBS400-F,Bambino,Min,Side By Side Playard,0.0000,Min Level,28 Apr 2025
MIN,WACB026,Bambino,Min,Activity Walker Turquoise,0.0000,Min Level,28 Apr 2025
MIN,WACB026-A,Bambino,Min,Activity Walker Turquoise,0.0000,Min Level,28 Apr 2025
MIN,WACB026-B,Bambino,Min,Activity Walker Turquoise,0.0000,Min Level,28 Apr 2025
MIN,WACB026-C,Bambino,Min,Activity Walker Turquoise,0.0000,Min Level,28 Apr 2025
MIN,WACB026-D,Bambino,Min,Activity Walker Turquoise,0.0000,Min Level,28 Apr 2025
MIN,WACB026-E,Bambino,Min,Activity Walker Turquoise,0.0000,Min Level,28 Apr 2025
MIN,WACB026-G,Bambino,Min,Activity Walker Turquoise,0.0000,Min Level,28 Apr 2025
MIN,WACB029,Bambino,Min,F1 Racer Walker Black,0.0000,Min Level,28 Apr 2025
MIN,ACGS248-J,Bambino,Min,Safety Gate Extentions 7cm,0.0000,Min Level,28 Apr 2025
MIN,ACGS248-K,Bambino,Min,Safety Gate Extentions 7cm,0.0000,Min Level,28 Apr 2025
MIN,ACGS248-L,Bambino,Min,Safety Gate Extentions 7cm,0.0000,Min Level,28 Apr 2025
MIN,ACGS248-N,Bambino,Min,Safety Gate Extentions 7cm,0.0000,Min Level,28 Apr 2025
MIN,ACTT101,Bambino,Min,Step Toilet Trainer,0.0000,Min Level,28 Apr 2025
MIN,BF2416D,Hygizone,Min,Wall Hung Toilet White Samples,0.0000,Min Level,28 Apr 2025
MIN,BF2418D,Hygizone,Min,Wall Hung Toilet White Samples,0.0000,Min Level,28 Apr 2025
MIN,HC411-AA,Hygizone,Min,Hygizone Concealed Cistern (Spout Frame),0.0000,Min Level,28 Apr 2025
MIN,HC411-AB,Hygizone,Min,Hygizone Concealed Cistern (Spout Frame),0.0000,Min Level,28 Apr 2025
MIN,HC411-AC,Hygizone,Min,Hygizone Concealed Cistern (Spout Frame),0.0000,Min Level,28 Apr 2025
MIN,HC411-AD,Hygizone,Min,Hygizone Concealed Cistern (Spout Frame),0.0000,Min Level,28 Apr 2025
MIN,HC411-AE,Hygizone,Min,Hygizone Concealed Cistern (Spout Frame),0.0000,Min Level,28 Apr 2025
MIN,HC411-AF,Hygizone,Min,Hygizone Concealed Cistern (Spout Frame),0.0000,Min Level,28 Apr 2025
MIN,HC411-AG,Hygizone,Min,Hygizone Concealed Cistern (Spout Frame),0.0000,Min Level,28 Apr 2025
MIN,HC411-AI,Hygizone,Min,Hygizone Concealed Cistern (Spout Frame),0.0000,Min Level,28 Apr 2025
MIN,HC411-AJ,Hygizone,Min,Hygizone Concealed Cistern (Spout Frame),0.0000,Min Level,28 Apr 2025
MIN,HC411-AK,Hygizone,Min,Hygizone Concealed Cistern (Spout Frame),0.0000,Min Level,28 Apr 2025
MIN,HC411-AM,Hygizone,Min,Hygizone Concealed Cistern (Spout Frame),0.0000,Min Level,28 Apr 2025
MIN,HC411-D,Hygizone,Min,Hygizone Concealed Cistern (Spout Frame),0.0000,Min Level,28 Apr 2025
MIN,HC411-G,Hygizone,Min,Hygizone Concealed Cistern (Spout Frame),0.0000,Min Level,28 Apr 2025
MIN,HC411-H,Hygizone,Min,Hygizone Concealed Cistern (Spout Frame),0.0000,Min Level,28 Apr 2025
MIN,HC411-I,Hygizone,Min,Hygizone Concealed Cistern (Spout Frame),0.0000,Min Level,28 Apr 2025
MIN,HC411-J,Hygizone,Min,Hygizone Concealed Cistern (Spout Frame),0.0000,Min Level,28 Apr 2025
MIN,HC411-K,Hygizone,Min,Hygizone Concealed Cistern (Spout Frame),0.0000,Min Level,28 Apr 2025
MIN,HC411-L,Hygizone,Min,Hygizone Concealed Cistern (Spout Frame),0.0000,Min Level,28 Apr 2025
MIN,HC411-M,Hygizone,Min,Hygizone Concealed Cistern (Spout Frame),0.0000,Min Level,28 Apr 2025
MIN,HC421,Hygizone,Min,Hygizone Touchless Concealed Cistern,0.0000,Min Level,28 Apr 2025
MIN,HC421A,Hygizone,Min,Hygizone Touchless Concealed Cistern,0.0000,Min Level,28 Apr 2025
MIN,HC421B,Hygizone,Min,Hygizone Touchless Concealed Cistern,0.0000,Min Level,28 Apr 2025
MIN,HC421C,Hygizone,Min,Hygizone Touchless Concealed Cistern,0.0000,Min Level,28 Apr 2025
MIN,HC701,Hygizone,Min,Hygizone Touchless Low Level Dual Flush,0.0000,Min Level,28 Apr 2025
MIN,HC701-A,Hygizone,Min,Hygizone Touchless Low Level Dual Flush,0.0000,Min Level,28 Apr 2025
MIN,HC701-B,Hygizone,Min,Hygizone Touchless Low Level Dual Flush,0.0000,Min Level,28 Apr 2025
MIN,HC701C,Hygizone,Min,Hygizone Touchless Low Level Dual Flush,0.0000,Min Level,28 Apr 2025
MIN,HC701-C,Hygizone,Min,Hygizone Touchless Low Level Dual Flush,0.0000,Min Level,28 Apr 2025
MIN,HC701-D,Hygizone,Min,Hygizone Touchless Low Level Dual Flush,0.0000,Min Level,28 Apr 2025
MIN,HC701-E,Hygizone,Min,Hygizone Touchless Low Level Dual Flush,0.0000,Min Level,28 Apr 2025
MIN,HC701-F,Hygizone,Min,Hygizone Touchless Low Level Dual Flush,0.0000,Min Level,28 Apr 2025
MIN,HC701-G,Hygizone,Min,Hygizone Touchless Low Level Dual Flush,0.0000,Min Level,28 Apr 2025
MIN,HC701-H,Hygizone,Min,Hygizone Touchless Low Level Dual Flush,0.0000,Min Level,28 Apr 2025
MIN,HC701-I,Hygizone,Min,Hygizone Touchless Low Level Dual Flush,0.0000,Min Level,28 Apr 2025
MIN,HFU101,Hygizone,Min,Hygizone Urinal Sensor,0.0000,Min Level,28 Apr 2025
MIN,HP100-A,Hygizone,Min,Hygizone Actuator - White Plate,0.0000,Min Level,28 Apr 2025
MIN,HP300-A,Hygizone,Min,Hygizone Actuator -Black Plate,0.0000,Min Level,28 Apr 2025
MIN,HP400A,Hygizone,Min,Hygizone Actuator- Black Glass plate,0.0000,Min Level,28 Apr 2025
MIN,HP400B,Hygizone,Min,Hygizone Actuator- Black Glass plate,0.0000,Min Level,28 Apr 2025
MIN,HP400C,Hygizone,Min,Hygizone Actuator- Black Glass plate,0.0000,Min Level,28 Apr 2025
MIN,HP405-B,Hygizone,Min,Hygizone Actuator- White Glass Plate,0.0000,Min Level,28 Apr 2025
MIN,HP600,Hygizone,Min,Hygizone Actuator - Stainless Steel,0.0000,Min Level,28 Apr 2025
MIN,HP705,Hygizone,Min,Hygizone Actuator -Matt Chrome,0.0000,Min Level,28 Apr 2025
MIN,HTS211,Hygizone,Min,Hygizone Sensor Faucet,0.0000,Min Level,28 Apr 2025
MIN,HTS211A,Hygizone,Min,Hygizone Sensor Faucet,0.0000,Min Level,28 Apr 2025
MIN,HWH22,Hygizone,Min,Wall Hung Toilet White,0.0000,Min Level,28 Apr 2025
MIN,HWH22&HWH32-A,Hygizone,Min,Seat Cover,0.0000,Min Level,28 Apr 2025
MIN,HWH22-A,Hygizone,Min,Wall Hung Toilet White,0.0000,Min Level,28 Apr 2025
MIN,HWH22-C,Hygizone,Min,Wall Hung Toilet White,0.0000,Min Level,28 Apr 2025
MIN,HWH22-D,Hygizone,Min,Wall Hung Toilet White,0.0000,Min Level,28 Apr 2025
MIN,HWH32,Hygizone,Min,Wall Hung Toilet White,0.0000,Min Level,28 Apr 2025
MIN,HWH32-A,Hygizone,Min,Wall Hung Toilet White,0.0000,Min Level,28 Apr 2025
MIN,HWH32-B,Hygizone,Min,Wall Hung Toilet White,0.0000,Min Level,28 Apr 2025
MIN,HWH32-C,Hygizone,Min,Wall Hung Toilet White,0.0000,Min Level,28 Apr 2025
MIN,HWH32-D,Hygizone,Min,Wall Hung Toilet White,0.0000,Min Level,28 Apr 2025
MIN,HWH32-E,Hygizone,Min,Wall Hung Toilet White,0.0000,Min Level,28 Apr 2025
MIN,HWH42-C,Hygizone,Min,Toilet Bowls,0.0000,Min Level,28 Apr 2025
MIN,HWH42-D,Hygizone,Min,Toilet Bowls,0.0000,Min Level,28 Apr 2025
MIN,HWH42-E,Hygizone,Min,Toilet Bowls,0.0000,Min Level,28 Apr 2025
MIN,HWH42-F,Hygizone,Min,Toilet Bowls,0.0000,Min Level,28 Apr 2025
MIN,HWH42-G,Hygizone,Min,Toilet Bowls,0.0000,Min Level,28 Apr 2025
MIN,HWH42-S,Hygizone,Min,Toilet Seats Cover,0.0000,Min Level,28 Apr 2025
MIN,SCREW,Hygizone,Min,Hygizone Screws,0.0000,Min Level,28 Apr 2025
MIN,CV_1265_15A,KMS,Min,Crayvallac-1265 Damaged Bag,0.0000,Min Level,28 Apr 2025
MIN,MAXIAL-310-A,KMS,Min,Refactory Bricks,0.0000,Min Level,28 Apr 2025
MIN,MAXIAL-310-A0,KMS,Min,Refactory Bricks,0.0000,Min Level,28 Apr 2025
MIN,MAXIAL-310-AA,KMS,Min,Refactory Bricks,0.0000,Min Level,28 Apr 2025
MIN,MAXIAL-310-AB,KMS,Min,Refactory Bricks,0.0000,Min Level,28 Apr 2025
MIN,MAXIAL-310-AC,KMS,Min,Refactory Bricks,0.0000,Min Level,28 Apr 2025
MIN,MAXIAL-310-AD,KMS,Min,Refactory Bricks,0.0000,Min Level,28 Apr 2025
MIN,MAXIAL-310-AE,KMS,Min,Refactory Bricks,0.0000,Min Level,28 Apr 2025
MIN,MAXIAL-310-AF,KMS,Min,Refactory Bricks,0.0000,Min Level,28 Apr 2025
MIN,MAXIAL-310-AG,KMS,Min,Refactory Bricks,0.0000,Min Level,28 Apr 2025
MIN,MAXIAL-310-AH,KMS,Min,Refactory Bricks,0.0000,Min Level,28 Apr 2025
MIN,MAXIAL-310-AI,KMS,Min,Refactory Bricks,0.0000,Min Level,28 Apr 2025
MIN,MAXIAL-310-AJ,KMS,Min,Refactory Bricks,0.0000,Min Level,28 Apr 2025
MIN,MAXIAL-310-AK,KMS,Min,Refactory Bricks,0.0000,Min Level,28 Apr 2025
MIN,MAXIAL-310-AL,KMS,Min,Refactory Bricks,0.0000,Min Level,28 Apr 2025
MIN,MAXIAL-310-AM,KMS,Min,Refactory Bricks,0.0000,Min Level,28 Apr 2025
MIN,MAXIAL-310-AN,KMS,Min,Refactory Bricks,0.0000,Min Level,28 Apr 2025
MIN,MAXIAL-310-AP,KMS,Min,Refactory Bricks,0.0000,Min Level,28 Apr 2025
MIN,MAXIAL-310-AQ,KMS,Min,Refactory Bricks,0.0000,Min Level,28 Apr 2025
MIN,MAXIAL-310-AR,KMS,Min,Refactory Bricks,0.0000,Min Level,28 Apr 2025
MIN,MAXIAL-310-AS,KMS,Min,Refactory Bricks,0.0000,Min Level,28 Apr 2025
MIN,MAXIAL-310-AT,KMS,Min,Refactory Bricks,0.0000,Min Level,28 Apr 2025
MIN,MAXIAL-310-AU,KMS,Min,Refactory Bricks,0.0000,Min Level,28 Apr 2025
MIN,MAXIAL-310-AV,KMS,Min,Refactory Bricks,0.0000,Min Level,28 Apr 2025
MIN,MAXIAL-310-AW,KMS,Min,Refactory Bricks,0.0000,Min Level,28 Apr 2025
MIN,MAXIAL-310-AX,KMS,Min,Refactory Bricks,0.0000,Min Level,28 Apr 2025
MIN,MAXIAL-310-AY,KMS,Min,Refactory Bricks,0.0000,Min Level,28 Apr 2025
MIN,MAXIAL-310-AZ,KMS,Min,Refactory Bricks,0.0000,Min Level,28 Apr 2025
MIN,MAXIAL-310-B,KMS,Min,Refactory Bricks,0.0000,Min Level,28 Apr 2025
MIN,MAXIAL-310-BA,KMS,Min,Refactory Bricks,0.0000,Min Level,28 Apr 2025
MIN,MAXIAL-310-BB,KMS,Min,Refactory Bricks,0.0000,Min Level,28 Apr 2025
MIN,MAXIAL-310-BC,KMS,Min,Refactory Bricks,0.0000,Min Level,28 Apr 2025
MIN,MAXIAL-310-BD,KMS,Min,Refactory Bricks,0.0000,Min Level,28 Apr 2025
MIN,MAXIAL-310-BE,KMS,Min,Refactory Bricks,0.0000,Min Level,28 Apr 2025
MIN,MAXIAL-310-BF,KMS,Min,Refactory Bricks,0.0000,Min Level,28 Apr 2025
MIN,MAXIAL-310-BG,KMS,Min,Refactory Bricks,0.0000,Min Level,28 Apr 2025
MIN,MAXIAL-310-BH,KMS,Min,Refactory Bricks,0.0000,Min Level,28 Apr 2025
MIN,MAXIAL-310-BI,KMS,Min,Refactory Bricks,0.0000,Min Level,28 Apr 2025
MIN,MAXIAL-310-BJ,KMS,Min,Refactory Bricks,0.0000,Min Level,28 Apr 2025
MIN,MAXIAL-310-BK,KMS,Min,Refactory Bricks,0.0000,Min Level,28 Apr 2025
MIN,MAXIAL-310-BL,KMS,Min,Refactory Bricks,0.0000,Min Level,28 Apr 2025
MIN,MAXIAL-310-BM,KMS,Min,Refactory Bricks,0.0000,Min Level,28 Apr 2025
MIN,MAXIAL-310-BN,KMS,Min,Refactory Bricks,0.0000,Min Level,28 Apr 2025
MIN,MAXIAL-310-BO,KMS,Min,Refactory Bricks,0.0000,Min Level,28 Apr 2025
MIN,MAXIAL-310-BP,KMS,Min,Refactory Bricks,0.0000,Min Level,28 Apr 2025
MIN,MAXIAL-310-BQ,KMS,Min,Refactory Bricks,0.0000,Min Level,28 Apr 2025
MIN,MAXIAL-310-BR,KMS,Min,Refactory Bricks,0.0000,Min Level,28 Apr 2025
MIN,MAXIAL-310-BS,KMS,Min,Refactory Bricks,0.0000,Min Level,28 Apr 2025
MIN,MAXIAL-310-BT,KMS,Min,Refactory Bricks,0.0000,Min Level,28 Apr 2025
MIN,MAXIAL-310-BU,KMS,Min,Refactory Bricks,0.0000,Min Level,28 Apr 2025
MIN,MAXIAL-310-BV,KMS,Min,Refactory Bricks,0.0000,Min Level,28 Apr 2025
MIN,MAXIAL-310-BW,KMS,Min,Refactory Bricks,0.0000,Min Level,28 Apr 2025
MIN,MAXIAL-310-BX,KMS,Min,Refactory Bricks,0.0000,Min Level,28 Apr 2025
MIN,MAXIAL-310-BY,KMS,Min,Refactory Bricks,0.0000,Min Level,28 Apr 2025
MIN,MAXIAL-310-BZ,KMS,Min,Refactory Bricks,0.0000,Min Level,28 Apr 2025
MIN,MAXIAL-310-C,KMS,Min,Refactory Bricks,0.0000,Min Level,28 Apr 2025
MIN,MAXIAL-310-CA,KMS,Min,Refactory Bricks,0.0000,Min Level,28 Apr 2025
MIN,MAXIAL-310-CB,KMS,Min,Refactory Bricks,0.0000,Min Level,28 Apr 2025
MIN,MAXIAL-310-CC,KMS,Min,Refactory Bricks,0.0000,Min Level,28 Apr 2025
MIN,MAXIAL-310-CD,KMS,Min,Refactory Bricks,0.0000,Min Level,28 Apr 2025
MIN,MAXIAL-310-CE,KMS,Min,Refactory Bricks,0.0000,Min Level,28 Apr 2025
MIN,MAXIAL-310-CF,KMS,Min,Refactory Bricks,0.0000,Min Level,28 Apr 2025
MIN,MAXIAL-310-CG,KMS,Min,Refactory Bricks,0.0000,Min Level,28 Apr 2025
MIN,MAXIAL-310-CH,KMS,Min,Refactory Bricks,0.0000,Min Level,28 Apr 2025
MIN,MAXIAL-310-CI,KMS,Min,Refactory Bricks,0.0000,Min Level,28 Apr 2025
MIN,MAXIAL-310-CJ,KMS,Min,Refactory Bricks,0.0000,Min Level,28 Apr 2025
MIN,MAXIAL-310-CK,KMS,Min,Refactory Bricks,0.0000,Min Level,28 Apr 2025
MIN,MAXIAL-310-CL,KMS,Min,Refactory Bricks,0.0000,Min Level,28 Apr 2025
MIN,MAXIAL-310-CM,KMS,Min,Refactory Bricks,0.0000,Min Level,28 Apr 2025
MIN,MAXIAL-310-CN,KMS,Min,Refactory Bricks,0.0000,Min Level,28 Apr 2025
MIN,MAXIAL-310-CO,KMS,Min,Refactory Bricks,0.0000,Min Level,28 Apr 2025
MIN,MAXIAL-310-CP,KMS,Min,Refactory Bricks,0.0000,Min Level,28 Apr 2025
MIN,MAXIAL-310-CQ,KMS,Min,Refactory Bricks,0.0000,Min Level,28 Apr 2025
MIN,MAXIAL-310-CR,KMS,Min,Refactory Bricks,0.0000,Min Level,28 Apr 2025
MIN,MAXIAL-310-CS,KMS,Min,Refactory Bricks,0.0000,Min Level,28 Apr 2025
MIN,MAXIAL-310-CT,KMS,Min,Refactory Bricks,0.0000,Min Level,28 Apr 2025
MIN,MAXIAL-310-CU,KMS,Min,Refactory Bricks,0.0000,Min Level,28 Apr 2025
MIN,MAXIAL-310-CV,KMS,Min,Refactory Bricks,0.0000,Min Level,28 Apr 2025
MIN,MAXIAL-310-CW,KMS,Min,Refactory Bricks,0.0000,Min Level,28 Apr 2025
MIN,MAXIAL-310-CX,KMS,Min,Refactory Bricks,0.0000,Min Level,28 Apr 2025
MIN,MAXIAL-310-CY,KMS,Min,Refactory Bricks,0.0000,Min Level,28 Apr 2025
MIN,MAXIAL-310-CZ,KMS,Min,Refactory Bricks,0.0000,Min Level,28 Apr 2025
MIN,MAXIAL-310-D,KMS,Min,Refactory Bricks,0.0000,Min Level,28 Apr 2025
MIN,MAXIAL-310-DA,KMS,Min,Refactory Bricks,0.0000,Min Level,28 Apr 2025
MIN,MAXIAL-310-DB,KMS,Min,Refactory Bricks,0.0000,Min Level,28 Apr 2025
MIN,MAXIAL-310-DC,KMS,Min,Refactory Bricks,0.0000,Min Level,28 Apr 2025
MIN,MAXIAL-310-DD,KMS,Min,Refactory Bricks,0.0000,Min Level,28 Apr 2025
MIN,MAXIAL-310-DE,KMS,Min,Refactory Bricks,0.0000,Min Level,28 Apr 2025
MIN,MAXIAL-310-DF,KMS,Min,Refactory Bricks,0.0000,Min Level,28 Apr 2025
MIN,MAXIAL-310-DG,KMS,Min,Refactory Bricks,0.0000,Min Level,28 Apr 2025
MIN,MAXIAL-310-DH,KMS,Min,Refactory Bricks,0.0000,Min Level,28 Apr 2025
MIN,MAXIAL-310-DI,KMS,Min,Refactory Bricks,0.0000,Min Level,28 Apr 2025
MIN,MAXIAL-310-DJ,KMS,Min,Refactory Bricks,0.0000,Min Level,28 Apr 2025
MIN,MAXIAL-310-DK,KMS,Min,Refactory Bricks,0.0000,Min Level,28 Apr 2025
MIN,MAXIAL-310-DL,KMS,Min,Refactory Bricks,0.0000,Min Level,28 Apr 2025
MIN,MAXIAL-310-DM,KMS,Min,Refactory Bricks,0.0000,Min Level,28 Apr 2025
MIN,MAXIAL-310-DN,KMS,Min,Refactory Bricks,0.0000,Min Level,28 Apr 2025
MIN,MAXIAL-310-DO,KMS,Min,Refactory Bricks,0.0000,Min Level,28 Apr 2025
MIN,MAXIAL-310-DP,KMS,Min,Refactory Bricks,0.0000,Min Level,28 Apr 2025
MIN,MAXIAL-310-DQ,KMS,Min,Refactory Bricks,0.0000,Min Level,28 Apr 2025
MIN,MAXIAL-310-DR,KMS,Min,Refactory Bricks,0.0000,Min Level,28 Apr 2025
MIN,MAXIAL-310-DS,KMS,Min,Refactory Bricks,0.0000,Min Level,28 Apr 2025
MIN,MAXIAL-310-DT,KMS,Min,Refactory Bricks,0.0000,Min Level,28 Apr 2025
MIN,MAXIAL-310-DU,KMS,Min,Refactory Bricks,0.0000,Min Level,28 Apr 2025
MIN,MAXIAL-310-DV,KMS,Min,Refactory Bricks,0.0000,Min Level,28 Apr 2025
MIN,MAXIAL-310-DW,KMS,Min,Refactory Bricks,0.0000,Min Level,28 Apr 2025
MIN,MAXIAL-310-DX,KMS,Min,Refactory Bricks,0.0000,Min Level,28 Apr 2025
MIN,MAXIAL-310-DY,KMS,Min,Refactory Bricks,0.0000,Min Level,28 Apr 2025
MIN,MAXIAL-310-DZ,KMS,Min,Refactory Bricks,0.0000,Min Level,28 Apr 2025
MIN,MAXIAL-310-E,KMS,Min,Refactory Bricks,0.0000,Min Level,28 Apr 2025
MIN,MAXIAL-310-EA,KMS,Min,Refactory Bricks,0.0000,Min Level,28 Apr 2025
MIN,MAXIAL-310-EB,KMS,Min,Refactory Bricks,0.0000,Min Level,28 Apr 2025
MIN,MAXIAL-310-EC,KMS,Min,Refactory Bricks,0.0000,Min Level,28 Apr 2025
MIN,MAXIAL-310-ED,KMS,Min,Refactory Bricks,0.0000,Min Level,28 Apr 2025
MIN,MAXIAL-310-EE,KMS,Min,Refactory Bricks,0.0000,Min Level,28 Apr 2025
MIN,MAXIAL-310-EF,KMS,Min,Refactory Bricks,0.0000,Min Level,28 Apr 2025
MIN,MAXIAL-310-EG,KMS,Min,Refactory Bricks,0.0000,Min Level,28 Apr 2025
MIN,MAXIAL-310-EH,KMS,Min,Refactory Bricks,0.0000,Min Level,28 Apr 2025
MIN,MAXIAL-310-EI,KMS,Min,Refactory Bricks,0.0000,Min Level,28 Apr 2025
MIN,MAXIAL-310-EJ,KMS,Min,Refactory Bricks,0.0000,Min Level,28 Apr 2025
MIN,MAXIAL-310-EK,KMS,Min,Refactory Bricks,0.0000,Min Level,28 Apr 2025
MIN,MAXIAL-310-EL,KMS,Min,Refactory Bricks,0.0000,Min Level,28 Apr 2025
MIN,MAXIAL-310-EM,KMS,Min,Refactory Bricks,0.0000,Min Level,28 Apr 2025
MIN,MAXIAL-310-EN,KMS,Min,Refactory Bricks,0.0000,Min Level,28 Apr 2025
MIN,MAXIAL-310-EO,KMS,Min,Refactory Bricks,0.0000,Min Level,28 Apr 2025
MIN,MAXIAL-310-EP,KMS,Min,Refactory Bricks,0.0000,Min Level,28 Apr 2025
MIN,MAXIAL-310-EQ,KMS,Min,Refactory Bricks,0.0000,Min Level,28 Apr 2025
MIN,MAXIAL-310-ER,KMS,Min,Refactory Bricks,0.0000,Min Level,28 Apr 2025
MIN,MAXIAL-310-ES,KMS,Min,Refactory Bricks,0.0000,Min Level,28 Apr 2025
MIN,MAXIAL-310-ET,KMS,Min,Refactory Bricks,0.0000,Min Level,28 Apr 2025
MIN,MAXIAL-310-EU,KMS,Min,Refactory Bricks,0.0000,Min Level,28 Apr 2025
MIN,MAXIAL-310-EV,KMS,Min,Refactory Bricks,0.0000,Min Level,28 Apr 2025
MIN,MAXIAL-310-EW,KMS,Min,Refactory Bricks,0.0000,Min Level,28 Apr 2025
MIN,MAXIAL-310-EX,KMS,Min,Refactory Bricks,0.0000,Min Level,28 Apr 2025
MIN,MAXIAL-310-EY,KMS,Min,Refactory Bricks,0.0000,Min Level,28 Apr 2025
MIN,MAXIAL-310-EZ,KMS,Min,Refactory Bricks,0.0000,Min Level,28 Apr 2025
MIN,MAXIAL-310-F,KMS,Min,Refactory Bricks,0.0000,Min Level,28 Apr 2025
MIN,MAXIAL-310-FA,KMS,Min,Refactory Bricks,0.0000,Min Level,28 Apr 2025
MIN,MAXIAL-310-FB,KMS,Min,Refactory Bricks,0.0000,Min Level,28 Apr 2025
MIN,MAXIAL-310-FC,KMS,Min,Refactory Bricks,0.0000,Min Level,28 Apr 2025
MIN,MAXIAL-310-FD,KMS,Min,Refactory Bricks,0.0000,Min Level,28 Apr 2025
MIN,MAXIAL-310-FE,KMS,Min,Refactory Bricks,0.0000,Min Level,28 Apr 2025
MIN,MAXIAL-310-FF,KMS,Min,Refactory Bricks,0.0000,Min Level,28 Apr 2025
MIN,MAXIAL-310-FG,KMS,Min,Refactory Bricks,0.0000,Min Level,28 Apr 2025
MIN,MAXIAL-310-FH,KMS,Min,Refactory Bricks,0.0000,Min Level,28 Apr 2025
MIN,MAXIAL-310-FI,KMS,Min,Refactory Bricks,0.0000,Min Level,28 Apr 2025
MIN,MAXIAL-310-FJ,KMS,Min,Refactory Bricks,0.0000,Min Level,28 Apr 2025
MIN,MAXIAL-310-FK,KMS,Min,Refactory Bricks,0.0000,Min Level,28 Apr 2025
MIN,MAXIAL-310-FL,KMS,Min,Refactory Bricks,0.0000,Min Level,28 Apr 2025
MIN,MAXIAL-310-FM,KMS,Min,Refactory Bricks,0.0000,Min Level,28 Apr 2025
MIN,MAXIAL-310-FN,KMS,Min,Refactory Bricks,0.0000,Min Level,28 Apr 2025
MIN,MAXIAL-310-FO,KMS,Min,Refactory Bricks,0.0000,Min Level,28 Apr 2025
MIN,MAXIAL-310-FP,KMS,Min,Refactory Bricks,0.0000,Min Level,28 Apr 2025
MIN,MAXIAL-310-FQ,KMS,Min,Refactory Bricks,0.0000,Min Level,28 Apr 2025
MIN,MAXIAL-310-FR,KMS,Min,Refactory Bricks,0.0000,Min Level,28 Apr 2025
MIN,MAXIAL-310-FS,KMS,Min,Refactory Bricks,0.0000,Min Level,28 Apr 2025
MIN,MAXIAL-310-FT,KMS,Min,Refactory Bricks,0.0000,Min Level,28 Apr 2025
MIN,MAXIAL-310-FU,KMS,Min,Refactory Bricks,0.0000,Min Level,28 Apr 2025
MIN,MAXIAL-310-FV,KMS,Min,Refactory Bricks,0.0000,Min Level,28 Apr 2025
MIN,MAXIAL-310-FW,KMS,Min,Refactory Bricks,0.0000,Min Level,28 Apr 2025
MIN,MAXIAL-310-FX,KMS,Min,Refactory Bricks,0.0000,Min Level,28 Apr 2025
MIN,MAXIAL-310-G,KMS,Min,Refactory Bricks,0.0000,Min Level,28 Apr 2025
MIN,MAXIAL-310-H,KMS,Min,Refactory Bricks,0.0000,Min Level,28 Apr 2025
MIN,MAXIAL-310-I,KMS,Min,Refactory Bricks,0.0000,Min Level,28 Apr 2025
MIN,MAXIAL-310-J,KMS,Min,Refactory Bricks,0.0000,Min Level,28 Apr 2025
MIN,MAXIAL-310-K,KMS,Min,Refactory Bricks,0.0000,Min Level,28 Apr 2025
MIN,MAXIAL-310-L,KMS,Min,Refactory Bricks,0.0000,Min Level,28 Apr 2025
MIN,MAXIAL-310-M,KMS,Min,Refactory Bricks,0.0000,Min Level,28 Apr 2025
MIN,MAXIAL-310-N,KMS,Min,Refactory Bricks,0.0000,Min Level,28 Apr 2025
MIN,MAXIAL-310-O,KMS,Min,Refactory Bricks,0.0000,Min Level,28 Apr 2025
MIN,MAXIAL-310-P,KMS,Min,Refactory Bricks,0.0000,Min Level,28 Apr 2025
MIN,MAXIAL-310-Q,KMS,Min,Refactory Bricks,0.0000,Min Level,28 Apr 2025
MIN,MAXIAL-310-R,KMS,Min,Refactory Bricks,0.0000,Min Level,28 Apr 2025
MIN,MAXIAL-310-S,KMS,Min,Refactory Bricks,0.0000,Min Level,28 Apr 2025
MIN,MAXIAL-310-U,KMS,Min,Refactory Bricks,0.0000,Min Level,28 Apr 2025
MIN,MAXIAL-310-V,KMS,Min,Refactory Bricks,0.0000,Min Level,28 Apr 2025
MIN,MAXIAL-310-W,KMS,Min,Refactory Bricks,0.0000,Min Level,28 Apr 2025
MIN,MAXIAL-310-X,KMS,Min,Refactory Bricks,0.0000,Min Level,28 Apr 2025
MIN,MAXIAL-310-Y,KMS,Min,Refactory Bricks,0.0000,Min Level,28 Apr 2025
MIN,MAXIAL-310-Z,KMS,Min,Refactory Bricks,0.0000,Min Level,28 Apr 2025
MIN,FSW-45B1-M,LRB,Min,Elements Fan High Velocity Box Damaged,0.0000,Min Level,28 Apr 2025
MIN,KYT-30B-D,LRB,Min,Elements Fan Box 30cm Old Box Damage,0.0000,Min Level,28 Apr 2025
MIN,KYT-30B-H,LRB,Min,Elements Fan Box 30cm -Box Damage Old,0.0000,Min Level,28 Apr 2025
MIN,MHFS-40-C,LRB,Min,Elements Fan Pedest 40cm Wht BD-Old,0.0000,Min Level,28 Apr 2025
MIN,MHFT-30-E,LRB,Min,Elements Fan Desk 30cm Wht PH,0.0000,Min Level,28 Apr 2025
MIN,WACB026-F,Bambino,Min,Activity Walker Turquoise,0.0000,Min Level,28 Apr 2025
MIN,HPE100,Hygizone,Min,Hygizone Acuator Touchless Glass Black,0.0000,Min Level,28 Apr 2025
MIN,MAXIAL-310-GA,KMS,Min,Refectory Bricks,0.0000,Min Level,28 Apr 2025
MIN,MAXIAL-310-GB,KMS,Min,Refectory Bricks,0.0000,Min Level,28 Apr 2025
MIN,MAXIAL-310-GC,KMS,Min,Refectory Bricks,0.0000,Min Level,28 Apr 2025
MIN,MAXIAL-310-GD,KMS,Min,Refectory Bricks,0.0000,Min Level,28 Apr 2025
MIN,MAXIAL-310-GE,KMS,Min,Refectory Bricks,0.0000,Min Level,28 Apr 2025
MIN,MAXIAL-310-GF,KMS,Min,Refectory Bricks,0.0000,Min Level,28 Apr 2025
MIN,MAXIAL-310-GG,KMS,Min,Refectory Bricks,0.0000,Min Level,28 Apr 2025
MIN,MAXIAL-310-GH,KMS,Min,Refectory Bricks,0.0000,Min Level,28 Apr 2025
MIN,MAXIAL-310-GI,KMS,Min,Refectory Bricks,0.0000,Min Level,28 Apr 2025
MIN,MAXIAL-310-GJ,KMS,Min,Refectory Bricks,0.0000,Min Level,28 Apr 2025
MIN,MAXIAL-310-GK,KMS,Min,Refectory Bricks,0.0000,Min Level,28 Apr 2025
MIN,MAXIAL-310-GL,KMS,Min,Refectory Bricks,0.0000,Min Level,28 Apr 2025
MIN,MAXIAL-310-GM,KMS,Min,Refectory Bricks,0.0000,Min Level,28 Apr 2025
MIN,MAXIAL-310-GN,KMS,Min,Refectory Bricks,0.0000,Min Level,28 Apr 2025
MIN,MAXIAL-310-GO,KMS,Min,Refectory Bricks,0.0000,Min Level,28 Apr 2025
MIN,MAXIAL-310-GP,KMS,Min,Refectory Bricks,0.0000,Min Level,28 Apr 2025
MIN,MAXIAL-310-GQ,KMS,Min,Refectory Bricks,0.0000,Min Level,28 Apr 2025
MIN,MAXILA-310-GR,KMS,Min,Refectory Bricks,0.0000,Min Level,28 Apr 2025
MIN,MAXIAL-310-GS,KMS,Min,Refectory Bricks,0.0000,Min Level,28 Apr 2025
MIN,MAXIAL-310-GT,KMS,Min,Refectory Bricks,0.0000,Min Level,28 Apr 2025
MIN,MAXIAL-310-GU,KMS,Min,Refectory Bricks,0.0000,Min Level,28 Apr 2025
MIN,MAXIAL-310-GV,KMS,Min,Refectory Bricks,0.0000,Min Level,28 Apr 2025
MIN,MAXIAL-310-GW,KMS,Min,Refectory Bricks,0.0000,Min Level,28 Apr 2025
MIN,MAXIAL-310-GX,KMS,Min,Refectory Bricks,0.0000,Min Level,28 Apr 2025
MIN,MAXIAL-310-GY,KMS,Min,Refectory Bricks,0.0000,Min Level,28 Apr 2025
MIN,MAXIAL-310-GZ,KMS,Min,Refectory Bricks,0.0000,Min Level,28 Apr 2025
MIN,MAXIAL-310-HR,KMS,Min,Refectory Bricks,0.0000,Min Level,28 Apr 2025
MIN,FH-188A-B,LRB,Min,Elements Heater Fan Physical Damage,0.0000,Min Level,28 Apr 2025
MIN,DF-150P97-7(BLACK,LRB,Min,Element Heater 7 Fin Black,0.0000,Min Level,28 Apr 2025
MIN,FSW-45B1-K,LRB,Min,Elements Fan High Velocity Box Damaged,0.0000,Min Level,28 Apr 2025
MIN,CH-01F-BG,LRB,Min,Elements Heater Convection 2000w,0.0000,Min Level,28 Apr 2025
MIN,FSW-45B1-N,LRB,Min,Elements Fan High Velocity,0.0000,Min Level,28 Apr 2025
MIN,MG-5616F-A,LRB,Min,Elements Fan Pedest Recharge 40cm BD,0.0000,Min Level,28 Apr 2025
MIN,HH-03R-A,LRB,Min,Elements Heater Halogen 1200w,0.0000,Min Level,28 Apr 2025
MIN,FT30MCB-E,LRB,Min,Elements Fan Desk Classic 30cm Black Chro BD,0.0000,Min Level,28 Apr 2025
MIN,MHFT-40-C,LRB,Min,Elements Fan Desk 40cm Wht DB,0.0000,Min Level,28 Apr 2025
MIN,MG-5616-E,LRB,Min,Elements Fan Pedest Recharge 40cm BD,0.0000,Min Level,28 Apr 2025
MIN,MHFS-40-A,LRB,Min,Elements Fan Padest 40cm white old,0.0000,Min Level,28 Apr 2025
MIN,Yarn Twist,Kiki Bags,Min,Paper Yarn Twist Brown,0.0000,Min Level,28 Apr 2025
MIN,710x510ADV 130g,Kiki Bags,Min,ADV White 120G,0.0000,Min Level,28 Apr 2025
MIN,PH-08H-AC-A,LRB,Min,Elements Heater Wall Panel Mounting Kit,0.0000,Min Level,28 Apr 2025
MIN,900X600WTL135G-I,Kiki Bags,Min,White Top Liner 135G,0.0000,Min Level,28 Apr 2025
MIN,900X600WTL 135G,Kiki Bags,Min,White Top Liner135G,0.0000,Min Level,28 Apr 2025
MIN,900X600WTL135-F,Kiki Bags,Min,White Top Liner 135G,0.0000,Min Level,28 Apr 2025
MIN,900X600WTL135GG,Kiki Bags,Min,White Top Liner 135G,0.0000,Min Level,28 Apr 2025
MIN,900X600WTL135G-H,Kiki Bags,Min,White Top Liner 135G,0.0000,Min Level,28 Apr 2025
MIN,CACS599,Bambino,Min,Stylo Black Car Seat,0.0000,Min Level,28 Apr 2025
MIN,CACS599-D,Bambino,Min,Stylo Black Car Seat,0.0000,Min Level,28 Apr 2025
MIN,CACS599-G,Bambino,Min,Stylo Car Seat - Black/Sliver,0.0000,Min Level,28 Apr 2025
MIN,CACS599-H,Bambino,Min,Stylo Black Car Seat,0.0000,Min Level,28 Apr 2025
MIN,CACS599-I,Bambino,Min,Stylo Black Car Seat,0.0000,Min Level,28 Apr 2025
MIN,CACS599-M,Bambino,Min,Stylo Black Car Seat,0.0000,Min Level,28 Apr 2025
MIN,MAXIAL-130-HQ,KMS,Min,Refactory Bricks,0.0000,Min Level,28 Apr 2025
MIN,CACS599-K,Bambino,Min,Stylo Car Seat - Black/Sliver,0.0000,Min Level,28 Apr 2025
MIN,CACS604,Bambino,Min,I Rotate 360 Graphite,0.0000,Min Level,28 Apr 2025
MIN,SPARES-B,Bambino,Min,Bambino Spares Parts BAM5126,0.0000,Min Level,28 Apr 2025
MIN,710X510WTL135G-F,Kiki Bags,Min,White Top Liner 135g,0.0000,Min Level,28 Apr 2025
MIN,710X510WTL135G-G,Kiki Bags,Min,White Top Liner 135g,0.0000,Min Level,28 Apr 2025
MIN,710X510WTL135G-H,Kiki Bags,Min,White Top Liner 135g,0.0000,Min Level,28 Apr 2025
MIN,710X510WTL135G-I,Kiki Bags,Min,White Top Liner 135g,0.0000,Min Level,28 Apr 2025
MIN,710X510WTL135G-J,Kiki Bags,Min,White Top Liner 135g,0.0000,Min Level,28 Apr 2025
MIN,710X510WTL135G-K,Kiki Bags,Min,White Top Liner 135g,0.0000,Min Level,28 Apr 2025
MIN,CACS604-B,Bambino,Min,I Rotate 360 Graphite,0.0000,Min Level,28 Apr 2025
MIN,CACS604-C,Bambino,Min,I Rotate 360 Graphite,0.0000,Min Level,28 Apr 2025
MIN,CACS604-D,Bambino,Min,I Rotate 360 Graphite,0.0000,Min Level,28 Apr 2025
MIN,CACS604-E,Bambino,Min,I Rotate 360 Graphite,0.0000,Min Level,28 Apr 2025
MIN,WACB028,Bambino,Min,Icon Plus Walker Grey,0.0000,Min Level,28 Apr 2025
MIN,WACB029-A,Bambino,Min,F1 Racer Walker,0.0000,Min Level,28 Apr 2025
MIN,WACB030,Bambino,Min,2 in 1 Walker Rocker Turquoise,0.0000,Min Level,28 Apr 2025
MIN,WACB026-I,Bambino,Min,Activity walker Turqouise,0.0000,Min Level,28 Apr 2025
MIN,SPARES-C,Bambino,Min,Spares BAM5115,0.0000,Min Level,28 Apr 2025
MIN,WACB029-C,Bambino,Min,F1 Racer Walker,0.0000,Min Level,28 Apr 2025
MIN,WACB029-B,Bambino,Min,F1 Racer Walker,0.0000,Min Level,28 Apr 2025
MIN,WACB029-D,Bambino,Min,F1 Racer Walker,0.0000,Min Level,28 Apr 2025
MIN,WACB030-C,Bambino,Min,2 in 1 Walker Rocker,0.0000,Min Level,28 Apr 2025
MIN,WACB030-D,Bambino,Min,2 in 1 Walker Rocker,0.0000,Min Level,28 Apr 2025
MIN,WACB030-E,Bambino,Min,2 in 1 Walker Rocker,0.0000,Min Level,28 Apr 2025
MIN,WACB030-F,Bambino,Min,2 in 1 Walker Rocker,0.0000,Min Level,28 Apr 2025
MIN,WACB030-G,Bambino,Min,2 in 1 Walker Rocker,0.0000,Min Level,28 Apr 2025
MIN,WACB030-H,Bambino,Min,2 in 1 Walker Rocker,0.0000,Min Level,28 Apr 2025
MIN,WACB030-I,Bambino,Min,2 in 1 Walker Rocker,0.0000,Min Level,28 Apr 2025
MIN,WACB030-J,Bambino,Min,2 in 1 Walker Rocker,0.0000,Min Level,28 Apr 2025
MIN,WACB030-K,Bambino,Min,2 in 1 Walker Rocker,0.0000,Min Level,28 Apr 2025
MIN,WACB030-L,Bambino,Min,2 in 1 Walker Rocker,0.0000,Min Level,28 Apr 2025
MIN,WACBO30-M,Bambino,Min,2 in 1 Walker Rocker,0.0000,Min Level,28 Apr 2025
MIN,WACB030-N,Bambino,Min,2 in 1 Walker Rocker,0.0000,Min Level,28 Apr 2025
MIN,WACB030-O,Bambino,Min,2 in 1 Walker Rocker,0.0000,Min Level,28 Apr 2025
MIN,WACB030-P,Bambino,Min,2 in 1 Walker Rocker,0.0000,Min Level,28 Apr 2025
MIN,WACB030-Q,Bambino,Min,2 in 1 Walker Rocker,0.0000,Min Level,28 Apr 2025
MIN,WACB030-R,Bambino,Min,2 in 1 Walker Rocker,0.0000,Min Level,28 Apr 2025
MIN,WACB030-S,Bambino,Min,2 in 1 Walker Rocker,0.0000,Min Level,28 Apr 2025
MIN,WACB030-T,Bambino,Min,2 in 1 Walker Rocker,0.0000,Min Level,28 Apr 2025
MIN,WACB030-U,Bambino,Min,2 in 1 Walker Rocker,0.0000,Min Level,28 Apr 2025
MIN,WACB030-V,Bambino,Min,2 in 1 Walker Rocker,0.0000,Min Level,28 Apr 2025
MIN,WACB029-E,Bambino,Min,F1 Racer Walker,0.0000,Min Level,28 Apr 2025
MIN,WACB029-F,Bambino,Min,F1 Racer Walker,0.0000,Min Level,28 Apr 2025
MIN,WACB029-G,Bambino,Min,F1 Racer Walker,0.0000,Min Level,28 Apr 2025
MIN,WACB029-I,Bambino,Min,F1 Racer Walker,0.0000,Min Level,28 Apr 2025
MIN,WACB029-J,Bambino,Min,F1 Racer Walker,0.0000,Min Level,28 Apr 2025
MIN,WACB029-K,Bambino,Min,F1 Racer Walker,0.0000,Min Level,28 Apr 2025
MIN,WACB029-L,Bambino,Min,F1 Racer Walker,0.0000,Min Level,28 Apr 2025
MIN,WACB029-M,Bambino,Min,F1 Racer Walker,0.0000,Min Level,28 Apr 2025
MIN,WACB029-N,Bambino,Min,F1 Racer Walker,0.0000,Min Level,28 Apr 2025
MIN,WACB029-O,Bambino,Min,F1 Racer Walker,0.0000,Min Level,28 Apr 2025
MIN,WACB029-P,Bambino,Min,F1 Racer Walker,0.0000,Min Level,28 Apr 2025
MIN,WACB029-Q,Bambino,Min,F1 Racer Walker,0.0000,Min Level,28 Apr 2025
MIN,WACB029-S,Bambino,Min,F1 Racer Walker,0.0000,Min Level,28 Apr 2025
MIN,WACB029-T,Bambino,Min,F1 Racer Walker,0.0000,Min Level,28 Apr 2025
MIN,WACB029-U,Bambino,Min,F1 Racer Walker,0.0000,Min Level,28 Apr 2025
MIN,WACB029-V,Bambino,Min,F1 Racer Walker,0.0000,Min Level,28 Apr 2025
MIN,WACB029-W,Bambino,Min,F1 Racer Walker,0.0000,Min Level,28 Apr 2025
MIN,WACB029-X,Bambino,Min,F1 Racer Walker,0.0000,Min Level,28 Apr 2025
MIN,WACB029-Y,Bambino,Min,F1 Racer Walker,0.0000,Min Level,28 Apr 2025
MIN,WACB029-Z,Bambino,Min,F1 Racer Walker,0.0000,Min Level,28 Apr 2025
MIN,WACB026-M,Bambino,Min,Activity walker Turqouise,0.0000,Min Level,28 Apr 2025
MIN,P682,NAD,Min,Mixed Pallet,0.0000,Min Level,28 Apr 2025
MIN,P681,NAD,Min,Mixed Pallet,0.0000,Min Level,28 Apr 2025
MIN,P683,NAD,Min,Mixed Pallet,0.0000,Min Level,28 Apr 2025
MIN,P684,NAD,Min,Mixed Pallet,0.0000,Min Level,28 Apr 2025
MIN,P680,NAD,Min,Mixed Pallet,0.0000,Min Level,28 Apr 2025
MIN,LEGRAL35 -A,KMS,Min,Factory Bricks,0.0000,Min Level,28 Apr 2025
MIN,LAGRAL35-B,KMS,Min,Factory Bricks,0.0000,Min Level,28 Apr 2025
MIN,LUGRAL35-C,KMS,Min,Factory Bricks,0.0000,Min Level,28 Apr 2025
MIN,LEGRAL35-D,KMS,Min,Factory Bricks,0.0000,Min Level,28 Apr 2025
MIN,RUBINAL-R1-G,KMS,Min,Factory Bricks,0.0000,Min Level,28 Apr 2025
MIN,RUBINAL-R1-F,KMS,Min,Factory Bricks,0.0000,Min Level,28 Apr 2025
MIN,RUBINAL-R1-E,KMS,Min,Factory Bricks,0.0000,Min Level,28 Apr 2025
MIN,RUBINAL-R1-H,KMS,Min,Factory Bricks,0.0000,Min Level,28 Apr 2025
MIN,RUBINAL-R1-I,KMS,Min,Factory Bricks,0.0000,Min Level,28 Apr 2025
MIN,RUBINAL-R1-J,KMS,Min,Factory Bricks,0.0000,Min Level,28 Apr 2025
MIN,RUBINAL-R1-K,KMS,Min,Factory Bricks,0.0000,Min Level,28 Apr 2025
MIN,RUBINAL-R1-L,KMS,Min,Factory Bricks,0.0000,Min Level,28 Apr 2025
MIN,RUBINAL-R1-M,KMS,Min,Factory Bricks,0.0000,Min Level,28 Apr 2025
MIN,RUBINAL-R1-N,KMS,Min,Factory Bricks,0.0000,Min Level,28 Apr 2025
MIN,RUBINAL-R1-O,KMS,Min,Factory Bricks,0.0000,Min Level,28 Apr 2025
MIN,RUBINAL-R1-P,KMS,Min,Factory Bricks,0.0000,Min Level,28 Apr 2025
MIN,RUBINAL-R1-Q,KMS,Min,Factory Bricks,0.0000,Min Level,28 Apr 2025
MIN,RUBINAL-R1-R,KMS,Min,Factory Bricks,0.0000,Min Level,28 Apr 2025
MIN,RUBINAL-R1-S,KMS,Min,Factory Bricks,0.0000,Min Level,28 Apr 2025
MIN,RABINAL-35-T,KMS,Min,Factory Bricks,0.0000,Min Level,28 Apr 2025
MIN,RUBINAL-R1,KMS,Min,Factory Bricks,0.0000,Min Level,28 Apr 2025
MIN,RUBINAL-R1-U,KMS,Min,Factory Bricks,0.0000,Min Level,28 Apr 2025
MIN,RUBINAL-R1-W,KMS,Min,Factory Bricks,0.0000,Min Level,28 Apr 2025
MIN,RUBINAL-R1-X,KMS,Min,Factory Bricks,0.0000,Min Level,28 Apr 2025
MIN,RUBINAL-R1-Y,KMS,Min,Factory Bricks,0.0000,Min Level,28 Apr 2025
MIN,RUBINAL-R1-Z,KMS,Min,Factory Bricks,0.0000,Min Level,28 Apr 2025
MIN,RUBINAL-R1-AA,KMS,Min,Factory Bricks,0.0000,Min Level,28 Apr 2025
MIN,RUBINAL-R1-AB,KMS,Min,Factory Bricks,0.0000,Min Level,28 Apr 2025
MIN,RUBINAL-R1-AC,KMS,Min,Factory Bricks,0.0000,Min Level,28 Apr 2025
MIN,RUBINAL-R1-AD,KMS,Min,Factory Bricks,0.0000,Min Level,28 Apr 2025
MIN,RUBINAL-R1-AE,KMS,Min,Factory Bricks,0.0000,Min Level,28 Apr 2025
MIN,RUBINAL-R1-AF,KMS,Min,Factory Bricks,0.0000,Min Level,28 Apr 2025
MIN,RUBINAL-R1-AG,KMS,Min,Factory Bricks,0.0000,Min Level,28 Apr 2025
MIN,RUBINAL-R1-AH,KMS,Min,Factory Bricks,0.0000,Min Level,28 Apr 2025
MIN,RUBINAL-R1-AI,KMS,Min,Factory Bricks,0.0000,Min Level,28 Apr 2025
MIN,RUBINAL-R1-AO,KMS,Min,Factory Bricks,0.0000,Min Level,28 Apr 2025
MIN,LEGRAL-35-A,KMS,Min,Factory Bricks,0.0000,Min Level,28 Apr 2025
MIN,LEGRAL-35-B,KMS,Min,Factory Bricks,0.0000,Min Level,28 Apr 2025
MIN,LEGRAL-35-C,KMS,Min,Factory Bricks,0.0000,Min Level,28 Apr 2025
MIN,LEGRAL-35-D,KMS,Min,Factory Bricks,0.0000,Min Level,28 Apr 2025
MIN,LEGRAL-35-AP,KMS,Min,Factory Bricks,0.0000,Min Level,28 Apr 2025
MIN,LEGRAL-35-AQ,KMS,Min,Factory Bricks,0.0000,Min Level,28 Apr 2025
MIN,LUGRAL-35-AR,KMS,Min,Factory Bricks,0.0000,Min Level,28 Apr 2025
MIN,LEGRAL-35-AS,KMS,Min,Factory Bricks,0.0000,Min Level,28 Apr 2025
MIN,RUBINAL-R1-AT,KMS,Min,Factory Bricks,0.0000,Min Level,28 Apr 2025
MIN,RUBINAL-R1-AU,KMS,Min,Factory Bricks,0.0000,Min Level,28 Apr 2025
MIN,RUBINAL-R1-AV,KMS,Min,Factory Bricks,0.0000,Min Level,28 Apr 2025
MIN,RUBINAL-R1-AW,KMS,Min,Factory Bricks,0.0000,Min Level,28 Apr 2025
MIN,RUBINAL-R1-AX,KMS,Min,Factory Bricks,0.0000,Min Level,28 Apr 2025
MIN,RUBINAL-R1-AY,KMS,Min,Factory Bricks,0.0000,Min Level,28 Apr 2025
MIN,RUBINAL-R1-AZ,KMS,Min,Factory Bricks,0.0000,Min Level,28 Apr 2025
MIN,RUBINAL-R1-BA,KMS,Min,Factory Bricks,0.0000,Min Level,28 Apr 2025
MIN,RUBINAL-R1-BB,KMS,Min,Factory Bricks,0.0000,Min Level,28 Apr 2025
MIN,RUBINAL-R1-BC,KMS,Min,Factory Bricks,0.0000,Min Level,28 Apr 2025
MIN,RUBINAL-R1-BD,KMS,Min,Factory Bricks,0.0000,Min Level,28 Apr 2025
MIN,RUBINAL-R1-BE,KMS,Min,Factory Bricks,0.0000,Min Level,28 Apr 2025
MIN,RUBINAL-R1-BF,KMS,Min,Factory Bricks,0.0000,Min Level,28 Apr 2025
MIN,RUBINAL-R1-BG,KMS,Min,Factory Bricks,0.0000,Min Level,28 Apr 2025
MIN,LEGRAL-35-E,KMS,Min,Factory Bricks,0.0000,Min Level,28 Apr 2025
MIN,LEGRAL-35-F,KMS,Min,Factory Bricks,0.0000,Min Level,28 Apr 2025
MIN,LEGRAL-35-G,KMS,Min,Factory Bricks,0.0000,Min Level,28 Apr 2025
MIN,RUBINAL-R1-BH,KMS,Min,Factory Bricks,0.0000,Min Level,28 Apr 2025
MIN,RUBINAL-R1-BI,KMS,Min,Factory Bricks,0.0000,Min Level,28 Apr 2025
MIN,RUBINAL-R1-BJ,KMS,Min,Factory Bricks,0.0000,Min Level,28 Apr 2025
MIN,RUBINAL-R1-BK,KMS,Min,Factory Bricks,0.0000,Min Level,28 Apr 2025
MIN,RUBINAL-R1-BL,KMS,Min,Factory Bricks,0.0000,Min Level,28 Apr 2025
MIN,RUBINAL-R1-BM,KMS,Min,Factory Bricks,0.0000,Min Level,28 Apr 2025
MIN,RUBINAL-R1-BN,KMS,Min,Factory Bricks,0.0000,Min Level,28 Apr 2025
MIN,RUBINAL-R1-BO,KMS,Min,Factory Bricks,0.0000,Min Level,28 Apr 2025
MIN,RUBINAL-R1-BP,KMS,Min,Factory Bricks,0.0000,Min Level,28 Apr 2025
MIN,RUBINAL-R1-BQ,KMS,Min,Factory Bricks,0.0000,Min Level,28 Apr 2025
MIN,RUBINAL-R1-BR,KMS,Min,Factory Bricks,0.0000,Min Level,28 Apr 2025
MIN,RUBINAL-R1-BS,KMS,Min,Factory Bricks,0.0000,Min Level,28 Apr 2025
MIN,RUBINAL-R1-BT,KMS,Min,Factory Bricks,0.0000,Min Level,28 Apr 2025
MIN,RIBINAL-R1-BU,KMS,Min,Factory Bricks,0.0000,Min Level,28 Apr 2025
MIN,RUBINAL-R1-BV,KMS,Min,Factory Bricks,0.0000,Min Level,28 Apr 2025
MIN,RUBINAL-R1-BW,KMS,Min,Factory Bricks,0.0000,Min Level,28 Apr 2025
MIN,391/03511011/B,Isinkwe Energies,Min,Silverline 3C 51CC,0.0000,Min Level,28 Apr 2025
MIN,391/04511011/B-A,Isinkwe Energies,Min,Silverline 4C 51CC,0.0000,Min Level,28 Apr 2025
MIN,CYL360X875,Isinkwe Energies,Min,Cylindical 360 x 875 -80lt,0.0000,Min Level,28 Apr 2025
MIN,TANKEXT600X200,Isinkwe Energies,Min,Tank Ext 600 X 200,0.0000,Min Level,28 Apr 2025
MIN,TANKEXT630X180,Isinkwe Energies,Min,Tank Ext 630 X 180,0.0000,Min Level,28 Apr 2025
MIN,TANKEXT720X180,Isinkwe Energies,Min,Tank Ext 720 X 180 - 52LT,0.0000,Min Level,28 Apr 2025
MIN,TANKINT630X225,Isinkwe Energies,Min,Toriodal LPG Tank 52ltr 630x225 Int,0.0000,Min Level,28 Apr 2025
MIN,TANKINT650X200,Isinkwe Energies,Min,Tank Int 650 x 200 - 50LT,0.0000,Min Level,28 Apr 2025
MIN,TANKINT650X225,Isinkwe Energies,Min,Tank Int 650 x 225,0.0000,Min Level,28 Apr 2025
MIN,MUL180/0,Isinkwe Energies,Min,Maltivavle 180/0,0.0000,Min Level,28 Apr 2025
MIN,MUL200/0,Isinkwe Energies,Min,Multivalve 200-204/30,0.0000,Min Level,28 Apr 2025
MIN,MUL240/30A,Isinkwe Energies,Min,Multivalve 240-250/30,0.0000,Min Level,28 Apr 2025
MIN,MUL225/30,Isinkwe Energies,Min,Maltivalve 225/30 Toroidale,0.0000,Min Level,28 Apr 2025
MIN,MUL360/30,Isinkwe Energies,Min,Multivalve 360/30,0.0000,Min Level,28 Apr 2025
MIN,AC007,Isinkwe Energies,Min,CYL MV Safety Cover,0.0000,Min Level,28 Apr 2025
MIN,LEGRAL-35-H,KMS,Min,Factory Bricks,0.0000,Min Level,28 Apr 2025
MIN,LEGRAL-35-I,KMS,Min,Factory Bricks,0.0000,Min Level,28 Apr 2025
MIN,LEGRAL-35-J,KMS,Min,Factory Bracks,0.0000,Min Level,28 Apr 2025
MIN,LEGRAL-35-K,KMS,Min,Factory Bracks,0.0000,Min Level,28 Apr 2025
MIN,RUBINAL-R1-BX,KMS,Min,Factory Bracks,0.0000,Min Level,28 Apr 2025
MIN,RUBINAL-R1-BY,KMS,Min,Factory Bracks,0.0000,Min Level,28 Apr 2025
MIN,RUBINAL-R1-BZ,KMS,Min,Factory Bracks,0.0000,Min Level,28 Apr 2025
MIN,RUBINAL-R1-CA,KMS,Min,Factory Bracks,0.0000,Min Level,28 Apr 2025
MIN,RUBINAL-R1-CB,KMS,Min,Factory Bracks,0.0000,Min Level,28 Apr 2025
MIN,RUBINAL-R1-CD,KMS,Min,Factory Bracks,0.0000,Min Level,28 Apr 2025
MIN,RUBINAL-R1-CE,KMS,Min,Factory Bracks,0.0000,Min Level,28 Apr 2025
MIN,RUBINAL-R1-CF,KMS,Min,Factory Bracks,0.0000,Min Level,28 Apr 2025
MIN,RUBINAL-R1-CG,KMS,Min,Factory Bracks,0.0000,Min Level,28 Apr 2025
MIN,RUBINAL-R1-CH,KMS,Min,Factory Bracks,0.0000,Min Level,28 Apr 2025
MIN,RUBINAL-R1-CI,KMS,Min,Factory Bracks,0.0000,Min Level,28 Apr 2025
MIN,RUBINAL-R1-CJ,KMS,Min,Factory Bracks,0.0000,Min Level,28 Apr 2025
MIN,RUBINAL-R1-CK,KMS,Min,Factory Bracks,0.0000,Min Level,28 Apr 2025
MIN,RUBINAL-R1-CL,KMS,Min,Factory Bracks,0.0000,Min Level,28 Apr 2025
MIN,RUBINAL-R1-CM,KMS,Min,Factory Bracks,0.0000,Min Level,28 Apr 2025
MIN,LEGRAL-35-L,KMS,Min,Factory Bracks,0.0000,Min Level,28 Apr 2025
MIN,LEGRAL-35-M,KMS,Min,Factory Bracks,0.0000,Min Level,28 Apr 2025
MIN,LEGRAL-35-N,KMS,Min,Factory Bracks,0.0000,Min Level,28 Apr 2025
MIN,LUGRAL-35-O,KMS,Min,Factory Bracks,0.0000,Min Level,28 Apr 2025
MIN,RUBINAL-R1-CN,KMS,Min,Factory Bracks,0.0000,Min Level,28 Apr 2025
MIN,RUBINAL-R1-CO,KMS,Min,Factory Bracks,0.0000,Min Level,28 Apr 2025
MIN,RUBINAL-R1-CP,KMS,Min,Factory Bracks,0.0000,Min Level,28 Apr 2025
MIN,RUBINAL-R1-CQ,KMS,Min,Factory Bracks,0.0000,Min Level,28 Apr 2025
MIN,RUBINAL-R1-CR,KMS,Min,Factory Bracks,0.0000,Min Level,28 Apr 2025
MIN,RUBINAL-R1-CS,KMS,Min,Factory Bracks,0.0000,Min Level,28 Apr 2025
MIN,RUBINAL-R1-CT,KMS,Min,Factory Bracks,0.0000,Min Level,28 Apr 2025
MIN,RUBINAL-R1-CU,KMS,Min,Factory Bracks,0.0000,Min Level,28 Apr 2025
MIN,RUBINAL-R1-CV,KMS,Min,Factory Bracks,0.0000,Min Level,28 Apr 2025
MIN,RUBINAL-R1-CW,KMS,Min,Factory Bracks,0.0000,Min Level,28 Apr 2025
MIN,RUBINAL-R1-CX,KMS,Min,Factory Bracks,0.0000,Min Level,28 Apr 2025
MIN,RUBINAL-R1-CY,KMS,Min,Factory Bracks,0.0000,Min Level,28 Apr 2025
MIN,RUBINAL-R1-CZ,KMS,Min,Factory Bracks,0.0000,Min Level,28 Apr 2025
MIN,RUBINAL-R1-DA,KMS,Min,Factory Bracks,0.0000,Min Level,28 Apr 2025
MIN,RUBINAL-R1-DB,KMS,Min,Factory Bracks,0.0000,Min Level,28 Apr 2025
MIN,LEGRAL-35-P,KMS,Min,Factory Bracks,0.0000,Min Level,28 Apr 2025
MIN,LEGRAL-R1-Q,KMS,Min,Factory Bricks,0.0000,Min Level,28 Apr 2025
MIN,LEGRAL-R1-R,KMS,Min,Factory Bricks,0.0000,Min Level,28 Apr 2025
MIN,LEBRAL-R1-S,KMS,Min,Factory Bricks,0.0000,Min Level,28 Apr 2025
MIN,RUBINAL-R1-DC,KMS,Min,Factory Bricks,0.0000,Min Level,28 Apr 2025
MIN,RUBINAL-R1-DD,KMS,Min,Factory Bricks,0.0000,Min Level,28 Apr 2025
MIN,RUBINAL-R1-DE,KMS,Min,Factory Bricks,0.0000,Min Level,28 Apr 2025
MIN,RUBINAL-R1-DG,KMS,Min,Factory Bricks,0.0000,Min Level,28 Apr 2025
MIN,RUBINAL-R1-DF,KMS,Min,Factory Bricks,0.0000,Min Level,28 Apr 2025
MIN,RUBINAL-R1-DH,KMS,Min,Factory Bricks,0.0000,Min Level,28 Apr 2025
MIN,RUBINAL-R1-DI,KMS,Min,Factory Bricks,0.0000,Min Level,28 Apr 2025
MIN,RUIBINAL-R1-DJ,KMS,Min,Factory Bricks,0.0000,Min Level,28 Apr 2025
MIN,RUBINAL-R1-DK,KMS,Min,Factory Bricks,0.0000,Min Level,28 Apr 2025
MIN,RUBINAL-R1-DL,KMS,Min,Factory Bricks,0.0000,Min Level,28 Apr 2025
MIN,RUBINAL-R1-DM,KMS,Min,Factory Bricks,0.0000,Min Level,28 Apr 2025
MIN,RUBINAL-R1-DN,KMS,Min,Factory Bricks,0.0000,Min Level,28 Apr 2025
MIN,RUBINAL-R1-DO,KMS,Min,Factory Bricks,0.0000,Min Level,28 Apr 2025
MIN,RUBINAL-R1-DP,KMS,Min,Factory Bricks,0.0000,Min Level,28 Apr 2025
MIN,RUBINAL-R1-DQ,KMS,Min,Factory Bricks,0.0000,Min Level,28 Apr 2025
MIN,RUBINAL-R1-FA,KMS,Min,Refactory Bricks,0.0000,Min Level,28 Apr 2025
MIN,RUBINAL-R1-FB,KMS,Min,Refactory Bricks,0.0000,Min Level,28 Apr 2025
MIN,RUBINAL-R1-FC,KMS,Min,Refactory Bricks,0.0000,Min Level,28 Apr 2025
MIN,RUBINAL-R1-FD,KMS,Min,Refactory Bricks,0.0000,Min Level,28 Apr 2025
MIN,RUBINAL-R1-FE,KMS,Min,Refactory Bricks,0.0000,Min Level,28 Apr 2025
MIN,RUBINAL-R1-FF,KMS,Min,Refactory Bricks,0.0000,Min Level,28 Apr 2025
MIN,RUBINAL-R1-FG,KMS,Min,Refactory Bricks,0.0000,Min Level,28 Apr 2025
MIN,RUBINAL-R1-FH,KMS,Min,Refactory Bricks,0.0000,Min Level,28 Apr 2025
MIN,RUBINAL-R1-FI,KMS,Min,Refactory Bricks,0.0000,Min Level,28 Apr 2025
MIN,RUBINAL-R1-FJ,KMS,Min,Refactory Bricks,0.0000,Min Level,28 Apr 2025
MIN,RUBINAL-R1-FK,KMS,Min,Refactory Bricks,0.0000,Min Level,28 Apr 2025
MIN,RUBINAL-R1-FL,KMS,Min,Refactory Bricks,0.0000,Min Level,28 Apr 2025
MIN,RUBINAL-R1-FM,KMS,Min,Refactory Bricks,0.0000,Min Level,28 Apr 2025
MIN,RUBINAL-R1-FN,KMS,Min,Refactory Bricks,0.0000,Min Level,28 Apr 2025
MIN,RUBINAL-R1-FO,KMS,Min,Refactory Bricks,0.0000,Min Level,28 Apr 2025
MIN,RUBINAL-R1-FQ,KMS,Min,Refactory Bricks,0.0000,Min Level,28 Apr 2025
MIN,RUBINAL-R1-FR,KMS,Min,Refactory Bricks,0.0000,Min Level,28 Apr 2025
MIN,RUBINAL-R1-FS,KMS,Min,Refactory Bricks,0.0000,Min Level,28 Apr 2025
MIN,RUBINAL-R1-FT,KMS,Min,Refactory Bricks,0.0000,Min Level,28 Apr 2025
MIN,KB10-A,KMS,Min,Kulubrite,0.0000,Min Level,28 Apr 2025
MIN,KB10-B,KMS,Min,Kulubrite,0.0000,Min Level,28 Apr 2025
MIN,PRF25KG,KMS,Min,Pyrofil (25kg),0.0000,Min Level,28 Apr 2025
MIN,CH-01F-R-B,LRB,Min,Elements Heater Convection 2000w Red BD,0.0000,Min Level,28 Apr 2025
MIN,TANKINT650X225-A,Isinkwe Energies,Min,Tank Ink 650x225,0.0000,Min Level,28 Apr 2025
MIN,TANKINT630X200-B,Isinkwe Energies,Min,Tank Ink 630 X 200 - 44LT,0.0000,Min Level,28 Apr 2025
MIN,RUBINAL-R1-RR,KMS,Min,Factory Bricks,0.0000,Min Level,28 Apr 2025
MIN,P687,NAD,Min,Mixed Pallet,0.0000,Min Level,28 Apr 2025
MIN,P686,NAD,Min,Mixed Pallet,0.0000,Min Level,28 Apr 2025
MIN,P685,NAD,Min,Mixed Pallet,0.0000,Min Level,28 Apr 2025
MIN,RUBINAL-R1-MM,KMS,Min,Refactory Bricks,0.0000,Min Level,28 Apr 2025
MIN,P676,NAD,Min,Mixed Pallet,0.0000,Min Level,28 Apr 2025
MIN,P677,NAD,Min,Mixed Pallet,0.0000,Min Level,28 Apr 2025
MIN,P679,NAD,Min,Mixed Pallet,0.0000,Min Level,28 Apr 2025
MIN,P678,NAD,Min,Mixed Pallet,0.0000,Min Level,28 Apr 2025
MIN,KIK108,Kiki Bags,Min,Sneaker Shack 390X230X160,0.0000,Min Level,28 Apr 2025
MIN,391/03511011/B-A,Isinkwe Energies,Min,SIlverline 3C 51CC,0.0000,Min Level,28 Apr 2025
MIN,391/04511011/B,Isinkwe Energies,Min,Silverline 4C 51CC,0.0000,Min Level,28 Apr 2025
MIN,391/04621011/B,Isinkwe Energies,Min,Silverline 4C 62CC,0.0000,Min Level,28 Apr 2025
MIN,CYL360X875-A,Isinkwe Energies,Min,Cylindrical 360 x 875-80lt,0.0000,Min Level,28 Apr 2025
MIN,CYL1090x360,Isinkwe Energies,Min,Cylindrical 1090 x 260-100lt,0.0000,Min Level,28 Apr 2025
MIN,TANKEXT630X180-A,Isinkwe Energies,Min,Tank Ext 630 x 180,0.0000,Min Level,28 Apr 2025
MIN,TANKINT630X225-B,Isinkwe Energies,Min,Toriodal LPG Tank 52ltr 630x225 Int,0.0000,Min Level,28 Apr 2025
MIN,TANKEXT720X200,Isinkwe Energies,Min,Tank Ext 720 x 200,0.0000,Min Level,28 Apr 2025
MIN,TANKINT630X200,Isinkwe Energies,Min,Tank int 630 x 200 - 44LT,0.0000,Min Level,28 Apr 2025
MIN,TANKEXT630X225-A,Isinkwe Energies,Min,Tank ext 630 x 225 -52LT,0.0000,Min Level,28 Apr 2025
MIN,TANKINT650X200-A,Isinkwe Energies,Min,Tank Int 650 x 200 - 50LT,0.0000,Min Level,28 Apr 2025
MIN,TANKINT650X225-B,Isinkwe Energies,Min,Tank Int 650 x 225 - 58LT,0.0000,Min Level,28 Apr 2025
MIN,MUL180/0-A,Isinkwe Energies,Min,Multivalve 180/0,0.0000,Min Level,28 Apr 2025
MIN,MUL200/0-A,Isinkwe Energies,Min,Multivalve 200/0,0.0000,Min Level,28 Apr 2025
MIN,MUL225/0,Isinkwe Energies,Min,Multivalve 220-225/0,0.0000,Min Level,28 Apr 2025
MIN,MUL200-204/30,Isinkwe Energies,Min,Multivalve 200-204/30,0.0000,Min Level,28 Apr 2025
MIN,MUL225/30-A,Isinkwe Energies,Min,Multivalve 225/30 Toroidale,0.0000,Min Level,28 Apr 2025
MIN,MUL360/30-A,Isinkwe Energies,Min,Multivalve 360/30,0.0000,Min Level,28 Apr 2025
MIN,MUL360/90,Isinkwe Energies,Min,Multivalve 360/90 Cylindrical,0.0000,Min Level,28 Apr 2025
MIN,AC007-A,Isinkwe Energies,Min,CYL MV Safety Cover,0.0000,Min Level,28 Apr 2025
MIN,SPODUMERE,KMS,Min,Spodumere Concentrate,0.0000,Min Level,28 Apr 2025
MIN,MG-5314F-B,LRB,Min,Element 40cm Rechargeble Deskfan,0.0000,Min Level,28 Apr 2025
MIN,MG-5313F-B,LRB,Min,Element 30cm Rechargable Deskfan Wht,0.0000,Min Level,28 Apr 2025
MIN,MG-5314F-C,LRB,Min,Element Rechargeble Desk fan Wht Physical Damaged,0.0000,Min Level,28 Apr 2025
MIN,MG-5313F-C,LRB,Min,Element 30cm Rechargeble Desk Fan Wht,0.0000,Min Level,28 Apr 2025
MIN,TANKINT650X225-C,Isinkwe Energies,Min,Tank Ink 650x225 - 58LT,0.0000,Min Level,28 Apr 2025
MIN,TANKINT650X225-D,Isinkwe Energies,Min,Tank Int 650x225 - 58LT,0.0000,Min Level,28 Apr 2025
MIN,FH-04-B,LRB,Min,Elements Heater Fan 2000w,0.0000,Min Level,28 Apr 2025
MIN,FH-04-C,LRB,Min,Elements Heater Fan 2000w,0.0000,Min Level,28 Apr 2025
MIN,P690,NAD,Min,Mixed Pallet,0.0000,Min Level,28 Apr 2025
MIN,P691,NAD,Min,Mixed Pallet,0.0000,Min Level,28 Apr 2025
MIN,P696,NAD,Min,Mixed Pallet,0.0000,Min Level,28 Apr 2025
MIN,P697,NAD,Min,Mixed Pallet,0.0000,Min Level,28 Apr 2025
MIN,P689,NAD,Min,Mixed Pallet,0.0000,Min Level,28 Apr 2025
MIN,P694,NAD,Min,Mixed Pallet,0.0000,Min Level,28 Apr 2025
MIN,P692,NAD,Min,Mixed Pallet,0.0000,Min Level,28 Apr 2025
MIN,P693,NAD,Min,Mixed Pallet,0.0000,Min Level,28 Apr 2025
MIN,P688,NAD,Min,Mixed Pallet,0.0000,Min Level,28 Apr 2025
MIN,P695,NAD,Min,Mixed Pallet,0.0000,Min Level,28 Apr 2025
MIN,MG-5314F-D,LRB,Min,Element Rechargeble Desk fan Wht,0.0000,Min Level,28 Apr 2025
MIN,MG-5314F-E,LRB,Min,Element Rechargeble Desk fan Wht,0.0000,Min Level,28 Apr 2025
MIN,MG-5313F-D,LRB,Min,Element Rechargeble Desk fan Wht,0.0000,Min Level,28 Apr 2025
MIN,MG-5313F-E,LRB,Min,Element Rechargeble Desk fan Wht,0.0000,Min Level,28 Apr 2025
MIN,P698,NAD,Min,Mixed Pallet,0.0000,Min Level,28 Apr 2025
MIN,P699,NAD,Min,Mixed Pallet,0.0000,Min Level,28 Apr 2025
MIN,P700,NAD,Min,Mixed Pallet,0.0000,Min Level,28 Apr 2025
MIN,P701,NAD,Min,Mixed Pallet,0.0000,Min Level,28 Apr 2025
MIN,P702,NAD,Min,Mixed Pallet,0.0000,Min Level,28 Apr 2025
MIN,P703,NAD,Min,Mixed Pallet,0.0000,Min Level,28 Apr 2025
MIN,P704,NAD,Min,Mixed Pallet,0.0000,Min Level,28 Apr 2025
MIN,P705,NAD,Min,Mixed Pallet,0.0000,Min Level,28 Apr 2025
MIN,P706,NAD,Min,Mixed Pallet,0.0000,Min Level,28 Apr 2025
MIN,P707,NAD,Min,Mixed Pallet,0.0000,Min Level,28 Apr 2025
MIN,P708,NAD,Min,Mixed Pallet,0.0000,Min Level,28 Apr 2025
MIN,P709,NAD,Min,Mixed Pallet,0.0000,Min Level,28 Apr 2025
MIN,P710,NAD,Min,Mixed Pallet,0.0000,Min Level,28 Apr 2025
MIN,P711,NAD,Min,Mixed Pallet,0.0000,Min Level,28 Apr 2025
MIN,P712,NAD,Min,Mixed Pallet,0.0000,Min Level,28 Apr 2025
MIN,P713,NAD,Min,Mixed Pallet,0.0000,Min Level,28 Apr 2025
MIN,P714,NAD,Min,Mixed Pallet,0.0000,Min Level,28 Apr 2025
MIN,P715,NAD,Min,Mixed Pallet,0.0000,Min Level,28 Apr 2025
MIN,P716,NAD,Min,Mixed Pallet,0.0000,Min Level,28 Apr 2025
MIN,P717,NAD,Min,Mixed Pallet,0.0000,Min Level,28 Apr 2025
MIN,P718,NAD,Min,Mixed Pallet,0.0000,Min Level,28 Apr 2025
MIN,P719,NAD,Min,Mixed Pallet,0.0000,Min Level,28 Apr 2025
MIN,P720,NAD,Min,Mixed Pallet,0.0000,Min Level,28 Apr 2025
MIN,P721,NAD,Min,Mixed Pallet,0.0000,Min Level,28 Apr 2025
MIN,P722,NAD,Min,Mixed Pallet,0.0000,Min Level,28 Apr 2025
MIN,P723,NAD,Min,Mixed Pallet,0.0000,Min Level,28 Apr 2025
MIN,P724,NAD,Min,Mixed Pallet,0.0000,Min Level,28 Apr 2025
MIN,P725,NAD,Min,Mixed Pallet,0.0000,Min Level,28 Apr 2025
MIN,P726,NAD,Min,Mixed Pallet,0.0000,Min Level,28 Apr 2025
MIN,P727,NAD,Min,Mixed Pallets,0.0000,Min Level,28 Apr 2025
MIN,P728,NAD,Min,Mixed Pallet,0.0000,Min Level,28 Apr 2025
MIN,P729,NAD,Min,Mixed Pallet,0.0000,Min Level,28 Apr 2025
MIN,P730,NAD,Min,Mixed Pallet,0.0000,Min Level,28 Apr 2025
MIN,P731,NAD,Min,Mixed Pallet,0.0000,Min Level,28 Apr 2025
MIN,P732,NAD,Min,Mixed Pallet,0.0000,Min Level,28 Apr 2025
MIN,P733,NAD,Min,Mixed Pallet,0.0000,Min Level,28 Apr 2025
MIN,P734,NAD,Min,Mixed Pallet,0.0000,Min Level,28 Apr 2025
MIN,P735,NAD,Min,Mixed Pallet,0.0000,Min Level,28 Apr 2025
MIN,CACS604-A,Bambino,Min,I Rotate 360 Graphite,0.0000,Min Level,28 Apr 2025
MIN,CACS604-F,Bambino,Min,I Rotate 360 Graphite,0.0000,Min Level,28 Apr 2025
MIN,CACS604-G,Bambino,Min,I Rotate 360 Graphite,0.0000,Min Level,28 Apr 2025
MIN,CACS604-H,Bambino,Min,I Rotate 360 Graphite,0.0000,Min Level,28 Apr 2025
MIN,CACS604-I,Bambino,Min,I Rotate 360 Graphite,0.0000,Min Level,28 Apr 2025
MIN,CACS604-J,Bambino,Min,I Rotate 360 Graphite,0.0000,Min Level,28 Apr 2025
MIN,CACS604-K,Bambino,Min,I Rotate 360 Graphite,0.0000,Min Level,28 Apr 2025
MIN,EF-22AME-D,LRB,Min,Fireplace Heater,0.0000,Min Level,28 Apr 2025
MIN,EF-22AME-E,LRB,Min,Fireplace Heater,0.0000,Min Level,28 Apr 2025
MIN,DF-300P9-13T-B,LRB,Min,Elements Heater 13 Fin Oil 3000w,0.0000,Min Level,28 Apr 2025
MIN,DF-300P9-13T-D,LRB,Min,Elements Heater 13 Fin Oil 3000w,0.0000,Min Level,28 Apr 2025
MIN,NSB-2830S-A,LRB,Min,Elements Heater Quartz 4Bar 1600w,0.0000,Min Level,28 Apr 2025
MIN,NSB-2830S-B,LRB,Min,Elements Heater Quartz 4Bar 1600w BD,0.0000,Min Level,28 Apr 2025
MIN,NSB-2830S-D,LRB,Min,Elements Heater Quartz 4Bar 1600w,0.0000,Min Level,28 Apr 2025
MIN,KYT-30B-F,LRB,Min,Elements Fan Box 30cm BD,0.0000,Min Level,28 Apr 2025
MIN,HCBM391-C,Bambino,Min,Pesto High Chair Lava,0.0000,Min Level,28 Apr 2025
MIN,HCBM391-D,Bambino,Min,Pesto High Chair Lava,0.0000,Min Level,28 Apr 2025
MIN,P740,NAD,Min,Mixed Pallet,0.0000,Min Level,28 Apr 2025
MIN,P739,NAD,Min,Mixed Pallet,0.0000,Min Level,28 Apr 2025
MIN,P738,NAD,Min,Mixed Pallet,0.0000,Min Level,28 Apr 2025
MIN,P737,NAD,Min,Mixed Pallet,0.0000,Min Level,28 Apr 2025
MIN,P743,NAD,Min,Mixed Pallet,0.0000,Min Level,28 Apr 2025
MIN,P744,NAD,Min,Mixed Pallet,0.0000,Min Level,28 Apr 2025
MIN,P736,NAD,Min,Mixed Pallet,0.0000,Min Level,28 Apr 2025
MIN,P742,NAD,Min,Mixed Pallet,0.0000,Min Level,28 Apr 2025
MIN,P741,NAD,Min,Mixed Pallet,0.0000,Min Level,28 Apr 2025
MIN,600X460WTL135G-A,Kiki Bags,Min,White Top Liner 135G,0.0000,Min Level,28 Apr 2025
MIN,600X460WTL135G-B,Kiki Bags,Min,White Top Liner 135G,0.0000,Min Level,28 Apr 2025
MIN,600X460WTL135G-C,Kiki Bags,Min,White Top Liner 135G,0.0000,Min Level,28 Apr 2025
MIN,600X460WTL135GH,Kiki Bags,Min,White Top Liner 135G,0.0000,Min Level,28 Apr 2025
MIN,W108,ABC Building Materials,Min,Wall Molding (10 Per Box),0.0000,Min Level,28 Apr 2025
MIN,W108-A,ABC Building Materials,Min,Wall Molding (13 Per Box),0.0000,Min Level,28 Apr 2025
MIN,W114,ABC Building Materials,Min,Wall Molding (11 Per Box),0.0000,Min Level,28 Apr 2025
MIN,W116,ABC Building Materials,Min,Wall Molding (6 Per Box),0.0000,Min Level,28 Apr 2025
MIN,W116-A,ABC Building Materials,Min,Wall Molding (6 Per Box),0.0000,Min Level,28 Apr 2025
MIN,W112,ABC Building Materials,Min,Wall Molding (7 Per Box),0.0000,Min Level,28 Apr 2025
MIN,990045,Niemann,Min,U12000 Volcanic Black Matt XT/VV,0.0000,Min Level,28 Apr 2025
MIN,990045C,Niemann,Min,U12000 Volcanic Black Matt XT/VV,0.0000,Min Level,28 Apr 2025
MIN,990064D,Niemann,Min,U11026 Chrystal White XT Matt (Warm White),0.0000,Min Level,28 Apr 2025
MIN,990022,Niemann,Min,U12188 Light Grey XG*/VV MDF (GLS),0.0000,Min Level,28 Apr 2025
MIN,990022A,Niemann,Min,U12188 Light Grey XG*/VV MDF (GLS),0.0000,Min Level,28 Apr 2025
MIN,990022B,Niemann,Min,U12188 Light Grey XG*/VV MDF (GLS),0.0000,Min Level,28 Apr 2025
MIN,990022C,Niemann,Min,U12188 Light Grey XG*/VV MDF (GLS),0.0000,Min Level,28 Apr 2025
MIN,990042,Niemann,Min,U11026 Warm White (GLS),0.0000,Min Level,28 Apr 2025
MIN,990042A,Niemann,Min,U11026 Warm White (GLS),0.0000,Min Level,28 Apr 2025
MIN,990042B,Niemann,Min,U11026 Warm White (GLS),0.0000,Min Level,28 Apr 2025
MIN,990042C,Niemann,Min,U11026 Warm White (GLS),0.0000,Min Level,28 Apr 2025
MIN,990030B,Niemann,Min,U1191 XG Congo VV Top Valet,0.0000,Min Level,28 Apr 2025
MIN,990030C,Niemann,Min,U1191 XG Congo VV Top Valet,0.0000,Min Level,28 Apr 2025
MIN,990026,Niemann,Min,U12168 Sahara Matt,0.0000,Min Level,28 Apr 2025
MIN,990026A,Niemann,Min,U12168 Sahara Matt,0.0000,Min Level,28 Apr 2025
MIN,990026B,Niemann,Min,U12168 Sahara Matt,0.0000,Min Level,28 Apr 2025
MIN,990028,Niemann,Min,U12233 Dark Grey XT*/VV MDF (Dunkel Grau),0.0000,Min Level,28 Apr 2025
MIN,990028A,Niemann,Min,U12233 Dark Grey XT*/VV MDF (Dunkel Grau),0.0000,Min Level,28 Apr 2025
MIN,990028B,Niemann,Min,U12233 Dark Grey XT*/VV MDF (Dunkel Grau),0.0000,Min Level,28 Apr 2025
MIN,990028C,Niemann,Min,U12233 Dark Grey XT*/VV MDF (Dunkel Grau),0.0000,Min Level,28 Apr 2025
MIN,990031B,Niemann,Min,U16002 Graubraun XG*/VV MDF (MATT),0.0000,Min Level,28 Apr 2025
MIN,990031C,Niemann,Min,U16002 Graubraun XG*/VV MDF (MATT),0.0000,Min Level,28 Apr 2025
MIN,EDGING,Niemann,Min,Edging Niemann,0.0000,Min Level,28 Apr 2025
MIN,990049,Niemann,Min,Liquid Metal Rose Gold Gloss,0.0000,Min Level,28 Apr 2025
MIN,990049A,Niemann,Min,Liquid Metal Rose Gold Gloss,0.0000,Min Level,28 Apr 2025
MIN,990049B,Niemann,Min,Liquid Metal Rose Gold Gloss,0.0000,Min Level,28 Apr 2025
MIN,990039,Niemann,Min,Kristall Gloss Alaska Grey,0.0000,Min Level,28 Apr 2025
MIN,990039A,Niemann,Min,Kristall Gloss Alaska Grey,0.0000,Min Level,28 Apr 2025
MIN,990036,Niemann,Min,Country Oak Text KS002,0.0000,Min Level,28 Apr 2025
MIN,990036A,Niemann,Min,Country Oak Text KS002,0.0000,Min Level,28 Apr 2025
MIN,SAMPLE,Bambino,Min,BAM5127 Coffee Machine Sample,0.0000,Min Level,28 Apr 2025
MIN,COSMA,Niemann,Min,Cosma Sample Niemann,0.0000,Min Level,28 Apr 2025
MIN,FH-188A,LRB,Min,Elements Oscillating Fan Heater 2000W PH,0.0000,Min Level,28 Apr 2025
MIN,PH-08H-A,LRB,Min,Elements Heater Wall Panel 400w,0.0000,Min Level,28 Apr 2025
MIN,DF-200P9-9T-B,LRB,Min,Elements Oil Heater,0.0000,Min Level,28 Apr 2025
MIN,DF-200P9-9T(BLACK)B,LRB,Min,Elements Oil Heater Black,0.0000,Min Level,28 Apr 2025
MIN,DF-200P9-9T(BLACK)C,LRB,Min,Elements Oil Heater Black,0.0000,Min Level,28 Apr 2025
MIN,HCBM390-A,Bambino,Min,Pesto High Fern,0.0000,Min Level,28 Apr 2025
MIN,EDGINGA,Niemann,Min,Edging Niemann,0.0000,Min Level,28 Apr 2025
MIN,970117,Niemann,Min,FB02 Benton Ares,0.0000,Min Level,28 Apr 2025
MIN,970117A,Niemann,Min,FB02 Benton Ares,0.0000,Min Level,28 Apr 2025
MIN,990035,Niemann,Min,FB86 Idea Curio,0.0000,Min Level,28 Apr 2025
MIN,990035-A,Niemann,Min,FB86 Idea Curion,0.0000,Min Level,28 Apr 2025
MIN,944604,Niemann,Min,FA47 Urban Grey,0.0000,Min Level,28 Apr 2025
MIN,944604-A,Niemann,Min,FA47 Urban Grey,0.0000,Min Level,28 Apr 2025
MIN,944762,Niemann,Min,FB35 Refelx Metallizto,0.0000,Min Level,28 Apr 2025
MIN,944762A,Niemann,Min,FB35 Refelx Metallizto,0.0000,Min Level,28 Apr 2025
MIN,P745,NAD,Min,Mixed Pallet,0.0000,Min Level,28 Apr 2025
MIN,P746,NAD,Min,Mixed Pallet,0.0000,Min Level,28 Apr 2025
MIN,P747,NAD,Min,Mixed Pallet,0.0000,Min Level,28 Apr 2025
MIN,P748,NAD,Min,Mixed Pallet,0.0000,Min Level,28 Apr 2025
MIN,P749,NAD,Min,Mixed Pallet,0.0000,Min Level,28 Apr 2025
MIN,P750,NAD,Min,Mixed Pallet,0.0000,Min Level,28 Apr 2025
MIN,P751,NAD,Min,Mixed Pallet,0.0000,Min Level,28 Apr 2025
MIN,P752,NAD,Min,Mixed Pallet,0.0000,Min Level,28 Apr 2025
MIN,P753,NAD,Min,Mixed Pallet,0.0000,Min Level,28 Apr 2025
MIN,DF-200P9-9-G,LRB,Min,Elements Oil Heater Black,0.0000,Min Level,28 Apr 2025
MIN,944601,Niemann,Min,FA42 Comfort Smart,0.0000,Min Level,28 Apr 2025
MIN,944601A,Niemann,Min,FA42 Comfort Smart,0.0000,Min Level,28 Apr 2025
MIN,944601B,Niemann,Min,FA42 Comfort Smart,0.0000,Min Level,28 Apr 2025
MIN,944601C,Niemann,Min,FA42 Comfort Smart,0.0000,Min Level,28 Apr 2025
MIN,944606,Niemann,Min,FA41 Delave Penelope,0.0000,Min Level,28 Apr 2025
MIN,944606A,Niemann,Min,FA41 Delave Penelope,0.0000,Min Level,28 Apr 2025
MIN,944606-B,Niemann,Min,FA41 Delave Penelope,0.0000,Min Level,28 Apr 2025
MIN,944606-C,Niemann,Min,FA41 Delave Penelope,0.0000,Min Level,28 Apr 2025
MIN,PRFB,KMS,Min,Pyrofil 500 B/B,0.0000,Min Level,28 Apr 2025
MIN,DF-200P9-9T-A,LRB,Min,Elements Heater Oil 9FIN 2000W,0.0000,Min Level,28 Apr 2025
MIN,DF-200P9-9T-D,LRB,Min,Elements Heater Oil 9FIN 2000W,0.0000,Min Level,28 Apr 2025
MIN,DF-200P9-9T(BLACK)E,LRB,Min,Elements Heater Oil 9FIN 2000W Black,0.0000,Min Level,28 Apr 2025
MIN,DF-200P9-9T(BLACK)F,LRB,Min,Elements Heater Oil 9FIN 2000W Black,0.0000,Min Level,28 Apr 2025
MIN,LX-2820-D,LRB,Min,Elements Heater Quartz 3Bar 1200w,0.0000,Min Level,28 Apr 2025
MIN,LX-2820-E,LRB,Min,Elements Heater Quartz 3Bar 1200w,0.0000,Min Level,28 Apr 2025
MIN,LX-2820-F,LRB,Min,Elements Heater Quartz 3Bar 1200w,0.0000,Min Level,28 Apr 2025
MIN,FH-04,LRB,Min,Elements Heater Fan 2000w,0.0000,Min Level,28 Apr 2025
MIN,FH-04-D,LRB,Min,Elements Heater Fan 2000w,0.0000,Min Level,28 Apr 2025
MIN,FH-04-E,LRB,Min,Elements Heater Fan 2000w,0.0000,Min Level,28 Apr 2025
MIN,FH-04-F,LRB,Min,Elements Heater Fan 2000w,0.0000,Min Level,28 Apr 2025
MIN,FH-04-G,LRB,Min,Elements Heater Fan 2000w,0.0000,Min Level,28 Apr 2025
MIN,P754,NAD,Min,Mixed Pallet,0.0000,Min Level,28 Apr 2025
MIN,P755,NAD,Min,Mixed Pallet,0.0000,Min Level,28 Apr 2025
MIN,P756,NAD,Min,Mixed Pallet,0.0000,Min Level,28 Apr 2025
MIN,P757,NAD,Min,Mixed Pallet,0.0000,Min Level,28 Apr 2025
MIN,740X640s170g UKLB,Kiki Bags,Min,Bay Brown Liner 170G,0.0000,Min Level,28 Apr 2025
MIN,740X640s170g UKLB-A,Kiki Bags,Min,Bay Brown Liner 170G,0.0000,Min Level,28 Apr 2025
MIN,2.06.1112,Bianomy,Min,ALS-1112S Glueboard Luminos 1 Pro,0.0000,Min Level,28 Apr 2025
MIN,2.04.0542,Bianomy,Min,36W UV-A SP PL Tube Philips,0.0000,Min Level,28 Apr 2025
MIN,2.05.1216,Bianomy,Min,ALCOPRO1 Black -ZA Plug Bianomy,0.0000,Min Level,28 Apr 2025
MIN,2.05.1216A,Bianomy,Min,ALCOPRO1 Black -ZA Plug Bianomy,0.0000,Min Level,28 Apr 2025
MIN,2.05.1216B,Bianomy,Min,ALCOPRO1 Black -ZA Plug Bianomy,0.0000,Min Level,28 Apr 2025
MIN,2.05.1216C,Bianomy,Min,ALCOPRO1 Black -ZA Plug Bianomy,0.0000,Min Level,28 Apr 2025
MIN,P758,NAD,Min,Mixed Pallets,0.0000,Min Level,28 Apr 2025
MIN,P759,NAD,Min,Mixed Pallets,0.0000,Min Level,28 Apr 2025
MIN,P760,NAD,Min,Mixed Pallets,0.0000,Min Level,28 Apr 2025
MIN,P761,NAD,Min,Mixed Pallet,0.0000,Min Level,28 Apr 2025
MIN,P762,NAD,Min,Mixed Pallets,0.0000,Min Level,28 Apr 2025
MIN,P763,NAD,Min,Mixed Pallet,0.0000,Min Level,28 Apr 2025
MIN,P764,NAD,Min,Mixed Pallet,0.0000,Min Level,28 Apr 2025
MIN,P765,NAD,Min,Mixed Pallet,0.0000,Min Level,28 Apr 2025
MIN,P766,NAD,Min,Mixed Pallet,0.0000,Min Level,28 Apr 2025
MIN,P767,NAD,Min,Mixed Pallet,0.0000,Min Level,28 Apr 2025
MIN,P768,NAD,Min,Mixed Pallet,0.0000,Min Level,28 Apr 2025
MIN,P769,NAD,Min,Mixed Pallet,0.0000,Min Level,28 Apr 2025
MIN,P770,NAD,Min,Mixed Pallet,0.0000,Min Level,28 Apr 2025
MIN,P771,NAD,Min,Mixed Pallet,0.0000,Min Level,28 Apr 2025
MIN,P772,NAD,Min,Mixed Pallet,0.0000,Min Level,28 Apr 2025
MIN,P773,NAD,Min,Mixed Pallet,0.0000,Min Level,28 Apr 2025
MIN,P774,NAD,Min,Mixed Pallet,0.0000,Min Level,28 Apr 2025
MIN,P775,NAD,Min,Mixed Pallet,0.0000,Min Level,28 Apr 2025
MIN,P776,NAD,Min,Mixed Pallet,0.0000,Min Level,28 Apr 2025
MIN,P777,NAD,Min,Mixed Pallet,0.0000,Min Level,28 Apr 2025
MIN,P778,NAD,Min,Mixed Pallet,0.0000,Min Level,28 Apr 2025
MIN,P779,NAD,Min,Mixed Pallet,0.0000,Min Level,28 Apr 2025
MIN,P780,NAD,Min,Mixed Pallet,0.0000,Min Level,28 Apr 2025
MIN,TEN330,LRB,Min,Ammo Crates,0.0000,Min Level,28 Apr 2025
MIN,P794,NAD,Min,Mixed Pallet,0.0000,Min Level,28 Apr 2025
MIN,P797,NAD,Min,Mixed Pallet,0.0000,Min Level,28 Apr 2025
MIN,P785,NAD,Min,Mixed Pallet,0.0000,Min Level,28 Apr 2025
MIN,P790,NAD,Min,Mixed Pallet,0.0000,Min Level,28 Apr 2025
MIN,P791,NAD,Min,Mixed Pallet,0.0000,Min Level,28 Apr 2025
MIN,P783,NAD,Min,Mixed Pallet,0.0000,Min Level,28 Apr 2025
MIN,P788,NAD,Min,Mixed Pallet,0.0000,Min Level,28 Apr 2025
MIN,P786,NAD,Min,Mixed Pallet,0.0000,Min Level,28 Apr 2025
MIN,P784,NAD,Min,Mixed Pallet,0.0000,Min Level,28 Apr 2025
MIN,P787,NAD,Min,Mixed Pallet,0.0000,Min Level,28 Apr 2025
MIN,P789,NAD,Min,Mixed Pallet,0.0000,Min Level,28 Apr 2025
MIN,P782,NAD,Min,Mixed Pallet,0.0000,Min Level,28 Apr 2025
MIN,P792,NAD,Min,Mixed Pallet,0.0000,Min Level,28 Apr 2025
MIN,P795,NAD,Min,Mixed Pallet,0.0000,Min Level,28 Apr 2025
MIN,P781,NAD,Min,Mixed Pallet,0.0000,Min Level,28 Apr 2025
MIN,P798,NAD,Min,Mixed Pallet,0.0000,Min Level,28 Apr 2025
MIN,P805,NAD,Min,Mixed Pallet,0.0000,Min Level,28 Apr 2025
MIN,P806,NAD,Min,Mixed Pallet,0.0000,Min Level,28 Apr 2025
MIN,P807,NAD,Min,Mixed Pallet,0.0000,Min Level,28 Apr 2025
MIN,P808,NAD,Min,Mixed Pallet,0.0000,Min Level,28 Apr 2025
MIN,P809,NAD,Min,Mixed Pallet,0.0000,Min Level,28 Apr 2025
MIN,P810,NAD,Min,Mixed Pallet,0.0000,Min Level,28 Apr 2025
MIN,P811,NAD,Min,Mixed Pallet,0.0000,Min Level,28 Apr 2025
MIN,P812,NAD,Min,Mixed Pallet,0.0000,Min Level,28 Apr 2025
MIN,P813,NAD,Min,Mixed Pallet,0.0000,Min Level,28 Apr 2025
MIN,P814,NAD,Min,Mixed Pallet,0.0000,Min Level,28 Apr 2025
MIN,P815,NAD,Min,Mixed Pallet,0.0000,Min Level,28 Apr 2025
MIN,P816,NAD,Min,Mixed Pallet,0.0000,Min Level,28 Apr 2025
MIN,P817,NAD,Min,Mixed Pallet,0.0000,Min Level,28 Apr 2025
MIN,P818,NAD,Min,Mixed Pallet,0.0000,Min Level,28 Apr 2025
MIN,P819,NAD,Min,Mixed Pallet,0.0000,Min Level,28 Apr 2025
MIN,P800,NAD,Min,Mixed Pallet,0.0000,Min Level,28 Apr 2025
MIN,P799,NAD,Min,Mixed Pallet,0.0000,Min Level,28 Apr 2025
MIN,P802,NAD,Min,Mixed Pallet,0.0000,Min Level,28 Apr 2025
MIN,P793,NAD,Min,Mixed Pallet,0.0000,Min Level,28 Apr 2025
MIN,P803,NAD,Min,Mixed Pallet,0.0000,Min Level,28 Apr 2025
MIN,P796,NAD,Min,Mixed Pallet,0.0000,Min Level,28 Apr 2025
MIN,P804,NAD,Min,Mixed Pallet,0.0000,Min Level,28 Apr 2025
MIN,P801,NAD,Min,Mixed Pallet,0.0000,Min Level,28 Apr 2025
MIN,CACS776,Bambino,Min,Spin 360 Ember,0.0000,Min Level,28 Apr 2025
MIN,CACS791,Bambino,Min,Everystage FX Coal,0.0000,Min Level,28 Apr 2025
MIN,STTS838,Bambino,Min,I-Base LX,0.0000,Min Level,28 Apr 2025
MIN,STTS822,Bambino,Min,Litetrax 4 Coal,0.0000,Min Level,28 Apr 2025
MIN,HCJO776,Bambino,Min,Mimzy Recline Speckled,0.0000,Min Level,28 Apr 2025
MIN,TCBS386,Bambino,Min,Commuter Change Logan,0.0000,Min Level,28 Apr 2025
MIN,TCBS375,Bambino,Min,Commuter Change & Snooze Linen Grey,0.0000,Min Level,28 Apr 2025
MIN,TCBS383,Bambino,Min,Playard Illusion,0.0000,Min Level,28 Apr 2025
MIN,TCBS403,Bambino,Min,Roomie Glide Shale,0.0000,Min Level,28 Apr 2025
MIN,SWOT292,Bambino,Min,Serina 2 In 1 Speckled,0.0000,Min Level,28 Apr 2025
MIN,SWOT293,Bambino,Min,Soother Dreamer Portrait,0.0000,Min Level,28 Apr 2025
MIN,FTW1.8-M,LRB,Min,Fold Table White 8FT,0.0000,Min Level,28 Apr 2025
MIN,FTW1..8-N,LRB,Min,Fold Table White 8FT,0.0000,Min Level,28 Apr 2025
MIN,FTW1.8-N,LRB,Min,Fold Table White 8FT,0.0000,Min Level,28 Apr 2025
MIN,FTW1.8-O,LRB,Min,Fold Table White 8FT,0.0000,Min Level,28 Apr 2025
MIN,FTW1.8-P,LRB,Min,Fold Table White 8FT,0.0000,Min Level,28 Apr 2025
MIN,FTW1.8-Q,LRB,Min,Fold Table White 8FT,0.0000,Min Level,28 Apr 2025
MIN,FTW1.8-R,LRB,Min,Fold Table White 8FT,0.0000,Min Level,28 Apr 2025
MIN,FTW1.8-S,LRB,Min,Fold Table White 8FT,0.0000,Min Level,28 Apr 2025
MIN,FTW1.8-T,LRB,Min,Fold Table White 8FT,0.0000,Min Level,28 Apr 2025
MIN,FTW1.8-U,LRB,Min,Fold Table White 8FT,0.0000,Min Level,28 Apr 2025
MIN,FTW1.8-V,LRB,Min,Fold Table White 8FT,0.0000,Min Level,28 Apr 2025
MIN,FTW1.8-W,LRB,Min,Fold Table White 8FT,0.0000,Min Level,28 Apr 2025
MIN,FTW1.8-X,LRB,Min,Fold Table White 8FT,0.0000,Min Level,28 Apr 2025
MIN,FTW1.8-Y,LRB,Min,Fold Table White 8FT,0.0000,Min Level,28 Apr 2025
MIN,FTW1.8-Z,LRB,Min,Fold Table White 8FT,0.0000,Min Level,28 Apr 2025
MIN,FTW1.8-A,LRB,Min,Fold Table White 8FT,0.0000,Min Level,28 Apr 2025
MIN,FTW1.8-AB,LRB,Min,Fold Table White 8FT,0.0000,Min Level,28 Apr 2025
MIN,FTW1.8-AC,LRB,Min,Fold Table White 8FT,0.0000,Min Level,28 Apr 2025
MIN,FTW1.8-AE,LRB,Min,Fold Table White 8FT,0.0000,Min Level,28 Apr 2025
MIN,TCBS386-A,Bambino,Min,Commuter Change Logan,0.0000,Min Level,28 Apr 2025
MIN,TCBS375-A,Bambino,Min,Commuter Change & Snooze Linen Grey,0.0000,Min Level,28 Apr 2025
MIN,TCBS375-B,Bambino,Min,Commuter Change & Snooze Linen Grey,0.0000,Min Level,28 Apr 2025
MIN,TCBS383-A,Bambino,Min,Playard Illusion,0.0000,Min Level,28 Apr 2025
MIN,TCBS383-B,Bambino,Min,Playard Illusion,0.0000,Min Level,28 Apr 2025
MIN,TCBS383-C,Bambino,Min,Playard Illusion,0.0000,Min Level,28 Apr 2025
MIN,HCJO776-A,Bambino,Min,Mimzy Recline Speckled,0.0000,Min Level,28 Apr 2025
MIN,HCJO776-B,Bambino,Min,Mimzy Recline Speckled,0.0000,Min Level,28 Apr 2025
MIN,HCJO776-C,Bambino,Min,Mimzy Recline Speckled,0.0000,Min Level,28 Apr 2025
MIN,STTS822-A,Bambino,Min,Litetrax 4 Coal,0.0000,Min Level,28 Apr 2025
MIN,STTS822-B,Bambino,Min,Litetrax 4 Coal,0.0000,Min Level,28 Apr 2025
MIN,STTS822-C,Bambino,Min,Litetrax 4 Coal,0.0000,Min Level,28 Apr 2025
MIN,STTS822-D,Bambino,Min,Litetrax 4 Coal,0.0000,Min Level,28 Apr 2025
MIN,STTS822-E,Bambino,Min,Litetrax 4 Coal,0.0000,Min Level,28 Apr 2025
MIN,STTS822-F,Bambino,Min,Litetrax 4 Coal,0.0000,Min Level,28 Apr 2025
MIN,STTS822-G,Bambino,Min,Litetrax 4 Coal,0.0000,Min Level,28 Apr 2025
MIN,P820,NAD,Min,Mixed Pallet,0.0000,Min Level,28 Apr 2025
MIN,P821,NAD,Min,Mixed Pallet,0.0000,Min Level,28 Apr 2025
MIN,P822,NAD,Min,Mixed Pallet,0.0000,Min Level,28 Apr 2025
MIN,P823,NAD,Min,Mixed Pallet,0.0000,Min Level,28 Apr 2025
MIN,P824,NAD,Min,Mixed Pallet,0.0000,Min Level,28 Apr 2025
MIN,P825,NAD,Min,Mixed Pallet,0.0000,Min Level,28 Apr 2025
MIN,P826,NAD,Min,Mixed Pallet,0.0000,Min Level,28 Apr 2025
MIN,TEN330-A,LRB,Min,Ammo Crates,0.0000,Min Level,28 Apr 2025
MIN,TEN330-B,LRB,Min,Ammo Crates,0.0000,Min Level,28 Apr 2025
MIN,TEN330-C,LRB,Min,Ammo Crates,0.0000,Min Level,28 Apr 2025
MIN,TEN330-D,LRB,Min,Ammo Crates,0.0000,Min Level,28 Apr 2025
MIN,TEN330-E,LRB,Min,Ammo Crates,0.0000,Min Level,28 Apr 2025
MIN,TEN330-F,LRB,Min,Ammo Crates,0.0000,Min Level,28 Apr 2025
MIN,TEN330-G,LRB,Min,Ammo Crates,0.0000,Min Level,28 Apr 2025
MIN,TEN330-H,LRB,Min,Ammo Crates,0.0000,Min Level,28 Apr 2025
MIN,TEN330-I,LRB,Min,Ammo Crates,0.0000,Min Level,28 Apr 2025
MIN,TEN330-J,LRB,Min,Ammo Crates,0.0000,Min Level,28 Apr 2025
MIN,TEN330-K,LRB,Min,Ammo Crates,0.0000,Min Level,28 Apr 2025
MIN,TEN330-L,LRB,Min,Ammo Crates,0.0000,Min Level,28 Apr 2025
MIN,TEN330-M,LRB,Min,Ammo Crates,0.0000,Min Level,28 Apr 2025
MIN,TEN330-N,LRB,Min,Ammo Crates,0.0000,Min Level,28 Apr 2025
MIN,TEN330-O,LRB,Min,Ammo Crates,0.0000,Min Level,28 Apr 2025
MIN,TEN330-P,LRB,Min,Ammo Crates,0.0000,Min Level,28 Apr 2025
MIN,TEN330-Q,LRB,Min,Ammo Crates,0.0000,Min Level,28 Apr 2025
MIN,TEN330-R,LRB,Min,Ammo Crates,0.0000,Min Level,28 Apr 2025
MIN,TEN330-S,LRB,Min,Ammo Crates,0.0000,Min Level,28 Apr 2025
MIN,TEN330-T,LRB,Min,Ammo Crates,0.0000,Min Level,28 Apr 2025
MIN,TEN330-U,LRB,Min,Ammo Crates,0.0000,Min Level,28 Apr 2025
MIN,TEN330-V,LRB,Min,Ammo Crates,0.0000,Min Level,28 Apr 2025
MIN,TEN330-W,LRB,Min,Ammo Crates,0.0000,Min Level,28 Apr 2025
MIN,TEN330-X,LRB,Min,Ammo Crates,0.0000,Min Level,28 Apr 2025
MIN,TEN330-Y,LRB,Min,Ammo Crates,0.0000,Min Level,28 Apr 2025
MIN,TEN330-Z,LRB,Min,Ammo Crates,0.0000,Min Level,28 Apr 2025
MIN,TEN330-AA,LRB,Min,Ammo Crates,0.0000,Min Level,28 Apr 2025
MIN,TEN330-AB,LRB,Min,Ammo Crates,0.0000,Min Level,28 Apr 2025
MIN,TEN330-AC,LRB,Min,Ammo Crates,0.0000,Min Level,28 Apr 2025
MIN,TEN330-AD,LRB,Min,Ammo Crates,0.0000,Min Level,28 Apr 2025
MIN,TEN330-AE,LRB,Min,Ammo Crates,0.0000,Min Level,28 Apr 2025
MIN,TEN330-AF,LRB,Min,Ammo Crates,0.0000,Min Level,28 Apr 2025
MIN,TEN330-AG,LRB,Min,Ammo Crates,0.0000,Min Level,28 Apr 2025
MIN,TEN330-AH,LRB,Min,Ammo Crates,0.0000,Min Level,28 Apr 2025
MIN,TEN330-AI,LRB,Min,Ammo Crates,0.0000,Min Level,28 Apr 2025
MIN,TEN330-AJ,LRB,Min,Ammo Crates,0.0000,Min Level,28 Apr 2025
MIN,TEN330-AK,LRB,Min,Ammo Crates,0.0000,Min Level,28 Apr 2025
MIN,TEN330-AL,LRB,Min,Ammo Crates,0.0000,Min Level,28 Apr 2025
MIN,TEN330-AM,LRB,Min,Ammo Crates,0.0000,Min Level,28 Apr 2025
MIN,TEN330-AN,LRB,Min,Ammo Crates,0.0000,Min Level,28 Apr 2025
MIN,TEN330-AO,LRB,Min,Ammo Crates,0.0000,Min Level,28 Apr 2025
MIN,TEN330-AP,LRB,Min,Ammo Crates,0.0000,Min Level,28 Apr 2025
MIN,TEN330-AQ,LRB,Min,Ammo Crates,0.0000,Min Level,28 Apr 2025
MIN,TEN330-AR,LRB,Min,Ammo Crates,0.0000,Min Level,28 Apr 2025
MIN,TEN330-AS,LRB,Min,Ammo Crates,0.0000,Min Level,28 Apr 2025
MIN,TEN330-AT,LRB,Min,Ammo Crates,0.0000,Min Level,28 Apr 2025
MIN,TEN330-AU,LRB,Min,Ammo Crates,0.0000,Min Level,28 Apr 2025
MIN,TEN330-AV,LRB,Min,Ammo Crates,0.0000,Min Level,28 Apr 2025
MIN,TEN330-AW,LRB,Min,Ammo Crates,0.0000,Min Level,28 Apr 2025
MIN,TEN330-AX,LRB,Min,Ammo Crates,0.0000,Min Level,28 Apr 2025
MIN,TEN330-AY,LRB,Min,Ammo Crates,0.0000,Min Level,28 Apr 2025
MIN,TEN330-AZ,LRB,Min,Ammo Crates,0.0000,Min Level,28 Apr 2025
MIN,TEN330-BA,LRB,Min,Ammo Crates,0.0000,Min Level,28 Apr 2025
MIN,TEN330-BB,LRB,Min,Ammo Crates,0.0000,Min Level,28 Apr 2025
MIN,TEN330-BC,LRB,Min,Ammo Crates,0.0000,Min Level,28 Apr 2025
MIN,TEN330-BD,LRB,Min,Ammo Crates,0.0000,Min Level,28 Apr 2025
MIN,TEN330-BE,LRB,Min,Ammo Crates,0.0000,Min Level,28 Apr 2025
MIN,TEN330-BF,LRB,Min,Ammo Crates,0.0000,Min Level,28 Apr 2025
MIN,TEN330-BG,LRB,Min,Ammo Crates,0.0000,Min Level,28 Apr 2025
MIN,TEN330-BH,LRB,Min,Ammo Crates,0.0000,Min Level,28 Apr 2025
MIN,TEN330-BI,LRB,Min,Ammo Crates,0.0000,Min Level,28 Apr 2025
MIN,TEN330-BJ,LRB,Min,Ammo Crates,0.0000,Min Level,28 Apr 2025
MIN,TEN330-BK,LRB,Min,Ammo Crates,0.0000,Min Level,28 Apr 2025
MIN,TEN330-BL,LRB,Min,Ammo Crates,0.0000,Min Level,28 Apr 2025
MIN,TEN330-BM,LRB,Min,Ammo Crates,0.0000,Min Level,28 Apr 2025
MIN,TEN330-BN,LRB,Min,Ammo Crates,0.0000,Min Level,28 Apr 2025
MIN,TEN330-BO,LRB,Min,Ammo Crates,0.0000,Min Level,28 Apr 2025
MIN,TEN330-BP,LRB,Min,Ammo Crates,0.0000,Min Level,28 Apr 2025
MIN,TEN330-BQ,LRB,Min,Ammo Crates,0.0000,Min Level,28 Apr 2025
MIN,TEN330-BR,LRB,Min,Ammo Crates,0.0000,Min Level,28 Apr 2025
MIN,TEN330-BS,LRB,Min,Ammo Crates,0.0000,Min Level,28 Apr 2025
MIN,TEN330-BT,LRB,Min,Ammo Crates,0.0000,Min Level,28 Apr 2025
MIN,TEN330-BU,LRB,Min,Ammo Crates,0.0000,Min Level,28 Apr 2025
MIN,TEN330-BV,LRB,Min,Ammo Crates,0.0000,Min Level,28 Apr 2025
MIN,TEN330-BW,LRB,Min,Ammo Crates,0.0000,Min Level,28 Apr 2025
MIN,TEN330-BX,LRB,Min,Ammo Crates,0.0000,Min Level,28 Apr 2025
MIN,TEN330-BY,LRB,Min,Ammo Crates,0.0000,Min Level,28 Apr 2025
MIN,TEN330-BZ,LRB,Min,Ammo Crates,0.0000,Min Level,28 Apr 2025
MIN,TEN330-CA,LRB,Min,Ammo Crates,0.0000,Min Level,28 Apr 2025
MIN,TEN330-CB,LRB,Min,Ammo Crates,0.0000,Min Level,28 Apr 2025
MIN,TEN330-CK,LRB,Min,Emmo Crades,0.0000,Min Level,28 Apr 2025
MIN,TEN330-CC,LRB,Min,Ammo Crates,0.0000,Min Level,28 Apr 2025
MIN,TEN330-CD,LRB,Min,Ammo Crates,0.0000,Min Level,28 Apr 2025
MIN,TEN330-CL,LRB,Min,Emmo Crades,0.0000,Min Level,28 Apr 2025
MIN,TEN330-CE,LRB,Min,Ammo Crates,0.0000,Min Level,28 Apr 2025
MIN,TEN330-CF,LRB,Min,Ammo Crates,0.0000,Min Level,28 Apr 2025
MIN,TEN330-CM,LRB,Min,Emmo Crades,0.0000,Min Level,28 Apr 2025
MIN,TEN330-CG,LRB,Min,Ammo Crates,0.0000,Min Level,28 Apr 2025
MIN,TEN330-CH,LRB,Min,Ammo Crates,0.0000,Min Level,28 Apr 2025
MIN,TEN330-CI,LRB,Min,Ammo Crates,0.0000,Min Level,28 Apr 2025
MIN,TEN330-CJ,LRB,Min,Ammo Crates,0.0000,Min Level,28 Apr 2025
MIN,TEN330-CN,LRB,Min,Ammo Crates,0.0000,Min Level,28 Apr 2025
MIN,TEN330-CO,LRB,Min,Ammo Crates,0.0000,Min Level,28 Apr 2025
MIN,TEN330-CP,LRB,Min,Ammo Crates,0.0000,Min Level,28 Apr 2025
MIN,TEN330-CQ,LRB,Min,Ammo Crates,0.0000,Min Level,28 Apr 2025
MIN,TEN330-CR,LRB,Min,Ammo Crates,0.0000,Min Level,28 Apr 2025
MIN,TEN330-CS,LRB,Min,Ammo Crates,0.0000,Min Level,28 Apr 2025
MIN,TEN330-CT,LRB,Min,Ammo Crates,0.0000,Min Level,28 Apr 2025
MIN,TEN330-CU,LRB,Min,Ammo Crates,0.0000,Min Level,28 Apr 2025
MIN,TEN330-CV,LRB,Min,Ammo Crates,0.0000,Min Level,28 Apr 2025
MIN,TEN330-CW,LRB,Min,Ammo Crates,0.0000,Min Level,28 Apr 2025
MIN,P827,NAD,Min,Mixed Pallet,0.0000,Min Level,28 Apr 2025
MIN,P828,NAD,Min,Mixed Pallet,0.0000,Min Level,28 Apr 2025
MIN,P829,NAD,Min,Mixed Pallet,0.0000,Min Level,28 Apr 2025
MIN,P830,NAD,Min,Mixed Pallet,0.0000,Min Level,28 Apr 2025
MIN,P831,NAD,Min,Mixed Pallet,0.0000,Min Level,28 Apr 2025
MIN,P832,NAD,Min,Mixed Pallet,0.0000,Min Level,28 Apr 2025
MIN,P833,NAD,Min,Mixed Pallet,0.0000,Min Level,28 Apr 2025
MIN,P834,NAD,Min,Mixed Pallet,0.0000,Min Level,28 Apr 2025
MIN,P835,NAD,Min,Mixed Pallet,0.0000,Min Level,28 Apr 2025
MIN,P836,NAD,Min,Mixed Pallet,0.0000,Min Level,28 Apr 2025
MIN,P837,NAD,Min,Mixed Pallet,0.0000,Min Level,28 Apr 2025
MIN,P838,NAD,Min,Mixed Pallet,0.0000,Min Level,28 Apr 2025
MIN,P839,NAD,Min,Mixed Pallet,0.0000,Min Level,28 Apr 2025
MIN,P840,NAD,Min,Mixed Pallet,0.0000,Min Level,28 Apr 2025
MIN,P841,NAD,Min,Mixed Pallet,0.0000,Min Level,28 Apr 2025
MIN,P842,NAD,Min,Mixed Pallet,0.0000,Min Level,28 Apr 2025
MIN,640X640WTL175G-F,Kiki Bags,Min,White Top Liner 175G,0.0000,Min Level,28 Apr 2025
MIN,640X640WTL175G-G,Kiki Bags,Min,White Top Liner 175G,0.0000,Min Level,28 Apr 2025
MIN,640X640WTL175G,Kiki Bags,Min,White Top Liner 175G,0.0000,Min Level,28 Apr 2025
MIN,P843,NAD,Min,Mixed Pallet,0.0000,Min Level,28 Apr 2025
MIN,P844,NAD,Min,Mixed Pallet,0.0000,Min Level,28 Apr 2025
MIN,P845,NAD,Min,Mixed Pallet,0.0000,Min Level,28 Apr 2025
MIN,P846,NAD,Min,Mixed Pallet,0.0000,Min Level,28 Apr 2025
MIN,P847,NAD,Min,Mixed Pallet,0.0000,Min Level,28 Apr 2025
MIN,P848,NAD,Min,Mixed Pallet,0.0000,Min Level,28 Apr 2025
MIN,P849,NAD,Min,Mixed Pallet,0.0000,Min Level,28 Apr 2025
MIN,P850,NAD,Min,Mixed Pallet,0.0000,Min Level,28 Apr 2025
MIN,P851,NAD,Min,Mixed Pallet,0.0000,Min Level,28 Apr 2025
MIN,P852,NAD,Min,Mixed Pallet,0.0000,Min Level,28 Apr 2025
MIN,P853,NAD,Min,Mixed Pallet,0.0000,Min Level,28 Apr 2025
MIN,P854,NAD,Min,Mixed Pallet,0.0000,Min Level,28 Apr 2025
MIN,P855,NAD,Min,Mixed Pallet,0.0000,Min Level,28 Apr 2025
MIN,P856,NAD,Min,Mixed Pallet,0.0000,Min Level,28 Apr 2025
MIN,944603,Niemann,Min,FA48 JUM,0.0000,Min Level,28 Apr 2025
MIN,944603A,Niemann,Min,FA48 Mystery Penelope,0.0000,Min Level,28 Apr 2025
MIN,944762B,Niemann,Min,FB35 Refelx Metallizto,0.0000,Min Level,28 Apr 2025
MIN,944762C,Niemann,Min,FB35 Refelx Metallizto,0.0000,Min Level,28 Apr 2025
MIN,944764,Niemann,Min,FA68 Reflex Madreperia,0.0000,Min Level,28 Apr 2025
MIN,944764A,Niemann,Min,FA68 Reflex Madreperia,0.0000,Min Level,28 Apr 2025
MIN,944765,Niemann,Min,LR18 Sable Frascherino,0.0000,Min Level,28 Apr 2025
MIN,944765A,Niemann,Min,LR18 Sable Frascherino,0.0000,Min Level,28 Apr 2025
MIN,944768,Niemann,Min,FB48 E010 Ares,0.0000,Min Level,28 Apr 2025
MIN,944768A,Niemann,Min,FB48 E010 Ares,0.0000,Min Level,28 Apr 2025
MIN,P857,NAD,Min,Mixed Pallet,0.0000,Min Level,28 Apr 2025
MIN,P858,NAD,Min,Mixed Pallet,0.0000,Min Level,28 Apr 2025
MIN,P859,NAD,Min,Mixed Pallet,0.0000,Min Level,28 Apr 2025
MIN,P860,NAD,Min,Mixed Pallet,0.0000,Min Level,28 Apr 2025
MIN,P861,NAD,Min,Mixed Pallet,0.0000,Min Level,28 Apr 2025
MIN,P862,NAD,Min,Mixed Pallet,0.0000,Min Level,28 Apr 2025
MIN,P863,NAD,Min,Mixed Pallet,0.0000,Min Level,28 Apr 2025
MIN,P864,NAD,Min,Mixed Pallet,0.0000,Min Level,28 Apr 2025
MIN,P965,NAD,Min,Mixed Pallet,0.0000,Min Level,28 Apr 2025
MIN,P866,NAD,Min,Mixed Pallet,0.0000,Min Level,28 Apr 2025
MIN,P867,NAD,Min,Mixed Pallet,0.0000,Min Level,28 Apr 2025
MIN,P868,NAD,Min,Mixed Pallet,0.0000,Min Level,28 Apr 2025
MIN,P869,NAD,Min,Mixed Pallet,0.0000,Min Level,28 Apr 2025
MIN,P870,NAD,Min,Mixed Pallet,0.0000,Min Level,28 Apr 2025
MIN,P871,NAD,Min,Mixed Pallet,0.0000,Min Level,28 Apr 2025
MIN,P872,NAD,Min,Mixed Pallet,0.0000,Min Level,28 Apr 2025
MIN,P873,NAD,Min,Mixed Pallet,0.0000,Min Level,28 Apr 2025
MIN,P874,NAD,Min,Mixed Pallet,0.0000,Min Level,28 Apr 2025
MIN,P875,NAD,Min,Mixed Pallet,0.0000,Min Level,28 Apr 2025
MIN,P876,NAD,Min,Mixed Pallet,0.0000,Min Level,28 Apr 2025
MIN,P877,NAD,Min,Mixed Pallet,0.0000,Min Level,28 Apr 2025
MIN,P878,NAD,Min,Mixed Pallet,0.0000,Min Level,28 Apr 2025
MIN,P879,NAD,Min,Mixed Pallet,0.0000,Min Level,28 Apr 2025
MIN,P880,NAD,Min,Mixed Pallet,0.0000,Min Level,28 Apr 2025
MIN,P881,NAD,Min,Mixed Pallet,0.0000,Min Level,28 Apr 2025
MIN,P882,NAD,Min,Mixed Pallet,0.0000,Min Level,28 Apr 2025
MIN,P883,NAD,Min,Mixed Pallet,0.0000,Min Level,28 Apr 2025
MIN,P884,NAD,Min,Mixed Pallet,0.0000,Min Level,28 Apr 2025
MIN,P885,NAD,Min,Mixed Pallet,0.0000,Min Level,28 Apr 2025
MIN,P886,NAD,Min,Mixed Pallet,0.0000,Min Level,28 Apr 2025
MIN,P887,NAD,Min,Mixed Pallet,0.0000,Min Level,28 Apr 2025
MIN,P888,NAD,Min,Mixed Pallet,0.0000,Min Level,28 Apr 2025
MIN,P889,NAD,Min,Mixed Pallet,0.0000,Min Level,28 Apr 2025
MIN,P890,NAD,Min,Mixed Pallet,0.0000,Min Level,28 Apr 2025
MIN,P891,NAD,Min,Mixed Pallet,0.0000,Min Level,28 Apr 2025
MIN,P892,NAD,Min,Mixed Pallet,0.0000,Min Level,28 Apr 2025
MIN,P893,NAD,Min,Mixed Pallet,0.0000,Min Level,28 Apr 2025
MIN,P894,NAD,Min,Mixed Pallet,0.0000,Min Level,28 Apr 2025
MIN,P895,NAD,Min,Mixed Pallet,0.0000,Min Level,28 Apr 2025
MIN,P896,NAD,Min,Mixed Pallet,0.0000,Min Level,28 Apr 2025
MIN,P897,NAD,Min,Mixed Pallet,0.0000,Min Level,28 Apr 2025
MIN,P898,NAD,Min,Mixed Pallet,0.0000,Min Level,28 Apr 2025
MIN,P899,NAD,Min,Mixed Pallet,0.0000,Min Level,28 Apr 2025
MIN,P900,NAD,Min,Mixed Pallet,0.0000,Min Level,28 Apr 2025
MIN,P901,NAD,Min,Mixed Pallet,0.0000,Min Level,28 Apr 2025
MIN,P902,NAD,Min,Mixed Pallet,0.0000,Min Level,28 Apr 2025
MIN,P903,NAD,Min,Mixed Pallet,0.0000,Min Level,28 Apr 2025
MIN,P904,NAD,Min,Mixed Pallet,0.0000,Min Level,28 Apr 2025
MIN,P905,NAD,Min,Mixed Pallet,0.0000,Min Level,28 Apr 2025
MIN,QST114BU,Kiki Bags,Min,Shopper Unprinted,0.0000,Min Level,28 Apr 2025
MIN,MHFT-30-B,LRB,Min,Elements Fan Desk 30cm Wht,0.0000,Min Level,28 Apr 2025
MIN,MHFT-40-B,LRB,Min,Elements Fan Desk 40cm Wht,0.0000,Min Level,28 Apr 2025
MIN,MHFS-40-B,LRB,Min,Elements Fan Pedest 40cm Wht,0.0000,Min Level,28 Apr 2025
MIN,STTS822-H,Bambino,Min,Litetrax 4 Coal,0.0000,Min Level,28 Apr 2025
MIN,STTS822-J,Bambino,Min,Litetrax 4 Coal,0.0000,Min Level,28 Apr 2025
MIN,P906,NAD,Min,Mixed Pallet,0.0000,Min Level,28 Apr 2025
MIN,P907,NAD,Min,Mixed Pallet,0.0000,Min Level,28 Apr 2025
MIN,P908,NAD,Min,Mixed Pallet,0.0000,Min Level,28 Apr 2025
MIN,P909,NAD,Min,Mixed Pallet,0.0000,Min Level,28 Apr 2025
MIN,P910,NAD,Min,Mixed Pallet,0.0000,Min Level,28 Apr 2025
MIN,P911,NAD,Min,Mixed Pallet,0.0000,Min Level,28 Apr 2025
MIN,P912,NAD,Min,Mixed Pallet,0.0000,Min Level,28 Apr 2025
MIN,P913,NAD,Min,Mixed Pallet,0.0000,Min Level,28 Apr 2025
MIN,ACGS248,Bambino,Min,Safety Gate Extentions 7cm,0.0000,Min Level,28 Apr 2025
MIN,ACGS248-A,Bambino,Min,Safety Gate Extentions 7cm,0.0000,Min Level,28 Apr 2025
MIN,ACGS248-B,Bambino,Min,Safety Gate Extentions 7cm,0.0000,Min Level,28 Apr 2025
MIN,ACGS248-C,Bambino,Min,Safety Gate Extentions 7cm,0.0000,Min Level,28 Apr 2025
MIN,ACGS248-D,Bambino,Min,Safety Gate Extensions 7cm,0.0000,Min Level,28 Apr 2025
MIN,ACGS248-E,Bambino,Min,Safety Gate Extentions 7cm,0.0000,Min Level,28 Apr 2025
MIN,ACGS248-F,Bambino,Min,Safety Gate Extentions 7cm,0.0000,Min Level,28 Apr 2025
MIN,ACGS248-G,Bambino,Min,Safety Gate Extentions 7cm,0.0000,Min Level,28 Apr 2025
MIN,ACGS248-H,Bambino,Min,Safety Gate Extentions 7cm,0.0000,Min Level,28 Apr 2025
MIN,ACGS248-I,Bambino,Min,Safety Gate Extentions 7cm,0.0000,Min Level,28 Apr 2025
MIN,ACGS249-AZ,Bambino,Min,Safety Gate Extentions 7 14 28cm,0.0000,Min Level,28 Apr 2025
MIN,ACGS249-A,Bambino,Min,Safety Gate Extentions 7 14 28cm,0.0000,Min Level,28 Apr 2025
MIN,ACGS249-B,Bambino,Min,Safety Gate Extentions 7 14 28cm,0.0000,Min Level,28 Apr 2025
MIN,ACGS249-C,Bambino,Min,Safety Gate Extentions 7 14 28cm,0.0000,Min Level,28 Apr 2025
MIN,ACGS249-D,Bambino,Min,Safety Gate Extentions 7 14 28cm,0.0000,Min Level,28 Apr 2025
MIN,ACGS249-E,Bambino,Min,Safety Gate Extentions 7 14 28cm,0.0000,Min Level,28 Apr 2025
MIN,ACGS249-F,Bambino,Min,Safety Gate Extentions 7 14 28cm,0.0000,Min Level,28 Apr 2025
MIN,ACGS249-G,Bambino,Min,Safety Gate Extentions 7 14 28cm,0.0000,Min Level,28 Apr 2025
MIN,ACGS249-H,Bambino,Min,Safety Gate Extentions 7 14 28cm,0.0000,Min Level,28 Apr 2025
MIN,ACGS249-I,Bambino,Min,Safety Gate Extentions 7 14 28cm,0.0000,Min Level,28 Apr 2025
MIN,ACGS249-J,Bambino,Min,Safety Gate Extentions 7 14 28cm,0.0000,Min Level,28 Apr 2025
MIN,ACGS249-K,Bambino,Min,Safety Gate Extentions 7 14 28cm,0.0000,Min Level,28 Apr 2025
MIN,ACGS249-L,Bambino,Min,Safety Gate Extentions 7 14 28cm,0.0000,Min Level,28 Apr 2025
MIN,ACGS249-M,Bambino,Min,Safety Gate Extentions 7 14 28cm,0.0000,Min Level,28 Apr 2025
MIN,ACGS249-N,Bambino,Min,Safety Gate Extentions 7 14 28cm,0.0000,Min Level,28 Apr 2025
MIN,ACGS249-O,Bambino,Min,Safety Gate Extentions 7 14 28cm,0.0000,Min Level,28 Apr 2025
MIN,ACGS249-P,Bambino,Min,Safety Gate Extentions 7 14 28cm,0.0000,Min Level,28 Apr 2025
MIN,ACGS249-Q,Bambino,Min,Safety Gate Extentions 7 14 28cm,0.0000,Min Level,28 Apr 2025
MIN,ACGS249-R,Bambino,Min,Safety Gate Extentions 7 14 28cm,0.0000,Min Level,28 Apr 2025
MIN,SPARES-D,Bambino,Min,Bambino Spares BAM5099,0.0000,Min Level,28 Apr 2025
MIN,OSB320TG24001200,ABC Building Materials,Min,OSB3 Board Tongue & Grove 4 Sides - 20x2400x1200mm,0.0000,Min Level,28 Apr 2025
MIN,OSB318TG24401220,ABC Building Materials,Min,OSB Board Tongue & Grove 2 Sides - 18x2440x1220mm,0.0000,Min Level,28 Apr 2025
MIN,OSB318TG25001250,ABC Building Materials,Min,OSB3 Board Tongue & Grove 4 Sides - 18x2500x1250mm,0.0000,Min Level,28 Apr 2025
MIN,OSB418TG27001200,ABC Building Materials,Min,OSB4 Board Tongue & Grove 4 Sides - 18x2700x1200mm,0.0000,Min Level,28 Apr 2025
MIN,OSB320TG24001200-A,ABC Building Materials,Min,OSB3 Board Tongue & Grove 4 Sides - 20x2400x1200mm,0.0000,Min Level,28 Apr 2025
MIN,OSB312SE24401220,ABC Building Materials,Min,OSB3 Board Square Edge - 12x2440x1220mm,0.0000,Min Level,28 Apr 2025
MIN,OSB312SE25001250,ABC Building Materials,Min,OSB3 Board Square Edge - 12x2500x1250mm,0.0000,Min Level,28 Apr 2025
MIN,OSB412SE25001250,ABC Building Materials,Min,OSB4 Board Square Edge - 12x2500x1250mm,0.0000,Min Level,28 Apr 2025
MIN,OSB412SE25001250-A,ABC Building Materials,Min,OSB4 Board Square Edge - 12x2500x1250mm,0.0000,Min Level,28 Apr 2025
MIN,OSB312SE26001250,ABC Building Materials,Min,OSB3 Board Square Edge - 12x2600x1250mm,0.0000,Min Level,28 Apr 2025
MIN,OSB312SE26001250-A,ABC Building Materials,Min,OSB3 Board Square Edge - 12x2600x1250mm,0.0000,Min Level,28 Apr 2025
MIN,OSB412SE26501250,ABC Building Materials,Min,OSB4 Board Square Edge - 12x2650x1250mm,0.0000,Min Level,28 Apr 2025
MIN,OSB415SE28001250,ABC Building Materials,Min,OSB4 Board Square Edge - 15x2800x1250mm,0.0000,Min Level,28 Apr 2025
MIN,OSB412SE30001250,ABC Building Materials,Min,OSB4 Board Square Edge - 12x3000x1250mm,0.0000,Min Level,28 Apr 2025
MIN,OSB415SE30002500,ABC Building Materials,Min,OSB4 Board Square Edge - 15x3000x2500mm,0.0000,Min Level,28 Apr 2025
MIN,SPARES-E,Bambino,Min,Bambino Spares BAM5080,0.0000,Min Level,28 Apr 2025
MIN,CACS606-A,Bambino,Min,Etna 360 Isofix Black/Grey,0.0000,Min Level,28 Apr 2025
MIN,CACS606-B,Bambino,Min,Etna 360 Isofix Black/Grey,0.0000,Min Level,28 Apr 2025
MIN,CACS606-C,Bambino,Min,Etna 360 Isofix Black/Grey,0.0000,Min Level,28 Apr 2025
MIN,MHFS-40-E,LRB,Min,Elements Fan Pedest 40cm Wht Old,0.0000,Min Level,28 Apr 2025
MIN,MHFS-40-G,LRB,Min,Elements Fan Pedest 40cm Wht Old,0.0000,Min Level,28 Apr 2025
MIN,MHFS-40-H,LRB,Min,Elements Fan Pedest 40cm Wht Old,0.0000,Min Level,28 Apr 2025
MIN,MHFS-40-K,LRB,Min,Elements Fan Pedest 40cm Wht Old,0.0000,Min Level,28 Apr 2025
MIN,MHFS-40-L,LRB,Min,Elements Fan Pedest 40cm Wht,0.0000,Min Level,28 Apr 2025
MIN,MHFS-40-M,LRB,Min,Elements Fan Pedest 40cm Wht Old,0.0000,Min Level,28 Apr 2025
MIN,MHFS-40-N,LRB,Min,Elements Fan Pedest 40cm Wht Old,0.0000,Min Level,28 Apr 2025
MIN,DF-200P9-9T(BLACK)-C,LRB,Min,Elements Heater Oil 9FIN 2000W Black BD,0.0000,Min Level,28 Apr 2025
MIN,MHFT-30-I,LRB,Min,Elements Fan Desk 30cm Wht Old stock,0.0000,Min Level,28 Apr 2025
MIN,MHFS-40-O,LRB,Min,Elements Fan Pedest 40cm Wht,0.0000,Min Level,28 Apr 2025
MIN,P914,NAD,Min,Mixed Pallet,0.0000,Min Level,28 Apr 2025
MIN,P915,NAD,Min,Mixed Pallet,0.0000,Min Level,28 Apr 2025
MIN,P916,NAD,Min,Mixed Pallet,0.0000,Min Level,28 Apr 2025
MIN,P917,NAD,Min,Mixed Pallet,0.0000,Min Level,28 Apr 2025
MIN,P918,NAD,Min,Mixed Pallet,0.0000,Min Level,28 Apr 2025
MIN,P919,NAD,Min,Mixed Pallet,0.0000,Min Level,28 Apr 2025
MIN,P920,NAD,Min,Mixed Pallet,0.0000,Min Level,28 Apr 2025
MIN,P921,NAD,Min,Mixed Pallet,0.0000,Min Level,28 Apr 2025
MIN,P922,NAD,Min,Mixed Pallet,0.0000,Min Level,28 Apr 2025
MIN,P923,NAD,Min,Mixed Pallet,0.0000,Min Level,28 Apr 2025
MIN,P924,NAD,Min,Mixed Pallet,0.0000,Min Level,28 Apr 2025
MIN,P925,NAD,Min,Mixed Pallet,0.0000,Min Level,28 Apr 2025
MIN,P926,NAD,Min,Mixed Pallet,0.0000,Min Level,28 Apr 2025
MIN,P927,NAD,Min,Mixed Pallet,0.0000,Min Level,28 Apr 2025
MIN,P928,NAD,Min,Mixed Pallet,0.0000,Min Level,28 Apr 2025
MIN,P929,NAD,Min,Mixed Pallet,0.0000,Min Level,28 Apr 2025
MIN,P930,NAD,Min,Mixed Pallet,0.0000,Min Level,28 Apr 2025
MIN,P931,NAD,Min,Mixed Pallet,0.0000,Min Level,28 Apr 2025
MIN,P932,NAD,Min,Mixed Pallet,0.0000,Min Level,28 Apr 2025
MIN,HCBM384-A,Bambino,Min,Candy High Chair Midnight,0.0000,Min Level,28 Apr 2025
MIN,HCBM384-B,Bambino,Min,Candy High Chair Midnight,0.0000,Min Level,28 Apr 2025
MIN,HCBM-384-C,Bambino,Min,Candy High Chair Midnight,0.0000,Min Level,28 Apr 2025
MIN,HCBM384-D,Bambino,Min,Candy High Chair Midnight,0.0000,Min Level,28 Apr 2025
MIN,HCBM384-E,Bambino,Min,Candy High Chair Midnight,0.0000,Min Level,28 Apr 2025
MIN,HCBM384-F,Bambino,Min,Candy High Chair Midnight,0.0000,Min Level,28 Apr 2025
MIN,HCBM384-G,Bambino,Min,Candy High Chair Midnight,0.0000,Min Level,28 Apr 2025
MIN,HCBM384-H,Bambino,Min,Candy High Chair Midnight,0.0000,Min Level,28 Apr 2025
MIN,P933,NAD,Min,Mixed Pallet,0.0000,Min Level,28 Apr 2025
MIN,P934,NAD,Min,Mixed Pallet,0.0000,Min Level,28 Apr 2025
MIN,P935,NAD,Min,Mixed Pallet,0.0000,Min Level,28 Apr 2025
MIN,P936,NAD,Min,Mixed Pallet,0.0000,Min Level,28 Apr 2025
MIN,P937,NAD,Min,Mixed Pallet,0.0000,Min Level,28 Apr 2025
MIN,P938,NAD,Min,Mixed Pallet,0.0000,Min Level,28 Apr 2025
MIN,P939,NAD,Min,Mixed Pallet,0.0000,Min Level,28 Apr 2025
MIN,P940,NAD,Min,Mixed Pallet,0.0000,Min Level,28 Apr 2025
MIN,P941,NAD,Min,Mixed Pallet,0.0000,Min Level,28 Apr 2025
MIN,P942,NAD,Min,Mixed Pallet,0.0000,Min Level,28 Apr 2025
MIN,P943,NAD,Min,Mixed Pallet,0.0000,Min Level,28 Apr 2025
MIN,P944,NAD,Min,Mixed Pallet,0.0000,Min Level,28 Apr 2025
MIN,P945,NAD,Min,Mixed Pallet,0.0000,Min Level,28 Apr 2025
MIN,P946,NAD,Min,Mixed Pallet,0.0000,Min Level,28 Apr 2025
MIN,P947,NAD,Min,Mixed Pallet,0.0000,Min Level,28 Apr 2025
MIN,P948,NAD,Min,Mixed Pallet,0.0000,Min Level,28 Apr 2025
MIN,P950,NAD,Min,Mixed Pallet,0.0000,Min Level,28 Apr 2025
MIN,P951,NAD,Min,Mixed Pallet,0.0000,Min Level,28 Apr 2025
MIN,P952,NAD,Min,Mixed Pallet,0.0000,Min Level,28 Apr 2025
MIN,P953,NAD,Min,Mixed Pallet,0.0000,Min Level,28 Apr 2025
MIN,P954,NAD,Min,Mixed Pallet,0.0000,Min Level,28 Apr 2025
MIN,P955,NAD,Min,Mixed Pallet,0.0000,Min Level,28 Apr 2025
MIN,P956,NAD,Min,Mixed Pallet,0.0000,Min Level,28 Apr 2025
MIN,P957,NAD,Min,Mixed Pallet,0.0000,Min Level,28 Apr 2025
MIN,P949,NAD,Min,Mixed Pallet,0.0000,Min Level,28 Apr 2025
MIN,SX181,ABC Building Materials,Min,Skirting Molding,0.0000,Min Level,28 Apr 2025
MIN,SX187,ABC Building Materials,Min,Skirting Molding,0.0000,Min Level,28 Apr 2025
MIN,SX137,ABC Building Materials,Min,Skirting Molding,0.0000,Min Level,28 Apr 2025
MIN,SX172,ABC Building Materials,Min,Skirting Molding,0.0000,Min Level,28 Apr 2025
MIN,C324,ABC Building Materials,Min,Cornice Molding,0.0000,Min Level,28 Apr 2025
MIN,CB522,ABC Building Materials,Min,Cornice Molding,0.0000,Min Level,28 Apr 2025
MIN,391/04511011/B-B,Isinkwe Energies,Min,Silverline 4C 51CC,0.0000,Min Level,28 Apr 2025
MIN,TANKEXT600X200-A,Isinkwe Energies,Min,Tank Ext 600 X 200,0.0000,Min Level,28 Apr 2025
MIN,TANKEXT630X180-B,Isinkwe Energies,Min,Tank Ext 630 x 180,0.0000,Min Level,28 Apr 2025
MIN,TANKEXT720X180-A,Isinkwe Energies,Min,Tank Ext 720 X 180,0.0000,Min Level,28 Apr 2025
MIN,TANKEXT720X200-A,Isinkwe Energies,Min,Tank Ext 720 x 200,0.0000,Min Level,28 Apr 2025
MIN,TANKEXT720X250,Isinkwe Energies,Min,Tank Ext 720x250,0.0000,Min Level,28 Apr 2025
MIN,TANKINT600X200,Isinkwe Energies,Min,Tank Int 600x200,0.0000,Min Level,28 Apr 2025
MIN,TANKINT600X225,Isinkwe Energies,Min,Tank Int 600x225 - 48LT,0.0000,Min Level,28 Apr 2025
MIN,TANKINT630X220,Isinkwe Energies,Min,Toroidale LPG Tank 52LT (630x220),0.0000,Min Level,28 Apr 2025
MIN,TANKINT650X200-B,Isinkwe Energies,Min,Tank Int 650 x 200,0.0000,Min Level,28 Apr 2025
MIN,TANKINT650X225-E,Isinkwe Energies,Min,Tank Int 650x225,0.0000,Min Level,28 Apr 2025
MIN,TANKINT680X225,Isinkwe Energies,Min,Tank Int 680x225 - 62LT,0.0000,Min Level,28 Apr 2025
MIN,TANKINT680X240,Isinkwe Energies,Min,Tank Int 680x240 - 68LT,0.0000,Min Level,28 Apr 2025
MIN,MUL200/30-B,Isinkwe Energies,Min,Multivalve 200/30,0.0000,Min Level,28 Apr 2025
MIN,MUL220/30,Isinkwe Energies,Min,Multivalve 220-225-230/30,0.0000,Min Level,28 Apr 2025
MIN,MUL240-250/30,Isinkwe Energies,Min,Multivalve 240-250/30,0.0000,Min Level,28 Apr 2025
MIN,MUL180/0-B,Isinkwe Energies,Min,Multivalve 180/0,0.0000,Min Level,28 Apr 2025
MIN,MUL200/0-B,Isinkwe Energies,Min,Multivalve 200/0,0.0000,Min Level,28 Apr 2025
MIN,MUL240/0,Isinkwe Energies,Min,Multivalve 240/0 Toroidale,0.0000,Min Level,28 Apr 2025
MIN,MG-5513F-A,LRB,Min,Elements 30cm Rechargeble Box Fan Black,0.0000,Min Level,28 Apr 2025
MIN,MG-5616F-B,LRB,Min,Elements Fan Pedest Recharge 40cm,0.0000,Min Level,28 Apr 2025
MIN,MG-5616F-E,LRB,Min,Elements Fan Pedest Recharge 40cm,0.0000,Min Level,28 Apr 2025
MIN,MHFT-40-E,LRB,Min,Elements Fan Desk 40cm Wht,0.0000,Min Level,28 Apr 2025
MIN,CABS260,Bambino,Min,Discovery Car Seat,0.0000,Min Level,28 Apr 2025
MIN,HCBM390-D,Bambino,Min,Pesto High Fern,0.0000,Min Level,28 Apr 2025
MIN,HCBM390-E,Bambino,Min,Pesto High Fern,0.0000,Min Level,28 Apr 2025
MIN,CABS261,Bambino,Min,Grand Prix LX Black,0.0000,Min Level,28 Apr 2025
MIN,MHFS-40-P,LRB,Min,Elements Fan Pedest 40cm Wht,0.0000,Min Level,28 Apr 2025
MIN,MHFS-40-Q,LRB,Min,Elements Fan Pedest 40cm Wht,0.0000,Min Level,28 Apr 2025
MIN,MHFS-40-R,LRB,Min,Elements Fan Pedest 40cm Wht,0.0000,Min Level,28 Apr 2025
MIN,MHFS-40-S,LRB,Min,Elements Fan Pedest 40cm Wht,0.0000,Min Level,28 Apr 2025
MIN,MHFS-40-T,LRB,Min,Elements Fan Pedest 40cm Wht,0.0000,Min Level,28 Apr 2025
MIN,MHFS-40-U,LRB,Min,Elements Fan Pedest 40cm Wht,0.0000,Min Level,28 Apr 2025
MIN,MHFS-40-V,LRB,Min,Elements Fan Pedest 40cm Wht,0.0000,Min Level,28 Apr 2025
MIN,MHFS-40-W,LRB,Min,Elements Fan Pedest 40cm Wht,0.0000,Min Level,28 Apr 2025
MIN,MHFS-40-X,LRB,Min,Elements Fan Pedest 40cm Wht,0.0000,Min Level,28 Apr 2025
MIN,MHFS-40-Y,LRB,Min,Elements Fan Pedest 40cm Wht,0.0000,Min Level,28 Apr 2025
MIN,MHFS-40-Z,LRB,Min,Elements Fan Pedest 40cm Wht,0.0000,Min Level,28 Apr 2025
MIN,MG-5513F-B,LRB,Min,Elements 30cm Rechargeble Box Fan Black,0.0000,Min Level,28 Apr 2025
MIN,MG-5313F-A,LRB,Min,Element 30cm Rechargeble Desk Fan Wht,0.0000,Min Level,28 Apr 2025
MIN,MG-5313F-F,LRB,Min,Element 30cm Rechargeble Desk Fan Wht,0.0000,Min Level,28 Apr 2025
MIN,MG-5313F-G,LRB,Min,Element 30cm Rechargeble Desk Fan Wht,0.0000,Min Level,28 Apr 2025
MIN,MG-5313F-H,LRB,Min,Element 30cm Rechargeble Desk Fan Wht,0.0000,Min Level,28 Apr 2025
MIN,MG-5313F-I,LRB,Min,Element 30cm Rechargeble Desk Fan Wht,0.0000,Min Level,28 Apr 2025
MIN,MG-5313F-J,LRB,Min,Element 30cm Rechargeble Desk Fan Wht,0.0000,Min Level,28 Apr 2025
MIN,MG-5313F-K,LRB,Min,Element 30cm Rechargeble Desk Fan Wht,0.0000,Min Level,28 Apr 2025
MIN,MG-5313F-L,LRB,Min,Element 30cm Rechargeble Desk Fan Wht,0.0000,Min Level,28 Apr 2025
MIN,NSB-2900,LRB,Min,Elements Heater Quartz 3Bar Wall Mount,0.0000,Min Level,28 Apr 2025
MIN,NSB-2900-D,LRB,Min,Elements Heater Quartz 3Bar Wall Mount,0.0000,Min Level,28 Apr 2025
MIN,NSB-2900-B,LRB,Min,Elements Heater Quartz 3Bar Wall Mount,0.0000,Min Level,28 Apr 2025
MIN,NSB-2900-C,LRB,Min,Elements Heater Quartz 3Bar Wall Mount,0.0000,Min Level,28 Apr 2025
MIN,CABS260-A,Bambino,Min,Discovery Car Seat,0.0000,Min Level,28 Apr 2025
MIN,CABS260-B,Bambino,Min,Discovery Car Seat,0.0000,Min Level,28 Apr 2025
MIN,CABS260-C,Bambino,Min,Discovery Car Seat,0.0000,Min Level,28 Apr 2025
MIN,CABS260-D,Bambino,Min,Discovery Car Seat,0.0000,Min Level,28 Apr 2025
MIN,CABS260-E,Bambino,Min,Discovery Car Seat,0.0000,Min Level,28 Apr 2025
MIN,CABS260-F,Bambino,Min,Discovery Car Seat,0.0000,Min Level,28 Apr 2025
MIN,CABS260-G,Bambino,Min,Discovery Car Seat,0.0000,Min Level,28 Apr 2025
MIN,CABS260-H,Bambino,Min,Discovery Car Seat,0.0000,Min Level,28 Apr 2025
MIN,CABS260-I,Bambino,Min,Discovery Car Seat,0.0000,Min Level,28 Apr 2025
MIN,CABS260-J,Bambino,Min,Discovery Car Seat,0.0000,Min Level,28 Apr 2025
MIN,CABS260-K,Bambino,Min,Discovery Car Seat,0.0000,Min Level,28 Apr 2025
MIN,CABS260-L,Bambino,Min,Discovery Car Seat,0.0000,Min Level,28 Apr 2025
MIN,CABS260-M,Bambino,Min,Discovery Car Seat,0.0000,Min Level,28 Apr 2025
MIN,CABS260-N,Bambino,Min,Discovery Car Seat,0.0000,Min Level,28 Apr 2025
MIN,MG-5616F-F,LRB,Min,Elements Fan Pedest Recharge 40cm,0.0000,Min Level,28 Apr 2025
MIN,CABS260-O,Bambino,Min,Discovery Car Seat,0.0000,Min Level,28 Apr 2025
MIN,CABS260-P,Bambino,Min,Discovery Car Seat,0.0000,Min Level,28 Apr 2025
MIN,CABS260-Q,Bambino,Min,Discovery Car Seat,0.0000,Min Level,28 Apr 2025
MIN,CABS260-R,Bambino,Min,Discovery Car Seat,0.0000,Min Level,28 Apr 2025
MIN,CABS260-S,Bambino,Min,Discovery Car Seat,0.0000,Min Level,28 Apr 2025
MIN,CABS260-T,Bambino,Min,Discovery Car Seat,0.0000,Min Level,28 Apr 2025
MIN,CABS260-U,Bambino,Min,Discovery Car Seat,0.0000,Min Level,28 Apr 2025
MIN,P964,NAD,Min,Mixed Pallet,0.0000,Min Level,28 Apr 2025
MIN,P963,NAD,Min,Mixed Pallet,0.0000,Min Level,28 Apr 2025
MIN,P966,NAD,Min,Mixed Pallet,0.0000,Min Level,28 Apr 2025
MIN,P967,NAD,Min,Mixed Pallet,0.0000,Min Level,28 Apr 2025
MIN,P968,NAD,Min,Mixed Pallet,0.0000,Min Level,28 Apr 2025
MIN,P969,NAD,Min,Mixed Pallet,0.0000,Min Level,28 Apr 2025
MIN,P970,NAD,Min,Mixed Pallet,0.0000,Min Level,28 Apr 2025
MIN,P965A,NAD,Min,Mixed Pallet,0.0000,Min Level,28 Apr 2025
MIN,P973,NAD,Min,Mixed Pallet,0.0000,Min Level,28 Apr 2025
MIN,P971,NAD,Min,Mixed Pallet,0.0000,Min Level,28 Apr 2025
MIN,P972,NAD,Min,Mixed Pallet,0.0000,Min Level,28 Apr 2025
MIN,P975,NAD,Min,Mixed Pallet,0.0000,Min Level,28 Apr 2025
MIN,P974,NAD,Min,Mixed Pallet,0.0000,Min Level,28 Apr 2025
MIN,P976,NAD,Min,Mixed Pallet,0.0000,Min Level,28 Apr 2025
MIN,P977,NAD,Min,Mixed Pallet,0.0000,Min Level,28 Apr 2025
MIN,P982,NAD,Min,Mixed Pallet,0.0000,Min Level,28 Apr 2025
MIN,P978,NAD,Min,Mixed Pallet,0.0000,Min Level,28 Apr 2025
MIN,P979,NAD,Min,Mixed Pallet,0.0000,Min Level,28 Apr 2025
MIN,P981,NAD,Min,Mixed Pallet,0.0000,Min Level,28 Apr 2025
MIN,P983,NAD,Min,Mixed Pallet,0.0000,Min Level,28 Apr 2025
MIN,P984,NAD,Min,Mixed Pallet,0.0000,Min Level,28 Apr 2025
MIN,P985,NAD,Min,Mixed Pallet,0.0000,Min Level,28 Apr 2025
MIN,P980,NAD,Min,Mixed Pallet,0.0000,Min Level,28 Apr 2025
MIN,P986,NAD,Min,Mixed Pallet,0.0000,Min Level,28 Apr 2025
MIN,P958,NAD,Min,Mixed Pallet,0.0000,Min Level,28 Apr 2025
MIN,P959,NAD,Min,Mixed Pallet,0.0000,Min Level,28 Apr 2025
MIN,P962,NAD,Min,Mixed Pallet,0.0000,Min Level,28 Apr 2025
MIN,P960,NAD,Min,Mixed Pallet,0.0000,Min Level,28 Apr 2025
MIN,P961,NAD,Min,Mixed Pallet,0.0000,Min Level,28 Apr 2025
MIN,CACS604-L,Bambino,Min,I Rotate 360 Graphite,0.0000,Min Level,28 Apr 2025
MIN,CABS261-A,Bambino,Min,Grand Prix LX Black,0.0000,Min Level,28 Apr 2025
MIN,CABS261-B,Bambino,Min,Grand Prix LX Black,0.0000,Min Level,28 Apr 2025
MIN,CABS261-C,Bambino,Min,Grand Prix LX Black 2in box,0.0000,Min Level,28 Apr 2025
MIN,1020X710WTL175G-A,Kiki Bags,Min,White Top Liner 175g,0.0000,Min Level,28 Apr 2025
MIN,1020x710WTL175G-B,Kiki Bags,Min,White Top Liner 175g,0.0000,Min Level,28 Apr 2025
MIN,1020x710WTL175G-C,Kiki Bags,Min,White Top Liner 175g,0.0000,Min Level,28 Apr 2025
MIN,MHFS-40-AA,LRB,Min,Elements Fan Pedest 40cm Wht,0.0000,Min Level,28 Apr 2025
MIN,MG-5513F-C,LRB,Min,Elements 30cm Rechargeble Box Fan Black,0.0000,Min Level,28 Apr 2025
MIN,MG-5616F-G,LRB,Min,Elements Fan Pedest Recharge 40cm,0.0000,Min Level,28 Apr 2025
MIN,P987,NAD,Min,Mixed Pallet,0.0000,Min Level,28 Apr 2025
MIN,P988,NAD,Min,Mixed Pallet,0.0000,Min Level,28 Apr 2025
MIN,P989,NAD,Min,Mixed Pallet,0.0000,Min Level,28 Apr 2025
MIN,P990,NAD,Min,Mixed Pallet,0.0000,Min Level,28 Apr 2025
MIN,P991,NAD,Min,Mixed Pallet,0.0000,Min Level,28 Apr 2025
MIN,P992,NAD,Min,Mixed Pallet,0.0000,Min Level,28 Apr 2025
MIN,P993,NAD,Min,Mixed Pallet,0.0000,Min Level,28 Apr 2025
MIN,P994,NAD,Min,Mixed Pallet,0.0000,Min Level,28 Apr 2025
MIN,P995,NAD,Min,Mixed Pallet,0.0000,Min Level,28 Apr 2025
MIN,P996,NAD,Min,Mixed Pallet,0.0000,Min Level,28 Apr 2025
MIN,MG-5314F-A,LRB,Min,Element 40cm Rechargeble Desk Fan,0.0000,Min Level,28 Apr 2025
MIN,MG-5313F-M,LRB,Min,Element 30cm Rechargeble Desk Fan Wht,0.0000,Min Level,28 Apr 2025
MIN,CABS260-V,Bambino,Min,Discovery Car Seat,0.0000,Min Level,28 Apr 2025
MIN,CABS260-W,Bambino,Min,Discovery Car Seat,0.0000,Min Level,28 Apr 2025
MIN,CABS260-X,Bambino,Min,Discovery Car Seat,0.0000,Min Level,28 Apr 2025
MIN,MG-5314F-F,LRB,Min,Element 40cm Rechargeble Desk Fan,0.0000,Min Level,28 Apr 2025
MIN,MG-5314F-G,LRB,Min,Element 40cm Rechargeble Desk Fan,0.0000,Min Level,28 Apr 2025
MIN,MG-5314F-H,LRB,Min,Element 40cm Rechargeble Desk Fan,0.0000,Min Level,28 Apr 2025
MIN,MG-5314F-I,LRB,Min,Element 40cm Rechargeble Desk Fan,0.0000,Min Level,28 Apr 2025
MIN,MG-5314F-J,LRB,Min,Element 40cm Rechargeble Desk Fan,0.0000,Min Level,28 Apr 2025
MIN,MG-5314F-K,LRB,Min,Element 40cm Rechargeble Desk Fan,0.0000,Min Level,28 Apr 2025
MIN,MG-5314F-L,LRB,Min,Element 40cm Rechargeble Desk Fan,0.0000,Min Level,28 Apr 2025
MIN,MG-5314F-M,LRB,Min,Element 40cm Rechargeble Desk Fan,0.0000,Min Level,28 Apr 2025
MIN,MG-5314F-N,LRB,Min,Element 40cm Rechargeble Desk Fan,0.0000,Min Level,28 Apr 2025
MIN,MG-5314F-O,LRB,Min,Element 40cm Rechargeble Desk Fan,0.0000,Min Level,28 Apr 2025
MIN,MG-5314F-P,LRB,Min,Element 40cm Rechargeble Desk Fan,0.0000,Min Level,28 Apr 2025
MIN,MG-5314F-Q,LRB,Min,Element 40cm Rechargeble Desk Fan,0.0000,Min Level,28 Apr 2025
MIN,MG-5314F-R,LRB,Min,Element 40cm Rechargeble Desk Fan,0.0000,Min Level,28 Apr 2025
MIN,MG-5314F-S,LRB,Min,Element 40cm Rechargeble Desk Fan,0.0000,Min Level,28 Apr 2025
MIN,MG-5513F-D,LRB,Min,Elements 30cm Rechargeble Box Fan Black,0.0000,Min Level,28 Apr 2025
MIN,MG-5513F-E,LRB,Min,Elements 30cm Rechargeble Box Fan Black,0.0000,Min Level,28 Apr 2025
MIN,MG-5616F-H,LRB,Min,Elements Fan Pedest Recharge 40cm,0.0000,Min Level,28 Apr 2025
MIN,MG-5313F-N,LRB,Min,Element 30cm Rechargeble Desk Fan Wht,0.0000,Min Level,28 Apr 2025
MIN,MG-5313F-O,LRB,Min,Element 30cm Rechargeble Desk Fan Wht,0.0000,Min Level,28 Apr 2025
MIN,MG-5313F-P,LRB,Min,Element 30cm Rechargeble Desk Fan Wht,0.0000,Min Level,28 Apr 2025
MIN,MG-5314F-T,LRB,Min,Elements 40cm Rechargable Desk Fan White,0.0000,Min Level,28 Apr 2025
MIN,MG-5314F-U,LRB,Min,Elements 40cm Rechargable Desk Fan White,0.0000,Min Level,28 Apr 2025
MIN,MG-5314F-V,LRB,Min,Elements 40cm Rechargable Desk Fan White,0.0000,Min Level,28 Apr 2025
MIN,MG-5314F-W,LRB,Min,Elements 40cm Rechargable Desk Fan White,0.0000,Min Level,28 Apr 2025
MIN,MG-5314F-X,LRB,Min,Elements 40cm Rechargable Desk Fan White,0.0000,Min Level,28 Apr 2025
MIN,MG-5314F-Y,LRB,Min,Elements 40cm Rechargable Desk Fan White,0.0000,Min Level,28 Apr 2025
MIN,MG-5314F-Z,LRB,Min,Elements 40cm Rechargable Desk Fan White,0.0000,Min Level,28 Apr 2025
MIN,MG-5314F-AA,LRB,Min,Elements 40cm Rechargable Desk Fan White,0.0000,Min Level,28 Apr 2025
MIN,MG-5314F-AB,LRB,Min,Elements 40cm Rechargable Desk Fan White,0.0000,Min Level,28 Apr 2025
MIN,MG-5314F-AC,LRB,Min,Elements 40cm Rechargable Desk Fan White,0.0000,Min Level,28 Apr 2025
MIN,MG-5314F-AD,LRB,Min,Elements 40cm Rechargable Desk Fan White,0.0000,Min Level,28 Apr 2025
MIN,MG5314-F-AE,LRB,Min,Elements 40cm Rechargable Desk Fan White,0.0000,Min Level,28 Apr 2025
MIN,MG-5314F-AF,LRB,Min,Elements 40cm Rechargable Desk Fan White,0.0000,Min Level,28 Apr 2025
MIN,MG-5314F-AG,LRB,Min,Elements 40cm Rechargable Desk Fan White,0.0000,Min Level,28 Apr 2025
MIN,MG-5314F-AH,LRB,Min,Elements 40cm Rechargable Desk Fan White,0.0000,Min Level,28 Apr 2025
MIN,MG-5314F-AI,LRB,Min,Elements 40cm Rechargable Desk Fan White,0.0000,Min Level,28 Apr 2025
MIN,MG-5313F-Q,LRB,Min,Elements 30cm Rechargeble Desk Fan Wht,0.0000,Min Level,28 Apr 2025
MIN,MG-5313F-R,LRB,Min,Elements 30cm Rechargeble Desk Fan Wht,0.0000,Min Level,28 Apr 2025
MIN,MG-5513F-F,LRB,Min,Elements 30cm Rechargeble Box Fan Black,0.0000,Min Level,28 Apr 2025
MIN,HWH22-B,Hygizone,Min,Wall Hung Toilet White,0.0000,Min Level,28 Apr 2025
MIN,P1229,NAD,Min,Mixed Pallet,0.0000,Min Level,28 Apr 2025
MIN,P997,NAD,Min,Mixed Pallet,0.0000,Min Level,28 Apr 2025
MIN,P998,NAD,Min,Mixed Pallet,0.0000,Min Level,28 Apr 2025
MIN,P999,NAD,Min,Mixed Pallet,0.0000,Min Level,28 Apr 2025
MIN,P1000,NAD,Min,Mixed Pallet,0.0000,Min Level,28 Apr 2025
MIN,P1001,NAD,Min,Mixed Pallet,0.0000,Min Level,28 Apr 2025
MIN,P1002,NAD,Min,Mixed Pallet,0.0000,Min Level,28 Apr 2025
MIN,P1224,NAD,Min,Mixed Pallet,0.0000,Min Level,28 Apr 2025
MIN,P1223,NAD,Min,Mixed Pallet,0.0000,Min Level,28 Apr 2025
MIN,P1216,NAD,Min,Mixed Pallet,0.0000,Min Level,28 Apr 2025
MIN,P1225,NAD,Min,Mixed Pallet,0.0000,Min Level,28 Apr 2025
MIN,P1007,NAD,Min,Mixed Pallet,0.0000,Min Level,28 Apr 2025
MIN,P1008,NAD,Min,Mixed Pallet,0.0000,Min Level,28 Apr 2025
MIN,P1009,NAD,Min,Mixed Pallet,0.0000,Min Level,28 Apr 2025
MIN,P1010,NAD,Min,Mixed Pallet,0.0000,Min Level,28 Apr 2025
MIN,P1221,NAD,Min,Mixed Pallet,0.0000,Min Level,28 Apr 2025
MIN,P1222,NAD,Min,Mixed Pallet,0.0000,Min Level,28 Apr 2025
MIN,P1013,NAD,Min,Mixed Pallet,0.0000,Min Level,28 Apr 2025
MIN,P1014,NAD,Min,Mixed Pallet,0.0000,Min Level,28 Apr 2025
MIN,P1227,NAD,Min,Mixed Pallet,0.0000,Min Level,28 Apr 2025
MIN,P1016,NAD,Min,Mixed Pallet,0.0000,Min Level,28 Apr 2025
MIN,P1228,NAD,Min,Mixed Pallet,0.0000,Min Level,28 Apr 2025
MIN,P1226,NAD,Min,Mixed Pallet,0.0000,Min Level,28 Apr 2025
MIN,K001,Kiki Bags,Min,2 Ply Unprinted Brown Sacks,0.0000,Min Level,28 Apr 2025
MIN,P865,NAD,Min,Mixed Pallet,0.0000,Min Level,28 Apr 2025
MIN,FE-45II (CHROME),LRB,Min,Elements High Velocity Floor Fan Chrome BD,0.0000,Min Level,28 Apr 2025
MIN,FE-45II (BLACK),LRB,Min,Elements High Velocity Floor Fan Black,0.0000,Min Level,28 Apr 2025
MIN,FSW-45B1-O,LRB,Min,Elements Fan High Velocity Box Damaged,0.0000,Min Level,28 Apr 2025
MIN,FT30MCW-E,LRB,Min,Elements Fan Desk Classic 30cm White,0.0000,Min Level,28 Apr 2025
MIN,FT30MCR,LRB,Min,Elements Fan Desk Classic 30cm Red,0.0000,Min Level,28 Apr 2025
MIN,FT30MCB-A,LRB,Min,Elements Fan Desk Classic 30cm Black,0.0000,Min Level,28 Apr 2025
MIN,FE-45II(CHROME)A,LRB,Min,Elements High Velocity Floor Fan Chrome,0.0000,Min Level,28 Apr 2025
MIN,FE-45II(CHROME)B,LRB,Min,Elements High Velocity Floor Fan Chrome,0.0000,Min Level,28 Apr 2025
MIN,FE-45II(CHROME)C,LRB,Min,Elements High Velocity Floor Fan Chrome,0.0000,Min Level,28 Apr 2025
MIN,FSW-45B1-P,LRB,Min,Elements Fan High Velocity,0.0000,Min Level,28 Apr 2025
MIN,FE-45II(BLACK)A,LRB,Min,Elements High Velocity Floor Fan Black,0.0000,Min Level,28 Apr 2025
MIN,FE-45II(BLACK)B,LRB,Min,Elements High Velocity Floor Fan Black,0.0000,Min Level,28 Apr 2025
MIN,FT30MCR-A,LRB,Min,Elements Fan Desk Classic 30cm Red,0.0000,Min Level,28 Apr 2025
MIN,FT30MCR-E,LRB,Min,Elements Fan Desk Classic 30cm Red,0.0000,Min Level,28 Apr 2025
MIN,FT30MCR-F,LRB,Min,Elements Fan Desk Classic 30cm Red,0.0000,Min Level,28 Apr 2025
MIN,FT30MCR-G,LRB,Min,Elements Fan Desk Classic 30cm Red,0.0000,Min Level,28 Apr 2025
MIN,FT30MCW,LRB,Min,Elements Fan Desk Classic 30cm White,0.0000,Min Level,28 Apr 2025
MIN,FT30MCW-F,LRB,Min,Elements Fan Desk Classic 30cm White,0.0000,Min Level,28 Apr 2025
MIN,FT30MCW-G,LRB,Min,Elements Fan Desk Classic 30cm White,0.0000,Min Level,28 Apr 2025
MIN,FT30MCW-H,LRB,Min,Elements Fan Desk Classic 30cm White,0.0000,Min Level,28 Apr 2025
MIN,FT30MCB-B,LRB,Min,Elements Fan Desk Classic 30cm Black,0.0000,Min Level,28 Apr 2025
MIN,FT30MCB-C,LRB,Min,Elements Fan Desk Classic 30cm Black,0.0000,Min Level,28 Apr 2025
MIN,FT30MCB-D,LRB,Min,Elements Fan Desk Classic 30cm Black,0.0000,Min Level,28 Apr 2025
MIN,FT30MCB-F,LRB,Min,Elements Fan Desk Classic 30cm Black,0.0000,Min Level,28 Apr 2025
MIN,FE-45II(BLACK)-C,LRB,Min,Elements High Velocity Floor Fan Black,0.0000,Min Level,28 Apr 2025
MIN,FE-45II(BLACK)-D,LRB,Min,Elements High Velocity Floor Fan Black,0.0000,Min Level,28 Apr 2025
MIN,FE-45II(BLACK)-E,LRB,Min,Elements High Velocity Floor Fan Black,0.0000,Min Level,28 Apr 2025
MIN,FE-45II(BLACK)-F,LRB,Min,Elements High Velocity Floor Fan Black,0.0000,Min Level,28 Apr 2025
MIN,FE-45II(BLACK)-G,LRB,Min,Elements High Velocity Floor Fan Black,0.0000,Min Level,28 Apr 2025
MIN,FE-45II(BLACK)J,LRB,Min,Elements High Velocity Floor Fan Black,0.0000,Min Level,28 Apr 2025
MIN,FE-45II(BLACK)-H,LRB,Min,Elements High Velocity Floor Fan Black,0.0000,Min Level,28 Apr 2025
MIN,FE-45II(BALK)K,LRB,Min,Elements High Velocity Floor Fan Black,0.0000,Min Level,28 Apr 2025
MIN,FE-45II(BLACK)-I,LRB,Min,Elements High Velocity Floor Fan Black,0.0000,Min Level,28 Apr 2025
MIN,990022D,Niemann,Min,U12188 Light Grey XG*/VV MDF (GLS),0.0000,Min Level,28 Apr 2025
MIN,990026C,Niemann,Min,U12168 Sahara Matt,0.0000,Min Level,28 Apr 2025
MIN,990021A,Niemann,Min,U12168 Sahara Gloss,0.0000,Min Level,28 Apr 2025
MIN,990030D,Niemann,Min,U16002 Graubraun XG*/VV MDF (Gloss),0.0000,Min Level,28 Apr 2025
MIN,990030E,Niemann,Min,U16002 Graubraun XG*/VV MDF (Gloss),0.0000,Min Level,28 Apr 2025
MIN,990027,Niemann,Min,U12188 Light Grey Matt,0.0000,Min Level,28 Apr 2025
MIN,990027A,Niemann,Min,U12188 Light Grey Matt,0.0000,Min Level,28 Apr 2025
MIN,W109,ABC Building Materials,Min,ORAC 3D Wall Panel,0.0000,Min Level,28 Apr 2025
MIN,SX155,ABC Building Materials,Min,ORAC Skirting,0.0000,Min Level,28 Apr 2025
MIN,SX156,ABC Building Materials,Min,ORAC Skirting,0.0000,Min Level,28 Apr 2025
MIN,PX175,ABC Building Materials,Min,ORAC Panel Molding,0.0000,Min Level,28 Apr 2025
MIN,SX162,ABC Building Materials,Min,ORAC Skirting,0.0000,Min Level,28 Apr 2025
MIN,SX168,ABC Building Materials,Min,ORAC Skirting,0.0000,Min Level,28 Apr 2025
MIN,D507,ABC Building Materials,Min,ORAC Panel,0.0000,Min Level,28 Apr 2025
MIN,SX162-A,ABC Building Materials,Min,ORAC Skirting,0.0000,Min Level,28 Apr 2025
MIN,SX162-B,ABC Building Materials,Min,ORAC Skirting,0.0000,Min Level,28 Apr 2025
MIN,SX179,ABC Building Materials,Min,ORAC Indirect Lighting,0.0000,Min Level,28 Apr 2025
MIN,SX179-A,ABC Building Materials,Min,ORAC Indirect Lighting,0.0000,Min Level,28 Apr 2025
MIN,SX179-B,ABC Building Materials,Min,ORAC Indirect Lighting,0.0000,Min Level,28 Apr 2025
MIN,SX179-C,ABC Building Materials,Min,ORAC Indirect Lighting,0.0000,Min Level,28 Apr 2025
MIN,SX179-D,ABC Building Materials,Min,ORAC Indirect Lighting,0.0000,Min Level,28 Apr 2025
MIN,SX179-E,ABC Building Materials,Min,ORAC Indirect Lighting,0.0000,Min Level,28 Apr 2025
MIN,SX179-F,ABC Building Materials,Min,ORAC Indirect Lighting,0.0000,Min Level,28 Apr 2025
MIN,WX205-2600,ABC Building Materials,Min,ORAC 3D Wall Panel,0.0000,Min Level,28 Apr 2025
MIN,C343,ABC Building Materials,Min,ORAC Cornice Molding,0.0000,Min Level,28 Apr 2025
MIN,SX118,ABC Building Materials,Min,ORAC Skirting,0.0000,Min Level,28 Apr 2025
MIN,SX118-A,ABC Building Materials,Min,ORAC Skirting,0.0000,Min Level,28 Apr 2025
MIN,SX118F,ABC Building Materials,Min,ORAC Flex Skirting,0.0000,Min Level,28 Apr 2025
MIN,C338,ABC Building Materials,Min,ORAC Cornice Molding,0.0000,Min Level,28 Apr 2025
MIN,C338A,ABC Building Materials,Min,ORAC Cornice Molding,0.0000,Min Level,28 Apr 2025
MIN,C338B,ABC Building Materials,Min,ORAC Cornice Molding,0.0000,Min Level,28 Apr 2025
MIN,D504,ABC Building Materials,Min,ORAC Panel,0.0000,Min Level,28 Apr 2025
MIN,C201,ABC Building Materials,Min,ORAC Cornice Molding,0.0000,Min Level,28 Apr 2025
MIN,FX400,ABC Building Materials,Min,ORAC DecoFix Ultra 270ml,0.0000,Min Level,28 Apr 2025
MIN,FDP700,ABC Building Materials,Min,ORAC DecoFix Power 290ml,0.0000,Min Level,28 Apr 2025
MIN,W109-A,ABC Building Materials,Min,ORAC 3D Wall Panel,0.0000,Min Level,28 Apr 2025
MIN,SX155-A,ABC Building Materials,Min,ORAC Skirting,0.0000,Min Level,28 Apr 2025
MIN,SX156-A,ABC Building Materials,Min,ORAC Skirting,0.0000,Min Level,28 Apr 2025
MIN,PX175-A,ABC Building Materials,Min,ORAC Panel Molding,0.0000,Min Level,28 Apr 2025
MIN,SX168-A,ABC Building Materials,Min,ORAC Skirting,0.0000,Min Level,28 Apr 2025
MIN,FSW-45B1-D,LRB,Min,Elements Fan High Velocity 3 in1 45cm,0.0000,Min Level,28 Apr 2025
MIN,FSW-45B1-E,LRB,Min,Elements Fan High Velocity 3 in1 45cm,0.0000,Min Level,28 Apr 2025
MIN,FE-45II(BLACK)L,LRB,Min,Elements High Velocity Floor Fan Black,0.0000,Min Level,28 Apr 2025
MIN,P1020,NAD,Min,Mixed Pallet,0.0000,Min Level,28 Apr 2025
MIN,P1021,NAD,Min,Mixed Pallet,0.0000,Min Level,28 Apr 2025
MIN,P1026,NAD,Min,Mixed Pallet,0.0000,Min Level,28 Apr 2025
MIN,P1230,NAD,Min,Mixed Pallet,0.0000,Min Level,28 Apr 2025
MIN,P1024,NAD,Min,Mixed Pallet,0.0000,Min Level,28 Apr 2025
MIN,P1231,NAD,Min,Mixed Pallet,0.0000,Min Level,28 Apr 2025
MIN,P1031,NAD,Min,Mixed Pallet,0.0000,Min Level,28 Apr 2025
MIN,P1029,NAD,Min,Mixed Pallet,0.0000,Min Level,28 Apr 2025
MIN,P1027,NAD,Min,Mixed Pallet,0.0000,Min Level,28 Apr 2025
MIN,P1032,NAD,Min,Mixed Pallet,0.0000,Min Level,28 Apr 2025
MIN,P1033,NAD,Min,Mixed Pallet,0.0000,Min Level,28 Apr 2025
MIN,P1034,NAD,Min,Mixed Pallet,0.0000,Min Level,28 Apr 2025
MIN,P1041,NAD,Min,Mixed Pallet,0.0000,Min Level,28 Apr 2025
MIN,P1237,NAD,Min,Mixed Pallet,0.0000,Min Level,28 Apr 2025
MIN,P1233,NAD,Min,Mixed Pallet,0.0000,Min Level,28 Apr 2025
MIN,P1234,NAD,Min,Mixed Pallet,0.0000,Min Level,28 Apr 2025
MIN,P1030,NAD,Min,Mixed Pallet,0.0000,Min Level,28 Apr 2025
MIN,P1235,NAD,Min,Mixed Pallet,0.0000,Min Level,28 Apr 2025
MIN,P1025,NAD,Min,Mixed Pallet,0.0000,Min Level,28 Apr 2025
MIN,P1028,NAD,Min,Mixed Pallet,0.0000,Min Level,28 Apr 2025
MIN,P1232,NAD,Min,Mixed Pallet,0.0000,Min Level,28 Apr 2025
MIN,P1043,NAD,Min,Mixed Pallet,0.0000,Min Level,28 Apr 2025
MIN,P1042,NAD,Min,Mixed Pallet,0.0000,Min Level,28 Apr 2025
MIN,P1236,NAD,Min,Mixed Pallet,0.0000,Min Level,28 Apr 2025
MIN,TCBS380,Bambino,Min,Sweetdreams Grey Malange Campcot,0.0000,Min Level,28 Apr 2025
MIN,TBCS380-A,Bambino,Min,Sweetdreams Grey Malange Campcot,0.0000,Min Level,28 Apr 2025
MIN,TCBS380-B,Bambino,Min,Sweetdreams Grey Malange Campcot,0.0000,Min Level,28 Apr 2025
MIN,TCBS380-C,Bambino,Min,Sweetdreams Grey Malange Campcot,0.0000,Min Level,28 Apr 2025
MIN,TCBS380-D,Bambino,Min,Sweetdreams Grey Malange Campcot,0.0000,Min Level,28 Apr 2025
MIN,TCBS380-E,Bambino,Min,Sweetdreams Grey Malange Campcot,0.0000,Min Level,28 Apr 2025
MIN,TCBS380-F,Bambino,Min,Sweetdreams Grey Malange Campcot,0.0000,Min Level,28 Apr 2025
MIN,TCBS380-G,Bambino,Min,Sweetdreams Grey Malange Campcot,0.0000,Min Level,28 Apr 2025
MIN,TCBS380-H,Bambino,Min,Sweetdreams Grey Malange Campcot,0.0000,Min Level,28 Apr 2025
MIN,TCBS380-I,Bambino,Min,Sweetdreams Grey Malange Campcot,0.0000,Min Level,28 Apr 2025
MIN,TCBS380-J,Bambino,Min,Sweetdreams Grey Malange Campcot,0.0000,Min Level,28 Apr 2025
MIN,TCBS380-K,Bambino,Min,Sweetdreams Grey Malange Campcot,0.0000,Min Level,28 Apr 2025
MIN,TCBS380-L,Bambino,Min,Sweetdreams Grey Malange Campcot,0.0000,Min Level,28 Apr 2025
MIN,TCBS400-G,Bambino,Min,Side By Side Playard,0.0000,Min Level,28 Apr 2025
MIN,TCBS400-H,Bambino,Min,Side By Side Playard,0.0000,Min Level,28 Apr 2025
MIN,TCBS400-I,Bambino,Min,Side By Side Playard,0.0000,Min Level,28 Apr 2025
MIN,TCBS400-J,Bambino,Min,Side By Side Playard,0.0000,Min Level,28 Apr 2025
MIN,TCBS400-K,Bambino,Min,Side By Side Playard,0.0000,Min Level,28 Apr 2025
MIN,TCBS381-A,Bambino,Min,Sweetdreams Mocha Melange Campcot,0.0000,Min Level,28 Apr 2025
MIN,TCBS381-B,Bambino,Min,Sweetdreams Mocha Melange Campcot,0.0000,Min Level,28 Apr 2025
MIN,TCBS381-C,Bambino,Min,Sweetdreams Mocha Melange Campcot,0.0000,Min Level,28 Apr 2025
MIN,TCBS381-D,Bambino,Min,Sweetdreams Mocha Melange Campcot,0.0000,Min Level,28 Apr 2025
MIN,TCBS381-E,Bambino,Min,Sweetdreams Mocha Melange Campcot,0.0000,Min Level,28 Apr 2025
MIN,C338C,ABC Building Materials,Min,ORAC Cornice Molding,0.0000,Min Level,28 Apr 2025
MIN,CACS771,Bambino,Min,Jole Stages Coal,0.0000,Min Level,28 Apr 2025
MIN,CACS746,Bambino,Min,Car Seat Elevate Two Tone Black,0.0000,Min Level,28 Apr 2025
MIN,P1045,NAD,Min,Mixed Pallet,0.0000,Min Level,28 Apr 2025
MIN,P1044,NAD,Min,Mixed Pallet,0.0000,Min Level,28 Apr 2025
MIN,P1046,NAD,Min,Mixed Pallet,0.0000,Min Level,28 Apr 2025
MIN,P1047,NAD,Min,Mixed Pallet,0.0000,Min Level,28 Apr 2025
MIN,P1048,NAD,Min,Mixed Pallet,0.0000,Min Level,28 Apr 2025
MIN,P1049,NAD,Min,Mixed Pallet,0.0000,Min Level,28 Apr 2025
MIN,P1050,NAD,Min,Mixed Pallet,0.0000,Min Level,28 Apr 2025
MIN,P1056,NAD,Min,Mixed Pallet,0.0000,Min Level,28 Apr 2025
MIN,P1055,NAD,Min,Mixed Pallet,0.0000,Min Level,28 Apr 2025
MIN,P1060,NAD,Min,Mixed Pallet,0.0000,Min Level,28 Apr 2025
MIN,P1052,NAD,Min,Mixed Pallet,0.0000,Min Level,28 Apr 2025
MIN,P1053,NAD,Min,Mixed Pallet,0.0000,Min Level,28 Apr 2025
MIN,P1051,NAD,Min,Mixed Pallet,0.0000,Min Level,28 Apr 2025
MIN,P1054,NAD,Min,Mixed Pallet,0.0000,Min Level,28 Apr 2025
MIN,P1062,NAD,Min,Mixed Pallet,0.0000,Min Level,28 Apr 2025
MIN,P1061,NAD,Min,Mixed Pallet,0.0000,Min Level,28 Apr 2025
MIN,P1063,NAD,Min,Mixed Pallet,0.0000,Min Level,28 Apr 2025
MIN,P1057,NAD,Min,Mixed Pallet,0.0000,Min Level,28 Apr 2025
MIN,P1058,NAD,Min,Mixed Pallet,0.0000,Min Level,28 Apr 2025
MIN,P1059,NAD,Min,Mixed Pallet,0.0000,Min Level,28 Apr 2025
MIN,P1064,NAD,Min,Mixed Pallet,0.0000,Min Level,28 Apr 2025
MIN,P1065,NAD,Min,Mixed Pallet,0.0000,Min Level,28 Apr 2025
MIN,P1066,NAD,Min,Mixed Pallet,0.0000,Min Level,28 Apr 2025
MIN,P1067,NAD,Min,Mixed Pallet,0.0000,Min Level,28 Apr 2025
MIN,P1068,NAD,Min,Mixed Pallet,0.0000,Min Level,28 Apr 2025
MIN,P1069,NAD,Min,Mixed Pallet,0.0000,Min Level,28 Apr 2025
MIN,P1070,NAD,Min,Mixed Pallet,0.0000,Min Level,28 Apr 2025
MIN,P1071,NAD,Min,Mixed Pallet,0.0000,Min Level,28 Apr 2025
MIN,P1072,NAD,Min,Mixed Pallet,0.0000,Min Level,28 Apr 2025
MIN,P1073,NAD,Min,Mixed Pallet,0.0000,Min Level,28 Apr 2025
MIN,P1074,NAD,Min,Mixed Pallet,0.0000,Min Level,28 Apr 2025
MIN,P1075,NAD,Min,Mixed Pallet,0.0000,Min Level,28 Apr 2025
MIN,P1076,NAD,Min,Mixed Pallet,0.0000,Min Level,28 Apr 2025
MIN,P1077,NAD,Min,Mixed Pallet,0.0000,Min Level,28 Apr 2025
MIN,P1078,NAD,Min,Mixed Pallet,0.0000,Min Level,28 Apr 2025
MIN,P1079,NAD,Min,Mixed Pallet,0.0000,Min Level,28 Apr 2025
MIN,P1080,NAD,Min,Mixed Pallet,0.0000,Min Level,28 Apr 2025
MIN,P1081,NAD,Min,Mixed Pallet,0.0000,Min Level,28 Apr 2025
MIN,P1082,NAD,Min,Mixed Pallet,0.0000,Min Level,28 Apr 2025
MIN,P1083,NAD,Min,Mixed Pallet,0.0000,Min Level,28 Apr 2025
MIN,P1084,NAD,Min,Mixed Pallet,0.0000,Min Level,28 Apr 2025
MIN,P1085,NAD,Min,Mixed Pallet,0.0000,Min Level,28 Apr 2025
MIN,P1086,NAD,Min,Mixed Pallet,0.0000,Min Level,28 Apr 2025
MIN,WACB027,Bambino,Min,Activity Walker Animal Friends,0.0000,Min Level,28 Apr 2025
MIN,WACB027-A,Bambino,Min,Activity Walker Animal Friends,0.0000,Min Level,28 Apr 2025
MIN,WACB027-B,Bambino,Min,Activity Walker Animal Friends,0.0000,Min Level,28 Apr 2025
MIN,WACB027-C,Bambino,Min,Activity Walker Animal Friends,0.0000,Min Level,28 Apr 2025
MIN,WACB027-D,Bambino,Min,Activity Walker Animal Friends,0.0000,Min Level,28 Apr 2025
MIN,WACB027-E,Bambino,Min,Activity Walker Animal Friends,0.0000,Min Level,28 Apr 2025
MIN,WACB027-F,Bambino,Min,Activity Walker Animal Friends,0.0000,Min Level,28 Apr 2025
MIN,WACB027-G,Bambino,Min,Activity Walker Animal Friends,0.0000,Min Level,28 Apr 2025
MIN,WACB028-A,Bambino,Min,Icon Plus Walker Grey,0.0000,Min Level,28 Apr 2025
MIN,WACB028-B,Bambino,Min,Icon Plus Walker Grey,0.0000,Min Level,28 Apr 2025
MIN,WACB028-C,Bambino,Min,Icon Plus Walker Grey,0.0000,Min Level,28 Apr 2025
MIN,WACB028-D,Bambino,Min,Icon Plus Walker Grey,0.0000,Min Level,28 Apr 2025
MIN,WACB028-E,Bambino,Min,Icon Plus Walker Grey,0.0000,Min Level,28 Apr 2025
MIN,WACB028-F,Bambino,Min,Icon Plus Walker Grey,0.0000,Min Level,28 Apr 2025
MIN,WACB028-G,Bambino,Min,Icon Plus Walker Grey,0.0000,Min Level,28 Apr 2025
MIN,WACB030-A,Bambino,Min,2 in 1 Walker Rocker,0.0000,Min Level,28 Apr 2025
MIN,WACB030-B,Bambino,Min,2 in 1 Walker Rocker,0.0000,Min Level,28 Apr 2025
MIN,WACB030-W,Bambino,Min,2 in 1 Walker Rocker,0.0000,Min Level,28 Apr 2025
MIN,WACB030-X,Bambino,Min,2 in 1 Walker Rocker,0.0000,Min Level,28 Apr 2025
MIN,WACB030-Y,Bambino,Min,2 in 1 Walker Rocker,0.0000,Min Level,28 Apr 2025
MIN,WACB030-Z,Bambino,Min,2 in 1 Walker Rocker,0.0000,Min Level,28 Apr 2025
MIN,WACB030-AA,Bambino,Min,2 in 1 Walker Rocker,0.0000,Min Level,28 Apr 2025
MIN,SAPRES,Bambino,Min,BAMBINO 5096,0.0000,Min Level,28 Apr 2025
MIN,CACS771-A,Bambino,Min,Jole Stages Coal,0.0000,Min Level,28 Apr 2025
MIN,15-00-26A,Kiki Trading,Min,15-00-26 Sierraform GT 07/02/2025,0.0000,Min Level,28 Apr 2025
MIN,P1087,NAD,Min,Mixed Pallet,0.0000,Min Level,28 Apr 2025
MIN,P1088,NAD,Min,Mixed Pallet,0.0000,Min Level,28 Apr 2025
MIN,STTS828-A,Bambino,Min,Muze LX Travel System - Coal,0.0000,Min Level,28 Apr 2025
MIN,STTS828-G,Bambino,Min,Muze LX Travel System - Coal,0.0000,Min Level,28 Apr 2025
MIN,STTS828-D,Bambino,Min,Muze LX Travel System - Coal,0.0000,Min Level,28 Apr 2025
MIN,STTS828-F,Bambino,Min,Muze LX Travel System - Coal,0.0000,Min Level,28 Apr 2025
MIN,STTS828-H,Bambino,Min,Muze LX Travel System - Coal,0.0000,Min Level,28 Apr 2025
MIN,CACS771-B,Bambino,Min,Jole Stages Coal,0.0000,Min Level,28 Apr 2025
MIN,CACS771-C,Bambino,Min,Jole Stages Coal,0.0000,Min Level,28 Apr 2025
MIN,TCBS380-A,Bambino,Min,Sweetdreams Grey Malange Campcot,0.0000,Min Level,28 Apr 2025
MIN,FSW-45B1-G,LRB,Min,Elements Fan High Velocity 3 in 1 45cm,0.0000,Min Level,28 Apr 2025
MIN,FSW-45B1-J,LRB,Min,Elements Fan High Velocity 3 in 1 45cm Box Damaged,0.0000,Min Level,28 Apr 2025
MIN,FSW-45B1-Q,LRB,Min,Elements Fan High Velocity 3 in 1 45cm,0.0000,Min Level,28 Apr 2025
MIN,FSW-45B1-R,LRB,Min,Elements Fan High Velocity 3 in 1 45cm,0.0000,Min Level,28 Apr 2025
MIN,FSW-45B1-S,LRB,Min,Elements Fan High Velocity 3 in 1 45cm,0.0000,Min Level,28 Apr 2025
MIN,FSW-45-L,LRB,Min,Elements Fan High Velocity 3 in 1 45cm,0.0000,Min Level,28 Apr 2025
MIN,FSW-45-M,LRB,Min,Elements Fan High Velocity 3 in 1 45cm,0.0000,Min Level,28 Apr 2025
MIN,FSW-45B1-T,LRB,Min,Elements Fan High Velocity 3 in 1 45cm,0.0000,Min Level,28 Apr 2025
MIN,FSW-45B1-U,LRB,Min,Elements Fan High Velocity 3 in 1 45cm BD,0.0000,Min Level,28 Apr 2025
MIN,P1089,NAD,Min,Mixed Pallet,0.0000,Min Level,28 Apr 2025
MIN,P1090,NAD,Min,Mixed Pallet,0.0000,Min Level,28 Apr 2025
MIN,P1091,NAD,Min,Mixed Pallet,0.0000,Min Level,28 Apr 2025
MIN,P1092,NAD,Min,Mixed Pallet,0.0000,Min Level,28 Apr 2025
MIN,P1093,NAD,Min,Mixed Pallet,0.0000,Min Level,28 Apr 2025
MIN,P1094,NAD,Min,Mixed Pallet,0.0000,Min Level,28 Apr 2025
MIN,P1095,NAD,Min,Mixed Pallet,0.0000,Min Level,28 Apr 2025
MIN,P1096,NAD,Min,Mixed Pallet,0.0000,Min Level,28 Apr 2025
MIN,P1097,NAD,Min,Mixed Pallet,0.0000,Min Level,28 Apr 2025
MIN,P1098,NAD,Min,Mixed Pallet,0.0000,Min Level,28 Apr 2025
MIN,P1099,NAD,Min,Mixed Pallet,0.0000,Min Level,28 Apr 2025
MIN,P1100,NAD,Min,Mixed Pallet,0.0000,Min Level,28 Apr 2025
MIN,P1101,NAD,Min,Mixed Pallet,0.0000,Min Level,28 Apr 2025
MIN,P1102,NAD,Min,Mixed Pallet,0.0000,Min Level,28 Apr 2025
MIN,P1103,NAD,Min,Mixed Pallet,0.0000,Min Level,28 Apr 2025
MIN,P1104,NAD,Min,Mixed Pallet,0.0000,Min Level,28 Apr 2025
MIN,P1105,NAD,Min,Mixed Pallet,0.0000,Min Level,28 Apr 2025
MIN,P1106,NAD,Min,Mixed Pallet,0.0000,Min Level,28 Apr 2025
MIN,P1107,NAD,Min,Mixed Pallet,0.0000,Min Level,28 Apr 2025
MIN,P1108,NAD,Min,Mixed Pallet,0.0000,Min Level,28 Apr 2025
MIN,P1109,NAD,Min,Mixed Pallet,0.0000,Min Level,28 Apr 2025
MIN,P1110,NAD,Min,Mixed Pallet,0.0000,Min Level,28 Apr 2025
MIN,P1111,NAD,Min,Mixed Pallet,0.0000,Min Level,28 Apr 2025
MIN,KRONOS 2190/25,KMS,Min,2190/25KG Titanium Dioxide,0.0000,Min Level,28 Apr 2025
MIN,18+06+18-A,Kiki Trading,Min,18+06+18 Sierraform GT latest 17/01/25,0.0000,Min Level,28 Apr 2025
MIN,18+06+18-B,Kiki Trading,Min,18+06+18 Sierraform GT latest 17/01/25,0.0000,Min Level,28 Apr 2025
MIN,18+06+18+-C,Kiki Trading,Min,18+06+18 Sierraform GT latest 17-01-2025,0.0000,Min Level,28 Apr 2025
MIN,KIKIBOXES-A,Kiki Trading,Min,Kiki Trading Empty Boxes 25KG,0.0000,Min Level,28 Apr 2025
MIN,MG-5513F-G,LRB,Min,Elements 30cm Rechargeble Box Fan Black,0.0000,Min Level,28 Apr 2025
MIN,MG-5314F-AJ,LRB,Min,Elements 40cm Rechargeble Desk Fan Wht,0.0000,Min Level,28 Apr 2025
MIN,TCBS400-L,Bambino,Min,Side By Side Playard,0.0000,Min Level,28 Apr 2025
MIN,CACS604-M,Bambino,Min,I Rotate 360 Graphite,0.0000,Min Level,28 Apr 2025
MIN,CACS604-N,Bambino,Min,I Rotate 360 Graphite,0.0000,Min Level,28 Apr 2025
MIN,CACS604-O,Bambino,Min,I Rotate 360 Graphite,0.0000,Min Level,28 Apr 2025
MIN,CACS604-P,Bambino,Min,I Rotate 360 Graphite,0.0000,Min Level,28 Apr 2025
MIN,P1112,NAD,Min,Mixed Pallet,0.0000,Min Level,28 Apr 2025
MIN,P1113,NAD,Min,Mixed Pallet,0.0000,Min Level,28 Apr 2025
MIN,P1114,NAD,Min,Mixed Pallet,0.0000,Min Level,28 Apr 2025
MIN,P1115,NAD,Min,Mixed Pallet,0.0000,Min Level,28 Apr 2025
MIN,P1116,NAD,Min,Mixed Pallet,0.0000,Min Level,28 Apr 2025
MIN,P1117,NAD,Min,Mixed Pallet,0.0000,Min Level,28 Apr 2025
MIN,P1118,NAD,Min,Mixed Pallet,0.0000,Min Level,28 Apr 2025
MIN,710X510WTL125G,Kiki Bags,Min,White Top Liner 125G New Code,0.0000,Min Level,28 Apr 2025
MIN,HP705-A,Hygizone,Min,Hygizone Actuator -Matt Chrome,0.0000,Min Level,28 Apr 2025
MIN,710X510WTL125G-A,Kiki Bags,Min,White Top Liner 125G New Code,0.0000,Min Level,28 Apr 2025
MIN,710X510WTL125G-B,Kiki Bags,Min,White Top Liner 125G New Code,0.0000,Min Level,28 Apr 2025
MIN,P1119,NAD,Min,Mixed Pallet,0.0000,Min Level,28 Apr 2025
MIN,P1120,NAD,Min,Mixed Pallet,0.0000,Min Level,28 Apr 2025
MIN,P1121,NAD,Min,Mixed Pallet,0.0000,Min Level,28 Apr 2025
MIN,P1122,NAD,Min,Mixed Pallet,0.0000,Min Level,28 Apr 2025
MIN,P1123,NAD,Min,Mixed Pallet,0.0000,Min Level,28 Apr 2025
MIN,P1124,NAD,Min,Mixed Pallet,0.0000,Min Level,28 Apr 2025
MIN,P1125,NAD,Min,Mixed Pallet,0.0000,Min Level,28 Apr 2025
MIN,MUL225/30-B,Isinkwe Energies,Min,Multivalve 225/30 Toroidale,0.0000,Min Level,28 Apr 2025
MIN,MUL240/30-A,Isinkwe Energies,Min,Multivalve 240-250/30,0.0000,Min Level,28 Apr 2025
MIN,TANKINT600X225-A,Isinkwe Energies,Min,Tank Int 600x225 - 48LT,0.0000,Min Level,28 Apr 2025
MIN,TANKINT630X200-A,Isinkwe Energies,Min,Tank int 630 x 200,0.0000,Min Level,28 Apr 2025
MIN,TANKINT680X240-A,Isinkwe Energies,Min,Tank Int 680x240 - 68LT,0.0000,Min Level,28 Apr 2025
MIN,OTIMA106,LRB,Min,Otima Chair Party Black,0.0000,Min Level,28 Apr 2025
MIN,P1126,NAD,Min,Mixed Pallet,0.0000,Min Level,28 Apr 2025
MIN,P1127,NAD,Min,Mixed Pallet,0.0000,Min Level,28 Apr 2025
MIN,P1128,NAD,Min,Mixed Pallet,0.0000,Min Level,28 Apr 2025
MIN,P1129,NAD,Min,Mixed Pallet,0.0000,Min Level,28 Apr 2025
MIN,P1130,NAD,Min,Mixed Pallet,0.0000,Min Level,28 Apr 2025
MIN,P1131,NAD,Min,Mixed Pallet,0.0000,Min Level,28 Apr 2025
MIN,OTIMA106.A,LRB,Min,Otima Chair Party Black,0.0000,Min Level,28 Apr 2025
MIN,P1132,NAD,Min,Mixed Pallet,0.0000,Min Level,28 Apr 2025
MIN,P1133,NAD,Min,Mixed Pallet,0.0000,Min Level,28 Apr 2025
MIN,P1134,NAD,Min,Mixed Pallet,0.0000,Min Level,28 Apr 2025
MIN,P1135,NAD,Min,Mixed Pallet,0.0000,Min Level,28 Apr 2025
MIN,P1136,NAD,Min,Mixed Pallet,0.0000,Min Level,28 Apr 2025
MIN,P1137,NAD,Min,Mixed Pallet,0.0000,Min Level,28 Apr 2025
MIN,P1138,NAD,Min,Mixed Pallet,0.0000,Min Level,28 Apr 2025
MIN,P1139,NAD,Min,Mixed Pallet,0.0000,Min Level,28 Apr 2025
MIN,P1140,NAD,Min,Mixed Pallet,0.0000,Min Level,28 Apr 2025
MIN,CABS261-D,Bambino,Min,Grand Prix LX Black 2in box,0.0000,Min Level,28 Apr 2025
MIN,CABS261-E,Bambino,Min,Grand Prix LX Black 2in box,0.0000,Min Level,28 Apr 2025
MIN,CABS261-F,Bambino,Min,Grand Prix LX Black 2in box,0.0000,Min Level,28 Apr 2025
MIN,CABS261-G,Bambino,Min,Grand Prix LX Black 2in box,0.0000,Min Level,28 Apr 2025
MIN,CABS261-H,Bambino,Min,Grand Prix LX Black 2in box,0.0000,Min Level,28 Apr 2025
MIN,CABS261-I,Bambino,Min,Grand Prix LX Black 2in box,0.0000,Min Level,28 Apr 2025
MIN,CABS261-J,Bambino,Min,Grand Prix LX Black 2in box,0.0000,Min Level,28 Apr 2025
MIN,CABS261-K,Bambino,Min,Grand Prix LX Black 2in box,0.0000,Min Level,28 Apr 2025
MIN,CABS261-L,Bambino,Min,Grand Prix LX Black 2in box,0.0000,Min Level,28 Apr 2025
MIN,CABS261-M,Bambino,Min,Grand Prix LX Black 2in box,0.0000,Min Level,28 Apr 2025
MIN,ACGS249-S,Bambino,Min,Safety Gate Extentions 7 14 28cm,0.0000,Min Level,28 Apr 2025
MIN,ACGS249-T,Bambino,Min,Safety Gate Extentions 7 14 28cm,0.0000,Min Level,28 Apr 2025
MIN,ACGS249-U,Bambino,Min,Safety Gate Extentions 7 14 28cm,0.0000,Min Level,28 Apr 2025
MIN,ACGS249-V,Bambino,Min,Safety Gate Extentions 7 14 28cm,0.0000,Min Level,28 Apr 2025
MIN,ACGS249-W,Bambino,Min,Safety Gate Extentions 7 14 28cm,0.0000,Min Level,28 Apr 2025
MIN,ACGS249-X,Bambino,Min,Safety Gate Extentions 7 14 28cm,0.0000,Min Level,28 Apr 2025
MIN,ACGS249-Y,Bambino,Min,Safety Gate Extentions 7 14 28cm,0.0000,Min Level,28 Apr 2025
MIN,ACGS249-Z,Bambino,Min,Safety Gate Extentions 7 14 28cm,0.0000,Min Level,28 Apr 2025
MIN,ACGS249-AA,Bambino,Min,Safety Gate Extentions 7 14 28cm,0.0000,Min Level,28 Apr 2025
MIN,ACGS249-AB,Bambino,Min,Safety Gate Extentions 7 14 28cm,0.0000,Min Level,28 Apr 2025
MIN,ACGS249-AC,Bambino,Min,Safety Gate Extentions 7 14 28cm,0.0000,Min Level,28 Apr 2025
MIN,ACGS249-AD,Bambino,Min,Safety Gate Extentions 7 14 28cm,0.0000,Min Level,28 Apr 2025
MIN,ACGS249-AE,Bambino,Min,Safety Gate Extentions 7 14 28cm,0.0000,Min Level,28 Apr 2025
MIN,ACGS249-AF,Bambino,Min,Safety Gate Extentions 7 14 28cm,0.0000,Min Level,28 Apr 2025
MIN,ACGS249-AH,Bambino,Min,Safety Gate Extentions 7 14 28cm,0.0000,Min Level,28 Apr 2025
MIN,ACGS249-AG,Bambino,Min,Safety Gate Extentions 7 14 28cm,0.0000,Min Level,28 Apr 2025
MIN,ACGS249-AI,Bambino,Min,Safety Gate Extentions 7 14 28cm,0.0000,Min Level,28 Apr 2025
MIN,ACGS249-AJ,Bambino,Min,Safety Gate Extentions 7 14 28cm,0.0000,Min Level,28 Apr 2025
MIN,ACGS249-AK,Bambino,Min,Safety Gate Extentions 7 14 28cm,0.0000,Min Level,28 Apr 2025
MIN,ACGS249-AL,Bambino,Min,Safety Gate Extentions 7 14 28cm,0.0000,Min Level,28 Apr 2025
MIN,ACGS249-AM,Bambino,Min,Safety Gate Extentions 7 14 28cm,0.0000,Min Level,28 Apr 2025
MIN,ACGS249-AN,Bambino,Min,Safety Gate Extentions 7 14 28cm,0.0000,Min Level,28 Apr 2025
MIN,ACGS249-AO,Bambino,Min,Safety Gate Extentions 7 14 28cm,0.0000,Min Level,28 Apr 2025
MIN,ACGS249-AP,Bambino,Min,Safety Gate Extentions 7 14 28cm,0.0000,Min Level,28 Apr 2025
MIN,ACGS249-AQ,Bambino,Min,Safety Gate Extentions 7 14 28cm,0.0000,Min Level,28 Apr 2025
MIN,ACGS249-AR,Bambino,Min,Safety Gate Extentions 7 14 28cm,0.0000,Min Level,28 Apr 2025
MIN,ACGS249-AS,Bambino,Min,Safety Gate Extentions 7 14 28cm,0.0000,Min Level,28 Apr 2025
MIN,ACGS249-AT,Bambino,Min,Safety Gate Extentions 7 14 28cm,0.0000,Min Level,28 Apr 2025
MIN,ACGS249-AU,Bambino,Min,Safety Gate Extentions 7 14 28cm,0.0000,Min Level,28 Apr 2025
MIN,ACGS249-AV,Bambino,Min,Safety Gate Extentions 7 14 28cm,0.0000,Min Level,28 Apr 2025
MIN,ACGS249-AW,Bambino,Min,Safety Gate Extentions 7 14 28cm,0.0000,Min Level,28 Apr 2025
MIN,ACGS249-AX,Bambino,Min,Safety Gate Extentions 7 14 28cm,0.0000,Min Level,28 Apr 2025
MIN,ACGS249-AY,Bambino,Min,Safety Gate Extentions 7 14 28cm,0.0000,Min Level,28 Apr 2025
MIN,FE-45II (BLACK)M,LRB,Min,Elements High Velocity Floor Fan Black,0.0000,Min Level,28 Apr 2025
MIN,P1141,NAD,Min,Mixed Pallet,0.0000,Min Level,28 Apr 2025
MIN,P1142,NAD,Min,Mixed Pallet,0.0000,Min Level,28 Apr 2025
MIN,P1143,NAD,Min,Mixed Pallet,0.0000,Min Level,28 Apr 2025
MIN,P1144,NAD,Min,Mixed Pallet,0.0000,Min Level,28 Apr 2025
MIN,P1145,NAD,Min,Mixed Pallet,0.0000,Min Level,28 Apr 2025
MIN,P1146,NAD,Min,Mixed Pallet,0.0000,Min Level,28 Apr 2025
MIN,P1147,NAD,Min,Mixed Pallet,0.0000,Min Level,28 Apr 2025
MIN,P1148,NAD,Min,Mixed Pallet,0.0000,Min Level,28 Apr 2025
MIN,P1149,NAD,Min,Mixed Pallet,0.0000,Min Level,28 Apr 2025
MIN,P1150,NAD,Min,Mixed Pallet,0.0000,Min Level,28 Apr 2025
MIN,P1151,NAD,Min,Mixed Pallet,0.0000,Min Level,28 Apr 2025
MIN,P1152,NAD,Min,Mixed Pallet,0.0000,Min Level,28 Apr 2025
MIN,P1153,NAD,Min,Mixed Pallet,0.0000,Min Level,28 Apr 2025
MIN,P1154,NAD,Min,Mixed Pallet,0.0000,Min Level,28 Apr 2025
MIN,P1155,NAD,Min,Mixed Pallet,0.0000,Min Level,28 Apr 2025
MIN,P1156,NAD,Min,Mixed Pallet,0.0000,Min Level,28 Apr 2025
MIN,P1157,NAD,Min,Mixed Pallet,0.0000,Min Level,28 Apr 2025
MIN,P1158,NAD,Min,Mixed Pallet,0.0000,Min Level,28 Apr 2025
MIN,ACGS248-M,Bambino,Min,Safety Gate Extentions 7cm,0.0000,Min Level,28 Apr 2025
MIN,ACGS248-O,Bambino,Min,Safety Gate Extentions 7cm,0.0000,Min Level,28 Apr 2025
MIN,ACGS248-P,Bambino,Min,Safety Gate Extentions 7cm,0.0000,Min Level,28 Apr 2025
MIN,ACGS248-Q,Bambino,Min,Safety Gate Extentions 7cm,0.0000,Min Level,28 Apr 2025
MIN,ACGS248-R,Bambino,Min,Safety Gate Extentions 7cm,0.0000,Min Level,28 Apr 2025
MIN,ACGS248-S,Bambino,Min,Safety Gate Extentions 7cm,0.0000,Min Level,28 Apr 2025
MIN,ACGS248-T,Bambino,Min,Safety Gate Extentions 7cm,0.0000,Min Level,28 Apr 2025
MIN,ACGS248-U,Bambino,Min,Safety Gate Extentions 7cm,0.0000,Min Level,28 Apr 2025
MIN,ACGS248-V,Bambino,Min,Safety Gate Extentions 7cm,0.0000,Min Level,28 Apr 2025
MIN,ACGS248-W,Bambino,Min,Safety Gate Extentions 7cm,0.0000,Min Level,28 Apr 2025
MIN,ACGS248-X,Bambino,Min,Safety Gate Extentions 7cm,0.0000,Min Level,28 Apr 2025
MIN,ACGS248-Y,Bambino,Min,Safety Gate Extentions 7cm,0.0000,Min Level,28 Apr 2025
MIN,ACGS248-Z,Bambino,Min,Safety Gate Extentions 7cm,0.0000,Min Level,28 Apr 2025
MIN,ACGS248-AA,Bambino,Min,Safety Gate Extentions 7cm,0.0000,Min Level,28 Apr 2025
MIN,944764B,Niemann,Min,FA68 Reflex Madreperia,0.0000,Min Level,28 Apr 2025
MIN,944764C,Niemann,Min,FA68 Reflex Madreperia,0.0000,Min Level,28 Apr 2025
MIN,970119,Niemann,Min,FB49 DK Brown Leather,0.0000,Min Level,28 Apr 2025
MIN,970119A,Niemann,Min,FB49 DK Brown Leather,0.0000,Min Level,28 Apr 2025
MIN,944763,Niemann,Min,FA84 Madreperiato,0.0000,Min Level,28 Apr 2025
MIN,944766A,Niemann,Min,LR17 JUM,0.0000,Min Level,28 Apr 2025
MIN,SAMPLE-A,Niemann,Min,Bambino Samples BAM5126,0.0000,Min Level,28 Apr 2025
MIN,20+00+07-N,Kiki Trading,Min,20+00+07 Proturf latest 12-11-2024,0.0000,Min Level,28 Apr 2025
MIN,20+00+07-O,Kiki Trading,Min,20+00+07 Proturf latest 12-11-2024,0.0000,Min Level,28 Apr 2025
MIN,20+00+07-P,Kiki Trading,Min,20+00+07 Proturf latest 12-11-2024,0.0000,Min Level,28 Apr 2025
MIN,20+00+07-Q,Kiki Trading,Min,20+00+07 Proturf latest 12-11-2024,0.0000,Min Level,28 Apr 2025
MIN,20+00+07-R,Kiki Trading,Min,20+00+07 Proturf latest 12-11-2024,0.0000,Min Level,28 Apr 2025
MIN,20+00+07-S,Kiki Trading,Min,20+00+07 Proturf latest 12-11-2024,0.0000,Min Level,28 Apr 2025
MIN,20+00+07-T,Kiki Trading,Min,20+00+07 Proturf latest 07/02/2025,0.0000,Min Level,28 Apr 2025
MIN,20+00+07-U,Kiki Trading,Min,20+00+07 Proturf latest 12-11-2024,0.0000,Min Level,28 Apr 2025
MIN,20+00+07-V,Kiki Trading,Min,20+00+07 Proturf latest 06/03/2025,0.0000,Min Level,28 Apr 2025
MIN,ACGS248-AB,Bambino,Min,Safety Gate Extentions 7cm,0.0000,Min Level,28 Apr 2025
MIN,ACGS248-AC,Bambino,Min,Safety Gate Extentions 7cm,0.0000,Min Level,28 Apr 2025
MIN,ACGS248-AD,Bambino,Min,Safety Gate Extentions 7cm,0.0000,Min Level,28 Apr 2025
MIN,ACGS248-AE,Bambino,Min,Safety Gate Extentions 7cm,0.0000,Min Level,28 Apr 2025
MIN,610X460WTL125G-A,Kiki Bags,Min,White Top Liner 125G New Code,0.0000,Min Level,28 Apr 2025
MIN,610X460WTL125G-B,Kiki Bags,Min,White Top Liner 125G New Code,0.0000,Min Level,28 Apr 2025
MIN,610X460WTL125G-C,Kiki Bags,Min,White Top Liner 125G New Code,0.0000,Min Level,28 Apr 2025
MIN,KRIST001,Niemann,Min,Kristal White Top Sheets,0.0000,Min Level,28 Apr 2025
MIN,KRIST002,Niemann,Min,Kristal White Back Sheet,0.0000,Min Level,28 Apr 2025
MIN,ACL8855X,Niemann,Min,Acrylux Anthracite Matt Sheets,0.0000,Min Level,28 Apr 2025
MIN,KRSIT003,Niemann,Min,Kristal Black Back Sheets,0.0000,Min Level,28 Apr 2025
MIN,P1161,NAD,Min,Mixed Pallet,0.0000,Min Level,28 Apr 2025
MIN,P1162,NAD,Min,Mixed Pallet,0.0000,Min Level,28 Apr 2025
MIN,P1163,NAD,Min,Mixed Pallet,0.0000,Min Level,28 Apr 2025
MIN,P1164,NAD,Min,Mixed Pallet,0.0000,Min Level,28 Apr 2025
MIN,P1165,NAD,Min,Mixed Pallet,0.0000,Min Level,28 Apr 2025
MIN,P1166,NAD,Min,Mixed Pallet,0.0000,Min Level,28 Apr 2025
MIN,P1167,NAD,Min,Mixed Pallet,0.0000,Min Level,28 Apr 2025
MIN,P1168,NAD,Min,Mixed Pallet,0.0000,Min Level,28 Apr 2025
MIN,P1169,NAD,Min,Mixed Pallet,0.0000,Min Level,28 Apr 2025
MIN,P1170,NAD,Min,Mixed Pallet,0.0000,Min Level,28 Apr 2025
MIN,P1171,NAD,Min,Mixed Pallet,0.0000,Min Level,28 Apr 2025
MIN,P1172,NAD,Min,Mixed Pallet,0.0000,Min Level,28 Apr 2025
MIN,P1173,NAD,Min,Mixed Pallet,0.0000,Min Level,28 Apr 2025
MIN,P1174,NAD,Min,Mixed Pallet,0.0000,Min Level,28 Apr 2025
MIN,P1175,NAD,Min,Mixed Pallet,0.0000,Min Level,28 Apr 2025
MIN,P1176,NAD,Min,Mixed Pallet,0.0000,Min Level,28 Apr 2025
MIN,P1177,NAD,Min,Mixed Pallet,0.0000,Min Level,28 Apr 2025
MIN,P1178,NAD,Min,Mixed Pallet,0.0000,Min Level,28 Apr 2025
MIN,P1179,NAD,Min,Mixed Pallet,0.0000,Min Level,28 Apr 2025
MIN,P1180,NAD,Min,Mixed Pallet,0.0000,Min Level,28 Apr 2025
MIN,P1181,NAD,Min,Mixed Pallet,0.0000,Min Level,28 Apr 2025
MIN,P1182,NAD,Min,Mixed Pallet,0.0000,Min Level,28 Apr 2025
MIN,P1183,NAD,Min,Mixed Pallet,0.0000,Min Level,28 Apr 2025
MIN,CACS611,Bambino,Min,I-Swivel Car Seat - Cobalt,0.0000,Min Level,28 Apr 2025
MIN,P1159,NAD,Min,Mixed Pallet,0.0000,Min Level,28 Apr 2025
MIN,P1160,NAD,Min,Mixed Pallet,0.0000,Min Level,28 Apr 2025
MIN,CACS611-A,Bambino,Min,I-Swivel Car Seat - Cobalt,0.0000,Min Level,28 Apr 2025
MIN,CACS611-B,Bambino,Min,I-Swivel Car Seat - Cobalt,0.0000,Min Level,28 Apr 2025
MIN,CACS611-C,Bambino,Min,I-Swivel Car Seat - Cobalt,0.0000,Min Level,28 Apr 2025
MIN,CACS611-D,Bambino,Min,I-Swivel Car Seat - Cobalt,0.0000,Min Level,28 Apr 2025
MIN,CACS611-E,Bambino,Min,I-Swivel Car Seat - Cobalt,0.0000,Min Level,28 Apr 2025
MIN,P1184,NAD,Min,Mixed Pallet,0.0000,Min Level,28 Apr 2025
MIN,P1185,NAD,Min,Mixed Pallet,0.0000,Min Level,28 Apr 2025
MIN,P1186,NAD,Min,Mixed Pallet,0.0000,Min Level,28 Apr 2025
MIN,P1187,NAD,Min,Mixed Pallet,0.0000,Min Level,28 Apr 2025
MIN,P1188,NAD,Min,Mixed Pallet,0.0000,Min Level,28 Apr 2025
MIN,P1189,NAD,Min,Mixed Pallet,0.0000,Min Level,28 Apr 2025
MIN,P1190,NAD,Min,Mixed Pallet,0.0000,Min Level,28 Apr 2025
MIN,P1191,NAD,Min,Mixed Pallet,0.0000,Min Level,28 Apr 2025
MIN,P1192,NAD,Min,Mixed Pallet,0.0000,Min Level,28 Apr 2025
MIN,P1193,NAD,Min,Mixed Pallet,0.0000,Min Level,28 Apr 2025
MIN,P1194,NAD,Min,Mixed Pallet,0.0000,Min Level,28 Apr 2025
MIN,P1195,NAD,Min,Mixed Pallet,0.0000,Min Level,28 Apr 2025
MIN,P1196,NAD,Min,Mixed Pallet,0.0000,Min Level,28 Apr 2025
MIN,P1197,NAD,Min,Mixed Pallet,0.0000,Min Level,28 Apr 2025
MIN,P1198,NAD,Min,Mixed Pallet,0.0000,Min Level,28 Apr 2025
MIN,P1199,NAD,Min,Mixed Pallet,0.0000,Min Level,28 Apr 2025
MIN,P1200,NAD,Min,Mixed Pallet,0.0000,Min Level,28 Apr 2025
MIN,P1201,NAD,Min,Mixed Pallet,0.0000,Min Level,28 Apr 2025
MIN,P1202,NAD,Min,Mixed Pallet,0.0000,Min Level,28 Apr 2025
MIN,P1204,NAD,Min,Mixed Pallet,0.0000,Min Level,28 Apr 2025
MIN,P1205,NAD,Min,Mixed Pallet,0.0000,Min Level,28 Apr 2025
MIN,P1206,NAD,Min,Mixed Pallet,0.0000,Min Level,28 Apr 2025
MIN,P1207,NAD,Min,Mixed Pallet,0.0000,Min Level,28 Apr 2025
MIN,P1203,NAD,Min,Mixed Pallet,0.0000,Min Level,28 Apr 2025
MIN,990037,Niemann,Min,KS028 Royal Oak,0.0000,Min Level,28 Apr 2025
MIN,990041LF,Niemann,Min,Liquid Brass Matt Front Laminates,0.0000,Min Level,28 Apr 2025
MIN,990041,Niemann,Min,Liquid Brass Matt,0.0000,Min Level,28 Apr 2025
MIN,FTW1.8-AD,LRB,Min,Table Foldable 1.8m White,0.0000,Min Level,28 Apr 2025
MIN,FTW1.8-AF,LRB,Min,Table Foldable 1.8m White,0.0000,Min Level,28 Apr 2025
MIN,FTW1.8-AG,LRB,Min,Table Foldable 1.8m White,0.0000,Min Level,28 Apr 2025
MIN,FTW1.8-AH,LRB,Min,Table Foldable 1.8m White,0.0000,Min Level,28 Apr 2025
MIN,FTW1.8-AI,LRB,Min,Table Foldable 1.8m White,0.0000,Min Level,28 Apr 2025
MIN,FTW1.8-AJ,LRB,Min,Table Foldable 1.8m White,0.0000,Min Level,28 Apr 2025
MIN,FTW1.8-AK,LRB,Min,Table Foldable 1.8m White,0.0000,Min Level,28 Apr 2025
MIN,FTW1.8-AL,LRB,Min,Table Foldable 1.8m White,0.0000,Min Level,28 Apr 2025
MIN,FTW1.8-AM,LRB,Min,Table Foldable 1.8m White,0.0000,Min Level,28 Apr 2025
MIN,FTW1.8-AN,LRB,Min,Table Foldable 1.8m White,0.0000,Min Level,28 Apr 2025
MIN,FTW1.8-AO,LRB,Min,Table Foldable 1.8m White,0.0000,Min Level,28 Apr 2025
MIN,FTW1.8-AP,LRB,Min,Table Foldable 1.8m White,0.0000,Min Level,28 Apr 2025
MIN,FTW1.8-AQ,LRB,Min,Table Foldable 1.8m White,0.0000,Min Level,28 Apr 2025
MIN,FTW1.8-AR,LRB,Min,Table Foldable 1.8m White,0.0000,Min Level,28 Apr 2025
MIN,FTW1.8-AS,LRB,Min,Table Foldable 1.8m White,0.0000,Min Level,28 Apr 2025
MIN,FTW1.8-AT,LRB,Min,Table Foldable 1.8m White,0.0000,Min Level,28 Apr 2025
MIN,FTW1.8-AU,LRB,Min,Table Foldable 1.8m White,0.0000,Min Level,28 Apr 2025
MIN,OTIMA106-B,LRB,Min,Otima Chair Party Black,0.0000,Min Level,28 Apr 2025
MIN,OTIMA106-C,LRB,Min,Otima Chair Party Black,0.0000,Min Level,28 Apr 2025
MIN,OTIMA106-D,LRB,Min,Otima Chair Party Black,0.0000,Min Level,28 Apr 2025
MIN,OTIMA106-E,LRB,Min,Otima Chair Party Black,0.0000,Min Level,28 Apr 2025
MIN,OTIMA106-F,LRB,Min,Otima Chair Party Black,0.0000,Min Level,28 Apr 2025
MIN,OTIMA106-G,LRB,Min,Otima Chair Party Black,0.0000,Min Level,28 Apr 2025
MIN,PANAFRIEL,Kynor,Min,Panafriel Aircons,0.0000,Min Level,28 Apr 2025
MIN,ACBT100,Bambino,Min,3 In 1 Comfy Bath,0.0000,Min Level,28 Apr 2025
MIN,ACBT100-A,Bambino,Min,3 In 1 Comfy Bath,0.0000,Min Level,28 Apr 2025
MIN,ACBT100-B,Bambino,Min,3 In 1 Comfy Bath,0.0000,Min Level,28 Apr 2025
MIN,ACBT100-C,Bambino,Min,3 In 1 Comfy Bath,0.0000,Min Level,28 Apr 2025
MIN,ACBT100-D,Bambino,Min,3 In 1 Comfy Bath,0.0000,Min Level,28 Apr 2025
MIN,ACBT100-E,Bambino,Min,3 In 1 Comfy Bath,0.0000,Min Level,28 Apr 2025
MIN,Laundry Bag,Kiki Bags,Min,Protea Laundry Bag,0.0000,Min Level,28 Apr 2025
MIN,P1217,NAD,Min,Mixed Pallet,0.0000,Min Level,28 Apr 2025
MIN,391/04511011/B-C,Isinkwe Energies,Min,Silverline 4C 51CC,0.0000,Min Level,28 Apr 2025
MIN,TANKINT600X200-A,Isinkwe Energies,Min,Tank Int 600x200,0.0000,Min Level,28 Apr 2025
MIN,TANKINT600X225-48L,Isinkwe Energies,Min,Tank Int 600x225-48L,0.0000,Min Level,28 Apr 2025
MIN,TANKINT630X200-C,Isinkwe Energies,Min,Tank Int 630x200 44lL,0.0000,Min Level,28 Apr 2025
MIN,TANKINT650X200-50L,Isinkwe Energies,Min,Tank Int 650x200 -50L,0.0000,Min Level,28 Apr 2025
MIN,TANKINT650X225-58L,Isinkwe Energies,Min,Tank Int 65x225 -58L,0.0000,Min Level,28 Apr 2025
MIN,TANKINT680X240-68L-B,Isinkwe Energies,Min,Tank Int 680x240-68L,0.0000,Min Level,28 Apr 2025
MIN,P1238,NAD,Min,Mixed Pallet,0.0000,Min Level,28 Apr 2025
MIN,P1239,NAD,Min,Mixed Pallet,0.0000,Min Level,28 Apr 2025
MIN,P1240,NAD,Min,Mixed Pallet,0.0000,Min Level,28 Apr 2025
MIN,P1241,NAD,Min,Mixed Pallet,0.0000,Min Level,28 Apr 2025
MIN,P1242,NAD,Min,Mixed Pallet,0.0000,Min Level,28 Apr 2025
MIN,P1243,NAD,Min,Mixed Pallet,0.0000,Min Level,28 Apr 2025
MIN,P1244,NAD,Min,Mixed Pallet,0.0000,Min Level,28 Apr 2025
MIN,P1245,NAD,Min,Mixed Pallet,0.0000,Min Level,28 Apr 2025
MIN,P1246,NAD,Min,Mixed Pallet,0.0000,Min Level,28 Apr 2025
MIN,P1247,NAD,Min,Mixed Pallet,0.0000,Min Level,28 Apr 2025
MIN,P1248,NAD,Min,Mixed Pallet,0.0000,Min Level,28 Apr 2025
MIN,P1249,NAD,Min,Mixed Pallet,0.0000,Min Level,28 Apr 2025
MIN,P1250,NAD,Min,Mixed Pallet,0.0000,Min Level,28 Apr 2025
MIN,P1251,NAD,Min,Mixed Pallet,0.0000,Min Level,28 Apr 2025
MIN,P1252,NAD,Min,Mixed Pallet,0.0000,Min Level,28 Apr 2025
MIN,P1253,NAD,Min,Mixed Pallet,0.0000,Min Level,28 Apr 2025
MIN,P1254,NAD,Min,Mixed Pallet,0.0000,Min Level,28 Apr 2025
MIN,P1255,NAD,Min,Mixed Pallet,0.0000,Min Level,28 Apr 2025
MIN,P1256,NAD,Min,Mixed Pallet,0.0000,Min Level,28 Apr 2025
MIN,P1257,NAD,Min,Mixed Pallet,0.0000,Min Level,28 Apr 2025
MIN,P1258,NAD,Min,Mixed Pallet,0.0000,Min Level,28 Apr 2025
MIN,P1259,NAD,Min,Mixed Pallet,0.0000,Min Level,28 Apr 2025
MIN,P1260,NAD,Min,Mixed Pallet,0.0000,Min Level,28 Apr 2025
MIN,P1261,NAD,Min,Mixed Pallet,0.0000,Min Level,28 Apr 2025
MIN,P1208,NAD,Min,Mixed Pallet,0.0000,Min Level,28 Apr 2025
MIN,P1209,NAD,Min,Mixed Pallet,0.0000,Min Level,28 Apr 2025
MIN,P1210,NAD,Min,Mixed Pallet,0.0000,Min Level,28 Apr 2025
MIN,P211,NAD,Min,Mixed Pallet,0.0000,Min Level,28 Apr 2025
MIN,P1212,NAD,Min,Mixed Pallet,0.0000,Min Level,28 Apr 2025
MIN,P1213,NAD,Min,Mixed Pallet,0.0000,Min Level,28 Apr 2025
MIN,P1214,NAD,Min,Mixed Pallet,0.0000,Min Level,28 Apr 2025
MIN,P1215,NAD,Min,Mixed Pallet,0.0000,Min Level,28 Apr 2025
MIN,P1220,NAD,Min,Mixed Pallet,0.0000,Min Level,28 Apr 2025
MIN,391/04511011/C,Isinkwe Energies,Min,Silverline 4C 511C,0.0000,Min Level,28 Apr 2025
MIN,P1218,NAD,Min,Mixed Pallet,0.0000,Min Level,28 Apr 2025
MIN,P1219,NAD,Min,Mixed Pallet,0.0000,Min Level,28 Apr 2025
MIN,P1262,NAD,Min,Mixed Pallet,0.0000,Min Level,28 Apr 2025
MIN,P1263,NAD,Min,Mixed Pallet,0.0000,Min Level,28 Apr 2025
MIN,P1264,NAD,Min,Mixed Pallet,0.0000,Min Level,28 Apr 2025
MIN,P1265,NAD,Min,Mixed Pallet,0.0000,Min Level,28 Apr 2025
MIN,P1266,NAD,Min,Mixed Pallet,0.0000,Min Level,28 Apr 2025
MIN,P1267,NAD,Min,Mixed Pallet,0.0000,Min Level,28 Apr 2025
MIN,P1268,NAD,Min,Mixed Pallet,0.0000,Min Level,28 Apr 2025
MIN,P1269,NAD,Min,Mixed Pallet,0.0000,Min Level,28 Apr 2025
MIN,W110,ABC Building Materials,Min,ORAC 3D Wall Panel,0.0000,Min Level,28 Apr 2025
MIN,WX210-2600,ABC Building Materials,Min,ORAC 3D Wall Panel,0.0000,Min Level,28 Apr 2025
MIN,WX211-2600,ABC Building Materials,Min,ORAC 3D Wall Panel,0.0000,Min Level,28 Apr 2025
MIN,CX106,ABC Building Materials,Min,ORAC Cornice Moulding,0.0000,Min Level,28 Apr 2025
MIN,SX194,ABC Building Materials,Min,ORAC Skirting,0.0000,Min Level,28 Apr 2025
MIN,SX163,ABC Building Materials,Min,ORAC Skirting,0.0000,Min Level,28 Apr 2025
MIN,SX157,ABC Building Materials,Min,ORAC Skirting,0.0000,Min Level,28 Apr 2025
MIN,SX104,ABC Building Materials,Min,ORAC Skirting,0.0000,Min Level,28 Apr 2025
MIN,C380,ABC Building Materials,Min,ORAC Indirect Lighting,0.0000,Min Level,28 Apr 2025
MIN,CB503N,ABC Building Materials,Min,ORAC Cornice Moulding,0.0000,Min Level,28 Apr 2025
MIN,CB512N,ABC Building Materials,Min,ORAC Cornice Moulding,0.0000,Min Level,28 Apr 2025
MIN,CB525N,ABC Building Materials,Min,ORAC Cornice Moulding,0.0000,Min Level,28 Apr 2025
MIN,SX184,ABC Building Materials,Min,ORAC Skirting,0.0000,Min Level,28 Apr 2025
MIN,PX103A,ABC Building Materials,Min,ORAC Corner For PX103,0.0000,Min Level,28 Apr 2025
MIN,R40,ABC Building Materials,Min,ORAC Ceiling Rose,0.0000,Min Level,28 Apr 2025
MIN,PX198,ABC Building Materials,Min,ORAC Panel Moulding,0.0000,Min Level,28 Apr 2025
MIN,CX126,ABC Building Materials,Min,ORAC Cornice Moulding,0.0000,Min Level,28 Apr 2025
MIN,CX192,ABC Building Materials,Min,ORAC Cornice Moulding,0.0000,Min Level,28 Apr 2025
MIN,R17,ABC Building Materials,Min,ORAC Ceiling Rose,0.0000,Min Level,28 Apr 2025
MIN,R18,ABC Building Materials,Min,ORAC Ceiling Rose,0.0000,Min Level,28 Apr 2025
MIN,R52,ABC Building Materials,Min,ORAC Ceiling Rose,0.0000,Min Level,28 Apr 2025
MIN,R24,ABC Building Materials,Min,ORAC Ceiling Rose,0.0000,Min Level,28 Apr 2025
MIN,D503,ABC Building Materials,Min,ORAC Panel,0.0000,Min Level,28 Apr 2025
MIN,R22,ABC Building Materials,Min,ORAC Ceiling Rose,0.0000,Min Level,28 Apr 2025
MIN,C342,ABC Building Materials,Min,ORAC Cornice Moulding,0.0000,Min Level,28 Apr 2025
MIN,FDP700-A,ABC Building Materials,Min,ORAC DecoFix Power 290,0.0000,Min Level,28 Apr 2025
MIN,DX119-2300,ABC Building Materials,Min,ORAC Panel Moulding,0.0000,Min Level,28 Apr 2025
MIN,DX121-2300,ABC Building Materials,Min,ORAC Panel Moulding,0.0000,Min Level,28 Apr 2025
MIN,D504-A,ABC Building Materials,Min,ORAC Panel,0.0000,Min Level,28 Apr 2025
MIN,CX196,ABC Building Materials,Min,ORAC Cornice Moulding,0.0000,Min Level,28 Apr 2025
MIN,C343-A,ABC Building Materials,Min,ORAC Cornice Moulding,0.0000,Min Level,28 Apr 2025
MIN,CX197,ABC Building Materials,Min,ORAC Cornice Moulding,0.0000,Min Level,28 Apr 2025
MIN,CX100,ABC Building Materials,Min,ORAC Cornice Moulding,0.0000,Min Level,28 Apr 2025
MIN,CX100F,ABC Building Materials,Min,ORAC Flex Cornice Moulding,0.0000,Min Level,28 Apr 2025
MIN,P101A,ABC Building Materials,Min,ORAC Coner For P1020,0.0000,Min Level,28 Apr 2025
MIN,P1020-A,ABC Building Materials,Min,ORAC Panel Moulding,0.0000,Min Level,28 Apr 2025
MIN,FDP500,ABC Building Materials,Min,ORAC DecoFix Pro 310ml,0.0000,Min Level,28 Apr 2025
MIN,C201-A,ABC Building Materials,Min,ORAC Cornice Moulding,0.0000,Min Level,28 Apr 2025
MIN,MP085-001,ABC Building Materials,Min,ORAC Modern Classic Enruespl,0.0000,Min Level,28 Apr 2025
MIN,MS052-006,ABC Building Materials,Min,ORAC Duropolymer Novelties,0.0000,Min Level,28 Apr 2025
MIN,MS052-003,ABC Building Materials,Min,ORAC New Classic Novelties,0.0000,Min Level,28 Apr 2025
MIN,MP077-004,ABC Building Materials,Min,ORAC 3D Wall Covering Broch,0.0000,Min Level,28 Apr 2025
MIN,MD016-402,ABC Building Materials,Min,ORAC Ornamented Display 3D,0.0000,Min Level,28 Apr 2025
MIN,MS060-013,ABC Building Materials,Min,ORAC Sample Case Modern,0.0000,Min Level,28 Apr 2025
MIN,CB511N,ABC Building Materials,Min,ORAC Cornice Moulding,0.0000,Min Level,28 Apr 2025
MIN,MD016-105,ABC Building Materials,Min,Medium Display,0.0000,Min Level,28 Apr 2025
MIN,MD016-106,ABC Building Materials,Min,Entry Display,0.0000,Min Level,28 Apr 2025
MIN,MD016-307,ABC Building Materials,Min,OD Ind Light Dibond Display,0.0000,Min Level,28 Apr 2025
MIN,MS060-001,ABC Building Materials,Min,ORAC Sample Case SX DX,0.0000,Min Level,28 Apr 2025
MIN,MP076-002,ABC Building Materials,Min,New Classic Book,0.0000,Min Level,28 Apr 2025
MIN,MD031-008,ABC Building Materials,Min,ORAC Skirting Counter Disp,0.0000,Min Level,28 Apr 2025
MIN,MD016-402-A,ABC Building Materials,Min,Ornamented Display 3D,0.0000,Min Level,28 Apr 2025
MIN,FDP600,ABC Building Materials,Min,ORAC DecoFix PRO 4 2,0.0000,Min Level,28 Apr 2025
MIN,FDP600-A,ABC Building Materials,Min,ORAC DecoFix PRO 4 2,0.0000,Min Level,28 Apr 2025
MIN,FDP600-B,ABC Building Materials,Min,ORAC DecoFix PRO 4 2,0.0000,Min Level,28 Apr 2025
MIN,P1211,NAD,Min,Mixed Pallet,0.0000,Min Level,28 Apr 2025
MIN,740X640sUKLB170G,Kiki Bags,Min,Bay Brown Liner 170G,0.0000,Min Level,28 Apr 2025
MIN,710X510WTL135G-C,Kiki Bags,Min,White Top Liner 135G,0.0000,Min Level,28 Apr 2025
MIN,MG-5513F-H,LRB,Min,Elements 30cm Rechargeble Box Fan Black,0.0000,Min Level,28 Apr 2025
MIN,MG-5616F-I,LRB,Min,Elements Fan Pedest Recharge 40cm,0.0000,Min Level,28 Apr 2025
MIN,MG-5616F-J,LRB,Min,Elements Fan Pedest Recharge 40cm,0.0000,Min Level,28 Apr 2025
MIN,MG-5313F-S,LRB,Min,Elements 30cm Rechargeble Desk Fan Wht,0.0000,Min Level,28 Apr 2025
MIN,MG-5313F-T,LRB,Min,Elements 30cm Rechargeble Desk Fan Wht,0.0000,Min Level,28 Apr 2025
MIN,MG-5513F-I,LRB,Min,Elements 30cm Rechargeble Box Fan Black,0.0000,Min Level,28 Apr 2025
MIN,MG-5513F-J,LRB,Min,Elements 30cm Rechargeble Box Fan Black,0.0000,Min Level,28 Apr 2025
MIN,MG-5513F-K,LRB,Min,Elements 30cm Rechargeble Box Fan Black,0.0000,Min Level,28 Apr 2025
MIN,MG-5513F-L,LRB,Min,Elements 30cm Rechargeble Box Fan Black,0.0000,Min Level,28 Apr 2025
MIN,MG-5513F-M,LRB,Min,Elements 30cm Rechargeble Box Fan Black,0.0000,Min Level,28 Apr 2025
MIN,MG-5616F-K,LRB,Min,Elements Fan Pedest Recharge 40cm,0.0000,Min Level,28 Apr 2025
MIN,MG-5616F-L,LRB,Min,Elements Fan Pedest Recharge 40cm,0.0000,Min Level,28 Apr 2025
MIN,FE-45II(CHROME)F,LRB,Min,Elements High Velocity Floor Fan Chrome,0.0000,Min Level,28 Apr 2025
MIN,FE-45II(CHROME)D,LRB,Min,Elements High Velocity Floor Fan Chrome,0.0000,Min Level,28 Apr 2025
MIN,FE-45II(CHROME)E,LRB,Min,Elements High Velocity Floor Fan Chrome,0.0000,Min Level,28 Apr 2025
MIN,P1270,NAD,Min,Mixed Pallet,0.0000,Min Level,28 Apr 2025
MIN,P1271,NAD,Min,Mixed Pallet,0.0000,Min Level,28 Apr 2025
MIN,P1272,NAD,Min,Mixed Pallet,0.0000,Min Level,28 Apr 2025
MIN,P1273,NAD,Min,Mixed Pallet,0.0000,Min Level,28 Apr 2025
MIN,P1274,NAD,Min,Mixed Pallet,0.0000,Min Level,28 Apr 2025
MIN,P1275,NAD,Min,Mixed Pallet,0.0000,Min Level,28 Apr 2025
MIN,P1276,NAD,Min,Mixed Pallet,0.0000,Min Level,28 Apr 2025
MIN,P1277,NAD,Min,Mixed Pallet,0.0000,Min Level,28 Apr 2025
MIN,1020X710WTL175G-D,Kiki Bags,Min,White Top Liner 175g,0.0000,Min Level,28 Apr 2025
MIN,QPRT106,Bambino,Min,Rito Rubber Trike Grey,0.0000,Min Level,28 Apr 2025
MIN,QPRT107,Bambino,Min,Rito Rubber Trike Black,0.0000,Min Level,28 Apr 2025
MIN,QPRT100,Bambino,Min,Rito Star Trike Blue,0.0000,Min Level,28 Apr 2025
MIN,0501894,Kiki Bags,Min,Natural Paper Twist Roll,0.0000,Min Level,28 Apr 2025
MIN,710X510WTL135G-D,Kiki Bags,Min,White Top Liner 135G,0.0000,Min Level,28 Apr 2025
MIN,HCBM393,Bambino,Min,Pesto High Chair Lumina Black/Rose Gold,0.0000,Min Level,28 Apr 2025
MIN,710X510WTL135G-L,Kiki Bags,Min,white Top Liner135g,0.0000,Min Level,28 Apr 2025
MIN,710X510WTL135G-M,Kiki Bags,Min,white Top Liner135g,0.0000,Min Level,28 Apr 2025
MIN,710X510WTL135G-N,Kiki Bags,Min,white Top Liner135g,0.0000,Min Level,28 Apr 2025
MIN,710X510WTL135G-O,Kiki Bags,Min,white Top Liner135g,0.0000,Min Level,28 Apr 2025
MIN,710X510WTL135G-P,Kiki Bags,Min,white Top Liner135g,0.0000,Min Level,28 Apr 2025
MIN,P1278,NAD,Min,Mixed Pallet,0.0000,Min Level,28 Apr 2025
MIN,P1279,NAD,Min,Mixed Pallet,0.0000,Min Level,28 Apr 2025
MIN,HCBM391,Bambino,Min,Pesto High Chair Lava,0.0000,Min Level,28 Apr 2025
MIN,HCBM393-A,Bambino,Min,Pesto High Chair Lumina Black/Rose Gold,0.0000,Min Level,28 Apr 2025
MIN,50CCPWD244,Kynor,Min,Blanco Stacking Cream Soup Cup,0.0000,Min Level,28 Apr 2025
MIN,20CCEVW132,Kynor,Min,Evolution Rice Bowl 15.5cm,0.0000,Min Level,28 Apr 2025
MIN,CROPOL009,Kynor,Min,Polaris Side Plate 20.25cm,0.0000,Min Level,28 Apr 2025
MIN,CROPOL001,Kynor,Min,Polaris Dinner Plate 25cm,0.0000,Min Level,28 Apr 2025
MIN,KCP5250,Kynor,Min,Knife Cooks C/P Black 250mm,0.0000,Min Level,28 Apr 2025
MIN,KCP9090,Kynor,Min,Knife Paring C/P 90mm Plain Assorted,0.0000,Min Level,28 Apr 2025
MIN,SSK0001,Kynor,Min,Sharpening Stone 50mmx150mmx25mm,0.0000,Min Level,28 Apr 2025
MIN,BTA0011,Kynor,Min,Baking Tray Aluminium 600mmx400mm,0.0000,Min Level,28 Apr 2025
MIN,BTE0040,Kynor,Min,Baking Tray Enamelled 535mmx325mm,0.0000,Min Level,28 Apr 2025
MIN,BTA0014,Kynor,Min,Baking Tray Aluminium 600mmx400mm,0.0000,Min Level,28 Apr 2025
MIN,LITHCEVE105A,Silver Solutions,Min,3.2v 105ah EVE Lithium Cell Battery,0.0000,Min Level,28 Apr 2025
MIN,LITHCEVE105A-A,Silver Solutions,Min,3.2v 105ah EVE Lithium Cell Battery,0.0000,Min Level,28 Apr 2025
MIN,LITHCEVE105A-B,Silver Solutions,Min,3.2v 105ah EVE Lithium Cell Battery,0.0000,Min Level,28 Apr 2025
MIN,P1280,NAD,Min,Mixed Pallet,0.0000,Min Level,28 Apr 2025
MIN,P1281,NAD,Min,Mixed Pallet,0.0000,Min Level,28 Apr 2025
MIN,P1282,NAD,Min,Mixed Pallet,0.0000,Min Level,28 Apr 2025
MIN,P1283,NAD,Min,Mixed Pallet,0.0000,Min Level,28 Apr 2025
MIN,P1284,NAD,Min,Mixed Pallet,0.0000,Min Level,28 Apr 2025
MIN,P1285,NAD,Min,Mixed Pallet,0.0000,Min Level,28 Apr 2025
MIN,P1286,NAD,Min,Mixed Pallet,0.0000,Min Level,28 Apr 2025
MIN,P1287,NAD,Min,Mixed Pallet,0.0000,Min Level,28 Apr 2025
MIN,P1288,NAD,Min,Mixed Pallet,0.0000,Min Level,28 Apr 2025
MIN,P1289,NAD,Min,Mixed Pallet,0.0000,Min Level,28 Apr 2025
MIN,P1290,NAD,Min,Mixed Pallet,0.0000,Min Level,28 Apr 2025
MIN,P1291,NAD,Min,Mixed Pallet,0.0000,Min Level,28 Apr 2025
MIN,P1292,NAD,Min,Mixed Pallet,0.0000,Min Level,28 Apr 2025
MIN,P1293,NAD,Min,Mixed Pallet,0.0000,Min Level,28 Apr 2025
MIN,P1294,NAD,Min,Mixed Pallet,0.0000,Min Level,28 Apr 2025
MIN,P1295,NAD,Min,Mixed Pallet,0.0000,Min Level,28 Apr 2025
MIN,P1296,NAD,Min,Mixed Pallet,0.0000,Min Level,28 Apr 2025
MIN,P1297,NAD,Min,Mixed Pallet,0.0000,Min Level,28 Apr 2025
MIN,P1298,NAD,Min,Mixed Pallet,0.0000,Min Level,28 Apr 2025
MIN,P1299,NAD,Min,Mixed Pallet,0.0000,Min Level,28 Apr 2025
MIN,CABS270,Bambino,Min,I-Ultra Car Seat,0.0000,Min Level,28 Apr 2025
MIN,THK0134,KMS,Min,COAPUR 3025,0.0000,Min Level,28 Apr 2025
MIN,TCBS400-M,Bambino,Min,Side By Side Playard,0.0000,Min Level,28 Apr 2025
MIN,TCBS400-N,Bambino,Min,Side By Side Playard,0.0000,Min Level,28 Apr 2025
MIN,TCBS400-O,Bambino,Min,Side By Side Playard,0.0000,Min Level,28 Apr 2025
MIN,TCBS400-P,Bianomy,Min,Side By Side Playard,0.0000,Min Level,28 Apr 2025
MIN,TCBS400-Q,Bambino,Min,Side By Side Playard,0.0000,Min Level,28 Apr 2025
MIN,TCBS400-R,Bambino,Min,Side By Side Playard,0.0000,Min Level,28 Apr 2025
MIN,TCBS400-S,Bambino,Min,Side By Side Playard,0.0000,Min Level,28 Apr 2025
MIN,TCBS400-T,Bambino,Min,Side By Side Playard,0.0000,Min Level,28 Apr 2025
MIN,TCBS400-U,Bambino,Min,Side By Side Playard,0.0000,Min Level,28 Apr 2025
MIN,TCBS400-V,Bambino,Min,Side By Side Playard,0.0000,Min Level,28 Apr 2025
MIN,TCBS400-W,Bambino,Min,Side By Side Playard,0.0000,Min Level,28 Apr 2025
MIN,TCBS400-X,Bambino,Min,Side By Side Playard,0.0000,Min Level,28 Apr 2025
MIN,TCBS400-Y,Bambino,Min,Side By Side Playard,0.0000,Min Level,28 Apr 2025
MIN,TCBS400-Z,Bambino,Min,Side By Side Playard,0.0000,Min Level,28 Apr 2025
MIN,TCBS400-AA,Bambino,Min,Side By Side Playard,0.0000,Min Level,28 Apr 2025
MIN,TCBS400-AB,Bambino,Min,Side By Side Playard,0.0000,Min Level,28 Apr 2025
MIN,TCBS400-AC,Bambino,Min,Side By Side Playard,0.0000,Min Level,28 Apr 2025
MIN,TCBS400-AD,Bambino,Min,Side By Side Playard,0.0000,Min Level,28 Apr 2025
MIN,TCBS400-AE,Bambino,Min,Side By Side Playard,0.0000,Min Level,28 Apr 2025
MIN,TCBS400-AF,Bambino,Min,Side By Side Playard,0.0000,Min Level,28 Apr 2025
MIN,TCBS400-AG,Bambino,Min,Side By Side Playard,0.0000,Min Level,28 Apr 2025
MIN,TCBS400-AH,Bambino,Min,Side By Side Playard,0.0000,Min Level,28 Apr 2025
MIN,TCBS400-AI,Bambino,Min,Side By Side Playard,0.0000,Min Level,28 Apr 2025
MIN,TCBS400-AJ,Bambino,Min,Side By Side Playard,0.0000,Min Level,28 Apr 2025
MIN,TCBS400-AK,Bambino,Min,Side By Side Playard,0.0000,Min Level,28 Apr 2025
MIN,TCBS400-AL,Bambino,Min,Side By Side Playard,0.0000,Min Level,28 Apr 2025
MIN,TCBS400-AM,Bambino,Min,Side By Side Playard,0.0000,Min Level,28 Apr 2025
MIN,TCBS400-AN,Bambino,Min,Side By Side Playard,0.0000,Min Level,28 Apr 2025
MIN,TCBS400-AO,Bambino,Min,Side By Side Playard,0.0000,Min Level,28 Apr 2025
MIN,TCBS400-AP,Bambino,Min,Side By Side Playard,0.0000,Min Level,28 Apr 2025
MIN,TCBS400-AQ,Bambino,Min,Side By Side Playard,0.0000,Min Level,28 Apr 2025
MIN,CACS611-G,Bambino,Min,I-Swivel Car Seat - Cobalt,0.0000,Min Level,28 Apr 2025
MIN,CACS611-H,Bambino,Min,I-Swivel Car Seat - Cobalt,0.0000,Min Level,28 Apr 2025
MIN,CACS611-I,Bambino,Min,I-Swivel Car Seat - Cobalt,0.0000,Min Level,28 Apr 2025
MIN,CACS611-F,Bambino,Min,I-Swivel Car Seat - Cobalt,0.0000,Min Level,28 Apr 2025
MIN,ACBT100-F,Bambino,Min,3 In 1 Comfy Bath,0.0000,Min Level,28 Apr 2025
MIN,ACBT100-G,Bambino,Min,3 In 1 Comfy Bath,0.0000,Min Level,28 Apr 2025
MIN,ACBT100-H,Bambino,Min,3 In 1 Comfy Bath,0.0000,Min Level,28 Apr 2025
MIN,ACBT100-I,Bambino,Min,3 In 1 Comfy Bath,0.0000,Min Level,28 Apr 2025
MIN,ACBT100-J,Bambino,Min,3 In 1 Comfy Bath,0.0000,Min Level,28 Apr 2025
MIN,ACBT100-K,Bambino,Min,3 In 1 Comfy Bath,0.0000,Min Level,28 Apr 2025
MIN,ACBT100-L,Bambino,Min,3 In 1 Comfy Bath,0.0000,Min Level,28 Apr 2025
MIN,P59,NAD,Min,Mixed Pallet,0.0000,Min Level,28 Apr 2025
MIN,HMSDIR0000037,Kynor,Min,Railings 6m Galvanised Pipe Tube 34x2.mm,0.0000,Min Level,28 Apr 2025
MIN,P1300,NAD,Min,Mixed Pallet,0.0000,Min Level,28 Apr 2025
MIN,P1301,NAD,Min,Mixed Pallet,0.0000,Min Level,28 Apr 2025
MIN,P1302,NAD,Min,Mixed Pallet,0.0000,Min Level,28 Apr 2025
MIN,P1303,NAD,Min,Mixed Pallet,0.0000,Min Level,28 Apr 2025
MIN,P1304,NAD,Min,Mixed Pallet,0.0000,Min Level,28 Apr 2025
MIN,P1305,NAD,Min,Mixed Pallet,0.0000,Min Level,28 Apr 2025
MIN,P1306,NAD,Min,Mixed Pallet,0.0000,Min Level,28 Apr 2025
MIN,P1307,NAD,Min,Mixed Pallet,0.0000,Min Level,28 Apr 2025
MIN,P1308,NAD,Min,Mixed Pallet,0.0000,Min Level,28 Apr 2025
MIN,P1309,NAD,Min,Mixed Pallet,0.0000,Min Level,28 Apr 2025
MIN,P1310,NAD,Min,Mixed Pallet,0.0000,Min Level,28 Apr 2025
MIN,P1318,NAD,Min,Mixed Pallet,0.0000,Min Level,28 Apr 2025
MIN,P1321,NAD,Min,Mixed Pallet,0.0000,Min Level,28 Apr 2025
MIN,P1323,NAD,Min,Mixed Pallet,0.0000,Min Level,28 Apr 2025
MIN,P1324,NAD,Min,Mixed Pallet,0.0000,Min Level,28 Apr 2025
MIN,P1326,NAD,Min,Mixed Pallet,0.0000,Min Level,28 Apr 2025
MIN,ACBT100-M,Bambino,Min,3 In 1 Comfy Bath,0.0000,Min Level,28 Apr 2025
MIN,ACBT100-N,Bambino,Min,3 In 1 Comfy Bath,0.0000,Min Level,28 Apr 2025
MIN,ACBT100-O,Bambino,Min,3 In 1 Comfy Bath,0.0000,Min Level,28 Apr 2025
MIN,ACBT100-P,Bambino,Min,3 In 1 Comfy Bath,0.0000,Min Level,28 Apr 2025
MIN,ACBT100-Q,Bambino,Min,3 In 1 Comfy Bath,0.0000,Min Level,28 Apr 2025
MIN,P1314,NAD,Min,Mixed Pallet,0.0000,Min Level,28 Apr 2025
MIN,P1311,NAD,Min,Mixed Pallet,0.0000,Min Level,28 Apr 2025
MIN,P1312,NAD,Min,Mixed Pallet,0.0000,Min Level,28 Apr 2025
MIN,P1313,NAD,Min,Mixed Pallet,0.0000,Min Level,28 Apr 2025
MIN,P1315,NAD,Min,Mixed Pallet,0.0000,Min Level,28 Apr 2025
MIN,P1316,NAD,Min,Mixed Pallet,0.0000,Min Level,28 Apr 2025
MIN,P1317,NAD,Min,Mixed Pallet,0.0000,Min Level,28 Apr 2025
MIN,P1319,NAD,Min,Mixed Pallet,0.0000,Min Level,28 Apr 2025
MIN,P1320,NAD,Min,Mixed Pallet,0.0000,Min Level,28 Apr 2025
MIN,P1322,NAD,Min,Mixed Pallet,0.0000,Min Level,28 Apr 2025
MIN,P1325,NAD,Min,Mixed Pallet,0.0000,Min Level,28 Apr 2025
MIN,P1328,NAD,Min,Mixed Pallet,0.0000,Min Level,28 Apr 2025
MIN,P1329,NAD,Min,Mixed Pallet,0.0000,Min Level,28 Apr 2025
MIN,P1330,NAD,Min,Mixed Pallet,0.0000,Min Level,28 Apr 2025
MIN,P1331,NAD,Min,Mixed Pallet,0.0000,Min Level,28 Apr 2025
MIN,P1332,NAD,Min,Mixed Pallet,0.0000,Min Level,28 Apr 2025
MIN,P1333,NAD,Min,Mixed Pallet,0.0000,Min Level,28 Apr 2025
MIN,P1334,NAD,Min,Mixed Pallet,0.0000,Min Level,28 Apr 2025
MIN,P1335,NAD,Min,Mixed Pallet,0.0000,Min Level,28 Apr 2025
MIN,P1336,NAD,Min,Mixed Pallet,0.0000,Min Level,28 Apr 2025
MIN,P1337,NAD,Min,Mixed Pallet,0.0000,Min Level,28 Apr 2025
MIN,P1338,NAD,Min,Mixed Pallet,0.0000,Min Level,28 Apr 2025
MIN,P1339,NAD,Min,Mixed Pallet,0.0000,Min Level,28 Apr 2025
MIN,P1340,NAD,Min,Mixed Pallet,0.0000,Min Level,28 Apr 2025
MIN,P1341,NAD,Min,Mixed Pallet,0.0000,Min Level,28 Apr 2025
MIN,P1342,NAD,Min,Mixed Pallet,0.0000,Min Level,28 Apr 2025
MIN,P1343,NAD,Min,Mixed Pallet,0.0000,Min Level,28 Apr 2025
MIN,P1344,NAD,Min,Mixed Pallet,0.0000,Min Level,28 Apr 2025
MIN,P1345,NAD,Min,Mixed Pallet,0.0000,Min Level,28 Apr 2025
MIN,P1346,NAD,Min,Mixed Pallet,0.0000,Min Level,28 Apr 2025
MIN,P1347,NAD,Min,Mixed Pallet,0.0000,Min Level,28 Apr 2025
MIN,P1348,NAD,Min,Mixed Pallet,0.0000,Min Level,28 Apr 2025
MIN,P1349,NAD,Min,Mixed Pallet,0.0000,Min Level,28 Apr 2025
MIN,P1350,NAD,Min,Mixed Pallet,0.0000,Min Level,28 Apr 2025
MIN,1755,Kynor,Min,PVC Socket 110MM Single,0.0000,Min Level,28 Apr 2025
MIN,1760,Kynor,Min,PVC Bend 110-92 Plain,0.0000,Min Level,28 Apr 2025
MIN,1886,Kynor,Min,PVC Pipe 50mm x 6m,0.0000,Min Level,28 Apr 2025
MIN,20805,Kynor,Min,PVC Pipe 110m X 6m,0.0000,Min Level,28 Apr 2025
MIN,1906,Kynor,Min,PVC Stopend 50mm X Female,0.0000,Min Level,28 Apr 2025
MIN,1911,Kynor,Min,PVC Bend 50 X87 Plain,0.0000,Min Level,28 Apr 2025
MIN,1912,Kynor,Min,PVC Bend 50 X 87 Access,0.0000,Min Level,28 Apr 2025
MIN,1919,Kynor,Min,PVC Socket 50mm Double,0.0000,Min Level,28 Apr 2025
MIN,1927,Kynor,Min,PVC Junction 50 X 45 Plain,0.0000,Min Level,28 Apr 2025
MIN,RCP0010,Kynor,Min,Round Cutter Set Plain 10pc,0.0000,Min Level,28 Apr 2025
MIN,RCF0010,Kynor,Min,Round Cutter Set Fluted 10pc,0.0000,Min Level,28 Apr 2025
MIN,QPN0280,Kynor,Min,Quiche Pan 285mm,0.0000,Min Level,28 Apr 2025
MIN,SFT2026,Kynor,Min,Spring Form Tin 260mm,0.0000,Min Level,28 Apr 2025
MIN,SFT2028,Kynor,Min,Spring Form Tin 280mm,0.0000,Min Level,28 Apr 2025
MIN,MSS1240,Kynor,Min,Mould Silicone Fantasia 230mm X 95,0.0000,Min Level,28 Apr 2025
MIN,MSG0220,Kynor,Min,Mould Silicon Gugelhupf 240mm,0.0000,Min Level,28 Apr 2025
MIN,MSM0005,Kynor,Min,Mould Silicone Muffin 5 Cups 300 X 17,0.0000,Min Level,28 Apr 2025
MIN,MSG0006,Kynor,Min,Silicone Mould Formaflex,0.0000,Min Level,28 Apr 2025
MIN,MSR0260,Kynor,Min,Mould Silicone Round Plain Edge 255mm,0.0000,Min Level,28 Apr 2025
MIN,MJR0024,Kynor,Min,Jelly Mould Round 24 Portion,0.0000,Min Level,28 Apr 2025
MIN,MSM00012,Kynor,Min,Mould Silicone Muffin 12 Cups,0.0000,Min Level,28 Apr 2025
MIN,CRR0250,Kynor,Min,Cake Ring Round 250mm,0.0000,Min Level,28 Apr 2025
MIN,QCM0080,Kynor,Min,Queen Cake Moulds 80mm X 30mm,0.0000,Min Level,28 Apr 2025
MIN,NSM1010,Kynor,Min,Nossel Set Star 10 Piece,0.0000,Min Level,28 Apr 2025
MIN,NSM0010,Kynor,Min,Nossel Set Plain 10 Piece,0.0000,Min Level,28 Apr 2025
MIN,CHS0001,Kynor,Min,Cream Horn,0.0000,Min Level,28 Apr 2025
MIN,PBP0045,Kynor,Min,Piping Bag Polyurethane 450mm,0.0000,Min Level,28 Apr 2025
MIN,OMS0001,Kynor,Min,Oven Mits Silicon 320mm,0.0000,Min Level,28 Apr 2025
MIN,CLA0400,Kynor,Min,Colander Heavy Duty 400mm,0.0000,Min Level,28 Apr 2025
MIN,IBP0001,Kynor,Min,Ingredient Bin Mobile Dolley,0.0000,Min Level,28 Apr 2025
MIN,BTA0030,Kynor,Min,Baking Tray Large Muffin 15pce,0.0000,Min Level,28 Apr 2025
MIN,SSS3003,Kynor,Min,Stainless Sieve 400mm,0.0000,Min Level,28 Apr 2025
MIN,WRF1036,Kynor,Min,Wok Round Flat Bottom 360mm,0.0000,Min Level,28 Apr 2025
MIN,WRS1036,Kynor,Min,Wok Round Bottom 360mm,0.0000,Min Level,28 Apr 2025
MIN,CB503N-A,ABC Building Materials,Min,ORAC Cornice Moulding,0.0000,Min Level,28 Apr 2025
MIN,CB525N-A,ABC Building Materials,Min,ORAC Cornice Moulding,0.0000,Min Level,28 Apr 2025
MIN,CB511N-A,ABC Building Materials,Min,ORAC Cornice Moulding,0.0000,Min Level,28 Apr 2025
MIN,CB512N-A,ABC Building Materials,Min,ORAC Cornice Moulding,0.0000,Min Level,28 Apr 2025
MIN,C342-A,ABC Building Materials,Min,ORAC Cornice Moulding,0.0000,Min Level,28 Apr 2025
MIN,C343-B,ABC Building Materials,Min,ORAC Cornice Moulding,0.0000,Min Level,28 Apr 2025
MIN,C343-C,ABC Building Materials,Min,ORAC Cornice Moulding,0.0000,Min Level,28 Apr 2025
MIN,C343-D,ABC Building Materials,Min,ORAC Cornice Moulding,0.0000,Min Level,28 Apr 2025
MIN,C343-E,ABC Building Materials,Min,ORAC Cornice Moulding,0.0000,Min Level,28 Apr 2025
MIN,CANTILEV650G,Kynor,Min,Cantilever Bracker 650mm 220-240kg,0.0000,Min Level,28 Apr 2025
MIN,DSETSDS05M,Kynor,Min,Drill Set SDS 5pc Martlet,0.0000,Min Level,28 Apr 2025
MIN,KT14210206,Kynor,Min,S/Driver PH 2x150 K/Tony,0.0000,Min Level,28 Apr 2025
MIN,KT14226506,Kynor,Min,S/Driver Flat 6.5x150 K/Tony,0.0000,Min Level,28 Apr 2025
MIN,MNHG06,Kynor,Min,Nut HT Metric Galvanised 6mm,0.0000,Min Level,28 Apr 2025
MIN,MNHG08,Kynor,Min,Nut HT Metric Galvanised 8mm,0.0000,Min Level,28 Apr 2025
MIN,MNHG10,Kynor,Min,Nut HT Metric Galvanised 10mm,0.0000,Min Level,28 Apr 2025
MIN,MSMG06*050,Kynor,Min,Set MS Galv 4.8 DIN 6x50,0.0000,Min Level,28 Apr 2025
MIN,MSM08*050,Kynor,Min,Set MS Galv 4.8 DIN 8x50,0.0000,Min Level,28 Apr 2025
MIN,MSMG10*050,Kynor,Min,Set MS Galv 4.8 DIN 10x50,0.0000,Min Level,28 Apr 2025
MIN,R/011992,Kynor,Min,Mocro - Tec Measuring Taper 50mt,0.0000,Min Level,28 Apr 2025
MIN,RAW12R,Kynor,Min,Expantion Bolt 12mm Drill 20mm (kk),0.0000,Min Level,28 Apr 2025
MIN,SMETA08,Kynor,Min,Stanley Powerlock 8mt,0.0000,Min Level,28 Apr 2025
MIN,SPAN1B10GR,Kynor,Min,Spanner Comb Flat 10mm GED Red,0.0000,Min Level,28 Apr 2025
MIN,SPAN1B13GR,Kynor,Min,Spanner Comb Flat 13mm GED Red,0.0000,Min Level,28 Apr 2025
MIN,SPILES0450,Kynor,Min,Level Spirit 450mm ALU Stanley,0.0000,Min Level,28 Apr 2025
MIN,SPILES1200,Kynor,Min,Level Spirit 1200mm STL Stanley,0.0000,Min Level,28 Apr 2025
MIN,TCP18524,Kynor,Min,Tork Craft Cont. Blade 185x24T,0.0000,Min Level,28 Apr 2025
MIN,TCP23040,Kynor,Min,Tork Craft Cont. Blade 230x40T,0.0000,Min Level,28 Apr 2025
MIN,TOLFIB30,Kynor,Min,Tape Meas F/Glass 30mt Tolsen,0.0000,Min Level,28 Apr 2025
MIN,P1327,NAD,Min,Mixed Pallet,0.0000,Min Level,28 Apr 2025
MIN,900X600WTL135G-J,Kiki Bags,Min,White Top Liner 135G,0.0000,Min Level,28 Apr 2025
MIN,InstantHedge-F2,Kynor,Min,Instant Artifical Hedge,0.0000,Min Level,28 Apr 2025
MIN,LAS6,Kynor,Min,LAS6 IND Step Ladder 1.8M,0.0000,Min Level,28 Apr 2025
MIN,LAS8,Kynor,Min,LAS8 IND Step Ladder 2.4M,0.0000,Min Level,28 Apr 2025
MIN,CPU2/20,Kynor,Min,CPU2/20 Extention Ladder,0.0000,Min Level,28 Apr 2025
MIN,CPU2/26,Kynor,Min,CPU2/26 Extention Ladder,0.0000,Min Level,28 Apr 2025
MIN,Smoking Detector,Kynor,Min,Electrical Room Smoking Detector,0.0000,Min Level,28 Apr 2025
MIN,15+00+43,Kiki Trading,Min,15+00+43 Sportsmaster17/01/25,0.0000,Min Level,28 Apr 2025
MIN,ACCPRO360ST,Kiki Trading,Min,AccPro 360ST + Raincover Applictors T&L,0.0000,Min Level,28 Apr 2025
MIN,P1357,NAD,Min,Mixed Pallet,0.0000,Min Level,28 Apr 2025
MIN,P1358,NAD,Min,Mixed Pallet,0.0000,Min Level,28 Apr 2025
MIN,P1359,NAD,Min,Mixed Pallet,0.0000,Min Level,28 Apr 2025
MIN,P1360,NAD,Min,Mixed Pallet,0.0000,Min Level,28 Apr 2025
MIN,P1361,NAD,Min,Mixed Pallet,0.0000,Min Level,28 Apr 2025
MIN,P1362,NAD,Min,Mixed Pallet,0.0000,Min Level,28 Apr 2025
MIN,P1363,NAD,Min,Mixed Pallet,0.0000,Min Level,28 Apr 2025
MIN,P1364,NAD,Min,Mixed Pallet,0.0000,Min Level,28 Apr 2025
MIN,P1365,NAD,Min,Mixed Pallet,0.0000,Min Level,28 Apr 2025
MIN,P1366,NAD,Min,Mixed Pallet,0.0000,Min Level,28 Apr 2025
MIN,P1354,NAD,Min,Mixed Pallet,0.0000,Min Level,28 Apr 2025
MIN,P1352,NAD,Min,Mixed Pallet,0.0000,Min Level,28 Apr 2025
MIN,P1353,NAD,Min,Mixed Pallet,0.0000,Min Level,28 Apr 2025
MIN,P1355,NAD,Min,Mixed Pallet,0.0000,Min Level,28 Apr 2025
MIN,P1351,NAD,Min,Mixed Pallet,0.0000,Min Level,28 Apr 2025
MIN,P1356,NAD,Min,Mixed Pallet,0.0000,Min Level,28 Apr 2025
MIN,P1367,NAD,Min,Mixed Pallet,0.0000,Min Level,28 Apr 2025
MIN,P1368,NAD,Min,Mixed Pallet,0.0000,Min Level,28 Apr 2025
MIN,P1369,NAD,Min,Mixed Pallet,0.0000,Min Level,28 Apr 2025
MIN,P1370,NAD,Min,Mixed Pallet,0.0000,Min Level,28 Apr 2025
MIN,P1371,NAD,Min,Mixed Pallet,0.0000,Min Level,28 Apr 2025
MIN,1276105,Rockwood,Min,2750x1830x16.0 Supawood,0.0000,Min Level,28 Apr 2025
MIN,1276087,Rockwood,Min,2750x1830x6.0 Supawood,0.0000,Min Level,28 Apr 2025
MIN,11740469,Kynor,Min,Contour Ruby Plastic Chair,0.0000,Min Level,28 Apr 2025
MIN,YY101AC-GR,Kynor,Min,Contour Ruby Plastic Chair,0.0000,Min Level,28 Apr 2025
MIN,DOORS,Kynor,Min,Bedroom Cupboard Doors,0.0000,Min Level,28 Apr 2025
MIN,TABLE CLOTHS,Kynor,Min,Table Cloths 10/10 Red&White,0.0000,Min Level,28 Apr 2025
MIN,P127,NAD,Min,Mixed Pallet,0.0000,Min Level,28 Apr 2025
MIN,KYT-30B-I,LRB,Min,Elements Box Fan 30CM,0.0000,Min Level,28 Apr 2025
MIN,COFFEE,Kynor,Min,Coffee - Charity 200KG,0.0000,Min Level,28 Apr 2025
MIN,PRINTER,Kynor,Min,Printer & Paper for Geoff,0.0000,Min Level,28 Apr 2025
MIN,LIGHTS,Kynor,Min,Outdoor Lights,0.0000,Min Level,28 Apr 2025
MIN,CORDS,Kynor,Min,Electrical Cords,0.0000,Min Level,28 Apr 2025
MIN,2251355,Kynor,Min,Battery Pack B 22-110 Li-ion,0.0000,Min Level,28 Apr 2025
MIN,2160220,Kynor,Min,Combihammer TE 30-AVR 220V Case,0.0000,Min Level,28 Apr 2025
MIN,2256704,Kynor,Min,Cordless Rotary Hammer TE 2-22 Case,0.0000,Min Level,28 Apr 2025
MIN,2118046,Kynor,Min,Cutting Disc EQD SPX-SL125 (2) univ,0.0000,Min Level,28 Apr 2025
MIN,P1372,NAD,Min,Mixed Pallet,0.0000,Min Level,28 Apr 2025
MIN,P1373,NAD,Min,Mixed Pallet,0.0000,Min Level,28 Apr 2025
MIN,P1374,NAD,Min,Mixed Pallet,0.0000,Min Level,28 Apr 2025
MIN,P1375,NAD,Min,Mixed Pallet,0.0000,Min Level,28 Apr 2025
MIN,P1376,NAD,Min,Mixed Pallet,0.0000,Min Level,28 Apr 2025
MIN,P1377,NAD,Min,Mixed Pallet,0.0000,Min Level,28 Apr 2025
MIN,P1378,NAD,Min,Mixed Pallet,0.0000,Min Level,28 Apr 2025
MIN,P1379,NAD,Min,Mixed Pallet,0.0000,Min Level,28 Apr 2025
MIN,P1380,NAD,Min,Mixed Pallet,0.0000,Min Level,28 Apr 2025
MIN,P1381,NAD,Min,Mixed Pallet,0.0000,Min Level,28 Apr 2025
MIN,P1382,NAD,Min,Mixed Pallet,0.0000,Min Level,28 Apr 2025
MIN,P1383,NAD,Min,Mixed Pallet,0.0000,Min Level,28 Apr 2025
MIN,P1384,NAD,Min,Mixed Pallet,0.0000,Min Level,28 Apr 2025
MIN,P1385,NAD,Min,Mixed Pallet,0.0000,Min Level,28 Apr 2025
MIN,463189,Kynor,Min,Brickforce NHBRC 150x2.8NNx20M Galv,0.0000,Min Level,28 Apr 2025
MIN,42037,Kynor,Min,Lasher Spade 660mm,0.0000,Min Level,28 Apr 2025
MIN,717307,Kynor,Min,Ryobi Line Trimmer 1 8V C/Less Unit Only,0.0000,Min Level,28 Apr 2025
MIN,572829,Kynor,Min,Ryobi Battery Pk One Plus XB1500 18V,0.0000,Min Level,28 Apr 2025
MIN,572836,Kynor,Min,Ryobi Charger Pk One Plus XPP2700 18V,0.0000,Min Level,28 Apr 2025
MIN,599342,Kynor,Min,Antrap Indoors 2Pk,0.0000,Min Level,28 Apr 2025
MIN,747692,Kynor,Min,D/Tello INT DR HB CA IRO GRVD EE PRD,0.0000,Min Level,28 Apr 2025
MIN,FALCO13,Kynor,Min,Wheelbarrow WB Falco N Conc CKD,0.0000,Min Level,28 Apr 2025
MIN,5390,Kynor,Min,Hillaldam Cosy Deluxe DIY Set 30KG,0.0000,Min Level,28 Apr 2025
MIN,20+00+07-W,Kiki Trading,Min,20+00+07 Proturf NEW 17/01/2025,0.0000,Min Level,28 Apr 2025
MIN,20+00+07-X,Kiki Trading,Min,20+00+07 Proturf latest 07/02/2025,0.0000,Min Level,28 Apr 2025
MIN,20+00+07-Y,Kiki Trading,Min,20+00+07 Proturf latest 07/02/2025,0.0000,Min Level,28 Apr 2025
MIN,18+06+18-E,Kiki Trading,Min,18+06+18 Sierraform GT latest 06-03-2025,0.0000,Min Level,28 Apr 2025
MIN,18+06+18-F,Kiki Trading,Min,18+06+18 Sierraform GT latest 07/02/2025,0.0000,Min Level,28 Apr 2025
MIN,18-22-05-B,Kiki Trading,Min,18+22+05 Sierraform GT latest 17-01-2025,0.0000,Min Level,28 Apr 2025
MIN,800X640WTL175-C,Kiki Bags,Min,White Top Liner 175G,0.0000,Min Level,28 Apr 2025
MIN,800X640WTL175-D,Kiki Bags,Min,White Top Liner 175G Damaged sheets,0.0000,Min Level,28 Apr 2025
MIN,P1386,NAD,Min,Mixed Pallet,0.0000,Min Level,28 Apr 2025
MIN,P1387,NAD,Min,Mixed Pallet,0.0000,Min Level,28 Apr 2025
MIN,P1388,NAD,Min,Mixed Pallet,0.0000,Min Level,28 Apr 2025
MIN,P1389,NAD,Min,Mixed Pallet,0.0000,Min Level,28 Apr 2025
MIN,P1390,NAD,Min,Mixed Pallet,0.0000,Min Level,28 Apr 2025
MIN,P1391,NAD,Min,Mixed Pallet,0.0000,Min Level,28 Apr 2025
MIN,P1392,NAD,Min,Mixed Pallet,0.0000,Min Level,28 Apr 2025
MIN,P1393,NAD,Min,Mixed Pallet,0.0000,Min Level,28 Apr 2025
MIN,P1394,NAD,Min,Mixed Pallet,0.0000,Min Level,28 Apr 2025
MIN,P1395,NAD,Min,Mixed Pallet,0.0000,Min Level,28 Apr 2025
MIN,P1396,NAD,Min,Mixed Pallet,0.0000,Min Level,28 Apr 2025
MIN,P1397,NAD,Min,Mixed Pallet,0.0000,Min Level,28 Apr 2025
MIN,P1398,NAD,Min,Mixed Pallet,0.0000,Min Level,28 Apr 2025
MIN,P1399,NAD,Min,Mixed Pallet,0.0000,Min Level,28 Apr 2025
MIN,P1400,NAD,Min,Mixed Pallet,0.0000,Min Level,28 Apr 2025
MIN,P1401,NAD,Min,Mixed Pallet,0.0000,Min Level,28 Apr 2025
MIN,P1402,NAD,Min,Mixed Pallet,0.0000,Min Level,28 Apr 2025
MIN,P1403,NAD,Min,Mixed Pallet,0.0000,Min Level,28 Apr 2025
MIN,P1404,NAD,Min,Mixed Pallet,0.0000,Min Level,28 Apr 2025
MIN,P1405,NAD,Min,Mixed Pallet,0.0000,Min Level,28 Apr 2025
MIN,P1406,NAD,Min,Mixed Pallet,0.0000,Min Level,28 Apr 2025
MIN,P1407,NAD,Min,Mixed Pallet,0.0000,Min Level,28 Apr 2025
MIN,P1408,NAD,Min,Mixed Pallet,0.0000,Min Level,28 Apr 2025
MIN,CROPOL001-A,Kynor,Min,Polaris Dinner Plate 25cm,0.0000,Min Level,28 Apr 2025
MIN,599342-A,Kynor,Min,Antrap Indoors 2Pk,0.0000,Min Level,28 Apr 2025
MIN,516958,Kynor,Min,Garden Master Compost,0.0000,Min Level,28 Apr 2025
MIN,516961,Kynor,Min,Garden Master Potting Soil,0.0000,Min Level,28 Apr 2025
MIN,CABC400,Bambino,Min,Commuter Booster Black/Grey,0.0000,Min Level,28 Apr 2025
MIN,DF-200P9-9T(BLACK)A,LRB,Min,Elements Oil Heater Black BD,0.0000,Min Level,28 Apr 2025
MIN,SK66W-1,Kynor,Min,Abus Doorchain White,0.0000,Min Level,28 Apr 2025
MIN,CACS611-J,Bambino,Min,I-Swivel Car Seat - Cobalt,0.0000,Min Level,28 Apr 2025
MIN,CACS611-K,Bambino,Min,I-Swivel Car Seat - Cobalt,0.0000,Min Level,28 Apr 2025
MIN,CABC400-A,Bambino,Min,Commuter Booster Black/Grey,0.0000,Min Level,28 Apr 2025
MIN,CABS270-A,Bambino,Min,I-Ultra Car Seat,0.0000,Min Level,28 Apr 2025
MIN,MG-5616F-M,LRB,Min,Elements Fan Pedest Recharge 40cm,0.0000,Min Level,28 Apr 2025
MIN,21055199,Kynor,Min,Knorr Beef Stock 1KG,0.0000,Min Level,28 Apr 2025
MIN,21055201,Kynor,Min,Knorr Chicken Stock Gran 1KG,0.0000,Min Level,28 Apr 2025
MIN,21055200,Kynor,Min,Knorr Veg Stock 1KG,0.0000,Min Level,28 Apr 2025
MIN,11125,Kynor,Min,Robertsons Hot Rajah 800G,0.0000,Min Level,28 Apr 2025
MIN,11132,Kynor,Min,Robertsons Medium Rajah 800G,0.0000,Min Level,28 Apr 2025
MIN,11349,Kynor,Min,Robertsons Barbecue Spice 1KG,0.0000,Min Level,28 Apr 2025
MIN,11443,Kynor,Min,Robertsons Chicken Spice 1KG,0.0000,Min Level,28 Apr 2025
MIN,11442,Kynor,Min,Robertsons Fish Spice 1KG,0.0000,Min Level,28 Apr 2025
MIN,11444,Kynor,Min,Robertsons Steak & Chop Spice 1 KG,0.0000,Min Level,28 Apr 2025
MIN,11723,Kynor,Min,Robertsons Peri Peri 700G,0.0000,Min Level,28 Apr 2025
MIN,11487,Kynor,Min,Robs Lemon & Herb Flav Seas 800G,0.0000,Min Level,28 Apr 2025
MIN,11489,Kynor,Min,Robertsons Portuguese Chicken 1KG,0.0000,Min Level,28 Apr 2025
MIN,11635,Kynor,Min,Robertsons Chip & Potato Seasoning 1KG,0.0000,Min Level,28 Apr 2025
MIN,11713,Kynor,Min,Robertsons Black Pepper 800G,0.0000,Min Level,28 Apr 2025
MIN,11715,Kynor,Min,Robertsons Cinnamon 600G,0.0000,Min Level,28 Apr 2025
MIN,11728,Kynor,Min,Robertsons Paprika 700G,0.0000,Min Level,28 Apr 2025
MIN,11725,Kynor,Min,Robertsons Tumeric 800G,0.0000,Min Level,28 Apr 2025
MIN,12354,Kynor,Min,Knorr Demi Glace Base 800G,0.0000,Min Level,28 Apr 2025
MIN,11421,Kynor,Min,Carte D'OR Strawberry Jelly 2KG,0.0000,Min Level,28 Apr 2025
MIN,11414,Kynor,Min,Carte D'OR Orange Jelly 2KG,0.0000,Min Level,28 Apr 2025
MIN,11411,Kynor,Min,Carte D'OR Greenage Jelly 2KG,0.0000,Min Level,28 Apr 2025
MIN,11381,Kynor,Min,Carte D'OR Cheese Cake Mix 1KG,0.0000,Min Level,28 Apr 2025
MIN,21128386,Kynor,Min,Knorr Chicken Soup 1.6KG,0.0000,Min Level,28 Apr 2025
MIN,21128387,Kynor,Min,Knorr Brown Onion Soup 1.6KG,0.0000,Min Level,28 Apr 2025
MIN,21128384,Kynor,Min,Knorr Mushroom Soup 1.6KG,0.0000,Min Level,28 Apr 2025
MIN,21128390,Kynor,Min,Knorr Thick Veg Soup 1.6KG,0.0000,Min Level,28 Apr 2025
MIN,P1409,NAD,Min,Mixed Pallet,0.0000,Min Level,28 Apr 2025
MIN,P1410,NAD,Min,Mixed Pallet,0.0000,Min Level,28 Apr 2025
MIN,P1411,NAD,Min,Mixed Pallet,0.0000,Min Level,28 Apr 2025
MIN,P1412,NAD,Min,Mixed Pallet,0.0000,Min Level,28 Apr 2025
MIN,P1413,NAD,Min,Mixed Pallet,0.0000,Min Level,28 Apr 2025
MIN,P1414,NAD,Min,Mixed Pallet,0.0000,Min Level,28 Apr 2025
MIN,P1415,NAD,Min,Mixed Pallet,0.0000,Min Level,28 Apr 2025
MIN,P1416,NAD,Min,Mixed Pallet,0.0000,Min Level,28 Apr 2025
MIN,P1417,NAD,Min,Mixed Pallet,0.0000,Min Level,28 Apr 2025
MIN,P1418,NAD,Min,Mixed Pallet,0.0000,Min Level,28 Apr 2025
MIN,P1419,NAD,Min,Mixed Pallet,0.0000,Min Level,28 Apr 2025
MIN,P1420,NAD,Min,Mixed Pallet,0.0000,Min Level,28 Apr 2025
MIN,P1421,NAD,Min,Mixed Pallet,0.0000,Min Level,28 Apr 2025
MIN,P1422,NAD,Min,Mixed Pallet,0.0000,Min Level,28 Apr 2025
MIN,P1423,NAD,Min,Mixed Pallet,0.0000,Min Level,28 Apr 2025
MIN,P1424,NAD,Min,Mixed Pallet,0.0000,Min Level,28 Apr 2025
MIN,P1425,NAD,Min,Mixed Pallet,0.0000,Min Level,28 Apr 2025
MIN,P1426,NAD,Min,Mixed Pallet,0.0000,Min Level,28 Apr 2025
MIN,P1427,NAD,Min,Mixed Pallet,0.0000,Min Level,28 Apr 2025
MIN,P1428,NAD,Min,Mixed Pallet,0.0000,Min Level,28 Apr 2025
MIN,P1429,NAD,Min,Mixed Pallet,0.0000,Min Level,28 Apr 2025
MIN,P1430,NAD,Min,Mixed Pallet,0.0000,Min Level,28 Apr 2025
MIN,P1431,NAD,Min,Mixed Pallet,0.0000,Min Level,28 Apr 2025
MIN,P1432,NAD,Min,Mixed Pallet,0.0000,Min Level,28 Apr 2025
MIN,BRAAI,Kynor,Min,Stainless Braai,0.0000,Min Level,28 Apr 2025
MIN,BRAAIEQP,Kynor,Min,Fire Startter & Rotisserie Attachement,0.0000,Min Level,28 Apr 2025
MIN,430022,Kynor,Min,12-16.5 14PR SKS - Ultra Deep Brute - L5,0.0000,Min Level,28 Apr 2025
MIN,21880,Kynor,Min,Valves - Brass - TR618A,0.0000,Min Level,28 Apr 2025
MIN,35+00+14,Kiki Trading,Min,35+00+14 Sportsmaster 07/02/2025,0.0000,Min Level,28 Apr 2025
MIN,15+00+43B,Kiki Trading,Min,15+00+43 Sportsmaster 07/02/2025,0.0000,Min Level,28 Apr 2025
MIN,3741032,Kynor,Min,Electrical Goods,0.0000,Min Level,28 Apr 2025
MIN,3141236,Kynor,Min,Electrical Goods,0.0000,Min Level,28 Apr 2025
MIN,3741232,Kynor,Min,Electrical Goods,0.0000,Min Level,28 Apr 2025
MIN,3740926,Kynor,Min,Electrical Goods,0.0000,Min Level,28 Apr 2025
MIN,3741235,Kynor,Min,Electrical Goods,0.0000,Min Level,28 Apr 2025
MIN,3740927,Kynor,Min,Electrical Goods,0.0000,Min Level,28 Apr 2025
MIN,3741236,Kynor,Min,Electrical Goods,0.0000,Min Level,28 Apr 2025
MIN,P1433,NAD,Min,Mixed Pallet,0.0000,Min Level,28 Apr 2025
MIN,P1434,NAD,Min,Mixed Pallet,0.0000,Min Level,28 Apr 2025
MIN,P1435,NAD,Min,Mixed Pallet,0.0000,Min Level,28 Apr 2025
MIN,P1436,NAD,Min,Mixed Pallet,0.0000,Min Level,28 Apr 2025
MIN,P1437,NAD,Min,Mixed Pallet,0.0000,Min Level,28 Apr 2025
MIN,22+05+11E,Kiki Trading,Min,22+05+11 Sierraform GT 07/02/2025,0.0000,Min Level,28 Apr 2025
MIN,22+05+11F,Kiki Trading,Min,22+05+11 Sierraform GT 07/02/2025,0.0000,Min Level,28 Apr 2025
MIN,18+06+18-G,Kiki Trading,Min,18+06+18 Sierraform GT latest 07/02/2025,0.0000,Min Level,28 Apr 2025
MIN,18+06+18-H,Kiki Trading,Min,18+06+18 Sierraform GT latest 07/02/2025,0.0000,Min Level,28 Apr 2025
MIN,18+06+18-I,Kiki Trading,Min,18+06+18 Sierraform GT latest 07/02/2025,0.0000,Min Level,28 Apr 2025
MIN,20+00+07-AA,Kiki Trading,Min,20+00+07 Proturf latest 06/03/2025,0.0000,Min Level,28 Apr 2025
MIN,20+00+07-Z,Kiki Trading,Min,20+00+07 Proturf latest 07/02/2025,0.0000,Min Level,28 Apr 2025
MIN,QST114U,Kiki Bags,Min,Shopper Unprinted Bags,0.0000,Min Level,28 Apr 2025
MIN,S0015200,Kynor,Min,Butterlux Top Flush,0.0000,Min Level,28 Apr 2025
MIN,S0012263,Kynor,Min,Evox Vegas Round Molded Wood Seat,0.0000,Min Level,28 Apr 2025
MIN,122804,Kynor,Min,T&G Headboard,0.0000,Min Level,28 Apr 2025
MIN,141104,Kynor,Min,Lexi Pedestal,0.0000,Min Level,28 Apr 2025
MIN,600X460WTL135GI,Kiki Bags,Min,White Top Liner 135G,0.0000,Min Level,28 Apr 2025
MIN,600X460WTL135GJ,Kiki Bags,Min,White Top Liner 135G,0.0000,Min Level,28 Apr 2025
MIN,DF-200P9-9T-E,LRB,Min,Elements Heater 9 Fin Oil 2000w,0.0000,Min Level,28 Apr 2025
MIN,DF-200P9-9T-F,LRB,Min,Elements Heater 9 Fin Oil 2000w BD,0.0000,Min Level,28 Apr 2025
MIN,1276105-A,Rockwood,Min,2750x1830 16.0 Supawood,0.0000,Min Level,28 Apr 2025
MIN,SPARES-F,Bambino,Min,BAM5119,0.0000,Min Level,28 Apr 2025
MIN,P1438,NAD,Min,Mixed Pallet,0.0000,Min Level,28 Apr 2025
MIN,P1439,NAD,Min,Mixed Pallet,0.0000,Min Level,28 Apr 2025
MIN,P1440,NAD,Min,Mixed Pallet,0.0000,Min Level,28 Apr 2025
MIN,P1441,NAD,Min,Mixed Pallet,0.0000,Min Level,28 Apr 2025
MIN,P1442,NAD,Min,Mixed Pallet,0.0000,Min Level,28 Apr 2025
MIN,P1443,NAD,Min,Mixed Pallet,0.0000,Min Level,28 Apr 2025
MIN,P1444,NAD,Min,Mixed Pallet,0.0000,Min Level,28 Apr 2025
MIN,P1445,NAD,Min,Mixed Pallet,0.0000,Min Level,28 Apr 2025
MIN,P1446,NAD,Min,Mixed Pallet,0.0000,Min Level,28 Apr 2025
MIN,P1447,NAD,Min,Mixed Pallet,0.0000,Min Level,28 Apr 2025
MIN,P1448,NAD,Min,Mixed Pallet,0.0000,Min Level,28 Apr 2025
MIN,P1449,NAD,Min,Mixed Pallet,0.0000,Min Level,28 Apr 2025
MIN,P1450,NAD,Min,Mixed Pallet,0.0000,Min Level,28 Apr 2025
MIN,P1451,NAD,Min,Mixed Pallet,0.0000,Min Level,28 Apr 2025
MIN,P1452,NAD,Min,Mixed Pallet,0.0000,Min Level,28 Apr 2025
MIN,P1453,NAD,Min,Mixed Pallet,0.0000,Min Level,28 Apr 2025
MIN,P1454,NAD,Min,Mixed Pallet,0.0000,Min Level,28 Apr 2025
MIN,P1455,NAD,Min,Mixed Pallet,0.0000,Min Level,28 Apr 2025
MIN,P1456,NAD,Min,Mixed Pallet,0.0000,Min Level,28 Apr 2025
MIN,P1457,NAD,Min,Mixed Pallet,0.0000,Min Level,28 Apr 2025
MIN,P1458,NAD,Min,Mixed Pallet,0.0000,Min Level,28 Apr 2025
MIN,P1459,NAD,Min,Mixed Pallet,0.0000,Min Level,28 Apr 2025
MIN,P1460,NAD,Min,Mixed Pallet,0.0000,Min Level,28 Apr 2025
MIN,P1461,NAD,Min,Mixed Pallet,0.0000,Min Level,28 Apr 2025
MIN,P1462,NAD,Min,Mixed Pallet,0.0000,Min Level,28 Apr 2025
MIN,P1463,NAD,Min,Mixed Pallet,0.0000,Min Level,28 Apr 2025
MIN,P1464,NAD,Min,Mixed Pallet,0.0000,Min Level,28 Apr 2025
MIN,P1465,NAD,Min,Mixed Pallet,0.0000,Min Level,28 Apr 2025
MIN,P1466,NAD,Min,Mixed Pallet,0.0000,Min Level,28 Apr 2025
MIN,P1467,NAD,Min,Mixed Pallet,0.0000,Min Level,28 Apr 2025
MIN,P1468,NAD,Min,Mixed Pallet,0.0000,Min Level,28 Apr 2025
MIN,P1469,NAD,Min,Mixed Pallet,0.0000,Min Level,28 Apr 2025
MIN,P1470,NAD,Min,Mixed Pallet,0.0000,Min Level,28 Apr 2025
MIN,P1471,NAD,Min,Mixed Pallet,0.0000,Min Level,28 Apr 2025
MIN,P1472,NAD,Min,Mixed Pallet,0.0000,Min Level,28 Apr 2025
MIN,P1473,NAD,Min,Mixed Pallet,0.0000,Min Level,28 Apr 2025
MIN,P1474,NAD,Min,Mixed Pallet,0.0000,Min Level,28 Apr 2025
MIN,GAR-GLOSS630,Kamboo Marketing,Min,24 PP Thermal Gloss -630mm,0.0000,Min Level,28 Apr 2025
MIN,GAR-GLOSS710,Kamboo Marketing,Min,24 PP Thermal Gloss -710mm,0.0000,Min Level,28 Apr 2025
MIN,GAR-GLOSS450,Kamboo Marketing,Min,24 PP Thermal Gloss -450mm,0.0000,Min Level,28 Apr 2025
MIN,GAR-MATT450,Kamboo Marketing,Min,27 PP Thermal Matt -450mm,0.0000,Min Level,28 Apr 2025
MIN,GAR-GLOSS910,Kamboo Marketing,Min,24 PP Thermal Gloss -910,0.0000,Min Level,28 Apr 2025
MIN,GAR-DIGLOSS320,Kamboo Marketing,Min,32 PP Digi Gloss -320mm,0.0000,Min Level,28 Apr 2025
MIN,GAR-DIMATT320,Kamboo Marketing,Min,32 PP Digi Matt -320mm,0.0000,Min Level,28 Apr 2025
MIN,PLA-070-422-S25,Kamboo Marketing,Min,Planamelt R 1323-2 (25KG),0.0000,Min Level,28 Apr 2025
MIN,PLA-066-023-PB2,Kamboo Marketing,Min,PUR 2880 (2KG),0.0000,Min Level,28 Apr 2025
MIN,D-DHS83NM,Kamboo Marketing,Min,DHS 83 NM 900*1200,0.0000,Min Level,28 Apr 2025
MIN,D-DRF170M,Kamboo Marketing,Min,Rapidoflex DR170M (900*1200),0.0000,Min Level,28 Apr 2025
MIN,GAR-GLO450-1000,Kamboo Marketing,Min,24 PP Thermal Gloss -450mmx100m,0.0000,Min Level,28 Apr 2025
MIN,T1,Trendcorp,Min,Mixed Pallet,0.0000,Min Level,28 Apr 2025
MIN,T2,Trendcorp,Min,Mixed Pallet,0.0000,Min Level,28 Apr 2025
MIN,T3,Trendcorp,Min,Mixed Pallet,0.0000,Min Level,28 Apr 2025
MIN,T4,Trendcorp,Min,Mixed Pallet,0.0000,Min Level,28 Apr 2025
MIN,T5,Trendcorp,Min,Mixed Pallet,0.0000,Min Level,28 Apr 2025
MIN,T6,Trendcorp,Min,Mixed Pallet,0.0000,Min Level,28 Apr 2025
MIN,T7,Trendcorp,Min,Mixed Pallet,0.0000,Min Level,28 Apr 2025
MIN,T8,Trendcorp,Min,Mixed Pallet,0.0000,Min Level,28 Apr 2025
MIN,T9,Trendcorp,Min,Mixed Pallet,0.0000,Min Level,28 Apr 2025
MIN,T10,Trendcorp,Min,Mixed Pallet,0.0000,Min Level,28 Apr 2025
MIN,T11,Trendcorp,Min,Mixed Pallet,0.0000,Min Level,28 Apr 2025
MIN,T12,Trendcorp,Min,Mixed Pallet,0.0000,Min Level,28 Apr 2025
MIN,T13,Trendcorp,Min,Mixed Pallet,0.0000,Min Level,28 Apr 2025
MIN,T14,Trendcorp,Min,Mixed Pallet,0.0000,Min Level,28 Apr 2025
MIN,T15,Trendcorp,Min,Mixed Pallet,0.0000,Min Level,28 Apr 2025
MIN,T16,Trendcorp,Min,Mixed Pallet,0.0000,Min Level,28 Apr 2025
MIN,T17,Trendcorp,Min,Mixed Pallet,0.0000,Min Level,28 Apr 2025
MIN,T18,Trendcorp,Min,Mixed Pallet,0.0000,Min Level,28 Apr 2025
MIN,T19,Trendcorp,Min,Mixed Pallet,0.0000,Min Level,28 Apr 2025
MIN,T20,Trendcorp,Min,Mixed Pallet,0.0000,Min Level,28 Apr 2025
MIN,T21,Trendcorp,Min,Mixed Pallet,0.0000,Min Level,28 Apr 2025
MIN,T22,Trendcorp,Min,Mixed Pallet,0.0000,Min Level,28 Apr 2025
MIN,T23,Trendcorp,Min,Mixed Pallet,0.0000,Min Level,28 Apr 2025
MIN,T24,Trendcorp,Min,Mixed Pallet,0.0000,Min Level,28 Apr 2025
MIN,T25,Trendcorp,Min,Mixed Pallet,0.0000,Min Level,28 Apr 2025
MIN,T26,Trendcorp,Min,Mixed Pallet,0.0000,Min Level,28 Apr 2025
MIN,T27,Trendcorp,Min,Mixed Pallet,0.0000,Min Level,28 Apr 2025
MIN,T28,Trendcorp,Min,Mixed Pallet,0.0000,Min Level,28 Apr 2025
MIN,T29,Trendcorp,Min,Mixed Pallet,0.0000,Min Level,28 Apr 2025
MIN,T30,Trendcorp,Min,Mixed Pallet,0.0000,Min Level,28 Apr 2025
MIN,T31,Trendcorp,Min,Mixed Pallet,0.0000,Min Level,28 Apr 2025
MIN,T32,Trendcorp,Min,Mixed Pallet,0.0000,Min Level,28 Apr 2025
MIN,T33,Trendcorp,Min,Mixed Pallet,0.0000,Min Level,28 Apr 2025
MIN,T34,Trendcorp,Min,Mixed Pallet,0.0000,Min Level,28 Apr 2025
MIN,T35,Trendcorp,Min,Mixed Pallet,0.0000,Min Level,28 Apr 2025
MIN,T36,Trendcorp,Min,Mixed Pallet,0.0000,Min Level,28 Apr 2025
MIN,T37,Trendcorp,Min,Mixed Pallet,0.0000,Min Level,28 Apr 2025
MIN,T38,Trendcorp,Min,Mixed Pallet,0.0000,Min Level,28 Apr 2025
MIN,T39,Trendcorp,Min,Mixed Pallet,0.0000,Min Level,28 Apr 2025
MIN,T40,Trendcorp,Min,Mixed Pallet,0.0000,Min Level,28 Apr 2025
MIN,T41,Trendcorp,Min,Mixed Pallet,0.0000,Min Level,28 Apr 2025
MIN,T42,Trendcorp,Min,Mixed Pallet,0.0000,Min Level,28 Apr 2025
MIN,T43,Trendcorp,Min,Mixed Pallet,0.0000,Min Level,28 Apr 2025
MIN,T44,Trendcorp,Min,Mixed Pallet,0.0000,Min Level,28 Apr 2025
MIN,T45,Trendcorp,Min,Mixed Pallet,0.0000,Min Level,28 Apr 2025
MIN,T46,Trendcorp,Min,Mixed Pallet,0.0000,Min Level,28 Apr 2025
MIN,T47,Trendcorp,Min,Mixed Pallet,0.0000,Min Level,28 Apr 2025
MIN,T48,Trendcorp,Min,Mixed Pallet,0.0000,Min Level,28 Apr 2025
MIN,T49,Trendcorp,Min,Mixed Pallet,0.0000,Min Level,28 Apr 2025
MIN,T50,Trendcorp,Min,Mixed Pallet,0.0000,Min Level,28 Apr 2025
MIN,T51,Trendcorp,Min,Mixed Pallet,0.0000,Min Level,28 Apr 2025
MIN,T52,Trendcorp,Min,Mixed Pallet,0.0000,Min Level,28 Apr 2025
MIN,T53,Trendcorp,Min,Mixed Pallet,0.0000,Min Level,28 Apr 2025
MIN,T54,Trendcorp,Min,Mixed Pallet,0.0000,Min Level,28 Apr 2025
MIN,T55,Trendcorp,Min,Mixed Pallet,0.0000,Min Level,28 Apr 2025
MIN,T56,Trendcorp,Min,Mixed Pallet,0.0000,Min Level,28 Apr 2025
MIN,T57,Trendcorp,Min,Mixed Pallet,0.0000,Min Level,28 Apr 2025
MIN,T58,Trendcorp,Min,Mixed Pallet,0.0000,Min Level,28 Apr 2025
MIN,T59,Trendcorp,Min,Mixed Pallet,0.0000,Min Level,28 Apr 2025
MIN,T60,Trendcorp,Min,Mixed Pallet,0.0000,Min Level,28 Apr 2025
MIN,T61,Trendcorp,Min,Mixed Pallet,0.0000,Min Level,28 Apr 2025
MIN,T62,Trendcorp,Min,Mixed Pallet,0.0000,Min Level,28 Apr 2025
MIN,T63,Trendcorp,Min,Mixed Pallet,0.0000,Min Level,28 Apr 2025
MIN,T64,Trendcorp,Min,Mixed Pallet,0.0000,Min Level,28 Apr 2025
MIN,GAR-GLOSS630-A,Kamboo Marketing,Min,24 PP Thermal Gloss -630mm,0.0000,Min Level,28 Apr 2025
MIN,T65,Trendcorp,Min,Mixed Pallet,0.0000,Min Level,28 Apr 2025
MIN,T66,Trendcorp,Min,Mixed Pallet,0.0000,Min Level,28 Apr 2025
MIN,MUL200/30,Isinkwe Energies,Min,Multivalve 200-204/30,0.0000,Min Level,28 Apr 2025
MIN,MUL225/30-C,Isinkwe Energies,Min,Multivalve 225/30 Toroidale,0.0000,Min Level,28 Apr 2025
MIN,FH-188A-C,LRB,Min,Elements Heater Fan 2000w Oscillating,0.0000,Min Level,28 Apr 2025
MIN,T67,Trendcorp,Min,Mixed Pallet,0.0000,Min Level,28 Apr 2025
MIN,T68,Trendcorp,Min,Mixed Pallet,0.0000,Min Level,28 Apr 2025
MIN,T69,Trendcorp,Min,Mixed Pallet,0.0000,Min Level,28 Apr 2025
MIN,T70,Trendcorp,Min,Mixed Pallet,0.0000,Min Level,28 Apr 2025
MIN,T71,Trendcorp,Min,Mixed Pallet,0.0000,Min Level,28 Apr 2025
MIN,T72,Trendcorp,Min,Mixed Pallet,0.0000,Min Level,28 Apr 2025
MIN,T73,Trendcorp,Min,Mixed Pallet,0.0000,Min Level,28 Apr 2025
MIN,T74,Trendcorp,Min,Mixed Pallet,0.0000,Min Level,28 Apr 2025
MIN,T75,Trendcorp,Min,Mixed Pallet,0.0000,Min Level,28 Apr 2025
MIN,T76,Trendcorp,Min,Mixed Pallet,0.0000,Min Level,28 Apr 2025
MIN,T77,Trendcorp,Min,Mixed Pallet,0.0000,Min Level,28 Apr 2025
MIN,T78,Trendcorp,Min,Mixed Pallet,0.0000,Min Level,28 Apr 2025
MIN,T79,Trendcorp,Min,Mixed Pallet,0.0000,Min Level,28 Apr 2025
MIN,T80,Trendcorp,Min,Mixed Pallet,0.0000,Min Level,28 Apr 2025
MIN,T81,Trendcorp,Min,Mixed Pallet,0.0000,Min Level,28 Apr 2025
MIN,T82,Trendcorp,Min,Mixed Pallet,0.0000,Min Level,28 Apr 2025
MIN,T83,Trendcorp,Min,Mixed Pallet,0.0000,Min Level,28 Apr 2025
MIN,T84,Trendcorp,Min,Mixed Pallet,0.0000,Min Level,28 Apr 2025
MIN,T85,Trendcorp,Min,Mixed Pallet,0.0000,Min Level,28 Apr 2025
MIN,T86,Trendcorp,Min,Mixed Pallet,0.0000,Min Level,28 Apr 2025
MIN,T87,Trendcorp,Min,Mixed Pallet,0.0000,Min Level,28 Apr 2025
MIN,T88,Trendcorp,Min,Mixed Pallet,0.0000,Min Level,28 Apr 2025
MIN,T89,Trendcorp,Min,Mixed Pallet,0.0000,Min Level,28 Apr 2025
MIN,T90,Trendcorp,Min,Mixed Pallet,0.0000,Min Level,28 Apr 2025
MIN,T91,Trendcorp,Min,Mixed Pallet,0.0000,Min Level,28 Apr 2025
MIN,T92,Trendcorp,Min,Mixed Pallet,0.0000,Min Level,28 Apr 2025
MIN,T93,Trendcorp,Min,Mixed Pallet,0.0000,Min Level,28 Apr 2025
MIN,T94,Trendcorp,Min,Mixed Pallet,0.0000,Min Level,28 Apr 2025
MIN,T95,Trendcorp,Min,Mixed Pallet,0.0000,Min Level,28 Apr 2025
MIN,T96,Trendcorp,Min,Mixed Pallet,0.0000,Min Level,28 Apr 2025
MIN,T97,Trendcorp,Min,Mixed Pallet,0.0000,Min Level,28 Apr 2025
MIN,T98,Trendcorp,Min,Mixed Pallet,0.0000,Min Level,28 Apr 2025
MIN,WACB030-M,Bambino,Min,2 in 1 Walker Rocker,0.0000,Min Level,28 Apr 2025
MIN,WACB030-AB,Bambino,Min,2 in 1 Walker Rocker,0.0000,Min Level,28 Apr 2025
MIN,WACB030-AC,Bambino,Min,2 in 1 Walker Rocker,0.0000,Min Level,28 Apr 2025
MIN,WACB030-AE,Bambino,Min,2 in 1 Walker Rocker,0.0000,Min Level,28 Apr 2025
MIN,WACB030-AD,Bambino,Min,2 in 1 Walker Rocker,0.0000,Min Level,28 Apr 2025
MIN,WACB030-AF,Bambino,Min,2 in 1 Walker Rocker,0.0000,Min Level,28 Apr 2025
MIN,WACB030-AG,Bambino,Min,2 in 1 Walker Rocker,0.0000,Min Level,28 Apr 2025
MIN,WACB030-AH,Bambino,Min,2 in 1 Walker Rocker,0.0000,Min Level,28 Apr 2025
MIN,WACB030-AI,Bambino,Min,2 in 1 Walker Rocker,0.0000,Min Level,28 Apr 2025
MIN,T99,Trendcorp,Min,Mixed Pallet,0.0000,Min Level,28 Apr 2025
MIN,T100,Trendcorp,Min,Mixed Pallet,0.0000,Min Level,28 Apr 2025
MIN,T101,Trendcorp,Min,Mixed Pallet,0.0000,Min Level,28 Apr 2025
MIN,T102,Trendcorp,Min,Mixed Pallet,0.0000,Min Level,28 Apr 2025
MIN,T103,Trendcorp,Min,Mixed Pallet,0.0000,Min Level,28 Apr 2025
MIN,T104,Trendcorp,Min,Mixed Pallet,0.0000,Min Level,28 Apr 2025
MIN,T105,Trendcorp,Min,Mixed Pallet,0.0000,Min Level,28 Apr 2025
MIN,T106,Trendcorp,Min,Mixed Pallet,0.0000,Min Level,28 Apr 2025
MIN,T107,Trendcorp,Min,Mixed Pallet,0.0000,Min Level,28 Apr 2025
MIN,T108,Trendcorp,Min,Mixed Pallet,0.0000,Min Level,28 Apr 2025
MIN,T109,Trendcorp,Min,Mixed Pallet,0.0000,Min Level,28 Apr 2025
MIN,T110,Trendcorp,Min,Mixed Pallet,0.0000,Min Level,28 Apr 2025
MIN,T111,Trendcorp,Min,Mixed Pallet,0.0000,Min Level,28 Apr 2025
MIN,T112,Trendcorp,Min,Mixed Pallet,0.0000,Min Level,28 Apr 2025
MIN,T113,Trendcorp,Min,Mixed Pallet,0.0000,Min Level,28 Apr 2025
MIN,T114,Trendcorp,Min,Mixed Pallet,0.0000,Min Level,28 Apr 2025
MIN,T115,Trendcorp,Min,Mixed Pallet,0.0000,Min Level,28 Apr 2025
MIN,T116,Trendcorp,Min,Mixed Pallet,0.0000,Min Level,28 Apr 2025
MIN,T117,Trendcorp,Min,Mixed Pallet,0.0000,Min Level,28 Apr 2025
MIN,T118,Trendcorp,Min,Mixed Pallet,0.0000,Min Level,28 Apr 2025
MIN,T119,Trendcorp,Min,Mixed Pallet,0.0000,Min Level,28 Apr 2025
MIN,T120,Trendcorp,Min,Mixed Pallet,0.0000,Min Level,28 Apr 2025
MIN,T121,Trendcorp,Min,Mixed Pallet,0.0000,Min Level,28 Apr 2025
MIN,T122,Trendcorp,Min,Mixed Pallet,0.0000,Min Level,28 Apr 2025
MIN,T123,Trendcorp,Min,Mixed Pallet,0.0000,Min Level,28 Apr 2025
MIN,T124,Trendcorp,Min,Mixed Pallet,0.0000,Min Level,28 Apr 2025
MIN,GAR-PET40-1080,Kamboo Marketing,Min,PET40 - PT814 - 1080MM,0.0000,Min Level,28 Apr 2025
MIN,GAR-PET40,Kamboo Marketing,Min,PET40 - PT814 - 1020MM,0.0000,Min Level,28 Apr 2025
MIN,GAR-PET40-340,Kamboo Marketing,Min,PET40 - PT814 - 340MM,0.0000,Min Level,28 Apr 2025
MIN,GAR-PET40-A,Kamboo Marketing,Min,PET40 - PT814 - 1020MM,0.0000,Min Level,28 Apr 2025
MIN,GAR-PET40-B,Kamboo Marketing,Min,PET40 - PT814 - 1020MM,0.0000,Min Level,28 Apr 2025
MIN,GAR-PET40-C,Kamboo Marketing,Min,PET40 - PT814 - 1020MM,0.0000,Min Level,28 Apr 2025
MIN,GAR-PET40-D,Kamboo Marketing,Min,PET40 - PT814 - 1020MM,0.0000,Min Level,28 Apr 2025
MIN,GAR-PET40-1080-A,Kamboo Marketing,Min,PET40 - PT814 - 1080MM,0.0000,Min Level,28 Apr 2025
MIN,GAR-PET40-1080-B,Kamboo Marketing,Min,PET40 - PT814 - 1080MM,0.0000,Min Level,28 Apr 2025
MIN,GAR-PET40-1080-C,Kamboo Marketing,Min,PET40 - PT814 - 1080MM,0.0000,Min Level,28 Apr 2025
MIN,GAR-PET40-1080-D,Kamboo Marketing,Min,PET40 - PT814 - 1080MM,0.0000,Min Level,28 Apr 2025
MIN,GAR-PET40-340-A,Kamboo Marketing,Min,PET40 - PT814 - 340MM,0.0000,Min Level,28 Apr 2025
MIN,P1498,NAD,Min,Mixed Pallet,0.0000,Min Level,28 Apr 2025
MIN,P1475,NAD,Min,Mixed Pallet,0.0000,Min Level,28 Apr 2025
MIN,P1476,NAD,Min,Mixed Pallet,0.0000,Min Level,28 Apr 2025
MIN,P1477,NAD,Min,Mixed Pallet,0.0000,Min Level,28 Apr 2025
MIN,P1478,NAD,Min,Mixed Pallet,0.0000,Min Level,28 Apr 2025
MIN,P1479,NAD,Min,Mixed Pallet,0.0000,Min Level,28 Apr 2025
MIN,P1480,NAD,Min,Mixed Pallet,0.0000,Min Level,28 Apr 2025
MIN,P1481,NAD,Min,Mixed Pallet,0.0000,Min Level,28 Apr 2025
MIN,P1482,NAD,Min,Mixed Pallet,0.0000,Min Level,28 Apr 2025
MIN,P1483,NAD,Min,Mixed Pallet,0.0000,Min Level,28 Apr 2025
MIN,P1484,NAD,Min,Mixed Pallet,0.0000,Min Level,28 Apr 2025
MIN,P1485,NAD,Min,Mixed Pallet,0.0000,Min Level,28 Apr 2025
MIN,P1486,NAD,Min,Mixed Pallet,0.0000,Min Level,28 Apr 2025
MIN,P1487,NAD,Min,Mixed Pallet,0.0000,Min Level,28 Apr 2025
MIN,P1488,NAD,Min,Mixed Pallet,0.0000,Min Level,28 Apr 2025
MIN,P1489,NAD,Min,Mixed Pallet,0.0000,Min Level,28 Apr 2025
MIN,P1490,NAD,Min,Mixed Pallet,0.0000,Min Level,28 Apr 2025
MIN,P1491,NAD,Min,Mixed Pallet,0.0000,Min Level,28 Apr 2025
MIN,P1492,NAD,Min,Mixed Pallet,0.0000,Min Level,28 Apr 2025
MIN,P1493,NAD,Min,Mixed Pallet,0.0000,Min Level,28 Apr 2025
MIN,P1494,NAD,Min,Mixed Pallet,0.0000,Min Level,28 Apr 2025
MIN,P1495,NAD,Min,Mixed Pallet,0.0000,Min Level,28 Apr 2025
MIN,P1496,NAD,Min,Mixed Pallet,0.0000,Min Level,28 Apr 2025
MIN,P1497,NAD,Min,Mixed Pallet,0.0000,Min Level,28 Apr 2025
MIN,T125,Trendcorp,Min,Mixed Pallet,0.0000,Min Level,28 Apr 2025
MIN,T126,Trendcorp,Min,Mixed Pallet,0.0000,Min Level,28 Apr 2025
MIN,T127,Trendcorp,Min,Mixed Pallet,0.0000,Min Level,28 Apr 2025
MIN,T128,Trendcorp,Min,Mixed Pallet,0.0000,Min Level,28 Apr 2025
MIN,T129,Trendcorp,Min,Mixed Pallet,0.0000,Min Level,28 Apr 2025
MIN,T130,Trendcorp,Min,Mixed Pallet,0.0000,Min Level,28 Apr 2025
MIN,T131,Trendcorp,Min,Mixed Pallet,0.0000,Min Level,28 Apr 2025
MIN,T132,Trendcorp,Min,Mixed Pallet,0.0000,Min Level,28 Apr 2025
MIN,T133,Trendcorp,Min,Mixed Pallet,0.0000,Min Level,28 Apr 2025
MIN,T134,Trendcorp,Min,Mixed Pallet,0.0000,Min Level,28 Apr 2025
MIN,T135,Trendcorp,Min,Mixed Pallet,0.0000,Min Level,28 Apr 2025
MIN,T136,Trendcorp,Min,Mixed Pallet,0.0000,Min Level,28 Apr 2025
MIN,T137,Trendcorp,Min,Mixed Pallet,0.0000,Min Level,28 Apr 2025
MIN,T138,Trendcorp,Min,Mixed Pallet,0.0000,Min Level,28 Apr 2025
MIN,T139,Trendcorp,Min,Mixed Pallet,0.0000,Min Level,28 Apr 2025
MIN,T140,Trendcorp,Min,Mixed Pallet,0.0000,Min Level,28 Apr 2025
MIN,T141,Trendcorp,Min,Mixed Pallet,0.0000,Min Level,28 Apr 2025
MIN,T142,Trendcorp,Min,Mixed Pallet,0.0000,Min Level,28 Apr 2025
MIN,T143,Trendcorp,Min,Mixed Pallet,0.0000,Min Level,28 Apr 2025
MIN,T144,Trendcorp,Min,Mixed Pallet,0.0000,Min Level,28 Apr 2025
MIN,T145,Trendcorp,Min,Mixed Pallet,0.0000,Min Level,28 Apr 2025
MIN,T146,Trendcorp,Min,Mixed Pallet,0.0000,Min Level,28 Apr 2025
MIN,T147,Trendcorp,Min,Mixed Pallet,0.0000,Min Level,28 Apr 2025
MIN,T148,Trendcorp,Min,Mixed Pallet,0.0000,Min Level,28 Apr 2025
MIN,T149,Trendcorp,Min,Mixed Pallet,0.0000,Min Level,28 Apr 2025
MIN,T150,Trendcorp,Min,Mixed Pallet,0.0000,Min Level,28 Apr 2025
MIN,T151,Trendcorp,Min,Mixed Pallet,0.0000,Min Level,28 Apr 2025
MIN,T152,Trendcorp,Min,Mixed Pallet,0.0000,Min Level,28 Apr 2025
MIN,T153,Trendcorp,Min,Mixed Pallet,0.0000,Min Level,28 Apr 2025
MIN,T154,Trendcorp,Min,Mixed Pallet,0.0000,Min Level,28 Apr 2025
MIN,T155,Trendcorp,Min,Mixed Pallet,0.0000,Min Level,28 Apr 2025
MIN,T156,Trendcorp,Min,Mixed Pallet,0.0000,Min Level,28 Apr 2025
MIN,T157,Trendcorp,Min,Mixed Pallet,0.0000,Min Level,28 Apr 2025
MIN,T158,Trendcorp,Min,Mixed Pallet,0.0000,Min Level,28 Apr 2025
MIN,T159,Trendcorp,Min,Mixed Pallet,0.0000,Min Level,28 Apr 2025
MIN,T160,Trendcorp,Min,Mixed Pallet,0.0000,Min Level,28 Apr 2025
MIN,T161,Trendcorp,Min,Mixed Pallet,0.0000,Min Level,28 Apr 2025
MIN,T162,Trendcorp,Min,Mixed Pallet,0.0000,Min Level,28 Apr 2025
MIN,T163,Trendcorp,Min,Mixed Pallet,0.0000,Min Level,28 Apr 2025
MIN,T164,Trendcorp,Min,Mixed Pallet,0.0000,Min Level,28 Apr 2025
MIN,T165,Trendcorp,Min,Mixed Pallet,0.0000,Min Level,28 Apr 2025
MIN,T166,Trendcorp,Min,Mixed Pallet,0.0000,Min Level,28 Apr 2025
MIN,T167,Trendcorp,Min,Mixed Pallet,0.0000,Min Level,28 Apr 2025
MIN,T168,Trendcorp,Min,Mixed Pallet,0.0000,Min Level,28 Apr 2025
MIN,T169,Trendcorp,Min,Mixed Pallet,0.0000,Min Level,28 Apr 2025
MIN,T170,Trendcorp,Min,Mixed Pallet,0.0000,Min Level,28 Apr 2025
MIN,T171,Trendcorp,Min,Mixed Pallet,0.0000,Min Level,28 Apr 2025
MIN,T172,Trendcorp,Min,Mixed Pallet,0.0000,Min Level,28 Apr 2025
MIN,P1499,NAD,Min,Mixed Pallet,0.0000,Min Level,28 Apr 2025
MIN,P1500,NAD,Min,Mixed Pallet,0.0000,Min Level,28 Apr 2025
MIN,P1501,NAD,Min,Mixed Pallet,0.0000,Min Level,28 Apr 2025
MIN,P1502,NAD,Min,Mixed Pallet,0.0000,Min Level,28 Apr 2025
MIN,P1503,NAD,Min,Mixed Pallet,0.0000,Min Level,28 Apr 2025
MIN,P1504,NAD,Min,Mixed Pallet,0.0000,Min Level,28 Apr 2025
MIN,P1505,NAD,Min,Mixed Pallet,0.0000,Min Level,28 Apr 2025
MIN,P1506,NAD,Min,Mixed Pallet,0.0000,Min Level,28 Apr 2025
MIN,P1507,NAD,Min,Mixed Pallet,0.0000,Min Level,28 Apr 2025
MIN,P1508,NAD,Min,Mixed Pallet,0.0000,Min Level,28 Apr 2025
MIN,P1509,NAD,Min,Mixed Pallet,0.0000,Min Level,28 Apr 2025
MIN,P1510,NAD,Min,Mixed Pallet,0.0000,Min Level,28 Apr 2025
MIN,SYH-1208B-S,LRB,Min,Elements Heater Quartz 6 Bar 2400w,0.0000,Min Level,28 Apr 2025
MIN,SYH-1208B-T,LRB,Min,Elements Heater Quartz 6 Bar 2400w,0.0000,Min Level,28 Apr 2025
MIN,SYH-1208B-U,LRB,Min,Elements Heater Quartz 6 Bar 2400w,0.0000,Min Level,28 Apr 2025
MIN,SYH-1208B-V,LRB,Min,Elements Heater Quartz 6 Bar 2400w,0.0000,Min Level,28 Apr 2025
MIN,SYH-1208B-W,LRB,Min,Elements Heater Quartz 6 Bar 2400w,0.0000,Min Level,28 Apr 2025
MIN,SYH-1208B-X,LRB,Min,Elements Heater Quartz 6 Bar 2400w,0.0000,Min Level,28 Apr 2025
MIN,SYH-1208B-Y,LRB,Min,Elements Heater Quartz 6 Bar 2400w,0.0000,Min Level,28 Apr 2025
MIN,P1511,NAD,Min,Mixed Pallet,0.0000,Min Level,28 Apr 2025
MIN,P1512,NAD,Min,Mixed Pallet,0.0000,Min Level,28 Apr 2025
MIN,P1513,NAD,Min,Mixed Pallet,0.0000,Min Level,28 Apr 2025
MIN,P1514,NAD,Min,Mixed Pallet,0.0000,Min Level,28 Apr 2025
MIN,P1515,NAD,Min,Mixed Pallet,0.0000,Min Level,28 Apr 2025
MIN,P1516,NAD,Min,Mixed Pallet,0.0000,Min Level,28 Apr 2025
MIN,P1517,NAD,Min,Mixed Pallet,0.0000,Min Level,28 Apr 2025
MIN,P1518,NAD,Min,Mixed Pallet,0.0000,Min Level,28 Apr 2025
MIN,P1519,NAD,Min,Mixed Pallet,0.0000,Min Level,28 Apr 2025
MIN,T173,Trendcorp,Min,Mixed Pallet,0.0000,Min Level,28 Apr 2025
MIN,T174,Trendcorp,Min,Mixed Pallet,0.0000,Min Level,28 Apr 2025
MIN,T175,Trendcorp,Min,Mixed Pallet,0.0000,Min Level,28 Apr 2025
MIN,T176,Trendcorp,Min,Mixed Pallet,0.0000,Min Level,28 Apr 2025
MIN,T177,Trendcorp,Min,Mixed Pallet,0.0000,Min Level,28 Apr 2025
MIN,T178,Trendcorp,Min,Mixed Pallet,0.0000,Min Level,28 Apr 2025
MIN,T179,Trendcorp,Min,Mixed Pallet,0.0000,Min Level,28 Apr 2025
MIN,T180,Trendcorp,Min,Mixed Pallet,0.0000,Min Level,28 Apr 2025
MIN,T181,Trendcorp,Min,Mixed Pallet,0.0000,Min Level,28 Apr 2025
MIN,T182,Trendcorp,Min,Mixed Pallet,0.0000,Min Level,28 Apr 2025
MIN,T183,Trendcorp,Min,Mixed Pallet,0.0000,Min Level,28 Apr 2025
MIN,T184,Trendcorp,Min,Mixed Pallet,0.0000,Min Level,28 Apr 2025
MIN,T185,Trendcorp,Min,Mixed Pallet,0.0000,Min Level,28 Apr 2025
MIN,T186,Trendcorp,Min,Mixed Pallet,0.0000,Min Level,28 Apr 2025
MIN,T187,Trendcorp,Min,Mixed Pallet,0.0000,Min Level,28 Apr 2025
MIN,T188,Trendcorp,Min,Mixed Pallet,0.0000,Min Level,28 Apr 2025
MIN,T189,Trendcorp,Min,Mixed Pallet,0.0000,Min Level,28 Apr 2025
MIN,T190,Trendcorp,Min,Mixed Pallet,0.0000,Min Level,28 Apr 2025
MIN,T191,Trendcorp,Min,Mixed Pallet,0.0000,Min Level,28 Apr 2025
MIN,T192,Trendcorp,Min,Mixed Pallet,0.0000,Min Level,28 Apr 2025
MIN,T193,Trendcorp,Min,Mixed Pallet,0.0000,Min Level,28 Apr 2025
MIN,T194,Trendcorp,Min,Mixed Pallet,0.0000,Min Level,28 Apr 2025
MIN,T195,Trendcorp,Min,Mixed Pallet,0.0000,Min Level,28 Apr 2025
MIN,T196,Trendcorp,Min,Mixed Pallet,0.0000,Min Level,28 Apr 2025
MIN,T197,Trendcorp,Min,Mixed Pallet,0.0000,Min Level,28 Apr 2025
MIN,T198,Trendcorp,Min,Mixed Pallet,0.0000,Min Level,28 Apr 2025
MIN,T199,Trendcorp,Min,Mixed Pallet,0.0000,Min Level,28 Apr 2025
MIN,T200,Trendcorp,Min,Mixed Pallet,0.0000,Min Level,28 Apr 2025
MIN,T201,Trendcorp,Min,Mixed Pallet,0.0000,Min Level,28 Apr 2025
MIN,T203,Trendcorp,Min,Mixed Pallet,0.0000,Min Level,28 Apr 2025
MIN,T204,Trendcorp,Min,Mixed Pallet,0.0000,Min Level,28 Apr 2025
MIN,T202,Trendcorp,Min,Mixed Pallet,0.0000,Min Level,28 Apr 2025
MIN,WACB027-H,Bambino,Min,Activity Walker Animal Friends,0.0000,Min Level,28 Apr 2025
MIN,WACB027-I,Bambino,Min,Activity Walker Animal Friends,0.0000,Min Level,28 Apr 2025
MIN,WACB027-J,Bambino,Min,Activity Walker Animal Friends,0.0000,Min Level,28 Apr 2025
MIN,WACB027-K,Bambino,Min,Activity Walker Animal Friends,0.0000,Min Level,28 Apr 2025
MIN,WACB027-L,Bambino,Min,Activity Walker Animal Friends,0.0000,Min Level,28 Apr 2025
MIN,WACB027-M,Bambino,Min,Activity Walker Animal Friends,0.0000,Min Level,28 Apr 2025
MIN,WACB027-N,Bambino,Min,Activity Walker Animal Friends,0.0000,Min Level,28 Apr 2025
MIN,WACB027-O,Bambino,Min,Activity Walker Animal Friends,0.0000,Min Level,28 Apr 2025
MIN,T205,Trendcorp,Min,Mixed Pallet,0.0000,Min Level,28 Apr 2025
MIN,T206,Trendcorp,Min,Mixed Pallet,0.0000,Min Level,28 Apr 2025
MIN,T207,Trendcorp,Min,Mixed Pallet,0.0000,Min Level,28 Apr 2025
MIN,T208,Trendcorp,Min,Mixed Pallet,0.0000,Min Level,28 Apr 2025
MIN,T209,Trendcorp,Min,Mixed Pallet,0.0000,Min Level,28 Apr 2025
MIN,T210,Trendcorp,Min,Mixed Pallet,0.0000,Min Level,28 Apr 2025
MIN,T211,Trendcorp,Min,Mixed Pallet,0.0000,Min Level,28 Apr 2025
MIN,T212,Trendcorp,Min,Mixed Pallet,0.0000,Min Level,28 Apr 2025
MIN,T213,Trendcorp,Min,Mixed Pallet,0.0000,Min Level,28 Apr 2025
MIN,T214,Trendcorp,Min,Mixed Pallet,0.0000,Min Level,28 Apr 2025
MIN,T215,Trendcorp,Min,Mixed Pallet,0.0000,Min Level,28 Apr 2025
MIN,T216,Trendcorp,Min,Mixed Pallet,0.0000,Min Level,28 Apr 2025
MIN,T217,Trendcorp,Min,Mixed Pallet,0.0000,Min Level,28 Apr 2025
MIN,T218,Trendcorp,Min,Mixed Pallet,0.0000,Min Level,28 Apr 2025
MIN,T219,Trendcorp,Min,Mixed Pallet,0.0000,Min Level,28 Apr 2025
MIN,T220,Trendcorp,Min,Mixed Pallet,0.0000,Min Level,28 Apr 2025
MIN,B0001,Trendcorp,Min,Mixed Pallet,0.0000,Min Level,28 Apr 2025
MIN,B0002,Trendcorp,Min,Mixed Pallet,0.0000,Min Level,28 Apr 2025
MIN,B0003,Trendcorp,Min,Mixed Pallet,0.0000,Min Level,28 Apr 2025
MIN,B0004,Trendcorp,Min,Mixed Pallet,0.0000,Min Level,28 Apr 2025
MIN,B0005,Trendcorp,Min,Mixed Pallet,0.0000,Min Level,28 Apr 2025
MIN,B0006,Trendcorp,Min,Mixed Pallet,0.0000,Min Level,28 Apr 2025
MIN,B0007,Trendcorp,Min,Mixed Pallet,0.0000,Min Level,28 Apr 2025
MIN,B0008,Trendcorp,Min,Mixed Pallet,0.0000,Min Level,28 Apr 2025
MIN,B0009,Trendcorp,Min,Mixed Pallet,0.0000,Min Level,28 Apr 2025
MIN,B0010,Trendcorp,Min,Mixed Pallet,0.0000,Min Level,28 Apr 2025
MIN,B0011,Trendcorp,Min,Mixed Pallet,0.0000,Min Level,28 Apr 2025
MIN,B0012,Trendcorp,Min,Mixed Pallet,0.0000,Min Level,28 Apr 2025
MIN,B0013,Trendcorp,Min,Mixed Pallet,0.0000,Min Level,28 Apr 2025
MIN,B0014,Trendcorp,Min,Mixed Pallet,0.0000,Min Level,28 Apr 2025
MIN,B0015,Trendcorp,Min,Mixed Pallet,0.0000,Min Level,28 Apr 2025
MIN,B0016,Trendcorp,Min,Mixed Pallet,0.0000,Min Level,28 Apr 2025
MIN,P1520,NAD,Min,Mixed Pallet,0.0000,Min Level,28 Apr 2025
MIN,P1521,NAD,Min,Mixed Pallet,0.0000,Min Level,28 Apr 2025
MIN,P1522,NAD,Min,Mixed Pallet,0.0000,Min Level,28 Apr 2025
MIN,P1523,NAD,Min,Mixed Pallet,0.0000,Min Level,28 Apr 2025
MIN,P1524,NAD,Min,Mixed Pallet,0.0000,Min Level,28 Apr 2025
MIN,P1525,NAD,Min,Mixed Pallet,0.0000,Min Level,28 Apr 2025
MIN,P1526,NAD,Min,Mixed Pallet,0.0000,Min Level,28 Apr 2025
MIN,T221,Trendcorp,Min,Mixed Pallet,0.0000,Min Level,28 Apr 2025
MIN,T222,Trendcorp,Min,Mixed Pallet,0.0000,Min Level,28 Apr 2025
MIN,T223,Trendcorp,Min,Mixed Pallet,0.0000,Min Level,28 Apr 2025
MIN,T224,Trendcorp,Min,Mixed Pallet,0.0000,Min Level,28 Apr 2025
MIN,T225,Trendcorp,Min,Mixed Pallet,0.0000,Min Level,28 Apr 2025
MIN,T227,Trendcorp,Min,Mixed Pallet,0.0000,Min Level,28 Apr 2025
MIN,T228,Trendcorp,Min,Mixed Pallet,0.0000,Min Level,28 Apr 2025
MIN,T229,Trendcorp,Min,Mixed Pallet,0.0000,Min Level,28 Apr 2025
MIN,T230,Trendcorp,Min,Mixed Pallet,0.0000,Min Level,28 Apr 2025
MIN,T231,Trendcorp,Min,Mixed Pallet,0.0000,Min Level,28 Apr 2025
MIN,T232,Trendcorp,Min,Mixed Pallet,0.0000,Min Level,28 Apr 2025
MIN,T233,Trendcorp,Min,Mixed Pallet,0.0000,Min Level,28 Apr 2025
MIN,T234,Trendcorp,Min,Mixed Pallet,0.0000,Min Level,28 Apr 2025
MIN,T235,Trendcorp,Min,Mixed Pallet,0.0000,Min Level,28 Apr 2025
MIN,T236,Trendcorp,Min,Mixed Pallet,0.0000,Min Level,28 Apr 2025
MIN,T226,Trendcorp,Min,Mixed Pallet,0.0000,Min Level,28 Apr 2025
MIN,B0017,Trendcorp,Min,Mixed Pallet,0.0000,Min Level,28 Apr 2025
MIN,B0018,Trendcorp,Min,Mixed Pallet,0.0000,Min Level,28 Apr 2025
MIN,B0019,Trendcorp,Min,Mixed Pallet,0.0000,Min Level,28 Apr 2025
MIN,B0020,Trendcorp,Min,Mixed Pallet,0.0000,Min Level,28 Apr 2025
MIN,B0021,Trendcorp,Min,Mixed Pallet,0.0000,Min Level,28 Apr 2025
MIN,B0022,Trendcorp,Min,Mixed Pallet,0.0000,Min Level,28 Apr 2025
MIN,B0023,Trendcorp,Min,Mixed Pallet,0.0000,Min Level,28 Apr 2025
MIN,B0024,Trendcorp,Min,Mixed Pallet,0.0000,Min Level,28 Apr 2025
MIN,B0025,Trendcorp,Min,Mixed Pallet,0.0000,Min Level,28 Apr 2025
MIN,B0026,Trendcorp,Min,Mixed Pallet,0.0000,Min Level,28 Apr 2025
MIN,B0027,Trendcorp,Min,Mixed Pallet,0.0000,Min Level,28 Apr 2025
MIN,B0028,Trendcorp,Min,Mixed Pallet,0.0000,Min Level,28 Apr 2025
MIN,B0029,Trendcorp,Min,Mixed Pallet,0.0000,Min Level,28 Apr 2025
MIN,T237,Trendcorp,Min,Mixed Pallet,0.0000,Min Level,28 Apr 2025
MIN,T238,Trendcorp,Min,Mixed Pallet,0.0000,Min Level,28 Apr 2025
MIN,T239,Trendcorp,Min,Mixed Pallet,0.0000,Min Level,28 Apr 2025
MIN,T240,Trendcorp,Min,Mixed Pallet,0.0000,Min Level,28 Apr 2025
MIN,T241,Trendcorp,Min,Mixed Pallet,0.0000,Min Level,28 Apr 2025
MIN,T242,Trendcorp,Min,Mixed Pallet,0.0000,Min Level,28 Apr 2025
MIN,T243,Trendcorp,Min,Mixed Pallet,0.0000,Min Level,28 Apr 2025
MIN,WACB026-N,Bambino,Min,Activity walker Turqouise,0.0000,Min Level,28 Apr 2025
MIN,WACB026-O,Bambino,Min,Activity walker Turqouise,0.0000,Min Level,28 Apr 2025
MIN,WACB026-P,Bambino,Min,Activity walker Turqouise,0.0000,Min Level,28 Apr 2025
MIN,WACB026-Q,Bambino,Min,Activity walker Turqouise,0.0000,Min Level,28 Apr 2025
MIN,WACB026-R,Bambino,Min,Activity walker Turqouise,0.0000,Min Level,28 Apr 2025
MIN,WACB026-S,Bambino,Min,Activity walker Turqouise,0.0000,Min Level,28 Apr 2025
MIN,WACB026-T,Bambino,Min,Activity walker Turqouise,0.0000,Min Level,28 Apr 2025
MIN,WACB026-U,Bambino,Min,Activity walker Turqouise,0.0000,Min Level,28 Apr 2025
MIN,WACB029-AA,Bambino,Min,F1 Racer Walker,0.0000,Min Level,28 Apr 2025
MIN,WACB029-AB,Bambino,Min,F1 Racer Walker,0.0000,Min Level,28 Apr 2025
MIN,T246,Trendcorp,Min,Mixed Pallet,0.0000,Min Level,28 Apr 2025
MIN,T247,Trendcorp,Min,Mixed Pallet,0.0000,Min Level,28 Apr 2025
MIN,T248,Trendcorp,Min,Mixed Pallet,0.0000,Min Level,28 Apr 2025
MIN,T249,Trendcorp,Min,Mixed Pallet,0.0000,Min Level,28 Apr 2025
MIN,T250,Trendcorp,Min,Mixed Pallet,0.0000,Min Level,28 Apr 2025
MIN,T251,Trendcorp,Min,Mixed Pallet,0.0000,Min Level,28 Apr 2025
MIN,T252,Trendcorp,Min,Mixed Pallet,0.0000,Min Level,28 Apr 2025
MIN,T253,Trendcorp,Min,Mixed Pallet,0.0000,Min Level,28 Apr 2025
MIN,T254,Trendcorp,Min,Mixed Pallet,0.0000,Min Level,28 Apr 2025
MIN,T255,Trendcorp,Min,Mixed Pallet,0.0000,Min Level,28 Apr 2025
MIN,T256,Trendcorp,Min,Mixed Pallet,0.0000,Min Level,28 Apr 2025
MIN,T257,Trendcorp,Min,Mixed Pallet,0.0000,Min Level,28 Apr 2025
MIN,T258,Trendcorp,Min,Mixed Pallet,0.0000,Min Level,28 Apr 2025
MIN,T259,Trendcorp,Min,Mixed Pallet,0.0000,Min Level,28 Apr 2025
MIN,T260,Trendcorp,Min,Mixed Pallet,0.0000,Min Level,28 Apr 2025
MIN,T261,Trendcorp,Min,Mixed Pallet,0.0000,Min Level,28 Apr 2025
MIN,WACB029-AC,Bambino,Min,F1 Racer Walker,0.0000,Min Level,28 Apr 2025
MIN,WACB029-AD,Bambino,Min,F1 Racer Walker,0.0000,Min Level,28 Apr 2025
MIN,WACB029-AE,Bambino,Min,F1 Racer Walker,0.0000,Min Level,28 Apr 2025
MIN,WACB029-AF,Bambino,Min,F1 Racer Walker,0.0000,Min Level,28 Apr 2025
MIN,WACB029-AG,Bambino,Min,F1 Racer Walker,0.0000,Min Level,28 Apr 2025
MIN,WACB029-AH,Bambino,Min,F1 Racer Walker,0.0000,Min Level,28 Apr 2025
MIN,WACB029-AI,Bambino,Min,F1 Racer Walker,0.0000,Min Level,28 Apr 2025
MIN,WACB029-AJ,Bambino,Min,F1 Racer Walker,0.0000,Min Level,28 Apr 2025
MIN,WACB029-AK,Bambino,Min,F1 Racer Walker,0.0000,Min Level,28 Apr 2025
MIN,WACB029-AL,Bambino,Min,F1 Racer Walker,0.0000,Min Level,28 Apr 2025
MIN,WACB029-AM,Bambino,Min,F1 Racer Walker,0.0000,Min Level,28 Apr 2025
MIN,WACB029-AN,Bambino,Min,F1 Racer Walker,0.0000,Min Level,28 Apr 2025
MIN,WACB029-AO,Bambino,Min,F1 Racer Walker,0.0000,Min Level,28 Apr 2025
MIN,WACB029-AP,Bambino,Min,F1 Racer Walker,0.0000,Min Level,28 Apr 2025
MIN,T262,Trendcorp,Min,Mixed Pallet,0.0000,Min Level,28 Apr 2025
MIN,T263,Trendcorp,Min,Mixed Pallet,0.0000,Min Level,28 Apr 2025
MIN,T264,Trendcorp,Min,Mixed Pallet,0.0000,Min Level,28 Apr 2025
MIN,T265,Trendcorp,Min,Mixed Pallet,0.0000,Min Level,28 Apr 2025
MIN,T266,Trendcorp,Min,Mixed Pallet,0.0000,Min Level,28 Apr 2025
MIN,T267,Trendcorp,Min,Mixed Pallet,0.0000,Min Level,28 Apr 2025
MIN,T268,Trendcorp,Min,Mixed Pallet,0.0000,Min Level,28 Apr 2025
MIN,T269,Trendcorp,Min,Mixed Pallet,0.0000,Min Level,28 Apr 2025
MIN,T270,Trendcorp,Min,Mixed Pallet,0.0000,Min Level,28 Apr 2025
MIN,T271,Trendcorp,Min,Mixed Pallet,0.0000,Min Level,28 Apr 2025
MIN,T272,Trendcorp,Min,Mixed Pallet,0.0000,Min Level,28 Apr 2025
MIN,T273,Trendcorp,Min,Mixed Pallet,0.0000,Min Level,28 Apr 2025
MIN,T274,Trendcorp,Min,Mixed Pallet,0.0000,Min Level,28 Apr 2025
MIN,T275,Trendcorp,Min,Mixed Pallet,0.0000,Min Level,28 Apr 2025
MIN,T276,Trendcorp,Min,Mixed Pallet,0.0000,Min Level,28 Apr 2025
MIN,T277,Trendcorp,Min,Mixed Pallet,0.0000,Min Level,28 Apr 2025
MIN,T278,Trendcorp,Min,Mixed Pallet,0.0000,Min Level,28 Apr 2025
MIN,T279,Trendcorp,Min,Mixed Pallet,0.0000,Min Level,28 Apr 2025
MIN,T280,Trendcorp,Min,Mixed Pallet,0.0000,Min Level,28 Apr 2025
MIN,T281,Trendcorp,Min,Mixed Pallet,0.0000,Min Level,28 Apr 2025
MIN,T282,Trendcorp,Min,Mixed Pallet,0.0000,Min Level,28 Apr 2025
MIN,T283,Trendcorp,Min,Mixed Pallet,0.0000,Min Level,28 Apr 2025
MIN,T284,Trendcorp,Min,Mixed Pallet,0.0000,Min Level,28 Apr 2025
MIN,T285,Trendcorp,Min,Mixed Pallet,0.0000,Min Level,28 Apr 2025
MIN,T286,Trendcorp,Min,Mixed Pallet,0.0000,Min Level,28 Apr 2025
MIN,T287,Trendcorp,Min,Mixed Pallet,0.0000,Min Level,28 Apr 2025
MIN,T288,Trendcorp,Min,Mixed Pallet,0.0000,Min Level,28 Apr 2025
MIN,T289,Trendcorp,Min,Mixed Pallet,0.0000,Min Level,28 Apr 2025
MIN,T290,Trendcorp,Min,Mixed Pallet,0.0000,Min Level,28 Apr 2025
MIN,T291,Trendcorp,Min,Mixed Pallet,0.0000,Min Level,28 Apr 2025
MIN,T292,Trendcorp,Min,Mixed Pallet,0.0000,Min Level,28 Apr 2025
MIN,T293,Trendcorp,Min,Mixed Pallet,0.0000,Min Level,28 Apr 2025
MIN,T294,Trendcorp,Min,Mixed Pallet,0.0000,Min Level,28 Apr 2025
MIN,T295,Trendcorp,Min,Mixed Pallet,0.0000,Min Level,28 Apr 2025
MIN,T296,Trendcorp,Min,Mixed Pallet,0.0000,Min Level,28 Apr 2025
MIN,T297,Trendcorp,Min,Mixed Pallet,0.0000,Min Level,28 Apr 2025
MIN,T298,Trendcorp,Min,Mixed Pallet,0.0000,Min Level,28 Apr 2025
MIN,T299,Trendcorp,Min,Mixed Pallet,0.0000,Min Level,28 Apr 2025
MIN,T300,Trendcorp,Min,Mixed Pallet,0.0000,Min Level,28 Apr 2025
MIN,T302,Trendcorp,Min,Mixed Pallet,0.0000,Min Level,28 Apr 2025
MIN,T303,Trendcorp,Min,Mixed Pallet,0.0000,Min Level,28 Apr 2025
MIN,T304,Trendcorp,Min,Mixed Pallet,0.0000,Min Level,28 Apr 2025
MIN,T305,Trendcorp,Min,Mixed Pallet,0.0000,Min Level,28 Apr 2025
MIN,T306,Trendcorp,Min,Mixed Pallet,0.0000,Min Level,28 Apr 2025
MIN,T307,Trendcorp,Min,Mixed Pallet,0.0000,Min Level,28 Apr 2025
MIN,T308,Trendcorp,Min,Mixed Pallet,0.0000,Min Level,28 Apr 2025
MIN,T309,Trendcorp,Min,Mixed Pallet,0.0000,Min Level,28 Apr 2025
MIN,T310,Trendcorp,Min,Mixed Pallet,0.0000,Min Level,28 Apr 2025
MIN,T311,Trendcorp,Min,Mixed Pallet,0.0000,Min Level,28 Apr 2025
MIN,T312,Trendcorp,Min,Mixed Pallet,0.0000,Min Level,28 Apr 2025
MIN,T313,Trendcorp,Min,Mixed Pallet,0.0000,Min Level,28 Apr 2025
MIN,T314,Trendcorp,Min,Mixed Pallet,0.0000,Min Level,28 Apr 2025
MIN,T315,Trendcorp,Min,Mixed Pallet,0.0000,Min Level,28 Apr 2025
MIN,T301,Trendcorp,Min,Mixed Pallet,0.0000,Min Level,28 Apr 2025
MIN,T316,Trendcorp,Min,Mixed Pallet,0.0000,Min Level,28 Apr 2025
MIN,T317,Trendcorp,Min,Mixed Pallet,0.0000,Min Level,28 Apr 2025
MIN,T318,Trendcorp,Min,Mixed Pallet,0.0000,Min Level,28 Apr 2025
MIN,T319,Trendcorp,Min,Mixed Pallet,0.0000,Min Level,28 Apr 2025
MIN,T320,Trendcorp,Min,Mixed Pallet,0.0000,Min Level,28 Apr 2025
MIN,T321,Trendcorp,Min,Mixed Pallet,0.0000,Min Level,28 Apr 2025
MIN,T322,Trendcorp,Min,Mixed Pallet,0.0000,Min Level,28 Apr 2025
MIN,T323,Trendcorp,Min,Mixed Pallet,0.0000,Min Level,28 Apr 2025
MIN,T324,Trendcorp,Min,Mixed Pallet,0.0000,Min Level,28 Apr 2025
MIN,T325,Trendcorp,Min,Mixed Pallet,0.0000,Min Level,28 Apr 2025
MIN,T326,Trendcorp,Min,Mixed Pallet,0.0000,Min Level,28 Apr 2025
MIN,T327,Trendcorp,Min,Mixed Pallet,0.0000,Min Level,28 Apr 2025
MIN,T328,Trendcorp,Min,Mixed Pallet,0.0000,Min Level,28 Apr 2025
MIN,T329,Trendcorp,Min,Mixed Pallet,0.0000,Min Level,28 Apr 2025
MIN,T330,Trendcorp,Min,Mixed Pallet,0.0000,Min Level,28 Apr 2025
MIN,T331,Trendcorp,Min,Mixed Pallet,0.0000,Min Level,28 Apr 2025
MIN,T332,Trendcorp,Min,Mixed Pallet,0.0000,Min Level,28 Apr 2025
MIN,T333,Trendcorp,Min,Mixed Pallet,0.0000,Min Level,28 Apr 2025
MIN,T334,Trendcorp,Min,Mixed Pallet,0.0000,Min Level,28 Apr 2025
MIN,T335,Trendcorp,Min,Mixed Pallet,0.0000,Min Level,28 Apr 2025
MIN,T336,Trendcorp,Min,Mixed Pallet,0.0000,Min Level,28 Apr 2025
MIN,T337,Trendcorp,Min,Mixed Pallet,0.0000,Min Level,28 Apr 2025
MIN,T338,Trendcorp,Min,Mixed Pallet,0.0000,Min Level,28 Apr 2025
MIN,T339,Trendcorp,Min,Mixed Pallet,0.0000,Min Level,28 Apr 2025
MIN,FRIDGE,Kynor,Min,Double Door Fridge,0.0000,Min Level,28 Apr 2025
MIN,DF-200P9-9T(BLACK)G,LRB,Min,Elements Heater Oil 9FIN 2000W Black,0.0000,Min Level,28 Apr 2025
MIN,DF-200P9-9T(BLACK)H,LRB,Min,Elements Heater Oil 9FIN 2000W Black,0.0000,Min Level,28 Apr 2025
MIN,DF-200P9-9T(BLACK)I,LRB,Min,Elements Heater Oil 9FIN 2000W Black,0.0000,Min Level,28 Apr 2025
MIN,DF-200P9-9T(BLACK)J,LRB,Min,Elements Heater Oil 9FIN 2000W Black,0.0000,Min Level,28 Apr 2025
MIN,DF-200P9-9T-G,LRB,Min,Elements Heater 9 Fin Oil 2000w,0.0000,Min Level,28 Apr 2025
MIN,DF-200P9-9T-H,LRB,Min,Elements Heater 9 Fin Oil 2000w,0.0000,Min Level,28 Apr 2025
MIN,DF-200P9-9T-I,LRB,Min,Elements Heater 9 Fin Oil 2000w,0.0000,Min Level,28 Apr 2025
MIN,DF-200P9-9T-J,LRB,Min,Elements Heater 9 Fin Oil 2000w,0.0000,Min Level,28 Apr 2025
MIN,DF-300P9-13T-E,LRB,Min,Elements Heater 13 Fin Oil 3000w,0.0000,Min Level,28 Apr 2025
MIN,DF-300P9-13T-G,LRB,Min,Elements Heater 13 Fin Oil 3000w,0.0000,Min Level,28 Apr 2025
MIN,DF-300P9-13T-H,LRB,Min,Elements Heater 13 Fin Oil 3000w,0.0000,Min Level,28 Apr 2025
MIN,T340,Trendcorp,Min,Mixed Pallet,0.0000,Min Level,28 Apr 2025
MIN,T341,Trendcorp,Min,Mixed Pallet,0.0000,Min Level,28 Apr 2025
MIN,T342,Trendcorp,Min,Mixed Pallet,0.0000,Min Level,28 Apr 2025
MIN,ALSIL-P,KMS,Min,ALSIL-P PAL,0.0000,Min Level,28 Apr 2025
MIN,COA3025/200,KMS,Min,Coapur 3025 (200KG),0.0000,Min Level,28 Apr 2025
MIN,T343,Trendcorp,Min,Mixed Pallet,0.0000,Min Level,28 Apr 2025
MIN,T344,Trendcorp,Min,Mixed Pallet,0.0000,Min Level,28 Apr 2025
MIN,T345,Trendcorp,Min,Mixed Pallet,0.0000,Min Level,28 Apr 2025
MIN,T346,Trendcorp,Min,Mixed Pallet,0.0000,Min Level,28 Apr 2025
MIN,T347,Trendcorp,Min,Mixed Pallet,0.0000,Min Level,28 Apr 2025
MIN,T348,Trendcorp,Min,Mixed Pallet,0.0000,Min Level,28 Apr 2025
MIN,T349,Trendcorp,Min,Mixed Pallet,0.0000,Min Level,28 Apr 2025
MIN,T350,Trendcorp,Min,Mixed Pallet,0.0000,Min Level,28 Apr 2025
MIN,T351,Trendcorp,Min,Mixed Pallet,0.0000,Min Level,28 Apr 2025
MIN,T352,Trendcorp,Min,Mixed Pallet,0.0000,Min Level,28 Apr 2025
MIN,T353,Trendcorp,Min,Mixed Pallet,0.0000,Min Level,28 Apr 2025
MIN,T354,Trendcorp,Min,Mixed Pallet,0.0000,Min Level,28 Apr 2025
MIN,T355,Trendcorp,Min,Mixed Pallet,0.0000,Min Level,28 Apr 2025
MIN,T356,Trendcorp,Min,Mixed Pallet,0.0000,Min Level,28 Apr 2025
MIN,T357,Trendcorp,Min,Mixed Pallet,0.0000,Min Level,28 Apr 2025
MIN,T358,Trendcorp,Min,Mixed Pallet,0.0000,Min Level,28 Apr 2025
MIN,T359,Trendcorp,Min,Mixed Pallet,0.0000,Min Level,28 Apr 2025
MIN,T360,Trendcorp,Min,Mixed Pallet,0.0000,Min Level,28 Apr 2025
MIN,T361,Trendcorp,Min,Mixed Pallet,0.0000,Min Level,28 Apr 2025
MIN,T362,Trendcorp,Min,Mixed Pallet,0.0000,Min Level,28 Apr 2025
MIN,T363,Trendcorp,Min,Mixed Pallet,0.0000,Min Level,28 Apr 2025
MIN,T364,Trendcorp,Min,Mixed Pallet,0.0000,Min Level,28 Apr 2025
MIN,T365,Trendcorp,Min,Mixed Pallet,0.0000,Min Level,28 Apr 2025
MIN,T367,Trendcorp,Min,Mixed Pallet,0.0000,Min Level,28 Apr 2025
MIN,T368,Trendcorp,Min,Mixed Pallet,0.0000,Min Level,28 Apr 2025
MIN,T369,Trendcorp,Min,Mixed Pallet,0.0000,Min Level,28 Apr 2025
MIN,T370,Trendcorp,Min,Mixed Pallet,0.0000,Min Level,28 Apr 2025
MIN,T371,Trendcorp,Min,Mixed Pallet,0.0000,Min Level,28 Apr 2025
MIN,T372,Trendcorp,Min,Mixed Pallet,0.0000,Min Level,28 Apr 2025
MIN,T366,Trendcorp,Min,Mixed Pallet,0.0000,Min Level,28 Apr 2025
MIN,P1529,NAD,Min,Mixed Pallet,0.0000,Min Level,28 Apr 2025
MIN,P1527,NAD,Min,Mixed Pallet,0.0000,Min Level,28 Apr 2025
MIN,P1528,NAD,Min,Mixed Pallet,0.0000,Min Level,28 Apr 2025
MIN,P1530,NAD,Min,Mixed Pallet,0.0000,Min Level,28 Apr 2025
MIN,P1531,NAD,Min,Mixed Pallet,0.0000,Min Level,28 Apr 2025
MIN,P1532,NAD,Min,Mixed Pallet,0.0000,Min Level,28 Apr 2025
MIN,P1533,NAD,Min,Mixed Pallet,0.0000,Min Level,28 Apr 2025
MIN,P1535,NAD,Min,Mixed Pallet,0.0000,Min Level,28 Apr 2025
MIN,P1534,NAD,Min,Mixed Pallet,0.0000,Min Level,28 Apr 2025
MIN,P1536,NAD,Min,Mixed Pallet,0.0000,Min Level,28 Apr 2025
MIN,P1537,NAD,Min,Mixed Pallet,0.0000,Min Level,28 Apr 2025
MIN,P1538,NAD,Min,Mixed Pallet,0.0000,Min Level,28 Apr 2025
MIN,P1539,NAD,Min,Mixed Pallet,0.0000,Min Level,28 Apr 2025
MIN,P1540,NAD,Min,Mixed Pallet,0.0000,Min Level,28 Apr 2025
MIN,P1541,NAD,Min,Mixed Pallet,0.0000,Min Level,28 Apr 2025
MIN,P1547,NAD,Min,Mixed Pallet,0.0000,Min Level,28 Apr 2025
MIN,P1548,NAD,Min,Mixed Pallet,0.0000,Min Level,28 Apr 2025
MIN,P1546,NAD,Min,Mixed Pallet,0.0000,Min Level,28 Apr 2025
MIN,P1545,NAD,Min,Mixed Pallet,0.0000,Min Level,28 Apr 2025
MIN,P1544,NAD,Min,Mixed Pallet,0.0000,Min Level,28 Apr 2025
MIN,P1543,NAD,Min,Mixed Pallet,0.0000,Min Level,28 Apr 2025
MIN,T373,Trendcorp,Min,Mixed Pallet,0.0000,Min Level,28 Apr 2025
MIN,T374,Trendcorp,Min,Mixed Pallet,0.0000,Min Level,28 Apr 2025
MIN,T375,Trendcorp,Min,Mixed Pallet,0.0000,Min Level,28 Apr 2025
MIN,T376,Trendcorp,Min,Mixed Pallet,0.0000,Min Level,28 Apr 2025
MIN,T377,Trendcorp,Min,Mixed Pallet,0.0000,Min Level,28 Apr 2025
MIN,T378,Trendcorp,Min,Mixed Pallet,0.0000,Min Level,28 Apr 2025
MIN,T379,Trendcorp,Min,Mixed Pallet,0.0000,Min Level,28 Apr 2025
MIN,T380,Trendcorp,Min,Mixed Pallet,0.0000,Min Level,28 Apr 2025
MIN,T381,Trendcorp,Min,Mixed Pallet,0.0000,Min Level,28 Apr 2025
MIN,T382,Trendcorp,Min,Mixed Pallet,0.0000,Min Level,28 Apr 2025
MIN,T383,Trendcorp,Min,Mixed Pallet,0.0000,Min Level,28 Apr 2025
MIN,T384,Trendcorp,Min,Mixed Pallet,0.0000,Min Level,28 Apr 2025
MIN,T385,Trendcorp,Min,Mixed Pallet,0.0000,Min Level,28 Apr 2025
MIN,T386,Trendcorp,Min,Mixed Pallet,0.0000,Min Level,28 Apr 2025
MIN,T387,Trendcorp,Min,Mixed Pallet,0.0000,Min Level,28 Apr 2025
MIN,T388,Trendcorp,Min,Mixed Pallet,0.0000,Min Level,28 Apr 2025
MIN,T389,Trendcorp,Min,Mixed Pallet,0.0000,Min Level,28 Apr 2025
MIN,T390,Trendcorp,Min,Mixed Pallet,0.0000,Min Level,28 Apr 2025
MIN,T391,Trendcorp,Min,Mixed Pallet,0.0000,Min Level,28 Apr 2025
MIN,T392,Trendcorp,Min,Mixed Pallet,0.0000,Min Level,28 Apr 2025
MIN,T393,Trendcorp,Min,Mixed Pallet,0.0000,Min Level,28 Apr 2025
MIN,T394,Trendcorp,Min,Mixed Pallet,0.0000,Min Level,28 Apr 2025
MIN,T395,Trendcorp,Min,Mixed Pallet,0.0000,Min Level,28 Apr 2025
MIN,T396,Trendcorp,Min,Mixed Pallet,0.0000,Min Level,28 Apr 2025
MIN,T397,Trendcorp,Min,Mixed Pallet,0.0000,Min Level,28 Apr 2025
MIN,T398,Trendcorp,Min,Mixed Pallet,0.0000,Min Level,28 Apr 2025
MIN,T399,Trendcorp,Min,Mixed Pallet,0.0000,Min Level,28 Apr 2025
MIN,T400,Trendcorp,Min,Mixed Pallet,0.0000,Min Level,28 Apr 2025
MIN,T401,Trendcorp,Min,Mixed Pallet,0.0000,Min Level,28 Apr 2025
MIN,T402,Trendcorp,Min,Mixed Pallet,0.0000,Min Level,28 Apr 2025
MIN,T403,Trendcorp,Min,Mixed Pallet,0.0000,Min Level,28 Apr 2025
MIN,T404,Trendcorp,Min,Mixed Pallet,0.0000,Min Level,28 Apr 2025
MIN,T405,Trendcorp,Min,Mixed Pallet,0.0000,Min Level,28 Apr 2025
MIN,T406,Trendcorp,Min,Mixed Pallet,0.0000,Min Level,28 Apr 2025
MIN,T407,Trendcorp,Min,Mixed Pallet,0.0000,Min Level,28 Apr 2025
MIN,T408,Trendcorp,Min,Mixed Pallet,0.0000,Min Level,28 Apr 2025
MIN,T409,Trendcorp,Min,Mixed Pallet,0.0000,Min Level,28 Apr 2025
MIN,T410,Trendcorp,Min,Mixed Pallet,0.0000,Min Level,28 Apr 2025
MIN,T411,Trendcorp,Min,Mixed Pallet,0.0000,Min Level,28 Apr 2025
MIN,T412,Trendcorp,Min,Mixed Pallet,0.0000,Min Level,28 Apr 2025
MIN,T413,Trendcorp,Min,Mixed Pallet,0.0000,Min Level,28 Apr 2025
MIN,T414,Trendcorp,Min,Mixed Pallet,0.0000,Min Level,28 Apr 2025
MIN,T415,Trendcorp,Min,Mixed Pallet,0.0000,Min Level,28 Apr 2025
MIN,T416,Trendcorp,Min,Mixed Pallet,0.0000,Min Level,28 Apr 2025
MIN,T417,Trendcorp,Min,Mixed Pallet,0.0000,Min Level,28 Apr 2025
MIN,T418,Trendcorp,Min,Mixed Pallet,0.0000,Min Level,28 Apr 2025
MIN,T419,Trendcorp,Min,Mixed Pallet,0.0000,Min Level,28 Apr 2025
MIN,T420,Trendcorp,Min,Mixed Pallet,0.0000,Min Level,28 Apr 2025
MIN,P1542,NAD,Min,Mixed Pallet,0.0000,Min Level,28 Apr 2025
MIN,391/04421011/C,Isinkwe Energies,Min,Silverline 4C 42CC,0.0000,Min Level,28 Apr 2025
MIN,391/04511011/B-D,Isinkwe Energies,Min,Silverline 4C 51CC,0.0000,Min Level,28 Apr 2025
MIN,MUL200/30-C,Isinkwe Energies,Min,Multivalve 200/30,0.0000,Min Level,28 Apr 2025
MIN,TANKEXT600X180,Isinkwe Energies,Min,Tank External 600x180 -37LT,0.0000,Min Level,28 Apr 2025
MIN,TANKEXT720X180-B,Isinkwe Energies,Min,Tank Extrenal 720x180 -52LT,0.0000,Min Level,28 Apr 2025
MIN,TANKEXT720X200-B,Isinkwe Energies,Min,Tank Ext 720 x 200,0.0000,Min Level,28 Apr 2025
MIN,TANKEXT720X250-A,Isinkwe Energies,Min,Tank Ext 720x250 - 78LT,0.0000,Min Level,28 Apr 2025
MIN,TANKINT600X200-B,Isinkwe Energies,Min,Tank Int 600x200,0.0000,Min Level,28 Apr 2025
MIN,TANKINT600X225-B,Isinkwe Energies,Min,Tank Int 600x225 - 48LT,0.0000,Min Level,28 Apr 2025
MIN,TANKINT650X250,Isinkwe Energies,Min,Tank Internal 650x250 - 66LT,0.0000,Min Level,28 Apr 2025
MIN,TANKINT680X225-A,Isinkwe Energies,Min,Tank Int 680x225 - 62LT,0.0000,Min Level,28 Apr 2025
MIN,TANKINT680X240-B,Isinkwe Energies,Min,Tank Int 680x240 - 68LT,0.0000,Min Level,28 Apr 2025
MIN,COV001,Isinkwe Energies,Min,External MV Safety Cover,0.0000,Min Level,28 Apr 2025
MIN,T421,Trendcorp,Min,Mixed Pallet,0.0000,Min Level,28 Apr 2025
MIN,T422,Trendcorp,Min,Mixed Pallet,0.0000,Min Level,28 Apr 2025
MIN,T423,Trendcorp,Min,Mixed Pallet,0.0000,Min Level,28 Apr 2025
MIN,T424,Trendcorp,Min,Mixed Pallet,0.0000,Min Level,28 Apr 2025
MIN,T425,Trendcorp,Min,Mixed Pallet,0.0000,Min Level,28 Apr 2025
MIN,T426,Trendcorp,Min,Mixed Pallet,0.0000,Min Level,28 Apr 2025
MIN,T427,Trendcorp,Min,Mixed Pallet,0.0000,Min Level,28 Apr 2025
MIN,T428,Trendcorp,Min,Mixed Pallet,0.0000,Min Level,28 Apr 2025
MIN,T429,Trendcorp,Min,Mixed Pallet,0.0000,Min Level,28 Apr 2025
MIN,T430,Trendcorp,Min,Mixed Pallet,0.0000,Min Level,28 Apr 2025
MIN,T431,Trendcorp,Min,Mixed Pallet,0.0000,Min Level,28 Apr 2025
MIN,T432,Trendcorp,Min,Mixed Pallet,0.0000,Min Level,28 Apr 2025
MIN,T433,Trendcorp,Min,Mixed Pallet,0.0000,Min Level,28 Apr 2025
MIN,T434,Trendcorp,Min,Mixed Pallet,0.0000,Min Level,28 Apr 2025
MIN,T435,Trendcorp,Min,Mixed Pallet,0.0000,Min Level,28 Apr 2025
MIN,T436,Trendcorp,Min,Mixed Pallet,0.0000,Min Level,28 Apr 2025
MIN,T437,Trendcorp,Min,Mixed Pallet,0.0000,Min Level,28 Apr 2025
MIN,T438,Trendcorp,Min,Mixed Pallet,0.0000,Min Level,28 Apr 2025
MIN,T439,Trendcorp,Min,Mixed Pallet,0.0000,Min Level,28 Apr 2025
MIN,T440,Trendcorp,Min,Mixed Pallet,0.0000,Min Level,28 Apr 2025
MIN,T441,Trendcorp,Min,Mixed Pallet,0.0000,Min Level,28 Apr 2025
MIN,T442,Trendcorp,Min,Mixed Pallet,0.0000,Min Level,28 Apr 2025
MIN,T443,Trendcorp,Min,Mixed Pallet,0.0000,Min Level,28 Apr 2025
MIN,T444,Trendcorp,Min,Mixed Pallet,0.0000,Min Level,28 Apr 2025
MIN,T445,Trendcorp,Min,Mixed Pallet,0.0000,Min Level,28 Apr 2025
MIN,T446,Trendcorp,Min,Mixed Pallet,0.0000,Min Level,28 Apr 2025
MIN,T447,Trendcorp,Min,Mixed Pallet,0.0000,Min Level,28 Apr 2025
MIN,T448,Trendcorp,Min,Mixed Pallet,0.0000,Min Level,28 Apr 2025
MIN,T449,Trendcorp,Min,Mixed Pallet,0.0000,Min Level,28 Apr 2025
MIN,T450,Trendcorp,Min,Mixed Pallet,0.0000,Min Level,28 Apr 2025
MIN,T451,Trendcorp,Min,Mixed Pallet,0.0000,Min Level,28 Apr 2025
MIN,T452,Trendcorp,Min,Mixed Pallet,0.0000,Min Level,28 Apr 2025
MIN,35+00+14A,Kiki Trading,Min,35+00+14 Sportsmaster 07/02/2025,0.0000,Min Level,28 Apr 2025
MIN,MUL240/0-A,Isinkwe Energies,Min,Multivalve 240/0 Toroidale,0.0000,Min Level,28 Apr 2025
MIN,TANKEXT600X200-B,Isinkwe Energies,Min,Tank Ext 600 X 200,0.0000,Min Level,28 Apr 2025
MIN,B0030,Trendcorp,Min,Mixed Pallet,0.0000,Min Level,28 Apr 2025
MIN,B0031,Trendcorp,Min,Mixed Pallet,0.0000,Min Level,28 Apr 2025
MIN,B0032,Trendcorp,Min,Mixed Pallet,0.0000,Min Level,28 Apr 2025
MIN,B0033,Trendcorp,Min,Mixed Pallet,0.0000,Min Level,28 Apr 2025
MIN,B0034,Trendcorp,Min,Mixed Pallet,0.0000,Min Level,28 Apr 2025
MIN,B0035,Trendcorp,Min,Mixed Pallet,0.0000,Min Level,28 Apr 2025
MIN,B0036,Trendcorp,Min,Mixed Pallet,0.0000,Min Level,28 Apr 2025
MIN,B0037,Trendcorp,Min,Mixed Pallet,0.0000,Min Level,28 Apr 2025
MIN,B0038,Trendcorp,Min,Mixed Pallet,0.0000,Min Level,28 Apr 2025
MIN,B0039,Trendcorp,Min,Mixed Pallet,0.0000,Min Level,28 Apr 2025
MIN,B0040,Trendcorp,Min,Mixed Pallet,0.0000,Min Level,28 Apr 2025
MIN,B0041,Trendcorp,Min,Mixed Pallet,0.0000,Min Level,28 Apr 2025
MIN,B0042,Trendcorp,Min,Mixed Pallet,0.0000,Min Level,28 Apr 2025
MIN,B0043,Trendcorp,Min,Mixed Pallet,0.0000,Min Level,28 Apr 2025
MIN,B0044,Trendcorp,Min,Mixed Pallet,0.0000,Min Level,28 Apr 2025
MIN,B0045,Trendcorp,Min,Mixed Pallet,0.0000,Min Level,28 Apr 2025
MIN,B0046,Trendcorp,Min,Mixed Pallet,0.0000,Min Level,28 Apr 2025
MIN,B0047,Trendcorp,Min,Mixed Pallet,0.0000,Min Level,28 Apr 2025
MIN,B0048,Trendcorp,Min,Mixed Pallet,0.0000,Min Level,28 Apr 2025
MIN,B0049,Trendcorp,Min,Mixed Pallet,0.0000,Min Level,28 Apr 2025
MIN,B0050,Trendcorp,Min,Mixed Pallet,0.0000,Min Level,28 Apr 2025
MIN,B0051,Trendcorp,Min,Mixed Pallet,0.0000,Min Level,28 Apr 2025
MIN,B0052,Trendcorp,Min,Mixed Pallet,0.0000,Min Level,28 Apr 2025
MIN,B0053,Trendcorp,Min,Mixed Pallet,0.0000,Min Level,28 Apr 2025
MIN,B0054,Trendcorp,Min,Mixed Pallet,0.0000,Min Level,28 Apr 2025
MIN,B0055,Trendcorp,Min,Mixed Pallet,0.0000,Min Level,28 Apr 2025
MIN,B0056,Trendcorp,Min,Mixed Pallet,0.0000,Min Level,28 Apr 2025
MIN,B0057,Trendcorp,Min,Mixed Pallet,0.0000,Min Level,28 Apr 2025
MIN,B0058,Trendcorp,Min,Mixed Pallet,0.0000,Min Level,28 Apr 2025
MIN,B0059,Trendcorp,Min,Mixed Pallet,0.0000,Min Level,28 Apr 2025
MIN,B0060,Trendcorp,Min,Mixed Pallet,0.0000,Min Level,28 Apr 2025
MIN,B0061,Trendcorp,Min,Mixed Pallet,0.0000,Min Level,28 Apr 2025
MIN,B0062,Trendcorp,Min,Mixed Pallet,0.0000,Min Level,28 Apr 2025
MIN,B0063,Trendcorp,Min,Mixed Pallet,0.0000,Min Level,28 Apr 2025
MIN,B0064,Trendcorp,Min,Mixed Pallet,0.0000,Min Level,28 Apr 2025
MIN,B0065,Trendcorp,Min,Mixed Pallet,0.0000,Min Level,28 Apr 2025
MIN,B0066,Trendcorp,Min,Mixed Pallet,0.0000,Min Level,28 Apr 2025
MIN,B0067,Trendcorp,Min,Mixed Pallet,0.0000,Min Level,28 Apr 2025
MIN,B0068,Trendcorp,Min,Mixed Pallet,0.0000,Min Level,28 Apr 2025
MIN,B0069,Trendcorp,Min,Mixed Pallet,0.0000,Min Level,28 Apr 2025
MIN,B0070,Trendcorp,Min,Mixed Pallet,0.0000,Min Level,28 Apr 2025
MIN,B0071,Trendcorp,Min,Mixed Pallet,0.0000,Min Level,28 Apr 2025
MIN,B0072,Trendcorp,Min,Mixed Pallet,0.0000,Min Level,28 Apr 2025
MIN,B0073,Trendcorp,Min,Mixed Pallet,0.0000,Min Level,28 Apr 2025
MIN,B0074,Trendcorp,Min,Mixed Pallet,0.0000,Min Level,28 Apr 2025
MIN,B0075,Trendcorp,Min,Mixed Pallet,0.0000,Min Level,28 Apr 2025
MIN,B0076,Trendcorp,Min,Mixed Pallet,0.0000,Min Level,28 Apr 2025
MIN,B0077,Trendcorp,Min,Mixed Pallet,0.0000,Min Level,28 Apr 2025
MIN,B0078,Trendcorp,Min,Mixed Pallet,0.0000,Min Level,28 Apr 2025
MIN,B0079,Trendcorp,Min,Mixed Pallet,0.0000,Min Level,28 Apr 2025
MIN,B0080,Trendcorp,Min,Mixed Pallet,0.0000,Min Level,28 Apr 2025
MIN,B0081,Trendcorp,Min,Mixed Pallet,0.0000,Min Level,28 Apr 2025
MIN,B0082,Trendcorp,Min,Mixed Pallet,0.0000,Min Level,28 Apr 2025
MIN,B0083,Trendcorp,Min,Mixed Pallet,0.0000,Min Level,28 Apr 2025
MIN,B0084,Trendcorp,Min,Mixed Pallet,0.0000,Min Level,28 Apr 2025
MIN,B0085,Trendcorp,Min,Mixed Pallet,0.0000,Min Level,28 Apr 2025
MIN,B0086,Trendcorp,Min,Mixed Pallet,0.0000,Min Level,28 Apr 2025
MIN,B0087,Trendcorp,Min,Mixed Pallet,0.0000,Min Level,28 Apr 2025
MIN,B0088,Trendcorp,Min,Mixed Pallet,0.0000,Min Level,28 Apr 2025
MIN,B0089,Trendcorp,Min,Mixed Pallet,0.0000,Min Level,28 Apr 2025
MIN,B0090,Trendcorp,Min,Mixed Pallet,0.0000,Min Level,28 Apr 2025
MIN,P1549,NAD,Min,Mixed Pallet,0.0000,Min Level,28 Apr 2025
MIN,P1550,NAD,Min,Mixed Pallet,0.0000,Min Level,28 Apr 2025
MIN,P1551,NAD,Min,Mixed Pallet,0.0000,Min Level,28 Apr 2025
MIN,P1552,NAD,Min,Mixed Pallet,0.0000,Min Level,28 Apr 2025
MIN,TANKINT650X200-C,Isinkwe Energies,Min,Tank Int 650 x 200 - 50LT,0.0000,Min Level,28 Apr 2025
MIN,TANKINT680X225-B,Isinkwe Energies,Min,Tank Int 680x225 - 62LT,0.0000,Min Level,28 Apr 2025
MIN,CACS611-L,Bambino,Min,I-Swivel Car Seat - Cobalt,0.0000,Min Level,28 Apr 2025
MIN,P1553,NAD,Min,Mixed Pallet,0.0000,Min Level,28 Apr 2025
MIN,P1554,NAD,Min,Mixed Pallet,0.0000,Min Level,28 Apr 2025
MIN,P1555,NAD,Min,Mixed Pallet,0.0000,Min Level,28 Apr 2025
MIN,P1556,NAD,Min,Mixed Pallet,0.0000,Min Level,28 Apr 2025
MIN,P1557,NAD,Min,Mixed Pallet,0.0000,Min Level,28 Apr 2025
MIN,P1558,NAD,Min,Mixed Pallet,0.0000,Min Level,28 Apr 2025
MIN,P1559,NAD,Min,Mixed Pallet,0.0000,Min Level,28 Apr 2025
MIN,P1560,NAD,Min,Mixed Pallet,0.0000,Min Level,28 Apr 2025
MIN,P1561,NAD,Min,Mixed Pallet,0.0000,Min Level,28 Apr 2025
MIN,P1562,NAD,Min,Mixed Pallet,0.0000,Min Level,28 Apr 2025
MIN,P1563,NAD,Min,Mixed Pallet,0.0000,Min Level,28 Apr 2025
MIN,P1564,NAD,Min,Mixed Pallet,0.0000,Min Level,28 Apr 2025
MIN,P1565,NAD,Min,Mixed Pallet,0.0000,Min Level,28 Apr 2025
MIN,P1566,NAD,Min,Mixed Pallet,0.0000,Min Level,28 Apr 2025
MIN,P1567,NAD,Min,Mixed Pallet,0.0000,Min Level,28 Apr 2025
MIN,P1568,NAD,Min,Mixed Pallet,0.0000,Min Level,28 Apr 2025
MIN,P1569,NAD,Min,Mixed Pallet,0.0000,Min Level,28 Apr 2025
MIN,P1570,NAD,Min,Mixed Pallet,0.0000,Min Level,28 Apr 2025
MIN,P1571,NAD,Min,Mixed Pallet,0.0000,Min Level,28 Apr 2025
MIN,P1572,NAD,Min,Mixed Pallet,0.0000,Min Level,28 Apr 2025
MIN,P1573,NAD,Min,Mixed Pallet,0.0000,Min Level,28 Apr 2025
MIN,P1574,NAD,Min,Mixed Pallet,0.0000,Min Level,28 Apr 2025
MIN,P1575,NAD,Min,Mixed Pallet,0.0000,Min Level,28 Apr 2025
MIN,P1576,NAD,Min,Mixed Pallet,0.0000,Min Level,28 Apr 2025
MIN,P1577,NAD,Min,Mixed Pallet,0.0000,Min Level,28 Apr 2025
MIN,P1578,NAD,Min,Mixed Pallet,0.0000,Min Level,28 Apr 2025
MIN,P1579,NAD,Min,Mixed Pallet,0.0000,Min Level,28 Apr 2025
MIN,P1580,NAD,Min,Mixed Pallet,0.0000,Min Level,28 Apr 2025
MIN,P1581,NAD,Min,Mixed Pallet,0.0000,Min Level,28 Apr 2025
MIN,P1582,NAD,Min,Mixed Pallet,0.0000,Min Level,28 Apr 2025
MIN,P1583,NAD,Min,Mixed Pallet,0.0000,Min Level,28 Apr 2025
MIN,P1584,NAD,Min,Mixed Pallet,0.0000,Min Level,28 Apr 2025
MIN,P1585,NAD,Min,Mixed Pallet,0.0000,Min Level,28 Apr 2025
MIN,P1586,NAD,Min,Mixed Pallet,0.0000,Min Level,28 Apr 2025
MIN,P1587,NAD,Min,Mixed Pallet,0.0000,Min Level,28 Apr 2025
MIN,P1588,NAD,Min,Mixed Pallet,0.0000,Min Level,28 Apr 2025
MIN,P1589,NAD,Min,Mixed Pallet,0.0000,Min Level,28 Apr 2025
MIN,P1590,NAD,Min,Mixed Pallet,0.0000,Min Level,28 Apr 2025
MIN,P1591,NAD,Min,Mixed Pallet,0.0000,Min Level,28 Apr 2025
MIN,P1592,NAD,Min,Mixed Pallet,0.0000,Min Level,28 Apr 2025
MIN,P1593,NAD,Min,Mixed Pallet,0.0000,Min Level,28 Apr 2025
MIN,P1594,NAD,Min,Mixed Pallet,0.0000,Min Level,28 Apr 2025
MIN,P1595,NAD,Min,Mixed Pallet,0.0000,Min Level,28 Apr 2025
MIN,P1596,NAD,Min,Mixed Pallet,0.0000,Min Level,28 Apr 2025
MIN,P1597,NAD,Min,Mixed Pallet,0.0000,Min Level,28 Apr 2025
MIN,P1598,NAD,Min,Mixed Pallet,0.0000,Min Level,28 Apr 2025
MIN,P1599,NAD,Min,Mixed Pallet,0.0000,Min Level,28 Apr 2025
MIN,P1600,NAD,Min,Mixed Pallet,0.0000,Min Level,28 Apr 2025
MIN,P1601,NAD,Min,Mixed Pallet,0.0000,Min Level,28 Apr 2025
MIN,P1602,NAD,Min,Mixed Pallet,0.0000,Min Level,28 Apr 2025
MIN,P1603,NAD,Min,Mixed Pallet,0.0000,Min Level,28 Apr 2025
MIN,P1604,NAD,Min,Mixed Pallet,0.0000,Min Level,28 Apr 2025
MIN,P1605,NAD,Min,Mixed Pallet,0.0000,Min Level,28 Apr 2025
MIN,P1606,NAD,Min,Mixed Pallet,0.0000,Min Level,28 Apr 2025
MIN,P1607,NAD,Min,Mixed Pallet,0.0000,Min Level,28 Apr 2025
MIN,P1608,NAD,Min,Mixed Pallet,0.0000,Min Level,28 Apr 2025
MIN,T455,Trendcorp,Min,Mixed Pallet,0.0000,Min Level,28 Apr 2025
MIN,T456,Trendcorp,Min,Mixed Pallet,0.0000,Min Level,28 Apr 2025
MIN,T457,Trendcorp,Min,Mixed Pallet,0.0000,Min Level,28 Apr 2025
MIN,T458,Trendcorp,Min,Mixed Pallet,0.0000,Min Level,28 Apr 2025
MIN,T459,Trendcorp,Min,Mixed Pallet,0.0000,Min Level,28 Apr 2025
MIN,T460,Trendcorp,Min,Mixed Pallet,0.0000,Min Level,28 Apr 2025
MIN,T461,Trendcorp,Min,Mixed Pallet,0.0000,Min Level,28 Apr 2025
MIN,T462,Trendcorp,Min,Mixed Pallet,0.0000,Min Level,28 Apr 2025
MIN,T463,Trendcorp,Min,Mixed Pallet,0.0000,Min Level,28 Apr 2025
MIN,T464,Trendcorp,Min,Mixed Pallet,0.0000,Min Level,28 Apr 2025
MIN,T465,Trendcorp,Min,Mixed Pallet,0.0000,Min Level,28 Apr 2025
MIN,T466,Trendcorp,Min,Mixed Pallet,0.0000,Min Level,28 Apr 2025
MIN,T467,Trendcorp,Min,Mixed Pallet,0.0000,Min Level,28 Apr 2025
MIN,T468,Trendcorp,Min,Mixed Pallet,0.0000,Min Level,28 Apr 2025
MIN,T469,Trendcorp,Min,Mixed Pallet,0.0000,Min Level,28 Apr 2025
MIN,T470,Trendcorp,Min,Mixed Pallet,0.0000,Min Level,28 Apr 2025
MIN,T471,Trendcorp,Min,Mixed Pallet,0.0000,Min Level,28 Apr 2025
MIN,T472,Trendcorp,Min,Mixed Pallet,0.0000,Min Level,28 Apr 2025
MIN,T473,Trendcorp,Min,Mixed Pallet,0.0000,Min Level,28 Apr 2025
MIN,T474,Trendcorp,Min,Mixed Pallet,0.0000,Min Level,28 Apr 2025
MIN,T475,Trendcorp,Min,Mixed Pallet,0.0000,Min Level,28 Apr 2025
MIN,T476,Trendcorp,Min,Mixed Pallet,0.0000,Min Level,28 Apr 2025
MIN,T477,Trendcorp,Min,Mixed Pallet,0.0000,Min Level,28 Apr 2025
MIN,T478,Trendcorp,Min,Mixed Pallet,0.0000,Min Level,28 Apr 2025
MIN,T479,Trendcorp,Min,Mixed Pallet,0.0000,Min Level,28 Apr 2025
MIN,T480,Trendcorp,Min,Mixed Pallet,0.0000,Min Level,28 Apr 2025
MIN,T481,Trendcorp,Min,Mixed Pallet,0.0000,Min Level,28 Apr 2025
MIN,T482,Trendcorp,Min,Mixed Pallet,0.0000,Min Level,28 Apr 2025
MIN,T483,Trendcorp,Min,Mixed Pallet,0.0000,Min Level,28 Apr 2025
MIN,T484,Trendcorp,Min,Mixed Pallet,0.0000,Min Level,28 Apr 2025
MIN,T485,Trendcorp,Min,Mixed Pallet,0.0000,Min Level,28 Apr 2025
MIN,TANKINT680X240-C,Isinkwe Energies,Min,Tank Int 680x240 - 68LT,0.0000,Min Level,28 Apr 2025
MIN,TANKINT680X240-D,Isinkwe Energies,Min,Tank Int 680x240 - 68LT,0.0000,Min Level,28 Apr 2025
MIN,TANKINT680X240-E,Isinkwe Energies,Min,Tank Int 680x240 - 68LT,0.0000,Min Level,28 Apr 2025
MIN,TANKINT650X200-D,Isinkwe Energies,Min,Tank Int 650 x 200 - 50LT,0.0000,Min Level,28 Apr 2025
MIN,TANKINT650X200-E,Isinkwe Energies,Min,Tank Int 650 x 200 - 50LT,0.0000,Min Level,28 Apr 2025
MIN,TANKINT650X200-F,Isinkwe Energies,Min,Tank Int 650 x 200 - 50LT,0.0000,Min Level,28 Apr 2025
MIN,TANKINT650X250-A,Isinkwe Energies,Min,Tank Internal 650x250 - 66LT,0.0000,Min Level,28 Apr 2025
MIN,MUL200-204/30-A,Isinkwe Energies,Min,Multivalve 200-204/30,0.0000,Min Level,28 Apr 2025
MIN,T486,Trendcorp,Min,Mixed Pallet,0.0000,Min Level,28 Apr 2025
MIN,T487,Trendcorp,Min,Mixed Pallet,0.0000,Min Level,28 Apr 2025
MIN,T488,Trendcorp,Min,Mixed Pallet,0.0000,Min Level,28 Apr 2025
MIN,T489,Trendcorp,Min,Mixed Pallet,0.0000,Min Level,28 Apr 2025
MIN,T490,Trendcorp,Min,Mixed Pallet,0.0000,Min Level,28 Apr 2025
MIN,T491,Trendcorp,Min,Mixed Pallet,0.0000,Min Level,28 Apr 2025
MIN,T492,Trendcorp,Min,Mixed Pallet,0.0000,Min Level,28 Apr 2025
MIN,T493,Trendcorp,Min,Mixed Pallet,0.0000,Min Level,28 Apr 2025
MIN,T494,Trendcorp,Min,Mixed Pallet,0.0000,Min Level,28 Apr 2025
MIN,T495,Trendcorp,Min,Mixed Pallet,0.0000,Min Level,28 Apr 2025
MIN,MULTOR225/30,Isinkwe Energies,Min,Multivalve 225/30,0.0000,Min Level,28 Apr 2025
MIN,3743868,Kynor,Min,Housewire Conduit PVC Pipe GLS Bulb cool white ES,0.0000,Min Level,28 Apr 2025
MIN,T496,Trendcorp,Min,Mixed Pallet,0.0000,Min Level,28 Apr 2025
MIN,T497,Trendcorp,Min,Mixed Pallet,0.0000,Min Level,28 Apr 2025
MIN,T498,Trendcorp,Min,Mixed Pallet,0.0000,Min Level,28 Apr 2025
MIN,T499,Trendcorp,Min,Mixed Pallet,0.0000,Min Level,28 Apr 2025
MIN,T500,Trendcorp,Min,Mixed Pallet,0.0000,Min Level,28 Apr 2025
MIN,T501,Trendcorp,Min,Mixed Pallet,0.0000,Min Level,28 Apr 2025
MIN,T502,Trendcorp,Min,Mixed Pallet,0.0000,Min Level,28 Apr 2025
MIN,T503,Trendcorp,Min,Mixed Pallet,0.0000,Min Level,28 Apr 2025
MIN,T504,Trendcorp,Min,Mixed Pallet,0.0000,Min Level,28 Apr 2025
MIN,T505,Trendcorp,Min,Mixed Pallet,0.0000,Min Level,28 Apr 2025
MIN,T506,Trendcorp,Min,Mixed Pallet,0.0000,Min Level,28 Apr 2025
MIN,T507,Trendcorp,Min,Mixed Pallet,0.0000,Min Level,28 Apr 2025
MIN,T508,Trendcorp,Min,Mixed Pallet,0.0000,Min Level,28 Apr 2025
MIN,T509,Trendcorp,Min,Mixed Pallet,0.0000,Min Level,28 Apr 2025
MIN,T510,Trendcorp,Min,Mixed Pallet,0.0000,Min Level,28 Apr 2025
MIN,T511,Trendcorp,Min,Mixed Pallet,0.0000,Min Level,28 Apr 2025
MIN,T512,Trendcorp,Min,Mixed Pallet,0.0000,Min Level,28 Apr 2025
MIN,T513,Trendcorp,Min,Mixed Pallet,0.0000,Min Level,28 Apr 2025
MIN,T514,Trendcorp,Min,Mixed Pallet,0.0000,Min Level,28 Apr 2025
MIN,T516,Trendcorp,Min,Mixed Pallet,0.0000,Min Level,28 Apr 2025
MIN,T517,Trendcorp,Min,Mixed Pallet,0.0000,Min Level,28 Apr 2025
MIN,T518,Trendcorp,Min,Mixed Pallet,0.0000,Min Level,28 Apr 2025
MIN,T519,Trendcorp,Min,Mixed Pallet,0.0000,Min Level,28 Apr 2025
MIN,T520,Trendcorp,Min,Mixed Pallet,0.0000,Min Level,28 Apr 2025
MIN,T521,Trendcorp,Min,Mixed Pallet,0.0000,Min Level,28 Apr 2025
MIN,T522,Trendcorp,Min,Mixed Pallet,0.0000,Min Level,28 Apr 2025
MIN,T523,Trendcorp,Min,Mixed Pallet,0.0000,Min Level,28 Apr 2025
MIN,T524,Trendcorp,Min,Mixed Pallet,0.0000,Min Level,28 Apr 2025
MIN,T525,Trendcorp,Min,Mixed Pallet,0.0000,Min Level,28 Apr 2025
MIN,T526,Trendcorp,Min,Mixed Pallet,0.0000,Min Level,28 Apr 2025
MIN,T527,Trendcorp,Min,Mixed Pallet,0.0000,Min Level,28 Apr 2025
MIN,HC421D,Hygizone,Min,Hygizone Touchless Concealed Cistern,0.0000,Min Level,28 Apr 2025
MIN,3743889-15,Kynor,Min,Electrical Goods,0.0000,Min Level,28 Apr 2025
MIN,3744319,Kynor,Min,Electrical Goods,0.0000,Min Level,28 Apr 2025
MIN,3744367,Kynor,Min,Electrical Goods,0.0000,Min Level,28 Apr 2025
MIN,3744375,Kynor,Min,Electrical Goods,0.0000,Min Level,28 Apr 2025
MIN,P1628,NAD,Min,Mixed Pallet,0.0000,Min Level,28 Apr 2025
MIN,P1629,NAD,Min,Mixed Pallet,0.0000,Min Level,28 Apr 2025
MIN,P1630,NAD,Min,Mixed Pallet,0.0000,Min Level,28 Apr 2025
MIN,P1631,NAD,Min,Mixed Pallet,0.0000,Min Level,28 Apr 2025
MIN,P1632,NAD,Min,Mixed Pallet,0.0000,Min Level,28 Apr 2025
MIN,P1633,NAD,Min,Mixed Pallet,0.0000,Min Level,28 Apr 2025
MIN,P1634,NAD,Min,Mixed Pallet,0.0000,Min Level,28 Apr 2025
MIN,P1635,NAD,Min,Mixed Pallet,0.0000,Min Level,28 Apr 2025
MIN,P1636,NAD,Min,Mixed Pallet,0.0000,Min Level,28 Apr 2025
MIN,P1637,NAD,Min,Mixed Pallet,0.0000,Min Level,28 Apr 2025
MIN,P1638,NAD,Min,Mixed Pallet,0.0000,Min Level,28 Apr 2025
MIN,P1639,NAD,Min,Mixed Pallet,0.0000,Min Level,28 Apr 2025
MIN,P1640,NAD,Min,Mixed Pallet,0.0000,Min Level,28 Apr 2025
MIN,P1641,NAD,Min,Mixed Pallet,0.0000,Min Level,28 Apr 2025
MIN,P1642,NAD,Min,Mixed Pallet,0.0000,Min Level,28 Apr 2025
MIN,P1643,NAD,Min,Mixed Pallet,0.0000,Min Level,28 Apr 2025
MIN,P1644,NAD,Min,Mixed Pallet,0.0000,Min Level,28 Apr 2025
MIN,P1645,NAD,Min,Mixed Pallet,0.0000,Min Level,28 Apr 2025
MIN,P1646,NAD,Min,Mixed Pallet,0.0000,Min Level,28 Apr 2025
MIN,P1647,NAD,Min,Mixed Pallet,0.0000,Min Level,28 Apr 2025
MIN,P1648,NAD,Min,Mixed Pallet,0.0000,Min Level,28 Apr 2025
MIN,P1649,NAD,Min,Mixed Pallet,0.0000,Min Level,28 Apr 2025
MIN,P1650,NAD,Min,Mixed Pallet,0.0000,Min Level,28 Apr 2025
MIN,P1618,NAD,Min,Mixed Pallet,0.0000,Min Level,28 Apr 2025
MIN,P1622,NAD,Min,Mixed Pallet,0.0000,Min Level,28 Apr 2025
MIN,P1619,NAD,Min,Mixed Pallet,0.0000,Min Level,28 Apr 2025
MIN,P1621,NAD,Min,Mixed Pallet,0.0000,Min Level,28 Apr 2025
MIN,P1624,NAD,Min,Mixed Pallet,0.0000,Min Level,28 Apr 2025
MIN,P1625,NAD,Min,Mixed Pallet,0.0000,Min Level,28 Apr 2025
MIN,P1626,NAD,Min,Mixed Pallet,0.0000,Min Level,28 Apr 2025
MIN,P1627,NAD,Min,Mixed Pallet,0.0000,Min Level,28 Apr 2025
MIN,P1614,NAD,Min,Mixed Pallet,0.0000,Min Level,28 Apr 2025
MIN,P1615,NAD,Min,Mixed Pallet,0.0000,Min Level,28 Apr 2025
MIN,P1616,NAD,Min,Mixed Pallet,0.0000,Min Level,28 Apr 2025
MIN,P1617,NAD,Min,Mixed Pallet,0.0000,Min Level,28 Apr 2025
MIN,P1611,NAD,Min,Mixed Pallet,0.0000,Min Level,28 Apr 2025
MIN,P1612,NAD,Min,Mixed Pallet,0.0000,Min Level,28 Apr 2025
MIN,P1620,NAD,Min,Mixed Pallet,0.0000,Min Level,28 Apr 2025
MIN,P1623,NAD,Min,Mixed Pallet,0.0000,Min Level,28 Apr 2025
MIN,P1613,NAD,Min,Mixed Pallet,0.0000,Min Level,28 Apr 2025
MIN,T531,Trendcorp,Min,Mixed Pallet,0.0000,Min Level,28 Apr 2025
MIN,T530,Trendcorp,Min,Mixed Pallet,0.0000,Min Level,28 Apr 2025
MIN,T529,Trendcorp,Min,Mixed Pallet,0.0000,Min Level,28 Apr 2025
MIN,T532,Trendcorp,Min,Mixed Pallet,0.0000,Min Level,28 Apr 2025
MIN,T533,Trendcorp,Min,Mixed Pallet,0.0000,Min Level,28 Apr 2025
MIN,T534,Trendcorp,Min,Mixed Pallet,0.0000,Min Level,28 Apr 2025
MIN,T535,Trendcorp,Min,Mixed Pallet,0.0000,Min Level,28 Apr 2025
MIN,T536,Trendcorp,Min,Mixed Pallet,0.0000,Min Level,28 Apr 2025
MIN,T537,Trendcorp,Min,Mixed Pallet,0.0000,Min Level,28 Apr 2025
MIN,T538,Trendcorp,Min,Mixed Pallet,0.0000,Min Level,28 Apr 2025
MIN,T539,Trendcorp,Min,Mixed Pallet,0.0000,Min Level,28 Apr 2025
MIN,T540,Trendcorp,Min,Mixed Pallet,0.0000,Min Level,28 Apr 2025
MIN,T541,Trendcorp,Min,Mixed Pallet,0.0000,Min Level,28 Apr 2025
MIN,T542,Trendcorp,Min,Mixed Pallet,0.0000,Min Level,28 Apr 2025
MIN,T543,Trendcorp,Min,Mixed Pallet,0.0000,Min Level,28 Apr 2025
MIN,T544,Trendcorp,Min,Mixed Pallet,0.0000,Min Level,28 Apr 2025
MIN,T545,Trendcorp,Min,Mixed Pallet,0.0000,Min Level,28 Apr 2025
MIN,T546,Trendcorp,Min,Mixed Pallet,0.0000,Min Level,28 Apr 2025
MIN,T547,Trendcorp,Min,Mixed Pallet,0.0000,Min Level,28 Apr 2025
MIN,T548,Trendcorp,Min,Mixed Pallet,0.0000,Min Level,28 Apr 2025
MIN,T549,Trendcorp,Min,Mixed Pallet,0.0000,Min Level,28 Apr 2025
MIN,T550,Trendcorp,Min,Mixed Pallet,0.0000,Min Level,28 Apr 2025
MIN,T551,Trendcorp,Min,Mixed Pallet,0.0000,Min Level,28 Apr 2025
MIN,T552,Trendcorp,Min,Mixed Pallet,0.0000,Min Level,28 Apr 2025
MIN,T553,Trendcorp,Min,Mixed Pallet,0.0000,Min Level,28 Apr 2025
MIN,T554,Trendcorp,Min,Mixed Pallet,0.0000,Min Level,28 Apr 2025
MIN,T555,Trendcorp,Min,Mixed Pallet,0.0000,Min Level,28 Apr 2025
MIN,T556,Trendcorp,Min,Mixed Pallet,0.0000,Min Level,28 Apr 2025
MIN,T557,Trendcorp,Min,Mixed Pallet,0.0000,Min Level,28 Apr 2025
MIN,T558,Trendcorp,Min,Mixed Pallet,0.0000,Min Level,28 Apr 2025
MIN,FW0001,Trendcorp,Min,Mixed Pallet,0.0000,Min Level,28 Apr 2025
MIN,FW0002,Trendcorp,Min,Mixed Pallet,0.0000,Min Level,28 Apr 2025
MIN,FW0003,Trendcorp,Min,Mixed Pallet,0.0000,Min Level,28 Apr 2025
MIN,FW0004,Trendcorp,Min,Mixed Pallet,0.0000,Min Level,28 Apr 2025
MIN,FW0005,Trendcorp,Min,Mixed Pallet,0.0000,Min Level,28 Apr 2025
MIN,FW0006,Trendcorp,Min,Mixed Pallet,0.0000,Min Level,28 Apr 2025
MIN,FW0007,Trendcorp,Min,Mixed Pallet,0.0000,Min Level,28 Apr 2025
MIN,FW0008,Trendcorp,Min,Mixed Pallet,0.0000,Min Level,28 Apr 2025
MIN,FW0009,Trendcorp,Min,Mixed Pallet,0.0000,Min Level,28 Apr 2025
MIN,FW0010,Trendcorp,Min,Mixed Pallet,0.0000,Min Level,28 Apr 2025
MIN,FW0011,Trendcorp,Min,Mixed Pallet,0.0000,Min Level,28 Apr 2025
MIN,FW0012,Trendcorp,Min,Mixed Pallet,0.0000,Min Level,28 Apr 2025
MIN,FW0013,Trendcorp,Min,Mixed Pallet,0.0000,Min Level,28 Apr 2025
MIN,FW0014,Trendcorp,Min,Mixed Pallet,0.0000,Min Level,28 Apr 2025
MIN,P1651,NAD,Min,Mixed Pallet,0.0000,Min Level,28 Apr 2025
MIN,P1652,NAD,Min,Mixed Pallet,0.0000,Min Level,28 Apr 2025
MIN,P1653,NAD,Min,Mixed Pallet,0.0000,Min Level,28 Apr 2025
MIN,P1654,NAD,Min,Mixed Pallet,0.0000,Min Level,28 Apr 2025
MIN,P1655,NAD,Min,Mixed Pallet,0.0000,Min Level,28 Apr 2025
MIN,P1656,NAD,Min,Mixed Pallet,0.0000,Min Level,28 Apr 2025
MIN,P1657,NAD,Min,Mixed Pallet,0.0000,Min Level,28 Apr 2025
MIN,P1831,NAD,Min,Mixed Pallet,0.0000,Min Level,28 Apr 2025
MIN,P1659,NAD,Min,Mixed Pallet,0.0000,Min Level,28 Apr 2025
MIN,P1660,NAD,Min,Mixed Pallet,0.0000,Min Level,28 Apr 2025
MIN,P1671,NAD,Min,Mixed Pallet,0.0000,Min Level,28 Apr 2025
MIN,P1672,NAD,Min,Mixed Pallet,0.0000,Min Level,28 Apr 2025
MIN,P1673,NAD,Min,Mixed Pallet,0.0000,Min Level,28 Apr 2025
MIN,P1674,NAD,Min,Mixed Pallet,0.0000,Min Level,28 Apr 2025
MIN,P1675,NAD,Min,Mixed Pallet,0.0000,Min Level,28 Apr 2025
MIN,P1676,NAD,Min,Mixed Pallet,0.0000,Min Level,28 Apr 2025
MIN,P1677,NAD,Min,Mixed Pallet,0.0000,Min Level,28 Apr 2025
MIN,P1678,NAD,Min,Mixed Pallet,0.0000,Min Level,28 Apr 2025
MIN,P1679,NAD,Min,Mixed Pallet,0.0000,Min Level,28 Apr 2025
MIN,P1680,NAD,Min,Mixed Pallet,0.0000,Min Level,28 Apr 2025
MIN,P1681,NAD,Min,Mixed Pallet,0.0000,Min Level,28 Apr 2025
MIN,P1682,NAD,Min,Mixed Pallet,0.0000,Min Level,28 Apr 2025
MIN,P1683,NAD,Min,Mixed Pallet,0.0000,Min Level,28 Apr 2025
MIN,P1684,NAD,Min,Mixed Pallet,0.0000,Min Level,28 Apr 2025
MIN,P1685,NAD,Min,Mixed Pallet,0.0000,Min Level,28 Apr 2025
MIN,FW0015,Trendcorp,Min,Mixed Pallet,0.0000,Min Level,28 Apr 2025
MIN,FW0016,Trendcorp,Min,Mixed Pallet,0.0000,Min Level,28 Apr 2025
MIN,3N0001,Trendcorp,Min,Mixed Pallet,0.0000,Min Level,28 Apr 2025
MIN,3N0002,Trendcorp,Min,Mixed Pallet,0.0000,Min Level,28 Apr 2025
MIN,3N0003,Trendcorp,Min,Mixed Pallet,0.0000,Min Level,28 Apr 2025
MIN,3N0004,Trendcorp,Min,Mixed Pallet,0.0000,Min Level,28 Apr 2025
MIN,3N0005,Trendcorp,Min,Mixed Pallet,0.0000,Min Level,28 Apr 2025
MIN,3N0006,Trendcorp,Min,Mixed Pallet,0.0000,Min Level,28 Apr 2025
MIN,3N0007,Trendcorp,Min,Mixed Pallet,0.0000,Min Level,28 Apr 2025
MIN,3N0008,Trendcorp,Min,Mixed Pallet,0.0000,Min Level,28 Apr 2025
MIN,3N0009,Trendcorp,Min,Mixed Pallet,0.0000,Min Level,28 Apr 2025
MIN,3N0010,Trendcorp,Min,Mixed Pallet,0.0000,Min Level,28 Apr 2025
MIN,FW0017,Trendcorp,Min,Mixed Pallet,0.0000,Min Level,28 Apr 2025
MIN,FW0018,Trendcorp,Min,Mixed Pallet,0.0000,Min Level,28 Apr 2025
MIN,FW0020,Trendcorp,Min,Mixed Pallet,0.0000,Min Level,28 Apr 2025
MIN,FW0021,Trendcorp,Min,Mixed Pallet,0.0000,Min Level,28 Apr 2025
MIN,FW0022,Trendcorp,Min,Mixed Pallet,0.0000,Min Level,28 Apr 2025
MIN,FW0023,Trendcorp,Min,Mixed Pallet,0.0000,Min Level,28 Apr 2025
MIN,FW0024,Trendcorp,Min,Mixed Pallet,0.0000,Min Level,28 Apr 2025
MIN,FW0019,Trendcorp,Min,Mixed Pallet,0.0000,Min Level,28 Apr 2025
MIN,3N0012,Trendcorp,Min,Mixed Pallet,0.0000,Min Level,28 Apr 2025
MIN,3N0013,Trendcorp,Min,Mixed Pallet,0.0000,Min Level,28 Apr 2025
MIN,3N0014,Trendcorp,Min,Mixed Pallet,0.0000,Min Level,28 Apr 2025
MIN,3N0015,Trendcorp,Min,Mixed Pallet,0.0000,Min Level,28 Apr 2025
MIN,3N0016,Trendcorp,Min,Mixed Pallet,0.0000,Min Level,28 Apr 2025
MIN,3N0017,Trendcorp,Min,Mixed Pallet,0.0000,Min Level,28 Apr 2025
MIN,3N0018,Trendcorp,Min,Mixed Pallet,0.0000,Min Level,28 Apr 2025
MIN,3N0019,Trendcorp,Min,Mixed Pallet,0.0000,Min Level,28 Apr 2025
MIN,3N0020,Trendcorp,Min,Mixed Pallet,0.0000,Min Level,28 Apr 2025
MIN,3N0021,Trendcorp,Min,Mixed Pallet,0.0000,Min Level,28 Apr 2025
MIN,3N0022,Trendcorp,Min,Mixed Pallet,0.0000,Min Level,28 Apr 2025
MIN,3N0023,Trendcorp,Min,Mixed Pallet,0.0000,Min Level,28 Apr 2025
MIN,3N0024,Trendcorp,Min,Mixed Pallet,0.0000,Min Level,28 Apr 2025
MIN,3N0025,Trendcorp,Min,Mixed Pallet,0.0000,Min Level,28 Apr 2025
MIN,3N0026,Trendcorp,Min,Mixed Pallet,0.0000,Min Level,28 Apr 2025
MIN,3N0027,Trendcorp,Min,Mixed Pallet,0.0000,Min Level,28 Apr 2025
MIN,3N0028,Trendcorp,Min,Mixed Pallet,0.0000,Min Level,28 Apr 2025
MIN,3N0029,Trendcorp,Min,Mixed Pallet,0.0000,Min Level,28 Apr 2025
MIN,3N0030,Trendcorp,Min,Mixed Pallet,0.0000,Min Level,28 Apr 2025
MIN,3N0011,Trendcorp,Min,Mixed Pallet,0.0000,Min Level,28 Apr 2025
MIN,18+06+18-J,Kiki Trading,Min,18+06+18 Sierraform GT latest 06-03-2025,0.0000,Min Level,28 Apr 2025
MIN,18+06+18-K,Kiki Trading,Min,18+06+18 Sierraform GT latest 06-03-2025,0.0000,Min Level,28 Apr 2025
MIN,18+06+18-L,Kiki Trading,Min,18+06+18 Sierraform GT latest 06-03-2025,0.0000,Min Level,28 Apr 2025
MIN,18+06+18-M,Kiki Trading,Min,18+06+18 Sierraform GT latest 06-03-2025,0.0000,Min Level,28 Apr 2025
MIN,20+00+07-AB,Kiki Trading,Min,20+00+07 Proturf latest 06/03/2025,0.0000,Min Level,28 Apr 2025
MIN,20+00+07-AK,Kiki Trading,Min,20+00+07 Proturf latest 06/03/2025,0.0000,Min Level,28 Apr 2025
MIN,20+00+07-AC,Kiki Trading,Min,20+00+07 Proturf latest 06/03/2025,0.0000,Min Level,28 Apr 2025
MIN,20+00+07-AD,Kiki Trading,Min,20+00+07 Proturf latest 06/03/2025,0.0000,Min Level,28 Apr 2025
MIN,20+00+07-AE,Kiki Trading,Min,20+00+07 Proturf latest 06/03/2025,0.0000,Min Level,28 Apr 2025
MIN,20+00+07-AF,Kiki Trading,Min,20+00+07 Proturf latest 06/03/2025,0.0000,Min Level,28 Apr 2025
MIN,20+00+07-AG,Kiki Trading,Min,20+00+07 Proturf latest 06/03/2025,0.0000,Min Level,28 Apr 2025
MIN,20+00+07-AH,Kiki Trading,Min,20+00+07 Proturf latest 06/03/2025,0.0000,Min Level,28 Apr 2025
MIN,20+00+07-AI,Kiki Trading,Min,20+00+07 Proturf latest 06/03/2025,0.0000,Min Level,28 Apr 2025
MIN,20+00+07-AJ,Kiki Trading,Min,20+00+07 Proturf latest 06/03/2025,0.0000,Min Level,28 Apr 2025
MIN,P1661,NAD,Min,Mixed Pallet,0.0000,Min Level,28 Apr 2025
MIN,P1662,NAD,Min,Mixed Pallet,0.0000,Min Level,28 Apr 2025
MIN,P1663,NAD,Min,Mixed Pallet,0.0000,Min Level,28 Apr 2025
MIN,P1664,NAD,Min,Mixed Pallet,0.0000,Min Level,28 Apr 2025
MIN,P1665,NAD,Min,Mixed Pallet,0.0000,Min Level,28 Apr 2025
MIN,P1666,NAD,Min,Mixed Pallet,0.0000,Min Level,28 Apr 2025
MIN,E00001,Trendcorp,Min,Mixed Pallet,0.0000,Min Level,28 Apr 2025
MIN,E00002,Trendcorp,Min,Mixed Pallet,0.0000,Min Level,28 Apr 2025
MIN,E00003,Trendcorp,Min,Mixed Pallet,0.0000,Min Level,28 Apr 2025
MIN,E00004,Trendcorp,Min,Mixed Pallet,0.0000,Min Level,28 Apr 2025
MIN,E00005,Trendcorp,Min,Mixed Pallet,0.0000,Min Level,28 Apr 2025
MIN,E00006,Trendcorp,Min,Mixed Pallet,0.0000,Min Level,28 Apr 2025
MIN,E00007,Trendcorp,Min,Mixed Pallet,0.0000,Min Level,28 Apr 2025
MIN,E00008,Trendcorp,Min,Mixed Pallet,0.0000,Min Level,28 Apr 2025
MIN,E00009,Trendcorp,Min,Mixed Pallet,0.0000,Min Level,28 Apr 2025
MIN,E00010,Trendcorp,Min,Mixed Pallet,0.0000,Min Level,28 Apr 2025
MIN,E00011,Trendcorp,Min,Mixed Pallet,0.0000,Min Level,28 Apr 2025
MIN,E00012,Trendcorp,Min,Mixed Pallet,0.0000,Min Level,28 Apr 2025
MIN,E00013,Trendcorp,Min,Mixed Pallet,0.0000,Min Level,28 Apr 2025
MIN,E00014,Trendcorp,Min,Mixed Pallet,0.0000,Min Level,28 Apr 2025
MIN,E00015,Trendcorp,Min,Mixed Pallet,0.0000,Min Level,28 Apr 2025
MIN,E00016,Trendcorp,Min,Mixed Pallet,0.0000,Min Level,28 Apr 2025
MIN,E00017,Trendcorp,Min,Mixed Pallet,0.0000,Min Level,28 Apr 2025
MIN,E00018,Trendcorp,Min,Mixed Pallet,0.0000,Min Level,28 Apr 2025
MIN,E00019,Trendcorp,Min,Mixed Pallet,0.0000,Min Level,28 Apr 2025
MIN,E00020,Trendcorp,Min,Mixed Pallet,0.0000,Min Level,28 Apr 2025
MIN,E00021,Trendcorp,Min,Mixed Pallet,0.0000,Min Level,28 Apr 2025
MIN,E00022,Trendcorp,Min,Mixed Pallet,0.0000,Min Level,28 Apr 2025
MIN,E00023,Trendcorp,Min,Mixed Pallet,0.0000,Min Level,28 Apr 2025
MIN,E00024,Trendcorp,Min,Mixed Pallet,0.0000,Min Level,28 Apr 2025
MIN,E00025,Trendcorp,Min,Mixed Pallet,0.0000,Min Level,28 Apr 2025
MIN,E00026,Trendcorp,Min,Mixed Pallet,0.0000,Min Level,28 Apr 2025
MIN,P1686,NAD,Min,Mixed Pallet,0.0000,Min Level,28 Apr 2025
MIN,P1687,NAD,Min,Mixed Pallet,0.0000,Min Level,28 Apr 2025
MIN,P1688,NAD,Min,Mixed Pallet,0.0000,Min Level,28 Apr 2025
MIN,P1689,NAD,Min,Mixed Pallet,0.0000,Min Level,28 Apr 2025
MIN,P1690,NAD,Min,Mixed Pallet,0.0000,Min Level,28 Apr 2025
MIN,P1691,NAD,Min,Mixed Pallet,0.0000,Min Level,28 Apr 2025
MIN,P1692,NAD,Min,Mixed Pallet,0.0000,Min Level,28 Apr 2025
MIN,P1693,NAD,Min,Mixed Pallet,0.0000,Min Level,28 Apr 2025
MIN,P1694,NAD,Min,Mixed Pallet,0.0000,Min Level,28 Apr 2025
MIN,P1695,NAD,Min,Mixed Pallet,0.0000,Min Level,28 Apr 2025
MIN,P1696,NAD,Min,Mixed Pallet,0.0000,Min Level,28 Apr 2025
MIN,P1697,NAD,Min,Mixed Pallet,0.0000,Min Level,28 Apr 2025
MIN,P1698,NAD,Min,Mixed Pallet,0.0000,Min Level,28 Apr 2025
MIN,P1699,NAD,Min,Mixed Pallet,0.0000,Min Level,28 Apr 2025
MIN,P1701,NAD,Min,Mixed Pallet,0.0000,Min Level,28 Apr 2025
MIN,P1702,NAD,Min,Mixed Pallet,0.0000,Min Level,28 Apr 2025
MIN,P1703,NAD,Min,Mixed Pallet,0.0000,Min Level,28 Apr 2025
MIN,P1705,NAD,Min,Mixed Pallet,0.0000,Min Level,28 Apr 2025
MIN,P1706,NAD,Min,Mixed Pallet,0.0000,Min Level,28 Apr 2025
MIN,P1707,NAD,Min,Mixed Pallet,0.0000,Min Level,28 Apr 2025
MIN,P1700,NAD,Min,Mixed Pallet,0.0000,Min Level,28 Apr 2025
MIN,P1704,NAD,Min,Mixed Pallet,0.0000,Min Level,28 Apr 2025
MIN,T515,Trendcorp,Min,Mixed Pallet,0.0000,Min Level,28 Apr 2025
MIN,P1708,NAD,Min,Mixed Pallet,0.0000,Min Level,28 Apr 2025
MIN,P1709,NAD,Min,Mixed Pallet,0.0000,Min Level,28 Apr 2025
MIN,P1710,NAD,Min,Mixed Pallet,0.0000,Min Level,28 Apr 2025
MIN,P1711,NAD,Min,Mixed Pallet,0.0000,Min Level,28 Apr 2025
MIN,P1712,NAD,Min,Mixed Pallet,0.0000,Min Level,28 Apr 2025
MIN,P1713,NAD,Min,Mixed Pallet,0.0000,Min Level,28 Apr 2025
MIN,P1714,NAD,Min,Mixed Pallet,0.0000,Min Level,28 Apr 2025
MIN,P1715,NAD,Min,Mixed Pallet,0.0000,Min Level,28 Apr 2025
MIN,P1716,NAD,Min,Mixed Pallet,0.0000,Min Level,28 Apr 2025
MIN,P1717,NAD,Min,Mixed Pallet,0.0000,Min Level,28 Apr 2025
MIN,P1718,NAD,Min,Mixed Pallet,0.0000,Min Level,28 Apr 2025
MIN,P1719,NAD,Min,Mixed Pallet,0.0000,Min Level,28 Apr 2025
MIN,P1720,NAD,Min,Mixed Pallet,0.0000,Min Level,28 Apr 2025
MIN,P1721,NAD,Min,Mixed Pallet,0.0000,Min Level,28 Apr 2025
MIN,P1722,NAD,Min,Mixed Pallet,0.0000,Min Level,28 Apr 2025
MIN,P1723,NAD,Min,Mixed Pallet,0.0000,Min Level,28 Apr 2025
MIN,3N0031,Trendcorp,Min,Mixed Pallet,0.0000,Min Level,28 Apr 2025
MIN,3N0032,Trendcorp,Min,Mixed Pallet,0.0000,Min Level,28 Apr 2025
MIN,3N0033,Trendcorp,Min,Mixed Pallet,0.0000,Min Level,28 Apr 2025
MIN,3N0034,Trendcorp,Min,Mixed Pallet,0.0000,Min Level,28 Apr 2025
MIN,3N0035,Trendcorp,Min,Mixed Pallet,0.0000,Min Level,28 Apr 2025
MIN,3N0036,Trendcorp,Min,Mixed Pallet,0.0000,Min Level,28 Apr 2025
MIN,3N0037,Trendcorp,Min,Mixed Pallet,0.0000,Min Level,28 Apr 2025
MIN,3N0038,Trendcorp,Min,Mixed Pallet,0.0000,Min Level,28 Apr 2025
MIN,3N0039,Trendcorp,Min,Mixed Pallet,0.0000,Min Level,28 Apr 2025
MIN,3N0040,Trendcorp,Min,Mixed Pallet,0.0000,Min Level,28 Apr 2025
MIN,3N0041,Trendcorp,Min,Mixed Pallet,0.0000,Min Level,28 Apr 2025
MIN,3N0042,Trendcorp,Min,Mixed Pallet,0.0000,Min Level,28 Apr 2025
MIN,3N0043,Trendcorp,Min,Mixed Pallet,0.0000,Min Level,28 Apr 2025
MIN,3N0044,Trendcorp,Min,Mixed Pallet,0.0000,Min Level,28 Apr 2025
MIN,3N0045,Trendcorp,Min,Mixed Pallet,0.0000,Min Level,28 Apr 2025
MIN,3N0046,Trendcorp,Min,Mixed Pallet,0.0000,Min Level,28 Apr 2025
MIN,3N0047,Trendcorp,Min,Mixed Pallet,0.0000,Min Level,28 Apr 2025
MIN,3N0048,Trendcorp,Min,Mixed Pallet,0.0000,Min Level,28 Apr 2025
MIN,3N0049,Trendcorp,Min,Mixed Pallet,0.0000,Min Level,28 Apr 2025
MIN,3N0050,Trendcorp,Min,Mixed Pallet,0.0000,Min Level,28 Apr 2025
MIN,3N0051,Trendcorp,Min,Mixed Pallet,0.0000,Min Level,28 Apr 2025
MIN,P1724,NAD,Min,Mixed Pallet,0.0000,Min Level,28 Apr 2025
MIN,P1725,NAD,Min,Mixed Pallet,0.0000,Min Level,28 Apr 2025
MIN,P1727,NAD,Min,Mixed Pallet,0.0000,Min Level,28 Apr 2025
MIN,P1726,NAD,Min,Mixed Pallet,0.0000,Min Level,28 Apr 2025
MIN,P1728,NAD,Min,Mixed Pallet,0.0000,Min Level,28 Apr 2025
MIN,CACS599-N,Bambino,Min,Stylo Car Seat - Black/Sliver,0.0000,Min Level,28 Apr 2025
MIN,CACS599-O,Bambino,Min,Stylo Car Seat - Black/Sliver,0.0000,Min Level,28 Apr 2025
MIN,CACS599-P,Bambino,Min,Stylo Car Seat - Black/Sliver,0.0000,Min Level,28 Apr 2025
MIN,CACS599-Q,Bambino,Min,Stylo Car Seat - Black/Sliver,0.0000,Min Level,28 Apr 2025
MIN,CACS599-R,Bambino,Min,Stylo Car Seat - Black/Sliver,0.0000,Min Level,28 Apr 2025
MIN,P1729,NAD,Min,Mixed Pallet,0.0000,Min Level,28 Apr 2025
MIN,P1730,NAD,Min,Mixed Pallet,0.0000,Min Level,28 Apr 2025
MIN,P1731,NAD,Min,Mixed Pallet,0.0000,Min Level,28 Apr 2025
MIN,P1732,NAD,Min,Mixed Pallet,0.0000,Min Level,28 Apr 2025
MIN,P1733,NAD,Min,Mixed Pallet,0.0000,Min Level,28 Apr 2025
MIN,P1734,NAD,Min,Mixed Pallet,0.0000,Min Level,28 Apr 2025
MIN,P1735,NAD,Min,Mixed Pallet,0.0000,Min Level,28 Apr 2025
MIN,P1736,NAD,Min,Mixed Pallet,0.0000,Min Level,28 Apr 2025
MIN,P1737,NAD,Min,Mixed Pallet,0.0000,Min Level,28 Apr 2025
MIN,P1738,NAD,Min,Mixed Pallet,0.0000,Min Level,28 Apr 2025
MIN,P1739,NAD,Min,Mixed Pallet,0.0000,Min Level,28 Apr 2025
MIN,P1740,NAD,Min,Mixed Pallet,0.0000,Min Level,28 Apr 2025
MIN,P1741,NAD,Min,Mixed Pallet,0.0000,Min Level,28 Apr 2025
MIN,P1742,NAD,Min,Mixed Pallet,0.0000,Min Level,28 Apr 2025
MIN,P1743,NAD,Min,Mixed Pallet,0.0000,Min Level,28 Apr 2025
MIN,P1744,NAD,Min,Mixed Pallet,0.0000,Min Level,28 Apr 2025
MIN,P1745,NAD,Min,Mixed Pallet,0.0000,Min Level,28 Apr 2025
MIN,P1746,NAD,Min,Mixed Pallet,0.0000,Min Level,28 Apr 2025
MIN,P1747,NAD,Min,Mixed Pallet,0.0000,Min Level,28 Apr 2025
MIN,P1748,NAD,Min,Mixed Pallet,0.0000,Min Level,28 Apr 2025
MIN,3N0052,Trendcorp,Min,Mixed Pallet,0.0000,Min Level,28 Apr 2025
MIN,3N0053,Trendcorp,Min,Mixed Pallet,0.0000,Min Level,28 Apr 2025
MIN,3N0054,Trendcorp,Min,Mixed Pallet,0.0000,Min Level,28 Apr 2025
MIN,FW0025,Trendcorp,Min,Mixed Pallet,0.0000,Min Level,28 Apr 2025
MIN,FW0026,Trendcorp,Min,Mixed Pallet,0.0000,Min Level,28 Apr 2025
MIN,FW0027,Trendcorp,Min,Mixed Pallet,0.0000,Min Level,28 Apr 2025
MIN,FW0028,Trendcorp,Min,Mixed Pallet,0.0000,Min Level,28 Apr 2025
MIN,FW0029,Trendcorp,Min,Mixed Pallet,0.0000,Min Level,28 Apr 2025
MIN,FW0030,Trendcorp,Min,Mixed Pallet,0.0000,Min Level,28 Apr 2025
MIN,FW0031,Trendcorp,Min,Mixed Pallet,0.0000,Min Level,28 Apr 2025
MIN,FW0032,Trendcorp,Min,Mixed Pallet,0.0000,Min Level,28 Apr 2025
MIN,PRFB-A,KMS,Min,Pyrofil Bulk,0.0000,Min Level,28 Apr 2025
MIN,P1749,NAD,Min,Mixed Pallet,0.0000,Min Level,28 Apr 2025
MIN,P1750,NAD,Min,Mixed Pallet,0.0000,Min Level,28 Apr 2025
MIN,3743889-16,Kynor,Min,Electrical Goods,0.0000,Min Level,28 Apr 2025
MIN,CACS599-S,Bambino,Min,Stylo Black Car Seat,0.0000,Min Level,28 Apr 2025
MIN,CACS599-T,Bambino,Min,Stylo Black Car Seat,0.0000,Min Level,28 Apr 2025
MIN,CACS599-U,Bambino,Min,Stylo Black Car Seat,0.0000,Min Level,28 Apr 2025
MIN,CACS599-V,Bambino,Min,Stylo Black Car Seat,0.0000,Min Level,28 Apr 2025
MIN,CACS599-W,Bambino,Min,Stylo Black Car Seat,0.0000,Min Level,28 Apr 2025
MIN,CACS599-X,Bambino,Min,Stylo Black Car Seat,0.0000,Min Level,28 Apr 2025
MIN,CACS599-Y,Bambino,Min,Stylo Black Car Seat,0.0000,Min Level,28 Apr 2025
MIN,CACS599-Z,Bambino,Min,Stylo Black Car Seat,0.0000,Min Level,28 Apr 2025
MIN,CACS599-AA,Bambino,Min,Stylo Black Car Seat,0.0000,Min Level,28 Apr 2025
MIN,CACS599-AB,Bambino,Min,Stylo Black Car Seat,0.0000,Min Level,28 Apr 2025
MIN,CACS599-AC,Bambino,Min,Stylo Black Car Seat,0.0000,Min Level,28 Apr 2025
MIN,CACS599-AD,Bambino,Min,Stylo Black Car Seat,0.0000,Min Level,28 Apr 2025
MIN,CACS599-AE,Bambino,Min,Stylo Black Car Seat,0.0000,Min Level,28 Apr 2025
MIN,CACS599-AF,Bambino,Min,Stylo Black Car Seat,0.0000,Min Level,28 Apr 2025
MIN,CACS599-AG,Bambino,Min,Stylo Black Car Seat,0.0000,Min Level,28 Apr 2025
MIN,CACS599-AH,Bambino,Min,Stylo Black Car Seat,0.0000,Min Level,28 Apr 2025
MIN,CACS599-AI,Bambino,Min,Stylo Black Car Seat,0.0000,Min Level,28 Apr 2025
MIN,CACS599-AJ,Bambino,Min,Stylo Black Car Seat,0.0000,Min Level,28 Apr 2025
MIN,CACS599-AK,Bambino,Min,Stylo Black Car Seat,0.0000,Min Level,28 Apr 2025
MIN,CACS599-AL,Bambino,Min,Stylo Black Car Seat,0.0000,Min Level,28 Apr 2025
MIN,CACS599-AN,Bambino,Min,Stylo Black Car Seat,0.0000,Min Level,28 Apr 2025
MIN,CACS599-AM,Bambino,Min,Stylo Black Car Seat,0.0000,Min Level,28 Apr 2025
MIN,FW0033,Trendcorp,Min,Mixed Pallet,0.0000,Min Level,28 Apr 2025
MIN,FW0034,Trendcorp,Min,Mixed Pallet,0.0000,Min Level,28 Apr 2025
MIN,FW0035,Trendcorp,Min,Mixed Pallet,0.0000,Min Level,28 Apr 2025
MIN,FW0036,Trendcorp,Min,Mixed Pallet,0.0000,Min Level,28 Apr 2025
MIN,FW0037,Trendcorp,Min,Mixed Pallet,0.0000,Min Level,28 Apr 2025
MIN,FW0038,Trendcorp,Min,Mixed Pallet,0.0000,Min Level,28 Apr 2025
MIN,FW0039,Trendcorp,Min,Mixed Pallet,0.0000,Min Level,28 Apr 2025
MIN,FW0040,Trendcorp,Min,Mixed Pallet,0.0000,Min Level,28 Apr 2025
MIN,FW0041,Trendcorp,Min,Mixed Pallet,0.0000,Min Level,28 Apr 2025
MIN,FW0042,Trendcorp,Min,Mixed Pallet,0.0000,Min Level,28 Apr 2025
MIN,FW0043,Trendcorp,Min,Mixed Pallet,0.0000,Min Level,28 Apr 2025
MIN,FW0044,Trendcorp,Min,Mixed Pallet,0.0000,Min Level,28 Apr 2025
MIN,FW0045,Trendcorp,Min,Mixed Pallet,0.0000,Min Level,28 Apr 2025
MIN,FW0046,Trendcorp,Min,Mixed Pallet,0.0000,Min Level,28 Apr 2025
MIN,FW0047,Trendcorp,Min,Mixed Pallet,0.0000,Min Level,28 Apr 2025
MIN,FW0048,Trendcorp,Min,Mixed Pallet,0.0000,Min Level,28 Apr 2025
MIN,MFCFC18,Niemann,Min,FC18 Talco Fiocco,0.0000,Min Level,28 Apr 2025
MIN,MFCS128,Niemann,Min,S128 Pembroke Maloja,0.0000,Min Level,28 Apr 2025
MIN,MFCS185,Niemann,Min,S185 Quercia,0.0000,Min Level,28 Apr 2025
MIN,MFCS181,Niemann,Min,S181 Quercia,0.0000,Min Level,28 Apr 2025
MIN,944763A,Niemann,Min,FA84 Madreperiato,0.0000,Min Level,28 Apr 2025
MIN,970119B,Niemann,Min,FB49 DK Brown Leather,0.0000,Min Level,28 Apr 2025
MIN,T528,Trendcorp,Min,Mixed Pallet,0.0000,Min Level,28 Apr 2025
MIN,CACS599-AO,Bambino,Min,Stylo Car Seat - Black/Sliver,0.0000,Min Level,28 Apr 2025
MIN,CACS599-AP,Bambino,Min,Stylo Car Seat - Black/Sliver,0.0000,Min Level,28 Apr 2025
MIN,CACS599-AQ,Bambino,Min,Stylo Car Seat - Black/Sliver,0.0000,Min Level,28 Apr 2025
MIN,CACS599-AR,Bambino,Min,Stylo Car Seat - Black/Sliver,0.0000,Min Level,28 Apr 2025
MIN,CACS599-AS,Bambino,Min,Stylo Car Seat - Black/Sliver,0.0000,Min Level,28 Apr 2025
MIN,CACS599-AT,Bambino,Min,Stylo Car Seat - Black/Sliver,0.0000,Min Level,28 Apr 2025
MIN,CACS599-AU,Bambino,Min,Stylo Car Seat - Black/Sliver,0.0000,Min Level,28 Apr 2025
MIN,CACS599-AV,Bambino,Min,Stylo Car Seat - Black/Sliver,0.0000,Min Level,28 Apr 2025
MIN,CACS599-AW,Bambino,Min,Stylo Car Seat - Black/Sliver,0.0000,Min Level,28 Apr 2025
MIN,CACS599-AX,Bambino,Min,Stylo Car Seat - Black/Sliver,0.0000,Min Level,28 Apr 2025
MIN,CACS599-AY,Bambino,Min,Stylo Car Seat - Black/Sliver,0.0000,Min Level,28 Apr 2025
MIN,CACS599-AZ,Bambino,Min,Stylo Car Seat - Black/Sliver,0.0000,Min Level,28 Apr 2025
MIN,CACS599-BA,Bambino,Min,Stylo Car Seat - Black/Sliver,0.0000,Min Level,28 Apr 2025
MIN,CACS599-BB,Bambino,Min,Stylo Car Seat - Black/Sliver,0.0000,Min Level,28 Apr 2025
MIN,CACS599-BC,Bambino,Min,Stylo Car Seat - Black/Sliver,0.0000,Min Level,28 Apr 2025
MIN,CACS599-BD,Bambino,Min,Stylo Car Seat - Black/Sliver,0.0000,Min Level,28 Apr 2025
MIN,CACS599-BE,Bambino,Min,Stylo Car Seat - Black/Sliver,0.0000,Min Level,28 Apr 2025
MIN,CACS599-BF,Bambino,Min,Stylo Car Seat - Black/Sliver,0.0000,Min Level,28 Apr 2025
MIN,3N0059,Trendcorp,Min,Mixed Pallet,0.0000,Min Level,28 Apr 2025
MIN,3N0055,Trendcorp,Min,Mixed Pallet,0.0000,Min Level,28 Apr 2025
MIN,3N0060,Trendcorp,Min,Mixed Pallet,0.0000,Min Level,28 Apr 2025
MIN,3N0057,Trendcorp,Min,Mixed Pallet,0.0000,Min Level,28 Apr 2025
MIN,3N0056,Trendcorp,Min,Mixed Pallet,0.0000,Min Level,28 Apr 2025
MIN,3N0058,Trendcorp,Min,Mixed Pallet,0.0000,Min Level,28 Apr 2025
MIN,3N0061,Trendcorp,Min,Mixed Pallet,0.0000,Min Level,28 Apr 2025
MIN,3N0062,Trendcorp,Min,Mixed Pallet,0.0000,Min Level,28 Apr 2025
MIN,3N0063,Trendcorp,Min,Mixed Pallet,0.0000,Min Level,28 Apr 2025
MIN,3N0064,Trendcorp,Min,Mixed Pallet,0.0000,Min Level,28 Apr 2025
MIN,P1752,NAD,Min,Mixed Pallet,0.0000,Min Level,28 Apr 2025
MIN,P1753,NAD,Min,Mixed Pallet,0.0000,Min Level,28 Apr 2025
MIN,P1754,NAD,Min,Mixed Pallet,0.0000,Min Level,28 Apr 2025
MIN,P1755,NAD,Min,Mixed Pallet,0.0000,Min Level,28 Apr 2025
MIN,P1756,NAD,Min,Mixed Pallet,0.0000,Min Level,28 Apr 2025
MIN,P1757,NAD,Min,Mixed Pallet,0.0000,Min Level,28 Apr 2025
MIN,P1758,NAD,Min,Mixed Pallet,0.0000,Min Level,28 Apr 2025
MIN,P1759,NAD,Min,Mixed Pallet,0.0000,Min Level,28 Apr 2025
MIN,P1760,NAD,Min,Mixed Pallet,0.0000,Min Level,28 Apr 2025
MIN,P1761,NAD,Min,Mixed Pallet,0.0000,Min Level,28 Apr 2025
MIN,P1762,NAD,Min,Mixed Pallet,0.0000,Min Level,28 Apr 2025
MIN,P1763,NAD,Min,Mixed Pallet,0.0000,Min Level,28 Apr 2025
MIN,CABS400,Bambino,Min,Commuter Booster Cushion,0.0000,Min Level,28 Apr 2025
MIN,KIK104,Kiki Bags,Min,Chateu Gateux Shopper Bags,0.0000,Min Level,28 Apr 2025
MIN,D507-A,ABC Building Materials,Min,ORAC Panel,0.0000,Min Level,28 Apr 2025
MIN,L00001,Trendcorp,Min,Mixed Pallet,0.0000,Min Level,28 Apr 2025
MIN,L00002,Trendcorp,Min,Mixed Pallet,0.0000,Min Level,28 Apr 2025
MIN,L00003,Trendcorp,Min,Mixed Pallet,0.0000,Min Level,28 Apr 2025
MIN,L00004,Trendcorp,Min,Mixed Pallet,0.0000,Min Level,28 Apr 2025
MIN,L00005,Trendcorp,Min,Mixed Pallet,0.0000,Min Level,28 Apr 2025
MIN,L00006,Trendcorp,Min,Mixed Pallet,0.0000,Min Level,28 Apr 2025
MIN,L00007,Trendcorp,Min,Mixed Pallet,0.0000,Min Level,28 Apr 2025
MIN,L00008,Trendcorp,Min,Mixed Pallet,0.0000,Min Level,28 Apr 2025
MIN,L00009,Trendcorp,Min,Mixed Pallet,0.0000,Min Level,28 Apr 2025
MIN,L00010,Trendcorp,Min,Mixed Pallet,0.0000,Min Level,28 Apr 2025
MIN,L00011,Trendcorp,Min,Mixed Pallet,0.0000,Min Level,28 Apr 2025
MIN,L00012,Trendcorp,Min,Mixed Pallet,0.0000,Min Level,28 Apr 2025
MIN,L00013,Trendcorp,Min,Mixed Pallet,0.0000,Min Level,28 Apr 2025
MIN,L00014,Trendcorp,Min,Mixed Pallet,0.0000,Min Level,28 Apr 2025
MIN,FW0049,Trendcorp,Min,Mixed Pallet,0.0000,Min Level,28 Apr 2025
MIN,FW0050,Trendcorp,Min,Mixed Pallet,0.0000,Min Level,28 Apr 2025
MIN,FW0051,Trendcorp,Min,Mixed Pallet,0.0000,Min Level,28 Apr 2025
MIN,FW0052,Trendcorp,Min,Mixed Pallet,0.0000,Min Level,28 Apr 2025
MIN,FW0053,Trendcorp,Min,Mixed Pallet,0.0000,Min Level,28 Apr 2025
MIN,FW0054,Trendcorp,Min,Mixed Pallet,0.0000,Min Level,28 Apr 2025
MIN,FW0055,Trendcorp,Min,Mixed Pallet,0.0000,Min Level,28 Apr 2025
MIN,P1751,NAD,Min,Mixed Pallet,0.0000,Min Level,28 Apr 2025
MIN,CACS599-BG,Bambino,Min,Stylo Car Seat - Black/Sliver,0.0000,Min Level,28 Apr 2025
MIN,CACS599-BH,Bambino,Min,Stylo Car Seat - Black/Sliver,0.0000,Min Level,28 Apr 2025
MIN,CACS599-BI,Bambino,Min,Stylo Car Seat - Black/Sliver,0.0000,Min Level,28 Apr 2025
MIN,CACS599-BJ,Bambino,Min,Stylo Car Seat - Black/Sliver,0.0000,Min Level,28 Apr 2025
MIN,CACS599-BK,Bambino,Min,Stylo Car Seat - Black/Sliver,0.0000,Min Level,28 Apr 2025
MIN,CACS599-BL,Bambino,Min,Stylo Car Seat - Black/Sliver,0.0000,Min Level,28 Apr 2025
MIN,CACS599-BM,Bambino,Min,Stylo Car Seat - Black/Sliver,0.0000,Min Level,28 Apr 2025
MIN,CACS599-BN,Bambino,Min,Stylo Car Seat - Black/Sliver,0.0000,Min Level,28 Apr 2025
MIN,CABC400-B,Bambino,Min,Commuter Booster Cushion,0.0000,Min Level,28 Apr 2025
MIN,CABC400-C,Bambino,Min,Commuter Booster Cushion,0.0000,Min Level,28 Apr 2025
MIN,CACS599-CA,Bambino,Min,Stylo Car Seat - Black/Sliver,0.0000,Min Level,28 Apr 2025
MIN,CACS599-CB,Bambino,Min,Stylo Car Seat - Black/Sliver,0.0000,Min Level,28 Apr 2025
MIN,CACS599-CC,Bambino,Min,Stylo Car Seat - Black/Sliver,0.0000,Min Level,28 Apr 2025
MIN,CACS599-CD,Bambino,Min,Stylo Car Seat - Black/Sliver,0.0000,Min Level,28 Apr 2025
MIN,CACS599-BO,Bambino,Min,Stylo Car Seat - Black/Sliver,0.0000,Min Level,28 Apr 2025
MIN,CACS599-BP,Bambino,Min,Stylo Car Seat - Black/Sliver,0.0000,Min Level,28 Apr 2025
MIN,CACS599-BQ,Bambino,Min,Stylo Car Seat - Black/Sliver,0.0000,Min Level,28 Apr 2025
MIN,CACS599-BR,Bambino,Min,Stylo Car Seat - Black/Sliver,0.0000,Min Level,28 Apr 2025
MIN,CACS599-BS,Bambino,Min,Stylo Car Seat - Black/Sliver,0.0000,Min Level,28 Apr 2025
MIN,CACS599-BT,Bambino,Min,Stylo Car Seat - Black/Sliver,0.0000,Min Level,28 Apr 2025
MIN,CACS599-BU,Bambino,Min,Stylo Car Seat - Black/Sliver,0.0000,Min Level,28 Apr 2025
MIN,CACS599-BV,Bambino,Min,Stylo Car Seat - Black/Sliver,0.0000,Min Level,28 Apr 2025
MIN,CACS599-BW,Bambino,Min,Stylo Car Seat - Black/Sliver,0.0000,Min Level,28 Apr 2025
MIN,CACS599-BX,Bambino,Min,Stylo Car Seat - Black/Sliver,0.0000,Min Level,28 Apr 2025
MIN,CACS599-BY,Bambino,Min,Stylo Car Seat - Black/Sliver,0.0000,Min Level,28 Apr 2025
MIN,CACS599-BZ,Bambino,Min,Stylo Car Seat - Black/Sliver,0.0000,Min Level,28 Apr 2025
MIN,P1768,NAD,Min,Mixed Pallet,0.0000,Min Level,28 Apr 2025
MIN,P1769,NAD,Min,Mixed Pallet,0.0000,Min Level,28 Apr 2025
MIN,P1770,NAD,Min,Mixed Pallet,0.0000,Min Level,28 Apr 2025
MIN,P1771,NAD,Min,Mixed Pallet,0.0000,Min Level,28 Apr 2025
MIN,P1772,NAD,Min,Mixed Pallet,0.0000,Min Level,28 Apr 2025
MIN,P1773,NAD,Min,Mixed Pallet,0.0000,Min Level,28 Apr 2025
MIN,P1774,NAD,Min,Mixed Pallet,0.0000,Min Level,28 Apr 2025
MIN,P1775,NAD,Min,Mixed Pallet,0.0000,Min Level,28 Apr 2025
MIN,FW0056,Trendcorp,Min,Mixed Pallet,0.0000,Min Level,28 Apr 2025
MIN,FW0057,Trendcorp,Min,Mixed Pallet,0.0000,Min Level,28 Apr 2025
MIN,FW0058,Trendcorp,Min,Mixed Pallet,0.0000,Min Level,28 Apr 2025
MIN,FW0059,Trendcorp,Min,Mixed Pallet,0.0000,Min Level,28 Apr 2025
MIN,FW0060,Trendcorp,Min,Mixed Pallet,0.0000,Min Level,28 Apr 2025
MIN,L00015,Trendcorp,Min,Mixed Pallet,0.0000,Min Level,28 Apr 2025
MIN,L00016,Trendcorp,Min,Mixed Pallet,0.0000,Min Level,28 Apr 2025
MIN,3N0065,Trendcorp,Min,Mixed Pallet,0.0000,Min Level,28 Apr 2025
MIN,3N0066,Trendcorp,Min,Mixed Pallet,0.0000,Min Level,28 Apr 2025
MIN,FW0061,Trendcorp,Min,Mixed Pallet,0.0000,Min Level,28 Apr 2025
MIN,FW0062,Trendcorp,Min,Mixed Pallet,0.0000,Min Level,28 Apr 2025
MIN,FW0063,Trendcorp,Min,Mixed Pallet,0.0000,Min Level,28 Apr 2025
MIN,FW0064,Trendcorp,Min,Mixed Pallet,0.0000,Min Level,28 Apr 2025
MIN,FW0065,Trendcorp,Min,Mixed Pallet,0.0000,Min Level,28 Apr 2025
MIN,FW0066,Trendcorp,Min,Mixed Pallet,0.0000,Min Level,28 Apr 2025
MIN,FW0067,Trendcorp,Min,Mixed Pallet,0.0000,Min Level,28 Apr 2025
MIN,FW0068,Trendcorp,Min,Mixed Pallet,0.0000,Min Level,28 Apr 2025
MIN,FW0069,Trendcorp,Min,Mixed Pallet,0.0000,Min Level,28 Apr 2025
MIN,FW0070,Trendcorp,Min,Mixed Pallet,0.0000,Min Level,28 Apr 2025
MIN,FW0071,Trendcorp,Min,Mixed Pallet,0.0000,Min Level,28 Apr 2025
MIN,FW0072,Trendcorp,Min,Mixed Pallet,0.0000,Min Level,28 Apr 2025
MIN,FW0073,Trendcorp,Min,Mixed Pallet,0.0000,Min Level,28 Apr 2025
MIN,FW0074,Trendcorp,Min,Mixed Pallet,0.0000,Min Level,28 Apr 2025
MIN,FW0075,Trendcorp,Min,Mixed Pallet,0.0000,Min Level,28 Apr 2025
MIN,K00001,Trendcorp,Min,Mixed Pallet,0.0000,Min Level,28 Apr 2025
MIN,K00002,Trendcorp,Min,Mixed Pallet,0.0000,Min Level,28 Apr 2025
MIN,K00003,Trendcorp,Min,Mixed Pallet,0.0000,Min Level,28 Apr 2025
MIN,K00004,Trendcorp,Min,Mixed Pallet,0.0000,Min Level,28 Apr 2025
MIN,K00005,Trendcorp,Min,Mixed Pallet,0.0000,Min Level,28 Apr 2025
MIN,K00006,Trendcorp,Min,Mixed Pallet,0.0000,Min Level,28 Apr 2025
MIN,K00007,Trendcorp,Min,Mixed Pallet,0.0000,Min Level,28 Apr 2025
MIN,K00008,Trendcorp,Min,Mixed Pallet,0.0000,Min Level,28 Apr 2025
MIN,K00009,Trendcorp,Min,Mixed Pallet,0.0000,Min Level,28 Apr 2025
MIN,3N0067,Trendcorp,Min,Mixed Pallet,0.0000,Min Level,28 Apr 2025
MIN,3N0068,Trendcorp,Min,Mixed Pallet,0.0000,Min Level,28 Apr 2025
MIN,3N0069,Trendcorp,Min,Mixed Pallet,0.0000,Min Level,28 Apr 2025
MIN,3N0070,Trendcorp,Min,Mixed Pallet,0.0000,Min Level,28 Apr 2025
MIN,3N0071,Trendcorp,Min,Mixed Pallet,0.0000,Min Level,28 Apr 2025
MIN,FW0076,Trendcorp,Min,Mixed Pallet,0.0000,Min Level,28 Apr 2025
MIN,FW0077,Trendcorp,Min,Mixed Pallet,0.0000,Min Level,28 Apr 2025
MIN,FW0078,Trendcorp,Min,Mixed Pallet,0.0000,Min Level,28 Apr 2025
MIN,FW0079,Trendcorp,Min,Mixed Pallet,0.0000,Min Level,28 Apr 2025
MIN,FW0080,Trendcorp,Min,Mixed Pallet,0.0000,Min Level,28 Apr 2025
MIN,FW0081,Trendcorp,Min,Mixed Pallet,0.0000,Min Level,28 Apr 2025
MIN,FW0082,Trendcorp,Min,Mixed Pallet,0.0000,Min Level,28 Apr 2025
MIN,FW0083,Trendcorp,Min,Mixed Pallet,0.0000,Min Level,28 Apr 2025
MIN,FW0084,Trendcorp,Min,Mixed Pallet,0.0000,Min Level,28 Apr 2025
MIN,FW0085,Trendcorp,Min,Mixed Pallet,0.0000,Min Level,28 Apr 2025
MIN,FW0086,Trendcorp,Min,Mixed Pallet,0.0000,Min Level,28 Apr 2025
MIN,FW0087,Trendcorp,Min,Mixed Pallet,0.0000,Min Level,28 Apr 2025
MIN,FW0088,Trendcorp,Min,Mixed Pallet,0.0000,Min Level,28 Apr 2025
MIN,FW0089,Trendcorp,Min,Mixed Pallet,0.0000,Min Level,28 Apr 2025
MIN,FW0090,Trendcorp,Min,Mixed Pallet,0.0000,Min Level,28 Apr 2025
MIN,FW0091,Trendcorp,Min,Mixed Pallet,0.0000,Min Level,28 Apr 2025
MIN,FW0092,Trendcorp,Min,Mixed Pallet,0.0000,Min Level,28 Apr 2025
MIN,P1764,NAD,Min,Mixed Pallet,0.0000,Min Level,28 Apr 2025
MIN,P1765,NAD,Min,Mixed Pallet,0.0000,Min Level,28 Apr 2025
MIN,P1766,NAD,Min,Mixed Pallet,0.0000,Min Level,28 Apr 2025
MIN,P1767,NAD,Min,Mixed Pallet,0.0000,Min Level,28 Apr 2025
MIN,P1776,NAD,Min,Mixed Pallet,0.0000,Min Level,28 Apr 2025
MIN,P1777,NAD,Min,Mixed Pallet,0.0000,Min Level,28 Apr 2025
MIN,P1778,NAD,Min,Mixed Pallet,0.0000,Min Level,28 Apr 2025
MIN,P1779,NAD,Min,Mixed Pallet,0.0000,Min Level,28 Apr 2025
MIN,P1780,NAD,Min,Mixed Pallet,0.0000,Min Level,28 Apr 2025
MIN,P1781,NAD,Min,Mixed Pallet,0.0000,Min Level,28 Apr 2025
MIN,P1782,NAD,Min,Mixed Pallet,0.0000,Min Level,28 Apr 2025
MIN,P1783,NAD,Min,Mixed Pallet,0.0000,Min Level,28 Apr 2025
MIN,P1784,NAD,Min,Mixed Pallet,0.0000,Min Level,28 Apr 2025
MIN,P1785,NAD,Min,Mixed Pallet,0.0000,Min Level,28 Apr 2025
MIN,P1786,NAD,Min,Mixed Pallet,0.0000,Min Level,28 Apr 2025
MIN,P1787,NAD,Min,Mixed Pallet,0.0000,Min Level,28 Apr 2025
MIN,P1788,NAD,Min,Mixed Pallet,0.0000,Min Level,28 Apr 2025
MIN,P1789,NAD,Min,Mixed Pallet,0.0000,Min Level,28 Apr 2025
MIN,P1790,NAD,Min,Mixed Pallet,0.0000,Min Level,28 Apr 2025
MIN,P1791,NAD,Min,Mixed Pallet,0.0000,Min Level,28 Apr 2025
MIN,P1792,NAD,Min,Mixed Pallet,0.0000,Min Level,28 Apr 2025
MIN,P1793,NAD,Min,Mixed Pallet,0.0000,Min Level,28 Apr 2025
MIN,P1794,NAD,Min,Mixed Pallet,0.0000,Min Level,28 Apr 2025
MIN,P1795,NAD,Min,Mixed Pallet,0.0000,Min Level,28 Apr 2025
MIN,P1796,NAD,Min,Mixed Pallet,0.0000,Min Level,28 Apr 2025
MIN,P1797,NAD,Min,Mixed Pallet,0.0000,Min Level,28 Apr 2025
MIN,K00029,Trendcorp,Min,Mixed Pallet,0.0000,Min Level,28 Apr 2025
MIN,K00025,Trendcorp,Min,Mixed Pallet,0.0000,Min Level,28 Apr 2025
MIN,K00026,Trendcorp,Min,Mixed Pallet,0.0000,Min Level,28 Apr 2025
MIN,K00022,Trendcorp,Min,Mixed Pallet,0.0000,Min Level,28 Apr 2025
MIN,K00027,Trendcorp,Min,Mixed Pallet,0.0000,Min Level,28 Apr 2025
MIN,K00028,Trendcorp,Min,Mixed Pallet,0.0000,Min Level,28 Apr 2025
MIN,K00012,Trendcorp,Min,Mixed Pallet,0.0000,Min Level,28 Apr 2025
MIN,K00011,Trendcorp,Min,Mixed Pallet,0.0000,Min Level,28 Apr 2025
MIN,K00010,Trendcorp,Min,Mixed Pallet,0.0000,Min Level,28 Apr 2025
MIN,K00024,Trendcorp,Min,Mixed Pallet,0.0000,Min Level,28 Apr 2025
MIN,K00023,Trendcorp,Min,Mixed Pallet,0.0000,Min Level,28 Apr 2025
MIN,K00021,Trendcorp,Min,Mixed Pallet,0.0000,Min Level,28 Apr 2025
MIN,K00020,Trendcorp,Min,Mixed Pallet,0.0000,Min Level,28 Apr 2025
MIN,K00019,Trendcorp,Min,Mixed Pallet,0.0000,Min Level,28 Apr 2025
MIN,K00014,Trendcorp,Min,Mixed Pallet,0.0000,Min Level,28 Apr 2025
MIN,K00016,Trendcorp,Min,Mixed Pallet,0.0000,Min Level,28 Apr 2025
MIN,K00013,Trendcorp,Min,Mixed Pallet,0.0000,Min Level,28 Apr 2025
MIN,K00015,Trendcorp,Min,Mixed Pallet,0.0000,Min Level,28 Apr 2025
MIN,K00017,Trendcorp,Min,Mixed Pallet,0.0000,Min Level,28 Apr 2025
MIN,K00018,Trendcorp,Min,Mixed Pallet,0.0000,Min Level,28 Apr 2025
MIN,TU0001,Trendcorp,Min,Mixed Pallet,0.0000,Min Level,28 Apr 2025
MIN,TU0003,Trendcorp,Min,Mixed Pallet,0.0000,Min Level,28 Apr 2025
MIN,TU0002,Trendcorp,Min,Mixed Pallet,0.0000,Min Level,28 Apr 2025
MIN,TU0004,Trendcorp,Min,Mixed Pallet,0.0000,Min Level,28 Apr 2025
MIN,TU0005,Trendcorp,Min,Mixed Pallet,0.0000,Min Level,28 Apr 2025
MIN,TU0006,Trendcorp,Min,Mixed Pallet,0.0000,Min Level,28 Apr 2025
MIN,TU0007,Trendcorp,Min,Mixed Pallet,0.0000,Min Level,28 Apr 2025
MIN,TU0008,Trendcorp,Min,Mixed Pallet,0.0000,Min Level,28 Apr 2025
MIN,TU0015,Trendcorp,Min,Mixed Pallet,0.0000,Min Level,28 Apr 2025
MIN,TU0009,Trendcorp,Min,Mixed Pallet,0.0000,Min Level,28 Apr 2025
MIN,TU0010,Trendcorp,Min,Mixed Pallet,0.0000,Min Level,28 Apr 2025
MIN,TU0014,Trendcorp,Min,Mixed Pallet,0.0000,Min Level,28 Apr 2025
MIN,TU0011,Trendcorp,Min,Mixed Pallet,0.0000,Min Level,28 Apr 2025
MIN,TU0013,Trendcorp,Min,Mixed Pallet,0.0000,Min Level,28 Apr 2025
MIN,TU0012,Trendcorp,Min,Mixed Pallet,0.0000,Min Level,28 Apr 2025
MIN,FW0100,Trendcorp,Min,Mixed Pallet,0.0000,Min Level,28 Apr 2025
MIN,FW0099,Trendcorp,Min,Mixed Pallet,0.0000,Min Level,28 Apr 2025
MIN,FW0097,Trendcorp,Min,Mixed Pallet,0.0000,Min Level,28 Apr 2025
MIN,FW0098,Trendcorp,Min,Mixed Pallet,0.0000,Min Level,28 Apr 2025
MIN,FW0093,Trendcorp,Min,Mixed Pallet,0.0000,Min Level,28 Apr 2025
MIN,FW0094,Trendcorp,Min,Mixed Pallet,0.0000,Min Level,28 Apr 2025
MIN,FW0095,Trendcorp,Min,Mixed Pallet,0.0000,Min Level,28 Apr 2025
MIN,FW0096,Trendcorp,Min,Mixed Pallet,0.0000,Min Level,28 Apr 2025
MIN,3N0072,Trendcorp,Min,Mixed Pallet,0.0000,Min Level,28 Apr 2025
MIN,CC0001,Trendcorp,Min,Mixed Pallet,0.0000,Min Level,28 Apr 2025
MIN,CC0003,Trendcorp,Min,Mixed Pallet,0.0000,Min Level,28 Apr 2025
MIN,CC0002,Trendcorp,Min,Mixed Pallet,0.0000,Min Level,28 Apr 2025
MIN,CC0007,Trendcorp,Min,Mixed Pallet,0.0000,Min Level,28 Apr 2025
MIN,CC0004,Trendcorp,Min,Mixed Pallet,0.0000,Min Level,28 Apr 2025
MIN,CC0005,Trendcorp,Min,Mixed Pallet,0.0000,Min Level,28 Apr 2025
MIN,CC0006,Trendcorp,Min,Mixed Pallet,0.0000,Min Level,28 Apr 2025
MIN,CC0008,Trendcorp,Min,Mixed Pallet,0.0000,Min Level,28 Apr 2025
MIN,3N0073,Trendcorp,Min,Mixed Pallet,0.0000,Min Level,28 Apr 2025
MIN,3N0074,Trendcorp,Min,Mixed Pallet,0.0000,Min Level,28 Apr 2025
MIN,3N0075,Trendcorp,Min,Mixed Pallet,0.0000,Min Level,28 Apr 2025
MIN,3N0076,Trendcorp,Min,Mixed Pallet,0.0000,Min Level,28 Apr 2025
MIN,3N0077,Trendcorp,Min,Mixed Pallet,0.0000,Min Level,28 Apr 2025
MIN,3N0079,Trendcorp,Min,Mixed Pallet,0.0000,Min Level,28 Apr 2025
MIN,3N0078,Trendcorp,Min,Mixed Pallet,0.0000,Min Level,28 Apr 2025
MIN,3N0080,Trendcorp,Min,Mixed Pallet,0.0000,Min Level,28 Apr 2025
MIN,3N0081,Trendcorp,Min,Mixed Pallet,0.0000,Min Level,28 Apr 2025
MIN,3N0082,Trendcorp,Min,Mixed Pallet,0.0000,Min Level,28 Apr 2025
MIN,3N0083,Trendcorp,Min,Mixed Pallet,0.0000,Min Level,28 Apr 2025
MIN,3N0084,Trendcorp,Min,Mixed Pallet,0.0000,Min Level,28 Apr 2025
MIN,3N0085,Trendcorp,Min,Mixed Pallet,0.0000,Min Level,28 Apr 2025
MIN,3N0087,Trendcorp,Min,Mixed Pallet,0.0000,Min Level,28 Apr 2025
MIN,3N0086,Trendcorp,Min,Mixed Pallet,0.0000,Min Level,28 Apr 2025
MIN,3N0088,Trendcorp,Min,Mixed Pallet,0.0000,Min Level,28 Apr 2025
MIN,3N0089,Trendcorp,Min,Mixed Pallet,0.0000,Min Level,28 Apr 2025
MIN,3N0094,Trendcorp,Min,Mixed Pallet,0.0000,Min Level,28 Apr 2025
MIN,3N0093,Trendcorp,Min,Mixed Pallet,0.0000,Min Level,28 Apr 2025
MIN,3N0092,Trendcorp,Min,Mixed Pallet,0.0000,Min Level,28 Apr 2025
MIN,3N0091,Trendcorp,Min,Mixed Pallet,0.0000,Min Level,28 Apr 2025
MIN,3N0090,Trendcorp,Min,Mixed Pallet,0.0000,Min Level,28 Apr 2025
MIN,3N0097,Trendcorp,Min,Mixed Pallet,0.0000,Min Level,28 Apr 2025
MIN,3N0096,Trendcorp,Min,Mixed Pallet,0.0000,Min Level,28 Apr 2025
MIN,3N0095,Trendcorp,Min,Mixed Pallet,0.0000,Min Level,28 Apr 2025
MIN,3N0098,Trendcorp,Min,Mixed Pallet,0.0000,Min Level,28 Apr 2025
MIN,3N0099,Trendcorp,Min,Mixed Pallet,0.0000,Min Level,28 Apr 2025
MIN,3N0100,Trendcorp,Min,Mixed Pallet,0.0000,Min Level,28 Apr 2025
MIN,L00017,Trendcorp,Min,Mixed Pallet,0.0000,Min Level,28 Apr 2025
MIN,L00019,Trendcorp,Min,Mixed Pallet,0.0000,Min Level,28 Apr 2025
MIN,L00018,Trendcorp,Min,Mixed Pallet,0.0000,Min Level,28 Apr 2025
MIN,CABS400-C,Bambino,Min,Commuter Booster Cushion,0.0000,Min Level,28 Apr 2025
MIN,FW0101,Trendcorp,Min,Mixed Pallet,0.0000,Min Level,28 Apr 2025
MIN,FW0102,Trendcorp,Min,Mixed Pallet,0.0000,Min Level,28 Apr 2025
MIN,FW0103,Trendcorp,Min,Mixed Pallet,0.0000,Min Level,28 Apr 2025
MIN,FW0104,Trendcorp,Min,Mixed Pallet,0.0000,Min Level,28 Apr 2025
MIN,FW0105,Trendcorp,Min,Mixed Pallet,0.0000,Min Level,28 Apr 2025
MIN,FW0106,Trendcorp,Min,Mixed Pallet,0.0000,Min Level,28 Apr 2025
MIN,FW0107,Trendcorp,Min,Mixed Pallet,0.0000,Min Level,28 Apr 2025
MIN,FW0108,Trendcorp,Min,Mixed Pallet,0.0000,Min Level,28 Apr 2025
MIN,FW0109,Trendcorp,Min,Mixed Pallet,0.0000,Min Level,28 Apr 2025
MIN,FW0110,Trendcorp,Min,Mixed Pallet,0.0000,Min Level,28 Apr 2025
MIN,FW0111,Trendcorp,Min,Mixed Pallet,0.0000,Min Level,28 Apr 2025
MIN,FW0112,Trendcorp,Min,Mixed Pallet,0.0000,Min Level,28 Apr 2025
MIN,FW0113,Trendcorp,Min,Mixed Pallet,0.0000,Min Level,28 Apr 2025
MIN,FW0114,Trendcorp,Min,Mixed Pallet,0.0000,Min Level,28 Apr 2025
MIN,FW0115,Trendcorp,Min,Mixed Pallet,0.0000,Min Level,28 Apr 2025
MIN,FW0116,Trendcorp,Min,Mixed Pallet,0.0000,Min Level,28 Apr 2025
MIN,FW0117,Trendcorp,Min,Mixed Pallet,0.0000,Min Level,28 Apr 2025
MIN,FW0118,Trendcorp,Min,Mixed Pallet,0.0000,Min Level,28 Apr 2025
MIN,FW0119,Trendcorp,Min,Mixed Pallet,0.0000,Min Level,28 Apr 2025
MIN,FW0120,Trendcorp,Min,Mixed Pallet,0.0000,Min Level,28 Apr 2025
MIN,FW0121,Trendcorp,Min,Mixed Pallet,0.0000,Min Level,28 Apr 2025
MIN,FW0122,Trendcorp,Min,Mixed Pallet,0.0000,Min Level,28 Apr 2025
MIN,FW0123,Trendcorp,Min,Mixed Pallet,0.0000,Min Level,28 Apr 2025
MIN,FW0124,Trendcorp,Min,Mixed Pallet,0.0000,Min Level,28 Apr 2025
MIN,FW0125,Trendcorp,Min,Mixed Pallet,0.0000,Min Level,28 Apr 2025
MIN,FW0126,Trendcorp,Min,Mixed Pallet,0.0000,Min Level,28 Apr 2025
MIN,FW0127,Trendcorp,Min,Mixed Pallet,0.0000,Min Level,28 Apr 2025
MIN,FW0128,Trendcorp,Min,Mixed Pallet,0.0000,Min Level,28 Apr 2025
MIN,FW0129,Trendcorp,Min,Mixed Pallet,0.0000,Min Level,28 Apr 2025
MIN,FW0130,Trendcorp,Min,Mixed Pallet,0.0000,Min Level,28 Apr 2025
MIN,FW0131,Trendcorp,Min,Mixed Pallet,0.0000,Min Level,28 Apr 2025
MIN,FW0132,Trendcorp,Min,Mixed Pallet,0.0000,Min Level,28 Apr 2025
MIN,P1799,NAD,Min,Mixed Pallet,0.0000,Min Level,28 Apr 2025
MIN,P1800,NAD,Min,Mixed Pallet,0.0000,Min Level,28 Apr 2025
MIN,P1801,NAD,Min,Mixed Pallet,0.0000,Min Level,28 Apr 2025
MIN,P1802,NAD,Min,Mixed Pallet,0.0000,Min Level,28 Apr 2025
MIN,P1803,NAD,Min,Mixed Pallet,0.0000,Min Level,28 Apr 2025
MIN,P1804,NAD,Min,Mixed Pallet,0.0000,Min Level,28 Apr 2025
MIN,P1805,NAD,Min,Mixed Pallet,0.0000,Min Level,28 Apr 2025
MIN,P1806,NAD,Min,Mixed Pallet,0.0000,Min Level,28 Apr 2025
MIN,E00027,Trendcorp,Min,Mixed Pallet,0.0000,Min Level,28 Apr 2025
MIN,E00028,Trendcorp,Min,Mixed Pallet,0.0000,Min Level,28 Apr 2025
MIN,E00029,Trendcorp,Min,Mixed Pallet,0.0000,Min Level,28 Apr 2025
MIN,E00030,Trendcorp,Min,Mixed Pallet,0.0000,Min Level,28 Apr 2025
MIN,E00031,Trendcorp,Min,Mixed Pallet,0.0000,Min Level,28 Apr 2025
MIN,E00032,Trendcorp,Min,Mixed Pallet,0.0000,Min Level,28 Apr 2025
MIN,E00033,Trendcorp,Min,Mixed Pallet,0.0000,Min Level,28 Apr 2025
MIN,E00034,Trendcorp,Min,Mixed Pallet,0.0000,Min Level,28 Apr 2025
MIN,E00035,Trendcorp,Min,Mixed Pallet,0.0000,Min Level,28 Apr 2025
MIN,E00036,Trendcorp,Min,Mixed Pallet,0.0000,Min Level,28 Apr 2025
MIN,E00037,Trendcorp,Min,Mixed Pallet,0.0000,Min Level,28 Apr 2025
MIN,E00038,Trendcorp,Min,Mixed Pallet,0.0000,Min Level,28 Apr 2025
MIN,E00039,Trendcorp,Min,Mixed Pallet,0.0000,Min Level,28 Apr 2025
MIN,E00040,Trendcorp,Min,Mixed Pallet,0.0000,Min Level,28 Apr 2025
MIN,E00041,Trendcorp,Min,Mixed Pallet,0.0000,Min Level,28 Apr 2025
MIN,E00042,Trendcorp,Min,Mixed Pallet,0.0000,Min Level,28 Apr 2025
MIN,E00043,Trendcorp,Min,Mixed Pallet,0.0000,Min Level,28 Apr 2025
MIN,E00044,Trendcorp,Min,Mixed Pallet,0.0000,Min Level,28 Apr 2025
MIN,E00045,Trendcorp,Min,Mixed Pallet,0.0000,Min Level,28 Apr 2025
MIN,E00046,Trendcorp,Min,Mixed Pallet,0.0000,Min Level,28 Apr 2025
MIN,E00047,Trendcorp,Min,Mixed Pallet,0.0000,Min Level,28 Apr 2025
MIN,E00048,Trendcorp,Min,Mixed Pallet,0.0000,Min Level,28 Apr 2025
MIN,E00049,Trendcorp,Min,Mixed Pallet,0.0000,Min Level,28 Apr 2025
MIN,E00050,Trendcorp,Min,Mixed Pallet,0.0000,Min Level,28 Apr 2025
MIN,E00051,Trendcorp,Min,Mixed Pallet,0.0000,Min Level,28 Apr 2025
MIN,TCW001,Trendcorp,Min,Mixed Pallet,0.0000,Min Level,28 Apr 2025
MIN,TCW002,Trendcorp,Min,Mixed Pallet,0.0000,Min Level,28 Apr 2025
MIN,TCW003,Trendcorp,Min,Mixed Pallet,0.0000,Min Level,28 Apr 2025
MIN,TCW004,Trendcorp,Min,Mixed Pallet,0.0000,Min Level,28 Apr 2025
MIN,TCW005,Trendcorp,Min,Mixed Pallet,0.0000,Min Level,28 Apr 2025
MIN,TCW006,Trendcorp,Min,Mixed Pallet,0.0000,Min Level,28 Apr 2025
MIN,P1807,NAD,Min,Mixed Pallet,0.0000,Min Level,28 Apr 2025
MIN,P1808,NAD,Min,Mixed Pallet,0.0000,Min Level,28 Apr 2025
MIN,P1809,NAD,Min,Mixed Pallet,0.0000,Min Level,28 Apr 2025
MIN,P1810,NAD,Min,Mixed Pallet,0.0000,Min Level,28 Apr 2025
MIN,P1811,NAD,Min,Mixed Pallet,0.0000,Min Level,28 Apr 2025
MIN,P1812,NAD,Min,Mixed Pallet,0.0000,Min Level,28 Apr 2025
MIN,P1813,NAD,Min,Mixed Pallet,0.0000,Min Level,28 Apr 2025
MIN,P1814,NAD,Min,Mixed Pallet,0.0000,Min Level,28 Apr 2025
MIN,P1815,NAD,Min,Mixed Pallet,0.0000,Min Level,28 Apr 2025
MIN,P1816,NAD,Min,Mixed Pallet,0.0000,Min Level,28 Apr 2025
MIN,P1817,NAD,Min,Mixed Pallet,0.0000,Min Level,28 Apr 2025
MIN,P1818,NAD,Min,Mixed Pallet,0.0000,Min Level,28 Apr 2025
MIN,P1819,NAD,Min,Mixed Pallet,0.0000,Min Level,28 Apr 2025
MIN,P1820,NAD,Min,Mixed Pallet,0.0000,Min Level,28 Apr 2025
MIN,P1821,NAD,Min,Mixed Pallet,0.0000,Min Level,28 Apr 2025
MIN,P1822,NAD,Min,Mixed Pallet,0.0000,Min Level,28 Apr 2025
MIN,P1823,NAD,Min,Mixed Pallet,0.0000,Min Level,28 Apr 2025
MIN,P1824,NAD,Min,Mixed Pallet,0.0000,Min Level,28 Apr 2025
MIN,P1826,NAD,Min,Mixed Pallet,0.0000,Min Level,28 Apr 2025
MIN,P1827,NAD,Min,Mixed Pallet,0.0000,Min Level,28 Apr 2025
MIN,P1828,NAD,Min,Mixed Pallet,0.0000,Min Level,28 Apr 2025
MIN,P1829,NAD,Min,Mixed Pallet,0.0000,Min Level,28 Apr 2025
MIN,P1830,NAD,Min,Mixed Pallet,0.0000,Min Level,28 Apr 2025
MIN,P1832,NAD,Min,Mixed Pallet,0.0000,Min Level,28 Apr 2025
MIN,P1833,NAD,Min,Mixed Pallet,0.0000,Min Level,28 Apr 2025
MIN,P1825,NAD,Min,Mixed Pallet,0.0000,Min Level,28 Apr 2025
MIN,P1834,NAD,Min,Mixed Pallet,0.0000,Min Level,28 Apr 2025
MIN,P1835,NAD,Min,Mixed Pallet,0.0000,Min Level,28 Apr 2025
MIN,P1836,NAD,Min,Mixed Pallet,0.0000,Min Level,28 Apr 2025
MIN,P1837,NAD,Min,Mixed Pallet,0.0000,Min Level,28 Apr 2025
MIN,P1838,NAD,Min,Mixed Pallet,0.0000,Min Level,28 Apr 2025
MIN,P1839,NAD,Min,Mixed Pallet,0.0000,Min Level,28 Apr 2025
MIN,P1840,NAD,Min,Mixed Pallet,0.0000,Min Level,28 Apr 2025
MIN,P1841,NAD,Min,Mixed Pallet,0.0000,Min Level,28 Apr 2025
MIN,P1842,NAD,Min,Mixed Pallet,0.0000,Min Level,28 Apr 2025
MIN,P1658,NAD,Min,Mixed Pallet,0.0000,Min Level,28 Apr 2025
MIN,P1846,NAD,Min,Mixed Pallet,0.0000,Min Level,28 Apr 2025
MIN,P1847,NAD,Min,Mixed Pallet,0.0000,Min Level,28 Apr 2025
MIN,P1848,NAD,Min,Mixed Pallet,0.0000,Min Level,28 Apr 2025
MIN,P1849,NAD,Min,Mixed Pallet,0.0000,Min Level,28 Apr 2025
MIN,P1852,NAD,Min,Mixed Pallet,0.0000,Min Level,28 Apr 2025
MIN,P1853,NAD,Min,Mixed Pallet,0.0000,Min Level,28 Apr 2025
MIN,P1855,NAD,Min,Mixed Pallet,0.0000,Min Level,28 Apr 2025
MIN,P1856,NAD,Min,Mixed Pallet,0.0000,Min Level,28 Apr 2025
MIN,P1845,NAD,Min,Mixed Pallet,0.0000,Min Level,28 Apr 2025
MIN,P1850,NAD,Min,Mixed Pallet,0.0000,Min Level,28 Apr 2025
MIN,P1851,NAD,Min,Mixed Pallet,0.0000,Min Level,28 Apr 2025
MIN,P1857,NAD,Min,Mixed Pallet,0.0000,Min Level,28 Apr 2025
MIN,P1843,NAD,Min,Mixed Pallet,0.0000,Min Level,28 Apr 2025
MIN,P1844,NAD,Min,Mixed Pallet,0.0000,Min Level,28 Apr 2025
MIN,P1854,NAD,Min,Mixed Pallet,0.0000,Min Level,28 Apr 2025
MIN,E00082,Trendcorp,Min,Mixed Pallet,0.0000,Min Level,28 Apr 2025
MIN,E00086,Trendcorp,Min,Mixed Pallet,0.0000,Min Level,28 Apr 2025
MIN,E00081,Trendcorp,Min,Mixed Pallet,0.0000,Min Level,28 Apr 2025
MIN,E00085,Trendcorp,Min,Mixed Pallet,0.0000,Min Level,28 Apr 2025
MIN,E00087,Trendcorp,Min,Mixed Pallet,0.0000,Min Level,28 Apr 2025
MIN,E00088,Trendcorp,Min,Mixed Pallet,0.0000,Min Level,28 Apr 2025
MIN,E00089,Trendcorp,Min,Mixed Pallet,0.0000,Min Level,28 Apr 2025
MIN,E00090,Trendcorp,Min,Mixed Pallet,0.0000,Min Level,28 Apr 2025
MIN,E00078,Trendcorp,Min,Mixed Pallet,0.0000,Min Level,28 Apr 2025
MIN,E00091,Trendcorp,Min,Mixed Pallet,0.0000,Min Level,28 Apr 2025
MIN,E00079,Trendcorp,Min,Mixed Pallet,0.0000,Min Level,28 Apr 2025
MIN,E00092,Trendcorp,Min,Mixed Pallet,0.0000,Min Level,28 Apr 2025
MIN,E00080,Trendcorp,Min,Mixed Pallet,0.0000,Min Level,28 Apr 2025
MIN,E00083,Trendcorp,Min,Mixed Pallet,0.0000,Min Level,28 Apr 2025
MIN,E00056,Trendcorp,Min,Mixed Pallet,0.0000,Min Level,28 Apr 2025
MIN,E00057,Trendcorp,Min,Mixed Pallet,0.0000,Min Level,28 Apr 2025
MIN,E00076,Trendcorp,Min,Mixed Pallet,0.0000,Min Level,28 Apr 2025
MIN,E00077,Trendcorp,Min,Mixed Pallet,0.0000,Min Level,28 Apr 2025
MIN,E00052,Trendcorp,Min,Mixed Pallet,0.0000,Min Level,28 Apr 2025
MIN,E00053,Trendcorp,Min,Mixed Pallet,0.0000,Min Level,28 Apr 2025
MIN,E00054,Trendcorp,Min,Mixed Pallet,0.0000,Min Level,28 Apr 2025
MIN,E00055,Trendcorp,Min,Mixed Pallet,0.0000,Min Level,28 Apr 2025
MIN,E00093,Trendcorp,Min,Mixed Pallet,0.0000,Min Level,28 Apr 2025
MIN,E00094,Trendcorp,Min,Mixed Pallet,0.0000,Min Level,28 Apr 2025
MIN,E00095,Trendcorp,Min,Mixed Pallet,0.0000,Min Level,28 Apr 2025
MIN,TCW007,Trendcorp,Min,Mixed Pallet,0.0000,Min Level,28 Apr 2025
MIN,FW0133,Trendcorp,Min,Mixed Pallet,0.0000,Min Level,28 Apr 2025
MIN,FW0134,Trendcorp,Min,Mixed Pallet,0.0000,Min Level,28 Apr 2025
MIN,P1798,NAD,Min,Mixed Pallet,0.0000,Min Level,28 Apr 2025
MIN,FW0141,Trendcorp,Min,Mixed Pallet,0.0000,Min Level,28 Apr 2025
MIN,FW0142,Trendcorp,Min,Mixed Pallet,0.0000,Min Level,28 Apr 2025
MIN,FW0143,Trendcorp,Min,Mixed Pallet,0.0000,Min Level,28 Apr 2025
MIN,FW0144,Trendcorp,Min,Mixed Pallet,0.0000,Min Level,28 Apr 2025
MIN,FW0145,Trendcorp,Min,Mixed Pallet,0.0000,Min Level,28 Apr 2025
MIN,FW0146,Trendcorp,Min,Mixed Pallet,0.0000,Min Level,28 Apr 2025
MIN,FW0147,Trendcorp,Min,Mixed Pallet,0.0000,Min Level,28 Apr 2025
MIN,FW0148,Trendcorp,Min,Mixed Pallet,0.0000,Min Level,28 Apr 2025
MIN,P1870,NAD,Min,Mixed Pallet,0.0000,Min Level,28 Apr 2025
MIN,P1871,NAD,Min,Mixed Pallet,0.0000,Min Level,28 Apr 2025
MIN,P1873,NAD,Min,Mixed Pallet,0.0000,Min Level,28 Apr 2025
MIN,P1866,NAD,Min,Mixed Pallet,0.0000,Min Level,28 Apr 2025
MIN,P1864,NAD,Min,Mixed Pallet,0.0000,Min Level,28 Apr 2025
MIN,P1861,NAD,Min,Mixed Pallet,0.0000,Min Level,28 Apr 2025
MIN,P1862,NAD,Min,Mixed Pallet,0.0000,Min Level,28 Apr 2025
MIN,P1860,NAD,Min,Mixed Pallet,0.0000,Min Level,28 Apr 2025
MIN,P1863,NAD,Min,Mixed Pallet,0.0000,Min Level,28 Apr 2025
MIN,P1865,NAD,Min,Mixed Pallet,0.0000,Min Level,28 Apr 2025
MIN,P1868,NAD,Min,Mixed Pallet,0.0000,Min Level,28 Apr 2025
MIN,P1867,NAD,Min,Mixed Pallet,0.0000,Min Level,28 Apr 2025
MIN,P1872,NAD,Min,Mixed Pallet,0.0000,Min Level,28 Apr 2025
MIN,P1869,NAD,Min,Mixed Pallet,0.0000,Min Level,28 Apr 2025
MIN,E00096,Trendcorp,Min,Mixed Pallet,0.0000,Min Level,28 Apr 2025
MIN,E00097,Trendcorp,Min,Mixed Pallet,0.0000,Min Level,28 Apr 2025
MIN,E00098,Trendcorp,Min,Mixed Pallet,0.0000,Min Level,28 Apr 2025
MIN,P1858,NAD,Min,Mixed Pallet,0.0000,Min Level,28 Apr 2025
MIN,P1859,NAD,Min,Mixed Pallet,0.0000,Min Level,28 Apr 2025
MIN,P1874,NAD,Min,Mixed Pallet,0.0000,Min Level,28 Apr 2025
MIN,CACS604-Q,Bambino,Min,I Rotate 360 Graphite,0.0000,Min Level,28 Apr 2025
MIN,CACS604-R,Bambino,Min,I Rotate 360 Graphite,0.0000,Min Level,28 Apr 2025
MIN,CACS604-S,Bambino,Min,I Rotate 360 Graphite,0.0000,Min Level,28 Apr 2025
MIN,CACS604-T,Bambino,Min,I Rotate 360 Graphite,0.0000,Min Level,28 Apr 2025
MIN,CACS604-U,Bambino,Min,I Rotate 360 Graphite,0.0000,Min Level,28 Apr 2025
MIN,CACS604-V,Bambino,Min,I Rotate 360 Graphite,0.0000,Min Level,28 Apr 2025
MIN,CACS604-W,Bambino,Min,I Rotate 360 Graphite,0.0000,Min Level,28 Apr 2025
MIN,CACS604-X,Bambino,Min,I Rotate 360 Graphite,0.0000,Min Level,28 Apr 2025
MIN,CACS604-Y,Bambino,Min,I Rotate 360 Graphite,0.0000,Min Level,28 Apr 2025
MIN,CACS604-Z,Bambino,Min,I Rotate 360 Graphite,0.0000,Min Level,28 Apr 2025
MIN,CACS604-AA,Bambino,Min,I Rotate 360 Graphite,0.0000,Min Level,28 Apr 2025
MIN,CACS604-AB,Bambino,Min,I Rotate 360 Graphite,0.0000,Min Level,28 Apr 2025
MIN,CACS604-AC,Bambino,Min,I Rotate 360 Graphite,0.0000,Min Level,28 Apr 2025
MIN,CACS604-AD,Bambino,Min,I Rotate 360 Graphite,0.0000,Min Level,28 Apr 2025
MIN,CACS604-AE,Bambino,Min,I Rotate 360 Graphite,0.0000,Min Level,28 Apr 2025
MIN,CACS604-AF,Bambino,Min,I Rotate 360 Graphite,0.0000,Min Level,28 Apr 2025
MIN,CACS604-AG,Bambino,Min,I Rotate 360 Graphite,0.0000,Min Level,28 Apr 2025
MIN,CACS604-AH,Bambino,Min,I Rotate 360 Graphite,0.0000,Min Level,28 Apr 2025
MIN,CACS604-AI,Bambino,Min,I Rotate 360 Graphite,0.0000,Min Level,28 Apr 2025
MIN,CACS604-AJ,Bambino,Min,I Rotate 360 Graphite,0.0000,Min Level,28 Apr 2025
MIN,CACS604-AK,Bambino,Min,I Rotate 360 Graphite,0.0000,Min Level,28 Apr 2025
MIN,CACS604-AL,Bambino,Min,I Rotate 360 Graphite,0.0000,Min Level,28 Apr 2025
MIN,CACS604-AM,Bambino,Min,I Rotate 360 Graphite,0.0000,Min Level,28 Apr 2025
MIN,CACS604-AN,Bambino,Min,I Rotate 360 Graphite,0.0000,Min Level,28 Apr 2025
MIN,CACS604-AO,Bambino,Min,I Rotate 360 Graphite,0.0000,Min Level,28 Apr 2025
MIN,CACS604-AP,Bambino,Min,I Rotate 360 Graphite,0.0000,Min Level,28 Apr 2025
MIN,CACS604-AQ,Bambino,Min,I Rotate 360 Graphite,0.0000,Min Level,28 Apr 2025
MIN,CACS604-AR,Bambino,Min,I Rotate 360 Graphite,0.0000,Min Level,28 Apr 2025
MIN,CACS604-AS,Bambino,Min,I Rotate 360 Graphite,0.0000,Min Level,28 Apr 2025
MIN,CACS604-AT,Bambino,Min,I Rotate 360 Graphite,0.0000,Min Level,28 Apr 2025
MIN,CACS604-AU,Bambino,Min,I Rotate 360 Graphite,0.0000,Min Level,28 Apr 2025
MIN,CACS604-AV,Bambino,Min,I Rotate 360 Graphite,0.0000,Min Level,28 Apr 2025
MIN,CACS604-AW,Bambino,Min,I Rotate 360 Graphite,0.0000,Min Level,28 Apr 2025
MIN,CACS604-AX,Bambino,Min,I Rotate 360 Graphite,0.0000,Min Level,28 Apr 2025
MIN,CACS604-AY,Bambino,Min,I Rotate 360 Graphite,0.0000,Min Level,28 Apr 2025
MIN,CACS604-AZ,Bambino,Min,I Rotate 360 Graphite,0.0000,Min Level,28 Apr 2025
MIN,CACS604-BA,Bambino,Min,I Rotate 360 Graphite,0.0000,Min Level,28 Apr 2025
MIN,CACS604-BB,Bambino,Min,I Rotate 360 Graphite,0.0000,Min Level,28 Apr 2025
MIN,CACS604-BC,Bambino,Min,I Rotate 360 Graphite,0.0000,Min Level,28 Apr 2025
MIN,CACS604-BD,Bambino,Min,I Rotate 360 Graphite,0.0000,Min Level,28 Apr 2025
MIN,CACS604-BE,Bambino,Min,I Rotate 360 Graphite,0.0000,Min Level,28 Apr 2025
MIN,CACS604-BF,Bambino,Min,I Rotate 360 Graphite,0.0000,Min Level,28 Apr 2025
MIN,CACS604-BG,Bambino,Min,I Rotate 360 Graphite,0.0000,Min Level,28 Apr 2025
MIN,CACS604-BH,Bambino,Min,I Rotate 360 Graphite,0.0000,Min Level,28 Apr 2025
MIN,CACS604-BI,Bambino,Min,I Rotate 360 Graphite,0.0000,Min Level,28 Apr 2025
MIN,CACS604-BJ,Bambino,Min,I Rotate 360 Graphite,0.0000,Min Level,28 Apr 2025
MIN,CACS604-BK,Bambino,Min,I Rotate 360 Graphite,0.0000,Min Level,28 Apr 2025
MIN,CACS604-BL,Bambino,Min,I Rotate 360 Graphite,0.0000,Min Level,28 Apr 2025
MIN,P1875,NAD,Min,Mixed Pallet,0.0000,Min Level,28 Apr 2025
MIN,P1876,NAD,Min,Mixed Pallet,0.0000,Min Level,28 Apr 2025
MIN,P1877,NAD,Min,Mixed Pallet,0.0000,Min Level,28 Apr 2025
MIN,P1878,NAD,Min,Mixed Pallet,0.0000,Min Level,28 Apr 2025
MIN,P1879,NAD,Min,Mixed Pallet,0.0000,Min Level,28 Apr 2025
MIN,P1880,NAD,Min,Mixed Pallet,0.0000,Min Level,28 Apr 2025
MIN,P1881,NAD,Min,Mixed Pallet,0.0000,Min Level,28 Apr 2025
MIN,KM3812,Kamboo Marketing,Min,Mero Transformer,0.0000,Min Level,28 Apr 2025
MIN,FH-188A-D,LRB,Min,Elements Heater Fan 2000w Oscillating,0.0000,Min Level,28 Apr 2025
MIN,TANKINT600X225-D,Isinkwe Energies,Min,Tank Int 600x225 - 48LT,0.0000,Min Level,28 Apr 2025
MIN,P1889,NAD,Min,Mixed Pallet,0.0000,Min Level,28 Apr 2025
MIN,P1890,NAD,Min,Mixed Pallet,0.0000,Min Level,28 Apr 2025
MIN,P1891,NAD,Min,Mixed Pallet,0.0000,Min Level,28 Apr 2025
MIN,P1892,NAD,Min,Mixed Pallet,0.0000,Min Level,28 Apr 2025
MIN,P1893,NAD,Min,Mixed Pallet,0.0000,Min Level,28 Apr 2025
MIN,P1894,NAD,Min,Mixed Pallet,0.0000,Min Level,28 Apr 2025
MIN,P1895,NAD,Min,Mixed Pallet,0.0000,Min Level,28 Apr 2025
MIN,P1896,NAD,Min,Mixed Pallet,0.0000,Min Level,28 Apr 2025
MIN,P1897,NAD,Min,Mixed Pallet,0.0000,Min Level,28 Apr 2025
MIN,P1898,NAD,Min,Mixed Pallet,0.0000,Min Level,28 Apr 2025
MIN,P1899,NAD,Min,Mixed Pallet,0.0000,Min Level,28 Apr 2025
MIN,P1900,NAD,Min,Mixed Pallet,0.0000,Min Level,28 Apr 2025
MIN,P1901,NAD,Min,Mixed Pallet,0.0000,Min Level,28 Apr 2025
MIN,P1902,NAD,Min,Mixed Pallet,0.0000,Min Level,28 Apr 2025
MIN,P1903,NAD,Min,Mixed Pallet,0.0000,Min Level,28 Apr 2025
MIN,P1904,NAD,Min,Mixed Pallet,0.0000,Min Level,28 Apr 2025
MIN,P1905,NAD,Min,Mixed Pallet,0.0000,Min Level,28 Apr 2025
MIN,P1906,NAD,Min,Mixed Pallet,0.0000,Min Level,28 Apr 2025
MIN,P1907,NAD,Min,Mixed Pallet,0.0000,Min Level,28 Apr 2025
MIN,P1908,NAD,Min,Mixed Pallet,0.0000,Min Level,28 Apr 2025
MIN,P1909,NAD,Min,Mixed Pallet,0.0000,Min Level,28 Apr 2025
MIN,P1910,NAD,Min,Mixed Pallet,0.0000,Min Level,28 Apr 2025
MIN,IDWALA,KMS,Min,Mixed Pallet,0.0000,Min Level,28 Apr 2025
MIN,P1911,NAD,Min,Mixed Pallet,0.0000,Min Level,28 Apr 2025
MIN,P1912,NAD,Min,Mixed Pallet,0.0000,Min Level,28 Apr 2025
MIN,P1913,NAD,Min,Mixed Pallet,0.0000,Min Level,28 Apr 2025
MIN,P1914,NAD,Min,Mixed Pallet,0.0000,Min Level,28 Apr 2025
MIN,P1915,NAD,Min,Mixed Pallet,0.0000,Min Level,28 Apr 2025
MIN,P1916,NAD,Min,Mixed Pallet,0.0000,Min Level,28 Apr 2025
MIN,TCW0095,Trendcorp,Min,Mixed Pallet,0.0000,Min Level,28 Apr 2025
MIN,990044,Niemann,Min,Liquid Rose Gold Gloss,0.0000,Min Level,28 Apr 2025
MIN,990038,Niemann,Min,Sentinel Oak,0.0000,Min Level,28 Apr 2025
MIN,990038A,Niemann,Min,Sentinel Oak,0.0000,Min Level,28 Apr 2025
MIN,P1917,NAD,Min,Mixed Pallet,0.0000,Min Level,28 Apr 2025
MIN,P1918,NAD,Min,Mixed Pallet,0.0000,Min Level,28 Apr 2025
MIN,P1919,NAD,Min,Mixed Pallet,0.0000,Min Level,28 Apr 2025
MIN,P1920,NAD,Min,Mixed Pallet,0.0000,Min Level,28 Apr 2025
MIN,P1921,NAD,Min,Mixed Pallet,0.0000,Min Level,28 Apr 2025
MIN,P1922,NAD,Min,Mixed Pallet,0.0000,Min Level,28 Apr 2025
MIN,P1923,NAD,Min,Mixed Pallet,0.0000,Min Level,28 Apr 2025
MIN,P1924,NAD,Min,Mixed Pallet,0.0000,Min Level,28 Apr 2025
MIN,P1925,NAD,Min,Mixed Pallet,0.0000,Min Level,28 Apr 2025
MIN,P1926,NAD,Min,Mixed Pallet,0.0000,Min Level,28 Apr 2025
MIN,P1927,NAD,Min,Mixed Pallet,0.0000,Min Level,28 Apr 2025
MIN,P1928,NAD,Min,Mixed Pallet,0.0000,Min Level,28 Apr 2025
MIN,P1929,NAD,Min,Mixed Pallet,0.0000,Min Level,28 Apr 2025
MIN,P1930,NAD,Min,Mixed Pallet,0.0000,Min Level,28 Apr 2025
MIN,P1931,NAD,Min,Mixed Pallet,0.0000,Min Level,28 Apr 2025
MIN,P1932,NAD,Min,Mixed Pallet,0.0000,Min Level,28 Apr 2025
MIN,P1933,NAD,Min,Mixed Pallet,0.0000,Min Level,28 Apr 2025
MIN,P1934,NAD,Min,Mixed Pallet,0.0000,Min Level,28 Apr 2025
MIN,P1935,NAD,Min,Mixed Pallet,0.0000,Min Level,28 Apr 2025
MIN,P1936,NAD,Min,Mixed Pallet,0.0000,Min Level,28 Apr 2025
MIN,P1937,NAD,Min,Mixed Pallet,0.0000,Min Level,28 Apr 2025
MIN,P1938,NAD,Min,Mixed Pallet,0.0000,Min Level,28 Apr 2025
MIN,P1939,NAD,Min,Mixed Pallet,0.0000,Min Level,28 Apr 2025
MIN,P1940,NAD,Min,Mixed Pallet,0.0000,Min Level,28 Apr 2025
MIN,P1941,NAD,Min,Mixed Pallet,0.0000,Min Level,28 Apr 2025
MIN,P1942,NAD,Min,Mixed Pallet,0.0000,Min Level,28 Apr 2025
MIN,P1943,NAD,Min,Mixed Pallet,0.0000,Min Level,28 Apr 2025
MIN,P1944,NAD,Min,Mixed Pallet,0.0000,Min Level,28 Apr 2025
MIN,P1945,NAD,Min,Mixed Pallet,0.0000,Min Level,28 Apr 2025
MIN,P1946,NAD,Min,Mixed Pallet,0.0000,Min Level,28 Apr 2025
MIN,P1963,NAD,Min,Mixed Pallet,0.0000,Min Level,28 Apr 2025
MIN,P1964,NAD,Min,Mixed Pallet,0.0000,Min Level,28 Apr 2025
MIN,P1965,NAD,Min,Mixed Pallet,0.0000,Min Level,28 Apr 2025
MIN,P1966,NAD,Min,Mixed Pallet,0.0000,Min Level,28 Apr 2025
MIN,P1967,NAD,Min,Mixed Pallet,0.0000,Min Level,28 Apr 2025
MIN,P1968,NAD,Min,Mixed Pallet,0.0000,Min Level,28 Apr 2025
MIN,P1969,NAD,Min,Mixed Pallet,0.0000,Min Level,28 Apr 2025
MIN,P1970,NAD,Min,Mixed Pallet,0.0000,Min Level,28 Apr 2025
MIN,P1971,NAD,Min,Mixed Pallet,0.0000,Min Level,28 Apr 2025
MIN,P1972,NAD,Min,Mixed Pallet,0.0000,Min Level,28 Apr 2025
MIN,P1973,NAD,Min,Mixed Pallet,0.0000,Min Level,28 Apr 2025
MIN,P1974,NAD,Min,Mixed Pallet,0.0000,Min Level,28 Apr 2025
MIN,P1949,NAD,Min,Mixed Pallet,0.0000,Min Level,28 Apr 2025
MIN,P1952,NAD,Min,Mixed Pallet,0.0000,Min Level,28 Apr 2025
MIN,P1948,NAD,Min,Mixed Pallet,0.0000,Min Level,28 Apr 2025
MIN,P1951,NAD,Min,Mixed Pallet,0.0000,Min Level,28 Apr 2025
MIN,P1947,NAD,Min,Mixed Pallet,0.0000,Min Level,28 Apr 2025
MIN,P1950,NAD,Min,Mixed Pallet,0.0000,Min Level,28 Apr 2025
MIN,P1961,NAD,Min,Mixed Pallet,0.0000,Min Level,28 Apr 2025
MIN,P1953,NAD,Min,Mixed Pallet,0.0000,Min Level,28 Apr 2025
MIN,P1955,NAD,Min,Mixed Pallet,0.0000,Min Level,28 Apr 2025
MIN,P1959,NAD,Min,Mixed Pallet,0.0000,Min Level,28 Apr 2025
MIN,P1962,NAD,Min,Mixed Pallet,0.0000,Min Level,28 Apr 2025
MIN,P1960,NAD,Min,Mixed Pallet,0.0000,Min Level,28 Apr 2025
MIN,P1958,NAD,Min,Mixed Pallet,0.0000,Min Level,28 Apr 2025
MIN,P1957,NAD,Min,Mixed Pallet,0.0000,Min Level,28 Apr 2025
MIN,P1987,NAD,Min,Mixed Pallet,0.0000,Min Level,28 Apr 2025
MIN,P1954,NAD,Min,Mixed Pallet,0.0000,Min Level,28 Apr 2025
MIN,P1956,NAD,Min,Mixed Pallet,0.0000,Min Level,28 Apr 2025
MIN,E00466,Trendcorp,Min,Mixed Pallet,0.0000,Min Level,28 Apr 2025
MIN,E00527,Trendcorp,Min,Mixed Pallet,0.0000,Min Level,28 Apr 2025
MIN,E00332,Trendcorp,Min,Mixed Pallet,0.0000,Min Level,28 Apr 2025
MIN,E00413,Trendcorp,Min,Mixed Pallet,0.0000,Min Level,28 Apr 2025
MIN,E00576,Trendcorp,Min,Mixed Pallet,0.0000,Min Level,28 Apr 2025
MIN,E00330,Trendcorp,Min,Mixed Pallet,0.0000,Min Level,28 Apr 2025
MIN,E00236,Trendcorp,Min,Mixed Pallet,0.0000,Min Level,28 Apr 2025
MIN,E00441,Trendcorp,Min,Mixed Pallet,0.0000,Min Level,28 Apr 2025
MIN,E00581,Trendcorp,Min,Mixed Pallet,0.0000,Min Level,28 Apr 2025
MIN,E00538,Trendcorp,Min,Mixed Pallet,0.0000,Min Level,28 Apr 2025
MIN,E00549,Trendcorp,Min,Mixed Pallet,0.0000,Min Level,28 Apr 2025
MIN,E00559,Trendcorp,Min,Mixed Pallet,0.0000,Min Level,28 Apr 2025
MIN,E00541,Trendcorp,Min,Mixed Pallet,0.0000,Min Level,28 Apr 2025
MIN,E00560,Trendcorp,Min,Mixed Pallet,0.0000,Min Level,28 Apr 2025
MIN,E00570,Trendcorp,Min,Mixed Pallet,0.0000,Min Level,28 Apr 2025
MIN,E00568,Trendcorp,Min,Mixed Pallet,0.0000,Min Level,28 Apr 2025
MIN,E00554,Trendcorp,Min,Mixed Pallet,0.0000,Min Level,28 Apr 2025
MIN,E00552,Trendcorp,Min,Mixed Pallet,0.0000,Min Level,28 Apr 2025
MIN,E00561,Trendcorp,Min,Mixed Pallet,0.0000,Min Level,28 Apr 2025
MIN,E00564,Trendcorp,Min,Mixed Pallet,0.0000,Min Level,28 Apr 2025
MIN,E00569,Trendcorp,Min,Mixed Pallet,0.0000,Min Level,28 Apr 2025
MIN,E00496,Trendcorp,Min,Mixed Pallet,0.0000,Min Level,28 Apr 2025
MIN,E00545,Trendcorp,Min,Mixed Pallet,0.0000,Min Level,28 Apr 2025
MIN,E00572,Trendcorp,Min,Mixed Pallet,0.0000,Min Level,28 Apr 2025
MIN,E00540,Trendcorp,Min,Mixed Pallet,0.0000,Min Level,28 Apr 2025
MIN,E00558,Trendcorp,Min,Mixed Pallet,0.0000,Min Level,28 Apr 2025
MIN,E00557,Trendcorp,Min,Mixed Pallet,0.0000,Min Level,28 Apr 2025
MIN,E00562,Trendcorp,Min,Mixed Pallet,0.0000,Min Level,28 Apr 2025
MIN,E00546,Trendcorp,Min,Mixed Pallet,0.0000,Min Level,28 Apr 2025
MIN,E00394,Trendcorp,Min,Mixed Pallet,0.0000,Min Level,28 Apr 2025
MIN,E00565,Trendcorp,Min,Mixed Pallet,0.0000,Min Level,28 Apr 2025
MIN,E00563,Trendcorp,Min,Mixed Pallet,0.0000,Min Level,28 Apr 2025
MIN,E00553,Trendcorp,Min,Mixed Pallet,0.0000,Min Level,28 Apr 2025
MIN,E00547,Trendcorp,Min,Mixed Pallet,0.0000,Min Level,28 Apr 2025
MIN,E00566,Trendcorp,Min,Mixed Pallet,0.0000,Min Level,28 Apr 2025
MIN,E00551,Trendcorp,Min,Mixed Pallet,0.0000,Min Level,28 Apr 2025
MIN,E00479,Trendcorp,Min,Mixed Pallet,0.0000,Min Level,28 Apr 2025
MIN,E00537,Trendcorp,Min,Mixed Pallet,0.0000,Min Level,28 Apr 2025
MIN,E00539,Trendcorp,Min,Mixed Pallet,0.0000,Min Level,28 Apr 2025
MIN,E00536,Trendcorp,Min,Mixed Pallet,0.0000,Min Level,28 Apr 2025
MIN,E00548,Trendcorp,Min,Mixed Pallet,0.0000,Min Level,28 Apr 2025
MIN,E00555,Trendcorp,Min,Mixed Pallet,0.0000,Min Level,28 Apr 2025
MIN,E00571,Trendcorp,Min,Mixed Pallet,0.0000,Min Level,28 Apr 2025
MIN,E00556,Trendcorp,Min,Mixed Pallet,0.0000,Min Level,28 Apr 2025
MIN,E00544,Trendcorp,Min,Mixed Pallet,0.0000,Min Level,28 Apr 2025
MIN,E00344,Trendcorp,Min,Mixed Pallet,0.0000,Min Level,28 Apr 2025
MIN,E00543,Trendcorp,Min,Mixed Pallet,0.0000,Min Level,28 Apr 2025
MIN,E00513,Trendcorp,Min,Mixed Pallet,0.0000,Min Level,28 Apr 2025
MIN,E00475,Trendcorp,Min,Mixed Pallet,0.0000,Min Level,28 Apr 2025
MIN,E00334,Trendcorp,Min,Mixed Pallet,0.0000,Min Level,28 Apr 2025
MIN,E00542,Trendcorp,Min,Mixed Pallet,0.0000,Min Level,28 Apr 2025
MIN,E00498,Trendcorp,Min,Mixed Pallet,0.0000,Min Level,28 Apr 2025
MIN,E00535,Trendcorp,Min,Mixed Pallet,0.0000,Min Level,28 Apr 2025
MIN,L00023,Trendcorp,Min,Mixed Pallet,0.0000,Min Level,28 Apr 2025
MIN,L00021,Trendcorp,Min,Mixed Pallet,0.0000,Min Level,28 Apr 2025
MIN,L00022,Trendcorp,Min,Mixed Pallet,0.0000,Min Level,28 Apr 2025
MIN,UPR001,Trendcorp,Min,Mixed Pallet,0.0000,Min Level,28 Apr 2025
MIN,UPR002,Trendcorp,Min,Mixed Pallet,0.0000,Min Level,28 Apr 2025
MIN,UPR003,Trendcorp,Min,Mixed Pallet,0.0000,Min Level,28 Apr 2025
MIN,3N0221,Trendcorp,Min,Mixed Pallet,0.0000,Min Level,28 Apr 2025
MIN,BOOKS,Kamboo Marketing,Min,Kamboo Books,0.0000,Min Level,28 Apr 2025
MIN,PRINTED LABLES,Kamboo Marketing,Min,Kamboo Printed Lables,0.0000,Min Level,28 Apr 2025
MIN,P1975,NAD,Min,Mixed Pallet,0.0000,Min Level,28 Apr 2025
MIN,P1986,NAD,Min,Mixed Pallet,0.0000,Min Level,28 Apr 2025
MIN,P1983,NAD,Min,Mixed Pallet,0.0000,Min Level,28 Apr 2025
MIN,P1978,NAD,Min,Mixed Pallet,0.0000,Min Level,28 Apr 2025
MIN,P1982,NAD,Min,Mixed Pallet,0.0000,Min Level,28 Apr 2025
MIN,P1976,NAD,Min,Mixed Pallet,0.0000,Min Level,28 Apr 2025
MIN,P1977,NAD,Min,Mixed Pallet,0.0000,Min Level,28 Apr 2025
MIN,P1981,NAD,Min,Mixed Pallet,0.0000,Min Level,28 Apr 2025
MIN,P1979,NAD,Min,Mixed Pallet,0.0000,Min Level,28 Apr 2025
MIN,P1984,NAD,Min,Mixed Pallet,0.0000,Min Level,28 Apr 2025
MIN,P1980,Trendcorp,Min,Mixed Pallet,0.0000,Min Level,28 Apr 2025
MIN,P1985,NAD,Min,Mixed Pallet,0.0000,Min Level,28 Apr 2025
MIN,D0001,Trendcorp,Min,Mixed Pallet,0.0000,Min Level,28 Apr 2025
MIN,D0002,Trendcorp,Min,Mixed Pallet,0.0000,Min Level,28 Apr 2025
MIN,D0003,Trendcorp,Min,Mixed Pallet,0.0000,Min Level,28 Apr 2025
MIN,D0004,Trendcorp,Min,Mixed Pallet,0.0000,Min Level,28 Apr 2025
MIN,D0005,Trendcorp,Min,Mixed Pallet,0.0000,Min Level,28 Apr 2025
MIN,D0006,Trendcorp,Min,Mixed Pallet,0.0000,Min Level,28 Apr 2025
MIN,D0007,Trendcorp,Min,Mixed Pallet,0.0000,Min Level,28 Apr 2025
MIN,D0008,Trendcorp,Min,Mixed Pallet,0.0000,Min Level,28 Apr 2025
MIN,D0009,Trendcorp,Min,Mixed Pallet,0.0000,Min Level,28 Apr 2025
MIN,D0010,Trendcorp,Min,Mixed Pallet,0.0000,Min Level,28 Apr 2025
MIN,D0011,Trendcorp,Min,Mixed Pallet,0.0000,Min Level,28 Apr 2025
MIN,D0012,Trendcorp,Min,Mixed Pallet,0.0000,Min Level,28 Apr 2025
MIN,D0013,Trendcorp,Min,Mixed Pallet,0.0000,Min Level,28 Apr 2025
MIN,D0014,Trendcorp,Min,Mixed Pallet,0.0000,Min Level,28 Apr 2025
MIN,D0015,Trendcorp,Min,Mixed Pallet,0.0000,Min Level,28 Apr 2025
MIN,D0016,Trendcorp,Min,Mixed Pallet,0.0000,Min Level,28 Apr 2025
MIN,D0017,Trendcorp,Min,Mixed Pallet,0.0000,Min Level,28 Apr 2025
MIN,D0018,Trendcorp,Min,Mixed Pallet,0.0000,Min Level,28 Apr 2025
MIN,D0019,Trendcorp,Min,Mixed Pallet,0.0000,Min Level,28 Apr 2025
MIN,D0020,Trendcorp,Min,Mixed Pallet,0.0000,Min Level,28 Apr 2025
MIN,D0021,Trendcorp,Min,Mixed Pallet,0.0000,Min Level,28 Apr 2025
MIN,D0022,Trendcorp,Min,Mixed Pallet,0.0000,Min Level,28 Apr 2025
MIN,D0023,Trendcorp,Min,Mixed Pallet,0.0000,Min Level,28 Apr 2025
MIN,D0024,Trendcorp,Min,Mixed Pallet,0.0000,Min Level,28 Apr 2025
MIN,D0025,Trendcorp,Min,Mixed Pallet,0.0000,Min Level,28 Apr 2025
MIN,D0026,Trendcorp,Min,Mixed Pallet,0.0000,Min Level,28 Apr 2025
MIN,D0027,Trendcorp,Min,Mixed Pallet,0.0000,Min Level,28 Apr 2025
MIN,D0028,Trendcorp,Min,Mixed Pallet,0.0000,Min Level,28 Apr 2025
MIN,D0029,Trendcorp,Min,Mixed Pallet,0.0000,Min Level,28 Apr 2025
MIN,D0030,Trendcorp,Min,Mixed Pallet,0.0000,Min Level,28 Apr 2025
MIN,D0031,Trendcorp,Min,Mixed Pallet,0.0000,Min Level,28 Apr 2025
MIN,D0032,Trendcorp,Min,Mixed Pallet,0.0000,Min Level,28 Apr 2025
MIN,D0033,Trendcorp,Min,Mixed Pallet,0.0000,Min Level,28 Apr 2025
MIN,D0034,Trendcorp,Min,Mixed Pallet,0.0000,Min Level,28 Apr 2025
MIN,D0035,Trendcorp,Min,Mixed Pallet,0.0000,Min Level,28 Apr 2025
MIN,D0036,Trendcorp,Min,Mixed Pallet,0.0000,Min Level,28 Apr 2025
MIN,D0037,Trendcorp,Min,Mixed Pallet,0.0000,Min Level,28 Apr 2025
MIN,D0038,Trendcorp,Min,Mixed Pallet,0.0000,Min Level,28 Apr 2025
MIN,D0039,Trendcorp,Min,Mixed Pallet,0.0000,Min Level,28 Apr 2025
MIN,D0040,Trendcorp,Min,Mixed Pallet,0.0000,Min Level,28 Apr 2025
MIN,D0041,Trendcorp,Min,Mixed Pallet,0.0000,Min Level,28 Apr 2025
MIN,D0042,Trendcorp,Min,Mixed Pallet,0.0000,Min Level,28 Apr 2025
MIN,D0043,Trendcorp,Min,Mixed Pallet,0.0000,Min Level,28 Apr 2025
MIN,D0044,Trendcorp,Min,Mixed Pallet,0.0000,Min Level,28 Apr 2025
MIN,D0045,Trendcorp,Min,Mixed Pallet,0.0000,Min Level,28 Apr 2025
MIN,D0046,Trendcorp,Min,Mixed Pallet,0.0000,Min Level,28 Apr 2025
MIN,E00578,Trendcorp,Min,Mixed Pallet,0.0000,Min Level,28 Apr 2025
MIN,E00577,Trendcorp,Min,Mixed Pallet,0.0000,Min Level,28 Apr 2025
MIN,1N0036,Trendcorp,Min,Mixed Pallet,0.0000,Min Level,28 Apr 2025
MIN,1N0038,Trendcorp,Min,Mixed Pallet,0.0000,Min Level,28 Apr 2025
MIN,1N0075,Trendcorp,Min,Mixed Pallet,0.0000,Min Level,28 Apr 2025
MIN,1N0034,Trendcorp,Min,Mixed Pallet,0.0000,Min Level,28 Apr 2025
MIN,1N0068,Trendcorp,Min,Mixed Pallet,0.0000,Min Level,28 Apr 2025
MIN,1N0062,Trendcorp,Min,Mixed Pallet,0.0000,Min Level,28 Apr 2025
MIN,1N0063,Trendcorp,Min,Mixed Pallet,0.0000,Min Level,28 Apr 2025
MIN,D0047,Trendcorp,Min,Mixed Pallet,0.0000,Min Level,28 Apr 2025
MIN,D0048,Trendcorp,Min,Mixed Pallet,0.0000,Min Level,28 Apr 2025
MIN,D0049,Trendcorp,Min,Mixed Pallet,0.0000,Min Level,28 Apr 2025
MIN,D0050,Trendcorp,Min,Mixed Pallet,0.0000,Min Level,28 Apr 2025
MIN,D0051,Trendcorp,Min,Mixed Pallet,0.0000,Min Level,28 Apr 2025
MIN,P1883,NAD,Min,Mixed Pallet,0.0000,Min Level,28 Apr 2025
MIN,P1885,NAD,Min,Mixed Pallet,0.0000,Min Level,28 Apr 2025
MIN,P1882,NAD,Min,Mixed Pallet,0.0000,Min Level,28 Apr 2025
MIN,P1888,NAD,Min,Mixed Pallet,0.0000,Min Level,28 Apr 2025
MIN,P1884,NAD,Min,Mixed Pallet,0.0000,Min Level,28 Apr 2025
