ItemCode,Description,CategoryDescript,Sum_Qty,StoreCode,LotNumber,Unit_Cost,Value_On_Hand,TextUserField1,TextUserField2,TextUserField3,NumericUserField1,NumericUserField2,NumericUserField3
10+00+10,10+00+10 Greenmaster Liquid,Kiki Trading,40,N021,29042025N0211593,0.0000,0.0000,N021,,,0.00,0.00,0.00
10+00+10A,10+00+10 Greenmaster Liquid,Kiki Trading,60,N019,29042025N0191594,0.0000,0.0000,N019,,,0.00,0.00,0.00
1020X710UKL160-A,Brown Box Liner 160G,Kiki Bags,5000,X022,29042025X0221408,0.0000,0.0000,X022,,,0.00,0.00,0.00
1020X710UKL160G,Brown Box Liner 160G,Kiki Bags,333,Y135,29042025Y1351409,0.0000,0.0000,Y135,,,0.00,0.00,0.00
1020X710UKL175G,Brown Box Liner 175G,Kiki Bags,2200,X029,29042025X0291410,0.0000,0.0000,X029,,,0.00,0.00,0.00
1020X710WTL175-A,White Top Liner 175g,Kiki Bags,1258,Y107,29042025Y1071411,0.0000,0.0000,Y107,,,0.00,0.00,0.00
1020X710WTL175-D,White Top Liner 175g,Kiki Bags,17,Y017,29042025Y0171412,0.0000,0.0000,Y017,,,0.00,0.00,0.00
1020X710WTL175G-F,White Top Liner 175g,Kiki Bags,4600,Y011,29042025Y0111413,0.0000,0.0000,Y011,,,0.00,0.00,0.00
12+04+06,12+04+06 Greenmaster Liquid,Kiki Trading,54,N022,29042025N0221595,0.0000,0.0000,N022,,,0.00,0.00,0.00
12+04+06B,12+04+06 Greenmaster Liquid 17/01/2025,Kiki Trading,60,K039,29042025K0391596,0.0000,0.0000,K039,,,0.00,0.00,0.00
15+00+43,15+00+43 Sportsmaster17/01/25,Kiki Trading,66,X039,29042025X0392080,0.0000,0.0000,X039,,,0.00,0.00,0.00
15+00+43A,15+00+43 Sportsmaster,Kiki Trading,26,N001,29042025N0011598,0.0000,0.0000,N001,,,0.00,0.00,0.00
15+00+43B,15+00+43 Sportsmaster 07/02/2025,Kiki Trading,66,X009,29042025X0092116,0.0000,0.0000,X009,,,0.00,0.00,0.00
15-00-26,15-00-26 Sierraform GT New Stock,Kiki Trading,5,N002,29042025N0021599,0.0000,0.0000,N002,,,0.00,0.00,0.00
15-00-26A,15-00-26 Sierraform GT 07/02/2025,Kiki Trading,50,J039,29042025J0391952,0.0000,0.0000,J039,,,0.00,0.00,0.00
15-00-26B,15-00-26 Sierraform GT 17/01/2025,Kiki Trading,50,X043,29042025X0431600,0.0000,0.0000,X043,,,0.00,0.00,0.00
15-00-26C,15-00-26 Sierraform GT latest 09-05-24,Kiki Trading,15,N007,29042025N0071597,0.0000,0.0000,N007,,,0.00,0.00,0.00
18+06+18+-C,18+06+18 Sierraform GT latest 17-01-2025,Kiki Trading,51,K034,29042025K0341961,0.0000,0.0000,K034,,,0.00,0.00,0.00
18+06+18-A,18+06+18 Sierraform GT latest 17/01/25,Kiki Trading,50,K012,29042025K0121959,0.0000,0.0000,K012,,,0.00,0.00,0.00
18+06+18-B,18+06+18 Sierraform GT latest 17/01/25,Kiki Trading,50,K013,29042025K0131960,0.0000,0.0000,K013,,,0.00,0.00,0.00
18+06+18-D,18+06+18 Sierraform GT latest 17/01/25,Kiki Trading,40,K036,29042025K0361601,0.0000,0.0000,K036,,,0.00,0.00,0.00
18+06+18-E,18+06+18 Sierraform GT latest 06-03-2025,Kiki Trading,50,W027,29042025W0272105,0.0000,0.0000,W027,,,0.00,0.00,0.00
18+06+18-F,18+06+18 Sierraform GT latest 07/02/2025,Kiki Trading,50,J037,29042025J0372106,0.0000,0.0000,J037,,,0.00,0.00,0.00
18+06+18-G,18+06+18 Sierraform GT latest 07/02/2025,Kiki Trading,50,N025,29042025N0252122,0.0000,0.0000,N025,,,0.00,0.00,0.00
18+06+18-H,18+06+18 Sierraform GT latest 07/02/2025,Kiki Trading,50,W043,29042025W0432123,0.0000,0.0000,W043,,,0.00,0.00,0.00
18+06+18-I,18+06+18 Sierraform GT latest 07/02/2025,Kiki Trading,50,W034,29042025W0342124,0.0000,0.0000,W034,,,0.00,0.00,0.00
18+06+18-J,18+06+18 Sierraform GT latest 06-03-2025,Kiki Trading,50,X035,29042025X0352305,0.0000,0.0000,X035,,,0.00,0.00,0.00
18+06+18-K,18+06+18 Sierraform GT latest 06-03-2025,Kiki Trading,50,X004,29042025X0042306,0.0000,0.0000,X004,,,0.00,0.00,0.00
18+06+18-L,18+06+18 Sierraform GT latest 06-03-2025,Kiki Trading,50,W016,29042025W0162307,0.0000,0.0000,W016,,,0.00,0.00,0.00
18+06+18-M,18+06+18 Sierraform GT latest 06-03-2025,Kiki Trading,50,W022,29042025W0222308,0.0000,0.0000,W022,,,0.00,0.00,0.00
18+22+05-A,18+22+05 Sierraform GT latest 17-01-2025,Kiki Trading,20,N006,29042025N0061602,0.0000,0.0000,N006,,,0.00,0.00,0.00
18-22-05-B,18+22+05 Sierraform GT latest 17-01-2025,Kiki Trading,50,N024,29042025N0242107,0.0000,0.0000,N024,,,0.00,0.00,0.00
19+00+19,19+00+19 Sierraform GT New Stock,Kiki Trading,8,N010,29042025N0101603,0.0000,0.0000,N010,,,0.00,0.00,0.00
19+00+19A,19+00+19 Sierraform GT 07/02/2025,Kiki Trading,50,Y014,29042025Y0141604,0.0000,0.0000,Y014,,,0.00,0.00,0.00
19+00+19B,19+00+19 Sierraform GT 07/02/2025,Kiki Trading,40,X018,29042025X0181605,0.0000,0.0000,X018,,,0.00,0.00,0.00
2.06.1112CN-A,AL-1112S Glueboard Alcopro1,Bianomy,594,Y220,29042025Y2201591,0.0000,0.0000,Y220,,,0.00,0.00,0.00
2.14.8201,AL-082M Glueboard Universal Multilayer,Bianomy,6307,X029,29042025X0291592,0.0000,0.0000,X029,,,0.00,0.00,0.00
2.14.8201-B,AL-082M Glueboard Universal Multilayer,Bianomy,3120,RM,29042025RM244,0.0000,0.0000,,,,0.00,0.00,0.00
20+00+07,20+00+07 Proturf NEW 17/01/2025,Kiki Trading,40,Y045,29042025Y0451606,0.0000,0.0000,Y045,,,0.00,0.00,0.00
20+00+07-AA,20+00+07 Proturf latest 06/03/2025,Kiki Trading,40,X051,29042025X0512125,0.0000,0.0000,X051,,,0.00,0.00,0.00
20+00+07-AB,20+00+07 Proturf latest 06/03/2025,Kiki Trading,40,X047,29042025X0472309,0.0000,0.0000,X047,,,0.00,0.00,0.00
20+00+07-AC,20+00+07 Proturf latest 06/03/2025,Kiki Trading,40,X021,29042025X0212311,0.0000,0.0000,X021,,,0.00,0.00,0.00
20+00+07-AD,20+00+07 Proturf latest 06/03/2025,Kiki Trading,40,X013,29042025X0132312,0.0000,0.0000,X013,,,0.00,0.00,0.00
20+00+07-AE,20+00+07 Proturf latest 06/03/2025,Kiki Trading,40,X006,29042025X0062313,0.0000,0.0000,X006,,,0.00,0.00,0.00
20+00+07-AF,20+00+07 Proturf latest 06/03/2025,Kiki Trading,40,X001,29042025X0012314,0.0000,0.0000,X001,,,0.00,0.00,0.00
20+00+07-AG,20+00+07 Proturf latest 06/03/2025,Kiki Trading,40,X003,29042025X0032315,0.0000,0.0000,X003,,,0.00,0.00,0.00
20+00+07-AH,20+00+07 Proturf latest 06/03/2025,Kiki Trading,40,W015,29042025W0152316,0.0000,0.0000,W015,,,0.00,0.00,0.00
20+00+07-AI,20+00+07 Proturf latest 06/03/2025,Kiki Trading,40,W019,29042025W0192317,0.0000,0.0000,W019,,,0.00,0.00,0.00
20+00+07-AJ,20+00+07 Proturf latest 06/03/2025,Kiki Trading,40,W030,29042025W0302318,0.0000,0.0000,W030,,,0.00,0.00,0.00
20+00+07-AK,20+00+07 Proturf latest 06/03/2025,Kiki Trading,40,X037,29042025X0372310,0.0000,0.0000,X037,,,0.00,0.00,0.00
20+00+07-B,20+00+07 Proturf NEW 17/01/2025,Kiki Trading,40,N033,29042025N0331607,0.0000,0.0000,N033,,,0.00,0.00,0.00
20+00+07-C,20+00+07 Proturf latest 12-11-2024,Kiki Trading,40,N031,29042025N0311608,0.0000,0.0000,N031,,,0.00,0.00,0.00
20+00+07-D,20+00+07 Proturf latest 12-11-2024,Kiki Trading,40,N015,29042025N0151609,0.0000,0.0000,N015,,,0.00,0.00,0.00
20+00+07-E,20+00+07 Proturf latest 12-11-2024,Kiki Trading,40,N013,29042025N0131610,0.0000,0.0000,N013,,,0.00,0.00,0.00
20+00+07-F,20+00+07 Proturf latest 06/03/2025,Kiki Trading,40,Y046,29042025Y0461611,0.0000,0.0000,Y046,,,0.00,0.00,0.00
20+00+07-G,20+00+07 Proturf latest 12-11-2024,Kiki Trading,40,N004,29042025N0041612,0.0000,0.0000,N004,,,0.00,0.00,0.00
20+00+07-H,20+00+07 Proturf latest 12-11-2024,Kiki Trading,40,N018,29042025N0181613,0.0000,0.0000,N018,,,0.00,0.00,0.00
20+00+07-I,20+00+07 Proturf latest 12-11-2024,Kiki Trading,40,N030,29042025N0301614,0.0000,0.0000,N030,,,0.00,0.00,0.00
20+00+07-J,20+00+07 Proturf latest 12-11-2024,Kiki Trading,40,K031,29042025K0311615,0.0000,0.0000,K031,,,0.00,0.00,0.00
20+00+07-K,20+00+07 Proturf latest 12-11-2024,Kiki Trading,40,K030,29042025K0301616,0.0000,0.0000,K030,,,0.00,0.00,0.00
20+00+07-L,20+00+07 Proturf latest 12-11-2024,Kiki Trading,40,K028,29042025K0281617,0.0000,0.0000,K028,,,0.00,0.00,0.00
20+00+07-M,20+00+07 Proturf latest 12-11-2024,Kiki Trading,40,K027,29042025K0271618,0.0000,0.0000,K027,,,0.00,0.00,0.00
20+00+07-N,20+00+07 Proturf latest 12-11-2024,Kiki Trading,40,K025,29042025K0251981,0.0000,0.0000,K025,,,0.00,0.00,0.00
20+00+07-O,20+00+07 Proturf latest 12-11-2024,Kiki Trading,40,K022,29042025K0221982,0.0000,0.0000,K022,,,0.00,0.00,0.00
20+00+07-P,20+00+07 Proturf latest 12-11-2024,Kiki Trading,40,K021,29042025K0211983,0.0000,0.0000,K021,,,0.00,0.00,0.00
20+00+07-Q,20+00+07 Proturf latest 12-11-2024,Kiki Trading,40,K019,29042025K0191984,0.0000,0.0000,K019,,,0.00,0.00,0.00
20+00+07-R,20+00+07 Proturf latest 12-11-2024,Kiki Trading,18,K018,29042025K0181985,0.0000,0.0000,K018,,,0.00,0.00,0.00
20+00+07-S,20+00+07 Proturf latest 12-11-2024,Kiki Trading,40,Y052,29042025Y0521986,0.0000,0.0000,Y052,,,0.00,0.00,0.00
20+00+07-V,20+00+07 Proturf latest 06/03/2025,Kiki Trading,40,X019,29042025X0191987,0.0000,0.0000,X019,,,0.00,0.00,0.00
20+00+07-W,20+00+07 Proturf NEW 17/01/2025,Kiki Trading,40,X042,29042025X0422102,0.0000,0.0000,X042,,,0.00,0.00,0.00
20+00+07-X,20+00+07 Proturf latest 07/02/2025,Kiki Trading,40,Y049,29042025Y0492103,0.0000,0.0000,Y049,,,0.00,0.00,0.00
20+00+07-Y,20+00+07 Proturf latest 07/02/2025,Kiki Trading,40,W037,29042025W0372104,0.0000,0.0000,W037,,,0.00,0.00,0.00
20+00+07-Z,20+00+07 Proturf latest 07/02/2025,Kiki Trading,25,N009,29042025N0092126,0.0000,0.0000,N009,,,0.00,0.00,0.00
22+05+11,22+05+11 Sierraform GT 17/01/2025,Kiki Trading,18,X027,29042025X0271619,0.0000,0.0000,X027,,,0.00,0.00,0.00
22+05+11B,22+05+11 Sierraform GT New Stock,Kiki Trading,38,K007,29042025K0071620,0.0000,0.0000,K007,,,0.00,0.00,0.00
22+05+11C,22+05+11 Sierraform GT 07/02/2025,Kiki Trading,50,J034,29042025J0341621,0.0000,0.0000,J034,,,0.00,0.00,0.00
22+05+11D,22+05+11 Sierraform GT 07/02/2025,Kiki Trading,50,J036,29042025J0361622,0.0000,0.0000,J036,,,0.00,0.00,0.00
22+05+11E,22+05+11 Sierraform GT 07/02/2025,Kiki Trading,50,K033,29042025K0332120,0.0000,0.0000,K033,,,0.00,0.00,0.00
22+05+11F,22+05+11 Sierraform GT 07/02/2025,Kiki Trading,50,X040,29042025X0402121,0.0000,0.0000,X040,,,0.00,0.00,0.00
35+00+14,35+00+14 Sportsmaster 07/02/2025,Kiki Trading,30,N003,29042025N0032115,0.0000,0.0000,N003,,,0.00,0.00,0.00
35+00+14A,35+00+14 Sportsmaster 07/02/2025,Kiki Trading,36,X010,29042025X0102206,0.0000,0.0000,X010,,,0.00,0.00,0.00
35+00+14B,35+00+14 Sportsmaster,Kiki Trading,39,N012,29042025N0121623,0.0000,0.0000,N012,,,0.00,0.00,0.00
391/03511011/B,Silverline 3C 51CC,Isinkwe Energies,13,Y231,29042025Y2311737,0.0000,0.0000,Y231,,,0.00,0.00,0.00
391/04421011/C,Silverline 4C 42CC,Isinkwe Energies,5,Y230,29042025Y2302196,0.0000,0.0000,Y230,,,0.00,0.00,0.00
391/04511011/B,Silverline 4C 51CC,Isinkwe Energies,31,X204,29042025X2041747,0.0000,0.0000,X204,,,0.00,0.00,0.00
391/04511011/B-A,Silverline 4C 51CC,Isinkwe Energies,9,Y238,29042025Y2381738,0.0000,0.0000,Y238,,,0.00,0.00,0.00
391/04511011/B-B,Silverline 4C 51CC,Isinkwe Energies,64,W313,29042025W3131837,0.0000,0.0000,W313,,,0.00,0.00,0.00
391/04511011/B-D,Silverline 4C 51CC,Isinkwe Energies,56,W342,29042025W3422197,0.0000,0.0000,W342,,,0.00,0.00,0.00
391/04621011/B,Silverline 4C 62CC,Isinkwe Energies,14,Y229,29042025Y2291748,0.0000,0.0000,Y229,,,0.00,0.00,0.00
3N0052,Mixed Pallet,Trendcorp,1,Y406,29042025Y4062340,0.0000,0.0000,Y406,,,0.00,0.00,0.00
3N0053,Mixed Pallet,Trendcorp,1,Y309,29042025Y3092341,0.0000,0.0000,Y309,,,0.00,0.00,0.00
3N0071,Mixed Pallet,Trendcorp,1,Y303,29042025Y3032383,0.0000,0.0000,Y303,,,0.00,0.00,0.00
510X710UKLB125-A,Brown Box Liner 125G,Kiki Bags,3319,Y035,29042025Y0351414,0.0000,0.0000,Y035,,,0.00,0.00,0.00
600X460WTL135G-C,White Top Liner 135G,Kiki Bags,5600,X008,29042025X0081789,0.0000,0.0000,X008,,,0.00,0.00,0.00
600X460WTL135G-F,White Top Liner 135G,Kiki Bags,5600,W035,29042025W0351416,0.0000,0.0000,W035,,,0.00,0.00,0.00
600X460WTL135GE,White Top Liner 135G,Kiki Bags,5600,X038,29042025X0381415,0.0000,0.0000,X038,,,0.00,0.00,0.00
600X460WTL135GG,White Top Liner 135G,Kiki Bags,100,X011,29042025X0111417,0.0000,0.0000,X011,,,0.00,0.00,0.00
600X460WTL135GH,White Top Liner 135G,Kiki Bags,400,Y112,29042025Y1121790,0.0000,0.0000,Y112,,,0.00,0.00,0.00
600X460WTL135GI,White Top Liner 135G,Kiki Bags,100,X005,29042025X0052127,0.0000,0.0000,X005,,,0.00,0.00,0.00
600X460WTL135GJ,White Top Liner 135G,Kiki Bags,34,Y131,29042025Y1312128,0.0000,0.0000,Y131,,,0.00,0.00,0.00
610X460WTL125G-A,White Top Liner 125G New Code,Kiki Bags,5854,X041,29042025X0411988,0.0000,0.0000,X041,,,0.00,0.00,0.00
610X460WTL125G-B,White Top Liner 125G New Code,Kiki Bags,6000,W032,29042025W0321989,0.0000,0.0000,W032,,,0.00,0.00,0.00
610X460WTL125G-C,White Top Liner 125G New Code,Kiki Bags,6000,W038,29042025W0381990,0.0000,0.0000,W038,,,0.00,0.00,0.00
640X640WTL175G,White Top Liner 175G,Kiki Bags,3563,Y028,29042025Y0281820,0.0000,0.0000,Y028,,,0.00,0.00,0.00
640X640WTL175G-F,White Top Liner 175G,Kiki Bags,187,X141,29042025X1411819,0.0000,0.0000,X141,,,0.00,0.00,0.00
710x510ADV 130g,ADV White 120G,Kiki Bags,5044,Y017,29042025Y0171692,0.0000,0.0000,Y017,,,0.00,0.00,0.00
710X510ADV130G,710X510 130G ADV White,Kiki Bags,4600,Y030,29042025Y0301418,0.0000,0.0000,Y030,,,0.00,0.00,0.00
710X510WTL115G,White Top Liner 115g,Kiki Bags,200,Y139,29042025Y1391419,0.0000,0.0000,Y139,,,0.00,0.00,0.00
710X510WTL115G-A,White Top Liner 115g,Kiki Bags,5463,Y042,29042025Y0421420,0.0000,0.0000,Y042,,,0.00,0.00,0.00
710X510WTL115G-B,White Top Liner 115g,Kiki Bags,2681,Y132,29042025Y1321421,0.0000,0.0000,Y132,,,0.00,0.00,0.00
710X510WTL125G-A,White Top Liner 125G New Code,Kiki Bags,5200,X017,29042025X0171971,0.0000,0.0000,X017,,,0.00,0.00,0.00
710X510WTL125G-B,White Top Liner 125G New Code,Kiki Bags,5582,X020,29042025X0201972,0.0000,0.0000,X020,,,0.00,0.00,0.00
710X510WTL125G-E,White Top Liner 125G New Code,Kiki Bags,650,Y130,29042025Y1301422,0.0000,0.0000,Y130,,,0.00,0.00,0.00
710X510WTL135G-C,White Top Liner 135G,Kiki Bags,5600,W047,29042025W0472026,0.0000,0.0000,W047,,,0.00,0.00,0.00
710X510WTL135G-D,White Top Liner 135G,Kiki Bags,5600,X002,29042025X0022039,0.0000,0.0000,X002,,,0.00,0.00,0.00
710X510WTL135G-E,white Top Liner135g,Kiki Bags,200,Y015,29042025Y0151423,0.0000,0.0000,Y015,,,0.00,0.00,0.00
710X510WTL135G-H,White Top Liner 135g,Kiki Bags,5600,W044,29042025W0441696,0.0000,0.0000,W044,,,0.00,0.00,0.00
710X510WTL135G-J,White Top Liner 135g,Kiki Bags,168,Y050,29042025Y0501697,0.0000,0.0000,Y050,,,0.00,0.00,0.00
710X510WTL135G-K,White Top Liner 135g,Kiki Bags,5600,W050,29042025W0501698,0.0000,0.0000,W050,,,0.00,0.00,0.00
710X510WTL135G-O,white Top Liner135g,Kiki Bags,2400,Y211,29042025Y2112040,0.0000,0.0000,Y211,,,0.00,0.00,0.00
710X510WTL175G-A,White Top Liner 175g,Kiki Bags,1946,Y210,29042025Y2101424,0.0000,0.0000,Y210,,,0.00,0.00,0.00
710X640WTL175-G,White Top Liner 175G,Kiki Bags,3047,Y021,29042025Y0211425,0.0000,0.0000,Y021,,,0.00,0.00,0.00
710X640WTL175G-A,White Top Liner 175G,Kiki Bags,4400,Y039,29042025Y0391426,0.0000,0.0000,Y039,,,0.00,0.00,0.00
710X640WTL175G-B,White Top Liner 175G,Kiki Bags,3600,Y019,29042025Y0191427,0.0000,0.0000,Y019,,,0.00,0.00,0.00
710X640WTL175G-C,White Top Liner 175G,Kiki Bags,3600,Y036,29042025Y0361428,0.0000,0.0000,Y036,,,0.00,0.00,0.00
710X640WTL175G-D,White Top Liner 175G,Kiki Bags,2110,Y133,29042025Y1331429,0.0000,0.0000,Y133,,,0.00,0.00,0.00
710X640WTL175G-E,White Top Liner 175G,Kiki Bags,4400,Y044,29042025Y0441430,0.0000,0.0000,Y044,,,0.00,0.00,0.00
710X640WTL175G-F,White Top Liner 175G,Kiki Bags,4400,Y043,29042025Y0431431,0.0000,0.0000,Y043,,,0.00,0.00,0.00
710X640WTL175G-G,White Top Liner 175G,Kiki Bags,4400,X026,29042025X0261432,0.0000,0.0000,X026,,,0.00,0.00,0.00
710X640WTL175G-H,White Top Liner 175G,Kiki Bags,412,Y138,29042025Y1381433,0.0000,0.0000,Y138,,,0.00,0.00,0.00
735X640WTL135G-A,White Top Liner 135G,Kiki Bags,2100,Y214,29042025Y2141434,0.0000,0.0000,Y214,,,0.00,0.00,0.00
740X640s170g UKLB,Bay Brown Liner 170G,Kiki Bags,1100,Y209,29042025Y2091813,0.0000,0.0000,Y209,,,0.00,0.00,0.00
740X640s170g UKLB-A,Bay Brown Liner 170G,Kiki Bags,4800,X034,29042025X0341814,0.0000,0.0000,X034,,,0.00,0.00,0.00
740X640sUKLB170G,Bay Brown Liner 170G,Kiki Bags,4224,Y024,29042025Y0242025,0.0000,0.0000,Y024,,,0.00,0.00,0.00
800X640WTL175-C,White Top Liner 175G,Kiki Bags,3161,X014,29042025X0142108,0.0000,0.0000,X014,,,0.00,0.00,0.00
885X600UKLB170G,Brown Box Liner 170G,Kiki Bags,3141,Y038,29042025Y0381436,0.0000,0.0000,Y038,,,0.00,0.00,0.00
885X600UKLB170G-A,Brown Box Liner 170G,Kiki Bags,2406,Y016,29042025Y0161435,0.0000,0.0000,Y016,,,0.00,0.00,0.00
900X600UKLB125G,Brown Box Liner 125G,Kiki Bags,1280,Y212,29042025Y2121438,0.0000,0.0000,Y212,,,0.00,0.00,0.00
900X600UKLB175G,Brown Box Liner 175G,Kiki Bags,636,Y128,29042025Y1281437,0.0000,0.0000,Y128,,,0.00,0.00,0.00
900X600WTL 135G,White Top Liner135G,Kiki Bags,5600,Y031,29042025Y0311693,0.0000,0.0000,Y031,,,0.00,0.00,0.00
900X600WTL135-F,White Top Liner 135G,Kiki Bags,5600,Y033,29042025Y0331694,0.0000,0.0000,Y033,,,0.00,0.00,0.00
900X600WTL135G-C,White Top Liner 135G Creased,Kiki Bags,103,Y129,29042025Y1291439,0.0000,0.0000,Y129,,,0.00,0.00,0.00
900X600WTL135G-G,white Top Liner 135G,Kiki Bags,2700,X005,29042025X0051440,0.0000,0.0000,X005,,,0.00,0.00,0.00
900X600WTL135G-J,White Top Liner 135G,Kiki Bags,5600,Y025,29042025Y0252079,0.0000,0.0000,Y025,,,0.00,0.00,0.00
900X600WTL175G,White Top Liner 175G,Kiki Bags,300,Y207,29042025Y2071441,0.0000,0.0000,Y207,,,0.00,0.00,0.00
900X600WTL175G-A,White Top Liner 175G,Kiki Bags,4400,Y023,29042025Y0231442,0.0000,0.0000,Y023,,,0.00,0.00,0.00
900X600WTL175G-B,White Top Liner 175G,Kiki Bags,4400,Y041,29042025Y0411443,0.0000,0.0000,Y041,,,0.00,0.00,0.00
900X600WTL175G-C,White Top Liner 175G,Kiki Bags,4400,Y022,29042025Y0221444,0.0000,0.0000,Y022,,,0.00,0.00,0.00
900X600WTL175G-D,White Top Liner 175G,Kiki Bags,4400,Y010,29042025Y0101445,0.0000,0.0000,Y010,,,0.00,0.00,0.00
990030,U1191 XG Congo VV Top Valet,Niemann,23,Q016,29042025Q0161570,0.0000,0.0000,Q016,,,0.00,0.00,0.00
990030A,U1191 XG Congo VV Top Valet,Niemann,16,Q016,29042025Q0161590,0.0000,0.0000,Q016,,,0.00,0.00,0.00
ACBT100,3 In 1 Comfy Bath,Bambino,62,S114,29042025S1141997,0.0000,0.0000,S114,,,0.00,0.00,0.00
ACBT100-A,3 In 1 Comfy Bath,Bambino,48,S016,29042025S0161998,0.0000,0.0000,S016,,,0.00,0.00,0.00
ACBT100-C,3 In 1 Comfy Bath,Bambino,62,S014,29042025S0141999,0.0000,0.0000,S014,,,0.00,0.00,0.00
ACBT100-D,3 In 1 Comfy Bath,Bambino,76,T213,29042025T2132000,0.0000,0.0000,T213,,,0.00,0.00,0.00
ACBT100-G,3 In 1 Comfy Bath,Bambino,60,V101,29042025V1012072,0.0000,0.0000,V101,,,0.00,0.00,0.00
ACBT100-H,3 In 1 Comfy Bath,Bambino,60,V102,29042025V1022073,0.0000,0.0000,V102,,,0.00,0.00,0.00
ACBT100-I,3 In 1 Comfy Bath,Bambino,78,T214,29042025T2142074,0.0000,0.0000,T214,,,0.00,0.00,0.00
ACCPRO360ST,AccPro 360ST + Raincover Applictors T&L,Kiki Trading,5,M012,29042025M0122081,0.0000,0.0000,M012,,,0.00,0.00,0.00
ACGS248-J,Safety Gate Extentions 7cm,Bambino,300,S008,29042025S0081632,0.0000,0.0000,S008,,,0.00,0.00,0.00
ACGS248-Q,Safety Gate Extentions 7cm,Bambino,-36,RM,29042025RM634,0.0000,0.0000,K121,,,0.00,0.00,0.00
ACGS249-AA,Safety Gate Extentions 7 14 28cm,Bambino,357,P012,29042025P0121977,0.0000,0.0000,P012,,,0.00,0.00,0.00
BF2416D,Wall Hung Toilet White Samples,Hygizone,1,Y250,29042025Y2501633,0.0000,0.0000,Y250,,,0.00,0.00,0.00
BF2418D,Wall Hung Toilet White Samples,Hygizone,1,Y250,29042025Y2501634,0.0000,0.0000,Y250,,,0.00,0.00,0.00
C201,ORAC Cornice Molding,ABC Building Materials,20,I024,29042025I0241930,0.0000,0.0000,I024,,,0.00,0.00,0.00
C338A,ORAC Cornice Molding,ABC Building Materials,4,I009,29042025I0091927,0.0000,0.0000,I009,,,0.00,0.00,0.00
C338B,ORAC Cornice Molding,ABC Building Materials,1,I026,29042025I0261928,0.0000,0.0000,I026,,,0.00,0.00,0.00
C338C,ORAC Cornice Molding,ABC Building Materials,8,I030,29042025I0301946,0.0000,0.0000,I030,,,0.00,0.00,0.00
C342-A,ORAC Cornice Moulding,ABC Building Materials,100,I030,29042025I0302076,0.0000,0.0000,I030,,,0.00,0.00,0.00
C343,ORAC Cornice Molding,ABC Building Materials,36,I024,29042025I0241925,0.0000,0.0000,I024,,,0.00,0.00,0.00
C343-B,ORAC Cornice Moulding,ABC Building Materials,72,I039,29042025I0392077,0.0000,0.0000,I039,,,0.00,0.00,0.00
C343-E,ORAC Cornice Moulding,ABC Building Materials,72,I036,29042025I0362078,0.0000,0.0000,I036,,,0.00,0.00,0.00
CACS599-A,Stylo Car Seat - Black/Sliver,Bambino,6,I211,29042025I2111626,0.0000,0.0000,I211,,,0.00,0.00,0.00
CACS599-AA,Stylo Black Car Seat,Bambino,6,I205,29042025I2052345,0.0000,0.0000,I205,,,0.00,0.00,0.00
CACS599-AB,Stylo Black Car Seat,Bambino,6,I105,29042025I1052346,0.0000,0.0000,I105,,,0.00,0.00,0.00
CACS599-AC,Stylo Black Car Seat,Bambino,6,J120,29042025J1202347,0.0000,0.0000,J120,,,0.00,0.00,0.00
CACS599-AD,Stylo Black Car Seat,Bambino,6,I202,29042025I2022348,0.0000,0.0000,I202,,,0.00,0.00,0.00
CACS599-AE,Stylo Black Car Seat,Bambino,6,I025,29042025I0252349,0.0000,0.0000,I025,,,0.00,0.00,0.00
CACS599-AF,Stylo Black Car Seat,Bambino,6,I031,29042025I0312350,0.0000,0.0000,I031,,,0.00,0.00,0.00
CACS599-AG,Stylo Black Car Seat,Bambino,6,I238,29042025I2382351,0.0000,0.0000,I238,,,0.00,0.00,0.00
CACS599-AH,Stylo Black Car Seat,Bambino,6,I007,29042025I0072352,0.0000,0.0000,I007,,,0.00,0.00,0.00
CACS599-AJ,Stylo Black Car Seat,Bambino,6,I138,29042025I1382353,0.0000,0.0000,I138,,,0.00,0.00,0.00
CACS599-AK,Stylo Black Car Seat,Bambino,6,L129,29042025L1292354,0.0000,0.0000,L129,,,0.00,0.00,0.00
CACS599-AO,Stylo Car Seat - Black/Sliver,Bambino,6,I019,29042025I0192357,0.0000,0.0000,I019,,,0.00,0.00,0.00
CACS599-AP,Stylo Car Seat - Black/Sliver,Bambino,210,P015,29042025P0152358,0.0000,0.0000,P015,,,0.00,0.00,0.00
CACS599-AT,Stylo Car Seat - Black/Sliver,Bambino,8,J314,29042025J3142359,0.0000,0.0000,J314,,,0.00,0.00,0.00
CACS599-AZ,Stylo Car Seat - Black/Sliver,Bambino,6,J205,29042025J2052360,0.0000,0.0000,J205,,,0.00,0.00,0.00
CACS599-B,Stylo Car Seat - Black/Sliver,Bambino,6,I111,29042025I1111627,0.0000,0.0000,I111,,,0.00,0.00,0.00
CACS599-BA,Stylo Car Seat - Black/Sliver,Bambino,6,J202,29042025J2022361,0.0000,0.0000,J202,,,0.00,0.00,0.00
CACS599-BB,Stylo Car Seat - Black/Sliver,Bambino,6,J102,29042025J1022362,0.0000,0.0000,J102,,,0.00,0.00,0.00
CACS599-BC,Stylo Car Seat - Black/Sliver,Bambino,6,J105,29042025J1052363,0.0000,0.0000,J105,,,0.00,0.00,0.00
CACS599-BD,Stylo Car Seat - Black/Sliver,Bambino,6,J108,29042025J1082364,0.0000,0.0000,J108,,,0.00,0.00,0.00
CACS599-BF,Stylo Car Seat - Black/Sliver,Bambino,8,K317,29042025K3172365,0.0000,0.0000,K317,,,0.00,0.00,0.00
CACS599-BG,Stylo Car Seat - Black/Sliver,Bambino,6,I305,29042025I3052368,0.0000,0.0000,I305,,,0.00,0.00,0.00
CACS599-BH,Stylo Car Seat - Black/Sliver,Bambino,6,I308,29042025I3082369,0.0000,0.0000,I308,,,0.00,0.00,0.00
CACS599-BL,Stylo Car Seat - Black/Sliver,Bambino,68,S013,29042025S0132370,0.0000,0.0000,S013,,,0.00,0.00,0.00
CACS599-BO,Stylo Car Seat - Black/Sliver,Bambino,6,I217,29042025I2172371,0.0000,0.0000,I217,,,0.00,0.00,0.00
CACS599-BP,Stylo Car Seat - Black/Sliver,Bambino,6,I120,29042025I1202372,0.0000,0.0000,I120,,,0.00,0.00,0.00
CACS599-BQ,Stylo Car Seat - Black/Sliver,Bambino,6,I220,29042025I2202373,0.0000,0.0000,I220,,,0.00,0.00,0.00
CACS599-BR,Stylo Car Seat - Black/Sliver,Bambino,6,I123,29042025I1232374,0.0000,0.0000,I123,,,0.00,0.00,0.00
CACS599-BS,Stylo Car Seat - Black/Sliver,Bambino,6,I223,29042025I2232375,0.0000,0.0000,I223,,,0.00,0.00,0.00
CACS599-BT,Stylo Car Seat - Black/Sliver,Bambino,6,I126,29042025I1262376,0.0000,0.0000,I126,,,0.00,0.00,0.00
CACS599-BU,Stylo Car Seat - Black/Sliver,Bambino,6,I226,29042025I2262377,0.0000,0.0000,I226,,,0.00,0.00,0.00
CACS599-BV,Stylo Car Seat - Black/Sliver,Bambino,6,I129,29042025I1292378,0.0000,0.0000,I129,,,0.00,0.00,0.00
CACS599-BW,Stylo Car Seat - Black/Sliver,Bambino,6,I229,29042025I2292379,0.0000,0.0000,I229,,,0.00,0.00,0.00
CACS599-BX,Stylo Car Seat - Black/Sliver,Bambino,6,I132,29042025I1322380,0.0000,0.0000,I132,,,0.00,0.00,0.00
CACS599-BY,Stylo Car Seat - Black/Sliver,Bambino,6,I232,29042025I2322381,0.0000,0.0000,I232,,,0.00,0.00,0.00
CACS599-BZ,Stylo Car Seat - Black/Sliver,Bambino,4,I135,29042025I1352382,0.0000,0.0000,I135,,,0.00,0.00,0.00
CACS599-D,Stylo Black Car Seat,Bambino,8,L217,29042025L2171695,0.0000,0.0000,L217,,,0.00,0.00,0.00
CACS599-F,Stylo Car Seat - Black/Sliver,Bambino,210,P215,29042025P2151628,0.0000,0.0000,P215,,,0.00,0.00,0.00
CACS604-A,I Rotate 360 Graphite,Bambino,12,J339,29042025J3391776,0.0000,0.0000,J339,,,0.00,0.00,0.00
CACS604-AA,I Rotate 360 Graphite,Bambino,12,J304,29042025J3042459,0.0000,0.0000,J304,,,0.00,0.00,0.00
CACS604-AB,I Rotate 360 Graphite,Bambino,12,J303,29042025J3032460,0.0000,0.0000,J303,,,0.00,0.00,0.00
CACS604-AC,I Rotate 360 Graphite,Bambino,12,J301,29042025J3012461,0.0000,0.0000,J301,,,0.00,0.00,0.00
CACS604-AD,I Rotate 360 Graphite,Bambino,12,J101,29042025J1012462,0.0000,0.0000,J101,,,0.00,0.00,0.00
CACS604-AE,I Rotate 360 Graphite,Bambino,12,J103,29042025J1032463,0.0000,0.0000,J103,,,0.00,0.00,0.00
CACS604-AF,I Rotate 360 Graphite,Bambino,12,J110,29042025J1102464,0.0000,0.0000,J110,,,0.00,0.00,0.00
CACS604-AG,I Rotate 360 Graphite,Bambino,12,J112,29042025J1122465,0.0000,0.0000,J112,,,0.00,0.00,0.00
CACS604-AH,I Rotate 360 Graphite,Bambino,9,J116,29042025J1162466,0.0000,0.0000,J116,,,0.00,0.00,0.00
CACS604-AR,I Rotate 360 Graphite,Bambino,2,J131,29042025J1312467,0.0000,0.0000,J131,,,0.00,0.00,0.00
CACS604-AV,I Rotate 360 Graphite,Bambino,8,J135,29042025J1352468,0.0000,0.0000,J135,,,0.00,0.00,0.00
CACS604-C,I Rotate 360 Graphite,Bambino,4,T111,29042025T1111699,0.0000,0.0000,T111,,,0.00,0.00,0.00
CACS604-E,I Rotate 360 Graphite,Bambino,9,P109,29042025P1091700,0.0000,0.0000,P109,,,0.00,0.00,0.00
CACS604-F,I Rotate 360 Graphite,Bambino,168,P003,29042025P0031777,0.0000,0.0000,P003,,,0.00,0.00,0.00
CACS604-G,I Rotate 360 Graphite,Bambino,12,J337,29042025J3371778,0.0000,0.0000,J337,,,0.00,0.00,0.00
CACS604-H,I Rotate 360 Graphite,Bambino,12,J336,29042025J3361779,0.0000,0.0000,J336,,,0.00,0.00,0.00
CACS604-I,I Rotate 360 Graphite,Bambino,12,J334,29042025J3341780,0.0000,0.0000,J334,,,0.00,0.00,0.00
CACS604-J,I Rotate 360 Graphite,Bambino,12,J333,29042025J3331781,0.0000,0.0000,J333,,,0.00,0.00,0.00
CACS604-K,I Rotate 360 Graphite,Bambino,12,J331,29042025J3311782,0.0000,0.0000,J331,,,0.00,0.00,0.00
CACS604-L,I Rotate 360 Graphite,Bambino,12,J330,29042025J3301861,0.0000,0.0000,J330,,,0.00,0.00,0.00
CACS604-M,I Rotate 360 Graphite,Bambino,12,J328,29042025J3281966,0.0000,0.0000,J328,,,0.00,0.00,0.00
CACS604-N,I Rotate 360 Graphite,Bambino,12,J327,29042025J3271967,0.0000,0.0000,J327,,,0.00,0.00,0.00
CACS604-O,I Rotate 360 Graphite,Bambino,12,J325,29042025J3251968,0.0000,0.0000,J325,,,0.00,0.00,0.00
CACS604-P,I Rotate 360 Graphite,Bambino,12,J324,29042025J3241969,0.0000,0.0000,J324,,,0.00,0.00,0.00
CACS604-Q,I Rotate 360 Graphite,Bambino,12,J322,29042025J3222451,0.0000,0.0000,J322,,,0.00,0.00,0.00
CACS604-R,I Rotate 360 Graphite,Bambino,12,J319,29042025J3192452,0.0000,0.0000,J319,,,0.00,0.00,0.00
CACS604-S,I Rotate 360 Graphite,Bambino,12,J318,29042025J3182453,0.0000,0.0000,J318,,,0.00,0.00,0.00
CACS604-T,I Rotate 360 Graphite,Bambino,12,J316,29042025J3162454,0.0000,0.0000,J316,,,0.00,0.00,0.00
CACS604-U,I Rotate 360 Graphite,Bambino,12,J315,29042025J3152455,0.0000,0.0000,J315,,,0.00,0.00,0.00
CACS604-V,I Rotate 360 Graphite,Bambino,12,J313,29042025J3132456,0.0000,0.0000,J313,,,0.00,0.00,0.00
CACS604-W,I Rotate 360 Graphite,Bambino,12,J320,29042025J3202457,0.0000,0.0000,J320,,,0.00,0.00,0.00
CACS604-X,I Rotate 360 Graphite,Bambino,12,J309,29042025J3092458,0.0000,0.0000,J309,,,0.00,0.00,0.00
CACS611-A,I-Swivel Car Seat - Cobalt,Bambino,104,P211,29042025P2111991,0.0000,0.0000,P211,,,0.00,0.00,0.00
CACS611-B,I-Swivel Car Seat - Cobalt,Bambino,4,P214,29042025P2141992,0.0000,0.0000,P214,,,0.00,0.00,0.00
CACS611-D,I-Swivel Car Seat - Cobalt,Bambino,9,P213,29042025P2131993,0.0000,0.0000,P213,,,0.00,0.00,0.00
CH-01F-R-A,Elements Heater Convection 2000w Red BD,LRB,2,O225,29042025O2251446,0.0000,0.0000,O225,,,0.00,0.00,0.00
CH-01F-R-D,Elements Heater Convection 2000w Red,LRB,5,O121,29042025O1211447,0.0000,0.0000,O121,,,0.00,0.00,0.00
COV001,External MV Safety Cover,Isinkwe Energies,20,Y106,29042025Y1062205,0.0000,0.0000,Y106,,,0.00,0.00,0.00
CV_1265_15A,Crayvallac-1265 Damaged Bag,KMS,1,RM,29042025RM327,0.0000,0.0000,,,,0.00,0.00,0.00
CX100,ORAC Cornice Moulding,ABC Building Materials,22,I009,29042025I0092017,0.0000,0.0000,I009,,,0.00,0.00,0.00
CX100F,ORAC Flex Cornice Moulding,ABC Building Materials,12,I008,29042025I0082018,0.0000,0.0000,I008,,,0.00,0.00,0.00
CX126,ORAC Cornice Moulding,ABC Building Materials,84,I012,29042025I0122015,0.0000,0.0000,I012,,,0.00,0.00,0.00
D-DHS83NM,DHS 83 NM 900*1200,Kamboo Marketing,10,R015,29042025R0152139,0.0000,0.0000,R015,,,0.00,0.00,0.00
D503,ORAC Panel,ABC Building Materials,100,K005,29042025K0052016,0.0000,0.0000,K005,,,0.00,0.00,0.00
D504,ORAC Panel,ABC Building Materials,58,I028,29042025I0281929,0.0000,0.0000,I028,,,0.00,0.00,0.00
D507,ORAC Panel,ABC Building Materials,40,I034,29042025I0341917,0.0000,0.0000,I034,,,0.00,0.00,0.00
D507-A,ORAC Panel,ABC Building Materials,38,I037,29042025I0372366,0.0000,0.0000,I037,,,0.00,0.00,0.00
DF-150-7T-D,Elements Heater 7 Fin Oil 1500w PD,LRB,2,O208,29042025O2081452,0.0000,0.0000,O208,,,0.00,0.00,0.00
DF-150P9-7,Elements Heater Oil 7FIN 1500W,LRB,202,P010,29042025P0101448,0.0000,0.0000,P010,,,0.00,0.00,0.00
DF-150P9-7T,Elements Heater 7 Fin Oil 1500w BD,LRB,1,O201,29042025O2011451,0.0000,0.0000,O201,,,0.00,0.00,0.00
DF-150P9-7T-A,ELEMENTS HEATER OIL 7FIN 1500W BD,LRB,3,O226,29042025O2261450,0.0000,0.0000,O226,,,0.00,0.00,0.00
DF-150P97(BLACK),Elements Oil Heater Black,LRB,208,P006,29042025P0061449,0.0000,0.0000,P006,,,0.00,0.00,0.00
DF-200P9-9,Elements Oil Heater,LRB,10,O138,29042025O1381453,0.0000,0.0000,O138,,,0.00,0.00,0.00
DF-200P9-9-B,Elements Heater Oil 9FIN 2000W,LRB,17,O134,29042025O1341454,0.0000,0.0000,O134,,,0.00,0.00,0.00
DF-200P9-9-G,Elements Oil Heater Black,LRB,4,O126,29042025O1261803,0.0000,0.0000,O126,,,0.00,0.00,0.00
DF-200P9-9T,Elements Heater 9 Fin Oil 2000w Black,LRB,2,O127,29042025O1271455,0.0000,0.0000,O127,,,0.00,0.00,0.00
DF-200P9-9T(BLACK)-C,Elements Heater Oil 9FIN 2000W Black BD,LRB,18,O123,29042025O1231830,0.0000,0.0000,O123,,,0.00,0.00,0.00
DF-200P9-9T(BLACK)A,Elements Oil Heater Black BD,LRB,2,O226,29042025O2262109,0.0000,0.0000,O226,,,0.00,0.00,0.00
DF-200P9-9T(BLACK)C,Elements Oil Heater Black,LRB,16,O127,29042025O1271800,0.0000,0.0000,O127,,,0.00,0.00,0.00
DF-200P9-9T(BLACK)E,Elements Heater Oil 9FIN 2000W Black,LRB,18,O129,29042025O1291808,0.0000,0.0000,O129,,,0.00,0.00,0.00
DF-200P9-9T(BLACK)F,Elements Heater Oil 9FIN 2000W Black,LRB,6,O126,29042025O1261809,0.0000,0.0000,O126,,,0.00,0.00,0.00
DF-200P9-9T(BLACK)G,Elements Heater Oil 9FIN 2000W Black,LRB,192,P106,29042025P1062179,0.0000,0.0000,P106,,,0.00,0.00,0.00
DF-200P9-9T(BLACK)H,Elements Heater Oil 9FIN 2000W Black,LRB,22,O329,29042025O3292180,0.0000,0.0000,O329,,,0.00,0.00,0.00
DF-200P9-9T(BLACK)I,Elements Heater Oil 9FIN 2000W Black,LRB,20,O002,29042025O0022181,0.0000,0.0000,O002,,,0.00,0.00,0.00
DF-200P9-9T(BLACK)J,Elements Heater Oil 9FIN 2000W Black,LRB,17,O327,29042025O3272182,0.0000,0.0000,O327,,,0.00,0.00,0.00
DF-200P9-9T-A,Elements Heater Oil 9FIN 2000W,LRB,18,O128,29042025O1281806,0.0000,0.0000,O128,,,0.00,0.00,0.00
DF-200P9-9T-B,Elements Oil Heater,LRB,11,O131,29042025O1311799,0.0000,0.0000,O131,,,0.00,0.00,0.00
DF-200P9-9T-D,Elements Heater Oil 9FIN 2000W,LRB,18,O133,29042025O1331807,0.0000,0.0000,O133,,,0.00,0.00,0.00
DF-200P9-9T-E,Elements Heater 9 Fin Oil 2000w,LRB,200,P114,29042025P1142129,0.0000,0.0000,P114,,,0.00,0.00,0.00
DF-200P9-9T-G,Elements Heater 9 Fin Oil 2000w,LRB,10,O239,29042025O2392183,0.0000,0.0000,O239,,,0.00,0.00,0.00
DF-200P9-9T-H,Elements Heater 9 Fin Oil 2000w,LRB,10,O107,29042025O1072184,0.0000,0.0000,O107,,,0.00,0.00,0.00
DF-200P9-9T-I,Elements Heater 9 Fin Oil 2000w,LRB,20,O001,29042025O0012185,0.0000,0.0000,O001,,,0.00,0.00,0.00
DF-200P9-9T-J,Elements Heater 9 Fin Oil 2000w,LRB,9,O239,29042025O2392186,0.0000,0.0000,O239,,,0.00,0.00,0.00
DF-250P9-11T,Elements Heater 11 Fin Oil 2500w,LRB,238,S104,29042025S1041456,0.0000,0.0000,S104,,,0.00,0.00,0.00
DF-250P9-11T-B,Elemenys Heater 11 Fin Oil 2500w,LRB,10,O319,29042025O3191457,0.0000,0.0000,O319,,,0.00,0.00,0.00
DF-250P9-11T-C,Elements Heater 11 Fin Oil 2500w BD,LRB,2,O225,29042025O2251458,0.0000,0.0000,O225,,,0.00,0.00,0.00
DF-300P9-13T,Elements Heater 13 Fin Oil 3000w BD,LRB,1,O226,29042025O2261459,0.0000,0.0000,O226,,,0.00,0.00,0.00
DF-300P9-13T-A,Elements Heater 13 Fin Oil 3000w Box Dam,LRB,2,O213,29042025O2131460,0.0000,0.0000,O213,,,0.00,0.00,0.00
DF-300P9-13T-B,Elements Heater 13 Fin Oil 3000w,LRB,7,O125,29042025O1251784,0.0000,0.0000,O125,,,0.00,0.00,0.00
DF-300P9-13T-D,Elements Heater 13 Fin Oil 3000w,LRB,7,O132,29042025O1321785,0.0000,0.0000,O132,,,0.00,0.00,0.00
DF-300P9-13T-E,Elements Heater 13 Fin Oil 3000w,LRB,18,O023,29042025O0232187,0.0000,0.0000,O023,,,0.00,0.00,0.00
DF-300P9-13T-F,Elements Heater 13 Fin Oil 3000w,LRB,203,P007,29042025P0071461,0.0000,0.0000,P007,,,0.00,0.00,0.00
DF-300P9-13T-G,Elements Heater 13 Fin Oil 3000w,LRB,18,O016,29042025O0162188,0.0000,0.0000,O016,,,0.00,0.00,0.00
DF-300P9-13T-H,Elements Heater 13 Fin Oil 3000w,LRB,8,O317,29042025O3172189,0.0000,0.0000,O317,,,0.00,0.00,0.00
EF-22AME,Fireplace Heater,LRB,216,P013,29042025P0131462,0.0000,0.0000,P013,,,0.00,0.00,0.00
EF-22AME-A,Fireplace Heater,LRB,170,P009,29042025P0091463,0.0000,0.0000,P009,,,0.00,0.00,0.00
EF-22AME-B,Fireplace Heater,LRB,216,P011,29042025P0111464,0.0000,0.0000,P011,,,0.00,0.00,0.00
EF-22AME-D,Fireplace Heater,LRB,4,O118,29042025O1181783,0.0000,0.0000,O118,,,0.00,0.00,0.00
FE-45II (CHROME),Elements High Velocity Floor Fan Chrome BD,LRB,1,O231,29042025O2311898,0.0000,0.0000,O231,,,0.00,0.00,0.00
FES-45,Elements Fan High Velocity Pedest45cm BD,LRB,8,O218,29042025O2181465,0.0000,0.0000,O218,,,0.00,0.00,0.00
FES-45-A,Elements Fan High Velocity Pedest 45cm BD,LRB,4,O321,29042025O3211466,0.0000,0.0000,O321,,,0.00,0.00,0.00
FES-45-C,Elements Fan High Velocity Pedest45cm BD,LRB,3,O217,29042025O2171467,0.0000,0.0000,O217,,,0.00,0.00,0.00
FH-04-A,Elements Heater Fan 2000w,LRB,1,O137,29042025O1371468,0.0000,0.0000,O137,,,0.00,0.00,0.00
FH-04-B,Elements Heater Fan 2000w,LRB,1530,P207,29042025P2071764,0.0000,0.0000,P207,,,0.00,0.00,0.00
FH-04-C,Elements Heater Fan 2000w,LRB,503,P208,29042025P2081765,0.0000,0.0000,P208,,,0.00,0.00,0.00
FH-188A-A,Elements Heater Fan 2000w Oscillating,LRB,562,T117,29042025T1171469,0.0000,0.0000,T117,,,0.00,0.00,0.00
FH-188A-B,Elements Heater Fan Physical Damage,LRB,1,O139,29042025O1391685,0.0000,0.0000,O139,,,0.00,0.00,0.00
FH-188A-C,Elements Heater Fan 2000w Oscillating,LRB,864,T116,29042025T1162141,0.0000,0.0000,T116,,,0.00,0.00,0.00
FSW-45B1,Elements Fan High Velocity 3 in 1 45cmD,LRB,11,O219,29042025O2191470,0.0000,0.0000,O219,,,0.00,0.00,0.00
FSW-45B1-B,Elements Fan High Velocity 3 in1 45cm PD,LRB,5,O208,29042025O2081471,0.0000,0.0000,O208,,,0.00,0.00,0.00
FSW-45B1-C,Elements Fan High Velocity 3 in1 45cm BD,LRB,2,O227,29042025O2271472,0.0000,0.0000,O227,,,0.00,0.00,0.00
FSW-45B1-D,Elements Fan High Velocity 3 in1 45cm,LRB,27,P210,29042025P2101931,0.0000,0.0000,P210,,,0.00,0.00,0.00
FSW-45B1-E,Elements Fan High Velocity 3 in1 45cm,LRB,19,O103,29042025O1031932,0.0000,0.0000,O103,,,0.00,0.00,0.00
FSW-45B1-G,Elements Fan High Velocity 3 in 1 45cm,LRB,17,O230,29042025O2301954,0.0000,0.0000,O230,,,0.00,0.00,0.00
FSW-45B1-H,Elements Fan High Velocity 3 in1 45cm BD,LRB,20,O223,29042025O2231473,0.0000,0.0000,O223,,,0.00,0.00,0.00
FSW-45B1-K,Elements Fan High Velocity Box Damaged,LRB,10,O224,29042025O2241686,0.0000,0.0000,O224,,,0.00,0.00,0.00
FSW-45B1-L,Elements Fan High Velocity Box Damaged,LRB,5,O234,29042025O2341474,0.0000,0.0000,O234,,,0.00,0.00,0.00
FSW-45B1-M,Elements Fan High Velocity Box Damaged,LRB,11,O214,29042025O2141679,0.0000,0.0000,O214,,,0.00,0.00,0.00
FSW-45B1-O,Elements Fan High Velocity Box Damaged,LRB,3,O231,29042025O2311899,0.0000,0.0000,O231,,,0.00,0.00,0.00
FSW-45B1-P,Elements Fan High Velocity,LRB,235,P210,29042025P2101903,0.0000,0.0000,P210,,,0.00,0.00,0.00
FSW-45B1-Q,Elements Fan High Velocity 3 in 1 45cm,LRB,241,P008,29042025P0081955,0.0000,0.0000,P008,,,0.00,0.00,0.00
FSW-45B1-R,Elements Fan High Velocity 3 in 1 45cm,LRB,235,P001,29042025P0011956,0.0000,0.0000,P001,,,0.00,0.00,0.00
FSW-45B1-S,Elements Fan High Velocity 3 in 1 45cm,LRB,139,P002,29042025P0021957,0.0000,0.0000,P002,,,0.00,0.00,0.00
FSW-45B1-U,Elements Fan High Velocity 3 in 1 45cm BD,LRB,7,O318,29042025O3181958,0.0000,0.0000,O318,,,0.00,0.00,0.00
FT30MCB,Elements Fan Desk Classic 30cm Blk Chrom,LRB,1,O227,29042025O2271475,0.0000,0.0000,O227,,,0.00,0.00,0.00
FT30MCB-A,Elements Fan Desk Classic 30cm Black,LRB,60,N319,29042025N3191902,0.0000,0.0000,N319,,,0.00,0.00,0.00
FT30MCB-B,Elements Fan Desk Classic 30cm Black,LRB,60,N314,29042025N3141912,0.0000,0.0000,N314,,,0.00,0.00,0.00
FT30MCB-C,Elements Fan Desk Classic 30cm Black,LRB,56,N315,29042025N3151913,0.0000,0.0000,N315,,,0.00,0.00,0.00
FT30MCB-D,Elements Fan Desk Classic 30cm Black,LRB,1,N315,29042025N3151914,0.0000,0.0000,N315,,,0.00,0.00,0.00
FT30MCB-E,Elements Fan Desk Classic 30cm Black Chro BD,LRB,1,O201,29042025O2011688,0.0000,0.0000,O201,,,0.00,0.00,0.00
FT30MCB-F,Elements Fan Desk Classic 30cm Black,LRB,64,N317,29042025N3171915,0.0000,0.0000,N317,,,0.00,0.00,0.00
FT30MCR,Elements Fan Desk Classic 30cm Red,LRB,53,N312,29042025N3121901,0.0000,0.0000,N312,,,0.00,0.00,0.00
FT30MCR-A,Elements Fan Desk Classic 30cm Red,LRB,58,N313,29042025N3131904,0.0000,0.0000,N313,,,0.00,0.00,0.00
FT30MCR-B,Elements Fan Desk Classic 30CM Red Chrom,LRB,25,O114,29042025O1141476,0.0000,0.0000,O114,,,0.00,0.00,0.00
FT30MCR-C,Elements Fan Desk Classic 30CM Red Chrom,LRB,36,O113,29042025O1131477,0.0000,0.0000,O113,,,0.00,0.00,0.00
FT30MCR-D,Elements Fan Desk Classic 30CM Red BD,LRB,1,O318,29042025O3181478,0.0000,0.0000,O318,,,0.00,0.00,0.00
FT30MCR-E,Elements Fan Desk Classic 30cm Red,LRB,60,N311,29042025N3111905,0.0000,0.0000,N311,,,0.00,0.00,0.00
FT30MCR-F,Elements Fan Desk Classic 30cm Red,LRB,60,N310,29042025N3101906,0.0000,0.0000,N310,,,0.00,0.00,0.00
FT30MCR-G,Elements Fan Desk Classic 30cm Red,LRB,65,N318,29042025N3181907,0.0000,0.0000,N318,,,0.00,0.00,0.00
FT30MCW,Elements Fan Desk Classic 30cm White,LRB,49,N321,29042025N3211908,0.0000,0.0000,N321,,,0.00,0.00,0.00
FT30MCW-A,Elements Fan Desk Classic30cmWht Chrom BD,LRB,1,O227,29042025O2271479,0.0000,0.0000,O227,,,0.00,0.00,0.00
FT30MCW-C,Elements Fan Desk Classic 30cm Wht Chrom,LRB,20,O108,29042025O1081480,0.0000,0.0000,O108,,,0.00,0.00,0.00
FT30MCW-E,Elements Fan Desk Classic 30cm White,LRB,60,N320,29042025N3201900,0.0000,0.0000,N320,,,0.00,0.00,0.00
FT30MCW-F,Elements Fan Desk Classic 30cm White,LRB,60,N322,29042025N3221909,0.0000,0.0000,N322,,,0.00,0.00,0.00
FT30MCW-G,Elements Fan Desk Classic 30cm White,LRB,60,N323,29042025N3231910,0.0000,0.0000,N323,,,0.00,0.00,0.00
FT30MCW-H,Elements Fan Desk Classic 30cm White,LRB,60,N324,29042025N3241911,0.0000,0.0000,N324,,,0.00,0.00,0.00
FTW1.8,Table Foldable 1.8m White,LRB,316,S113,29042025S1131481,0.0000,0.0000,S113,,,0.00,0.00,0.00
FTW1.8-AE,Fold Table White 8FT,LRB,30,L031,29042025L0311817,0.0000,0.0000,L031,,,0.00,0.00,0.00
FTW1.8-AL,Table Foldable 1.8m White,LRB,17,N134,29042025N1341995,0.0000,0.0000,N134,,,0.00,0.00,0.00
FTW1.8-AR,Table Foldable 1.8m White,LRB,17,N124,29042025N1241996,0.0000,0.0000,N124,,,0.00,0.00,0.00
FTW1.8-B,Table Foldable 1.8m White,LRB,16,N239,29042025N2391482,0.0000,0.0000,N239,,,0.00,0.00,0.00
FTW1.8-L,Table Foldable 1.8m White,LRB,9,N128,29042025N1281483,0.0000,0.0000,N128,,,0.00,0.00,0.00
FW0021,Mixed Pallet,Trendcorp,1,R324,29042025R3242304,0.0000,0.0000,R324,,,0.00,0.00,0.00
GAR-DIGLOSS320,32 PP Digi Gloss -320mm,Kamboo Marketing,4,R013,29042025R0132135,0.0000,0.0000,R013,,,0.00,0.00,0.00
GAR-DIMATT320,32 PP Digi Matt -320mm,Kamboo Marketing,4,R012,29042025R0122136,0.0000,0.0000,R012,,,0.00,0.00,0.00
GAR-GLOSS450,24 PP Thermal Gloss -450mm,Kamboo Marketing,10,R010,29042025R0102132,0.0000,0.0000,R010,,,0.00,0.00,0.00
GAR-GLOSS630,24 PP Thermal Gloss -630mm,Kamboo Marketing,9,R008,29042025R0082130,0.0000,0.0000,R008,,,0.00,0.00,0.00
GAR-GLOSS630-A,24 PP Thermal Gloss -630mm,Kamboo Marketing,1,R003,29042025R0032140,0.0000,0.0000,R003,,,0.00,0.00,0.00
GAR-GLOSS710,24 PP Thermal Gloss -710mm,Kamboo Marketing,6,R009,29042025R0092131,0.0000,0.0000,R009,,,0.00,0.00,0.00
GAR-GLOSS910,24 PP Thermal Gloss -910,Kamboo Marketing,2,R002,29042025R0022134,0.0000,0.0000,R002,,,0.00,0.00,0.00
GAR-MATT450,27 PP Thermal Matt -450mm,Kamboo Marketing,10,R011,29042025R0112133,0.0000,0.0000,R011,,,0.00,0.00,0.00
GAR-PET40,PET40 - PT814 - 1020MM,Kamboo Marketing,18,U017,29042025U0172148,0.0000,0.0000,U017,,,0.00,0.00,0.00
GAR-PET40-1080,PET40 - PT814 - 1080MM,Kamboo Marketing,12,U017,29042025U0172147,0.0000,0.0000,U017,,,0.00,0.00,0.00
GAR-PET40-1080-A,PET40 - PT814 - 1080MM,Kamboo Marketing,6,V017,29042025V0172153,0.0000,0.0000,V017,,,0.00,0.00,0.00
GAR-PET40-1080-B,PET40 - PT814 - 1080MM,Kamboo Marketing,12,V016,29042025V0162154,0.0000,0.0000,V016,,,0.00,0.00,0.00
GAR-PET40-1080-C,PET40 - PT814 - 1080MM,Kamboo Marketing,4,U016,29042025U0162155,0.0000,0.0000,U016,,,0.00,0.00,0.00
GAR-PET40-1080-D,PET40 - PT814 - 1080MM,Kamboo Marketing,14,U015,29042025U0152156,0.0000,0.0000,U015,,,0.00,0.00,0.00
GAR-PET40-340,PET40 - PT814 - 340MM,Kamboo Marketing,11,V017,29042025V0172149,0.0000,0.0000,V017,,,0.00,0.00,0.00
GAR-PET40-340-A,PET40 - PT814 - 340MM,Kamboo Marketing,12,U016,29042025U0162157,0.0000,0.0000,U016,,,0.00,0.00,0.00
GAR-PET40-A,PET40 - PT814 - 1020MM,Kamboo Marketing,6,V017,29042025V0172150,0.0000,0.0000,V017,,,0.00,0.00,0.00
GAR-PET40-B,PET40 - PT814 - 1020MM,Kamboo Marketing,4,V016,29042025V0162151,0.0000,0.0000,V016,,,0.00,0.00,0.00
GAR-PET40-C,PET40 - PT814 - 1020MM,Kamboo Marketing,8,U016,29042025U0162152,0.0000,0.0000,U016,,,0.00,0.00,0.00
HC411-J,Hygizone Concealed Cistern (Spout Frame),Hygizone,7,N227,29042025N2271635,0.0000,0.0000,N227,,,0.00,0.00,0.00
HC421,Hygizone Touchless Concealed Cistern,Hygizone,2,Y218,29042025Y2181636,0.0000,0.0000,Y218,,,0.00,0.00,0.00
HC421A,Hygizone Touchless Concealed Cistern,Hygizone,5,Y220,29042025Y2201637,0.0000,0.0000,Y220,,,0.00,0.00,0.00
HC421B,Hygizone Touchless Concealed Cistern,Hygizone,6,N226,29042025N2261638,0.0000,0.0000,N226,,,0.00,0.00,0.00
HC421C,Hygizone Touchless Concealed Cistern,Hygizone,6,Y219,29042025Y2191639,0.0000,0.0000,Y219,,,0.00,0.00,0.00
HC421D,Hygizone Touchless Concealed Cistern,Hygizone,6,N224,29042025N2242272,0.0000,0.0000,N224,,,0.00,0.00,0.00
HC701,Hygizone Touchless Low Level Dual Flush,Hygizone,10,Y252,29042025Y2521640,0.0000,0.0000,Y252,,,0.00,0.00,0.00
HC701-A,Hygizone Touchless Low Level Dual Flush,Hygizone,30,N225,29042025N2251641,0.0000,0.0000,N225,,,0.00,0.00,0.00
HC701-B,Hygizone Touchless Low Level Dual Flush,Hygizone,30,N238,29042025N2381642,0.0000,0.0000,N238,,,0.00,0.00,0.00
HC701-C,Hygizone Touchless Low Level Dual Flush,Hygizone,10,Y245,29042025Y2451644,0.0000,0.0000,Y245,,,0.00,0.00,0.00
HC701-D,Hygizone Touchless Low Level Dual Flush,Hygizone,30,N223,29042025N2231645,0.0000,0.0000,N223,,,0.00,0.00,0.00
HC701-E,Hygizone Touchless Low Level Dual Flush,Hygizone,10,Y246,29042025Y2461646,0.0000,0.0000,Y246,,,0.00,0.00,0.00
HC701-F,Hygizone Touchless Low Level Dual Flush,Hygizone,19,N130,29042025N1301647,0.0000,0.0000,N130,,,0.00,0.00,0.00
HC701-G,Hygizone Touchless Low Level Dual Flush,Hygizone,20,N129,29042025N1291648,0.0000,0.0000,N129,,,0.00,0.00,0.00
HC701-H,Hygizone Touchless Low Level Dual Flush,Hygizone,20,N133,29042025N1331649,0.0000,0.0000,N133,,,0.00,0.00,0.00
HC701-I,Hygizone Touchless Low Level Dual Flush,Hygizone,10,Y249,29042025Y2491650,0.0000,0.0000,Y249,,,0.00,0.00,0.00
HC701C,Hygizone Touchless Low Level Dual Flush,Hygizone,3,Y244,29042025Y2441643,0.0000,0.0000,Y244,,,0.00,0.00,0.00
HFU101,Hygizone Urinal Sensor,Hygizone,48,Y247,29042025Y2471651,0.0000,0.0000,Y247,,,0.00,0.00,0.00
HH-03R,Elements Heater Halogen 1200w Remote OLD,LRB,258,P004,29042025P0041484,0.0000,0.0000,P004,,,0.00,0.00,0.00
HH-03R-D,Elements Heater Halogen 1200w Remote Old,LRB,7,O106,29042025O1061485,0.0000,0.0000,O106,,,0.00,0.00,0.00
HP100-A,Hygizone Actuator - White Plate,Hygizone,36,M123,29042025M1231652,0.0000,0.0000,M123,,,0.00,0.00,0.00
HP300-A,Hygizone Actuator -Black Plate,Hygizone,7,Y252,29042025Y2521653,0.0000,0.0000,Y252,,,0.00,0.00,0.00
HP400A,Hygizone Actuator- Black Glass plate,Hygizone,40,Y242,29042025Y2421654,0.0000,0.0000,Y242,,,0.00,0.00,0.00
HP400B,Hygizone Actuator- Black Glass plate,Hygizone,40,Y217,29042025Y2171655,0.0000,0.0000,Y217,,,0.00,0.00,0.00
HP400C,Hygizone Actuator- Black Glass plate,Hygizone,24,Y216,29042025Y2161656,0.0000,0.0000,Y216,,,0.00,0.00,0.00
HP405-B,Hygizone Actuator- White Glass Plate,Hygizone,122,X006,29042025X0061657,0.0000,0.0000,X006,,,0.00,0.00,0.00
HP600,Hygizone Actuator - Stainless Steel,Hygizone,1,Y215,29042025Y2151658,0.0000,0.0000,Y215,,,0.00,0.00,0.00
HP705,Hygizone Actuator -Matt Chrome,Hygizone,17,Y253,29042025Y2531659,0.0000,0.0000,Y253,,,0.00,0.00,0.00
HP705-A,Hygizone Actuator -Matt Chrome,Hygizone,40,Y254,29042025Y2541970,0.0000,0.0000,Y254,,,0.00,0.00,0.00
HPE100,Hygizone Acuator Touchless Glass Black,Hygizone,28,Y248,29042025Y2481683,0.0000,0.0000,Y248,,,0.00,0.00,0.00
HTS211,Hygizone Sensor Faucet,Hygizone,35,Y243,29042025Y2431660,0.0000,0.0000,Y243,,,0.00,0.00,0.00
HTS211A,Hygizone Sensor Faucet,Hygizone,11,Y241,29042025Y2411661,0.0000,0.0000,Y241,,,0.00,0.00,0.00
HWH22,Wall Hung Toilet White,Hygizone,119,P111,29042025P1111662,0.0000,0.0000,P111,,,0.00,0.00,0.00
HWH22&HWH32-A,Seat Cover,Hygizone,7,Y251,29042025Y2511663,0.0000,0.0000,Y251,,,0.00,0.00,0.00
HWH22-B,Wall Hung Toilet White,Hygizone,13,N039,29042025N0391897,0.0000,0.0000,N039,,,0.00,0.00,0.00
HWH32,Wall Hung Toilet White,Hygizone,9,N132,29042025N1321664,0.0000,0.0000,N132,,,0.00,0.00,0.00
HWH32-A,Wall Hung Toilet White,Hygizone,9,N136,29042025N1361665,0.0000,0.0000,N136,,,0.00,0.00,0.00
HWH32-B,Wall Hung Toilet White,Hygizone,9,N036,29042025N0361666,0.0000,0.0000,N036,,,0.00,0.00,0.00
HWH32-C,Wall Hung Toilet White,Hygizone,9,N035,29042025N0351667,0.0000,0.0000,N035,,,0.00,0.00,0.00
HWH32-D,Wall Hung Toilet White,Hygizone,9,N126,29042025N1261668,0.0000,0.0000,N126,,,0.00,0.00,0.00
HWH42-D,Toilet Bowls,Hygizone,10,N123,29042025N1231669,0.0000,0.0000,N123,,,0.00,0.00,0.00
HWH42-E,Toilet Bowls,Hygizone,10,N034,29042025N0341670,0.0000,0.0000,N034,,,0.00,0.00,0.00
HWH42-F,Toilet Bowls,Hygizone,10,N122,29042025N1221671,0.0000,0.0000,N122,,,0.00,0.00,0.00
HWH42-G,Toilet Bowls,Hygizone,11,N127,29042025N1271672,0.0000,0.0000,N127,,,0.00,0.00,0.00
HWH42-S,Toilet Seats Cover,Hygizone,2,Y154,29042025Y1541673,0.0000,0.0000,Y154,,,0.00,0.00,0.00
J36009B-1L,Elements Fan Ceiling 30in6 Blade Blk(BD),LRB,2,O215,29042025O2151486,0.0000,0.0000,O215,,,0.00,0.00,0.00
J42005S-3L,Elements Fan Ceiling 40IN5Blade S/Chr BD,LRB,1,O205,29042025O2051487,0.0000,0.0000,O205,,,0.00,0.00,0.00
J42005S-3L-B,Elements Fan Ceiling 40IN 5Blade S/Chrom,LRB,4,O201,29042025O2011488,0.0000,0.0000,O201,,,0.00,0.00,0.00
J42005W-3L-A,Elements Fan Ceiling 40IN5 Bld White BD,LRB,4,O204,29042025O2041489,0.0000,0.0000,O204,,,0.00,0.00,0.00
KIKIBOXES,Kiki Trading Empty Boxes 20KG,Kiki Trading,197,W125,29042025W1251624,0.0000,0.0000,W125,,,0.00,0.00,0.00
KIKIBOXES-A,Kiki Trading Empty Boxes 25KG,Kiki Trading,44,Y240,29042025Y2401962,0.0000,0.0000,Y240,,,0.00,0.00,0.00
KYT-30B,Elements Box Fan 30CM Physical Damaged,LRB,3,O120,29042025O1201490,0.0000,0.0000,O120,,,0.00,0.00,0.00
KYT-30B-A,Elements Fan Box 30cm,LRB,133,P209,29042025P2091491,0.0000,0.0000,P209,,,0.00,0.00,0.00
KYT-30B-C,Elements Fan Box 30cm,LRB,53,P209,29042025P2091492,0.0000,0.0000,P209,,,0.00,0.00,0.00
KYT-30B-D,Elements Fan Box 30cm Old Box Damage,LRB,20,O221,29042025O2211680,0.0000,0.0000,O221,,,0.00,0.00,0.00
KYT-30B-E,Elements Fan Box 30cm Old Stock,LRB,25,O229,29042025O2291493,0.0000,0.0000,O229,,,0.00,0.00,0.00
KYT-30B-F,Elements Fan Box 30cm BD,LRB,2,O212,29042025O2121788,0.0000,0.0000,O212,,,0.00,0.00,0.00
KYT-30B-G,Elements Fan Box 30cm Old Stock,LRB,24,O228,29042025O2281494,0.0000,0.0000,O228,,,0.00,0.00,0.00
KYT-30B-I,Elements Box Fan 30CM,LRB,1,O120,29042025O1202089,0.0000,0.0000,O120,,,0.00,0.00,0.00
KYT-30B-L,Elements Fan Box 30cm Box Damaged,LRB,12,O207,29042025O2071495,0.0000,0.0000,O207,,,0.00,0.00,0.00
KYT-30B-R,Elements Fan Box 30cm Box Damaged,LRB,2,O232,29042025O2321496,0.0000,0.0000,O232,,,0.00,0.00,0.00
LITHCEVE105A,3.2v 105ah EVE Lithium Cell Battery,Silver Solutions,192,X048,29042025X0482041,0.0000,0.0000,X048,,,0.00,0.00,0.00
LITHCEVE105A-A,3.2v 105ah EVE Lithium Cell Battery,Silver Solutions,320,X044,29042025X0442042,0.0000,0.0000,X044,,,0.00,0.00,0.00
LITHCEVE105A-B,3.2v 105ah EVE Lithium Cell Battery,Silver Solutions,320,X045,29042025X0452043,0.0000,0.0000,X045,,,0.00,0.00,0.00
LX-2820,Elements Heater Quartz 3Bar 1200w Box Damage,LRB,1,O139,29042025O1391497,0.0000,0.0000,O139,,,0.00,0.00,0.00
LX-2820-A,Elements Heater Quartz 3Bar 1200w,LRB,705,P204,29042025P2041498,0.0000,0.0000,P204,,,0.00,0.00,0.00
LX-2820-B,Elements Heater Quartz 3Bar 1200w,LRB,1,O027,29042025O0271499,0.0000,0.0000,O027,,,0.00,0.00,0.00
LX-2820-D,Elements Heater Quartz 3Bar 1200w,LRB,744,S109,29042025S1091810,0.0000,0.0000,S109,,,0.00,0.00,0.00
LX-2820-E,Elements Heater Quartz 3Bar 1200w,LRB,251,S108,29042025S1081811,0.0000,0.0000,S108,,,0.00,0.00,0.00
M52010S-1L,Elements Fan Ceiling 52IN 5Bld S/Chrome BD,LRB,9,O231,29042025O2311500,0.0000,0.0000,O231,,,0.00,0.00,0.00
M52010S-1L-A,Elements Fan Ceiling 52IN 5Bld S/Chrom D,LRB,7,O203,29042025O2031501,0.0000,0.0000,O203,,,0.00,0.00,0.00
M52010S-1L-D,Elements Fan Ceiling 52IN 5Bld S/Chrome,LRB,4,O206,29042025O2061502,0.0000,0.0000,O206,,,0.00,0.00,0.00
M52010W-1L-A,Elements Fan Ceiling 52IN 5 Blade Wht BD,LRB,7,O202,29042025O2021503,0.0000,0.0000,O202,,,0.00,0.00,0.00
MAXIAL-310-CL,Refactory Bricks,KMS,216,J038,29042025J0381674,0.0000,0.0000,J038,,,0.00,0.00,0.00
MG-5313F,Elements 30cm Rechargeble Desk Fan Wht,LRB,1,O117,29042025O1171504,0.0000,0.0000,O117,,,0.00,0.00,0.00
MG-5313F-A,Element 30cm Rechargeble Desk Fan Wht,LRB,45,O333,29042025O3331848,0.0000,0.0000,O333,,,0.00,0.00,0.00
MG-5313F-B,Element 30cm Rechargable Deskfan Wht,LRB,32,O305,29042025O3051760,0.0000,0.0000,O305,,,0.00,0.00,0.00
MG-5313F-C,Element 30cm Rechargeble Desk Fan Wht,LRB,45,O339,29042025O3391761,0.0000,0.0000,O339,,,0.00,0.00,0.00
MG-5313F-D,Element Rechargeble Desk fan Wht,LRB,32,O304,29042025O3041768,0.0000,0.0000,O304,,,0.00,0.00,0.00
MG-5313F-E,Element Rechargeble Desk fan Wht,LRB,35,O306,29042025O3061769,0.0000,0.0000,O306,,,0.00,0.00,0.00
MG-5313F-F,Element 30cm Rechargeble Desk Fan Wht,LRB,45,O332,29042025O3321849,0.0000,0.0000,O332,,,0.00,0.00,0.00
MG-5313F-G,Element 30cm Rechargeble Desk Fan Wht,LRB,45,O331,29042025O3311850,0.0000,0.0000,O331,,,0.00,0.00,0.00
MG-5313F-H,Element 30cm Rechargeble Desk Fan Wht,LRB,45,O330,29042025O3301851,0.0000,0.0000,O330,,,0.00,0.00,0.00
MG-5313F-I,Element 30cm Rechargeble Desk Fan Wht,LRB,16,O102,29042025O1021852,0.0000,0.0000,O102,,,0.00,0.00,0.00
MG-5313F-J,Element 30cm Rechargeble Desk Fan Wht,LRB,45,O338,29042025O3381853,0.0000,0.0000,O338,,,0.00,0.00,0.00
MG-5313F-K,Element 30cm Rechargeble Desk Fan Wht,LRB,45,O336,29042025O3361854,0.0000,0.0000,O336,,,0.00,0.00,0.00
MG-5313F-L,Element 30cm Rechargeble Desk Fan Wht,LRB,45,O337,29042025O3371855,0.0000,0.0000,O337,,,0.00,0.00,0.00
MG-5313F-M,Element 30cm Rechargeble Desk Fan Wht,LRB,630,P212,29042025P2121864,0.0000,0.0000,P212,,,0.00,0.00,0.00
MG-5313F-P,Element 30cm Rechargeble Desk Fan Wht,LRB,225,P004,29042025P0041882,0.0000,0.0000,P004,,,0.00,0.00,0.00
MG-5313F-Q,Elements 30cm Rechargeble Desk Fan Wht,LRB,49,O009,29042025O0091895,0.0000,0.0000,O009,,,0.00,0.00,0.00
MG-5313F-R,Elements 30cm Rechargeble Desk Fan Wht,LRB,33,O233,29042025O2331896,0.0000,0.0000,O233,,,0.00,0.00,0.00
MG-5313F-S,Elements 30cm Rechargeble Desk Fan Wht,LRB,525,S006,29042025S0062030,0.0000,0.0000,S006,,,0.00,0.00,0.00
MG-5313F-T,Elements 30cm Rechargeble Desk Fan Wht,LRB,254,T209,29042025T2092031,0.0000,0.0000,T209,,,0.00,0.00,0.00
MG-5314F-A,Element 40cm Rechargeble Desk Fan,LRB,172,P010,29042025P0101863,0.0000,0.0000,P010,,,0.00,0.00,0.00
MG-5314F-AB,Elements 40cm Rechargable Desk Fan White,LRB,36,O012,29042025O0121888,0.0000,0.0000,O012,,,0.00,0.00,0.00
MG-5314F-AC,Elements 40cm Rechargable Desk Fan White,LRB,36,O011,29042025O0111889,0.0000,0.0000,O011,,,0.00,0.00,0.00
MG-5314F-AD,Elements 40cm Rechargable Desk Fan White,LRB,36,O010,29042025O0101890,0.0000,0.0000,O010,,,0.00,0.00,0.00
MG-5314F-AF,Elements 40cm Rechargable Desk Fan White,LRB,37,O003,29042025O0031892,0.0000,0.0000,O003,,,0.00,0.00,0.00
MG-5314F-AH,Elements 40cm Rechargable Desk Fan White,LRB,141,P006,29042025P0061893,0.0000,0.0000,P006,,,0.00,0.00,0.00
MG-5314F-AI,Elements 40cm Rechargable Desk Fan White,LRB,360,P104,29042025P1041894,0.0000,0.0000,P104,,,0.00,0.00,0.00
MG-5314F-AJ,Elements 40cm Rechargeble Desk Fan Wht,LRB,1,O117,29042025O1171964,0.0000,0.0000,O117,,,0.00,0.00,0.00
MG-5314F-B,Element 40cm Rechargeble Deskfan,LRB,12,O303,29042025O3031759,0.0000,0.0000,O303,,,0.00,0.00,0.00
MG-5314F-D,Element Rechargeble Desk fan Wht,LRB,20,O301,29042025O3011766,0.0000,0.0000,O301,,,0.00,0.00,0.00
MG-5314F-E,Element Rechargeble Desk fan Wht,LRB,22,O302,29042025O3021767,0.0000,0.0000,O302,,,0.00,0.00,0.00
MG-5314F-F,Element 40cm Rechargeble Desk Fan,LRB,384,P102,29042025P1021865,0.0000,0.0000,P102,,,0.00,0.00,0.00
MG-5314F-G,Element 40cm Rechargeble Desk Fan,LRB,384,S207,29042025S2071866,0.0000,0.0000,S207,,,0.00,0.00,0.00
MG-5314F-H,Element 40cm Rechargeble Desk Fan,LRB,270,T211,29042025T2111867,0.0000,0.0000,T211,,,0.00,0.00,0.00
MG-5314F-I,Element 40cm Rechargeble Desk Fan,LRB,36,O038,29042025O0381868,0.0000,0.0000,O038,,,0.00,0.00,0.00
MG-5314F-J,Element 40cm Rechargeble Desk Fan,LRB,36,O037,29042025O0371869,0.0000,0.0000,O037,,,0.00,0.00,0.00
MG-5314F-K,Element 40cm Rechargeble Desk Fan,LRB,36,O036,29042025O0361870,0.0000,0.0000,O036,,,0.00,0.00,0.00
MG-5314F-L,Element 40cm Rechargeble Desk Fan,LRB,36,O035,29042025O0351871,0.0000,0.0000,O035,,,0.00,0.00,0.00
MG-5314F-M,Element 40cm Rechargeble Desk Fan,LRB,36,O032,29042025O0321872,0.0000,0.0000,O032,,,0.00,0.00,0.00
MG-5314F-N,Element 40cm Rechargeble Desk Fan,LRB,36,O031,29042025O0311873,0.0000,0.0000,O031,,,0.00,0.00,0.00
MG-5314F-O,Element 40cm Rechargeble Desk Fan,LRB,36,O030,29042025O0301874,0.0000,0.0000,O030,,,0.00,0.00,0.00
MG-5314F-P,Element 40cm Rechargeble Desk Fan,LRB,36,O029,29042025O0291875,0.0000,0.0000,O029,,,0.00,0.00,0.00
MG-5314F-Q,Element 40cm Rechargeble Desk Fan,LRB,36,O025,29042025O0251876,0.0000,0.0000,O025,,,0.00,0.00,0.00
MG-5314F-R,Element 40cm Rechargeble Desk Fan,LRB,36,O024,29042025O0241877,0.0000,0.0000,O024,,,0.00,0.00,0.00
MG-5314F-S,Element 40cm Rechargeble Desk Fan,LRB,36,O022,29042025O0221878,0.0000,0.0000,O022,,,0.00,0.00,0.00
MG-5314F-T,Elements 40cm Rechargable Desk Fan White,LRB,36,O021,29042025O0211883,0.0000,0.0000,O021,,,0.00,0.00,0.00
MG-5314F-U,Elements 40cm Rechargable Desk Fan White,LRB,24,O019,29042025O0191884,0.0000,0.0000,O019,,,0.00,0.00,0.00
MG-5314F-V,Elements 40cm Rechargable Desk Fan White,LRB,36,O018,29042025O0181885,0.0000,0.0000,O018,,,0.00,0.00,0.00
MG-5314F-W,Elements 40cm Rechargable Desk Fan White,LRB,28,O017,29042025O0171886,0.0000,0.0000,O017,,,0.00,0.00,0.00
MG-5314F-X,Elements 40cm Rechargable Desk Fan White,LRB,4,O324,29042025O3241887,0.0000,0.0000,O324,,,0.00,0.00,0.00
MG-5513F-A,Elements 30cm Rechargeble Box Fan Black,LRB,15,O335,29042025O3351843,0.0000,0.0000,O335,,,0.00,0.00,0.00
MG-5513F-B,Elements 30cm Rechargeble Box Fan Black,LRB,11,O334,29042025O3341847,0.0000,0.0000,O334,,,0.00,0.00,0.00
MG-5513F-D,Elements 30cm Rechargeble Box Fan Black,LRB,273,T014,29042025T0141879,0.0000,0.0000,T014,,,0.00,0.00,0.00
MG-5513F-E,Elements 30cm Rechargeble Box Fan Black,LRB,213,T012,29042025T0121880,0.0000,0.0000,T012,,,0.00,0.00,0.00
MG-5513F-G,Elements 30cm Rechargeble Box Fan Black,LRB,1,O120,29042025O1201963,0.0000,0.0000,O120,,,0.00,0.00,0.00
MG-5513F-H,Elements 30cm Rechargeble Box Fan Black,LRB,23,O316,29042025O3162027,0.0000,0.0000,O316,,,0.00,0.00,0.00
MG-5513F-I,Elements 30cm Rechargeble Box Fan Black,LRB,225,T011,29042025T0112032,0.0000,0.0000,T011,,,0.00,0.00,0.00
MG-5513F-J,Elements 30cm Rechargeble Box Fan Black,LRB,225,T010,29042025T0102033,0.0000,0.0000,T010,,,0.00,0.00,0.00
MG-5513F-K,Elements 30cm Rechargeble Box Fan Black,LRB,225,T009,29042025T0092034,0.0000,0.0000,T009,,,0.00,0.00,0.00
MG-5513F-L,Elements 30cm Rechargeble Box Fan Black,LRB,225,T008,29042025T0082035,0.0000,0.0000,T008,,,0.00,0.00,0.00
MG-5513F-M,Elements 30cm Rechargeble Box Fan Black,LRB,225,T007,29042025T0072036,0.0000,0.0000,T007,,,0.00,0.00,0.00
MG-5616-E,Elements Fan Pedest Recharge 40cm BD,LRB,1,O220,29042025O2201690,0.0000,0.0000,O220,,,0.00,0.00,0.00
MG-5616F-A,Elements Fan Pedest Recharge 40cm BD,LRB,1,O213,29042025O2131687,0.0000,0.0000,O213,,,0.00,0.00,0.00
MG-5616F-D,Elements Fan Pedest Recharge 40cm BD,LRB,1,O206,29042025O2061505,0.0000,0.0000,O206,,,0.00,0.00,0.00
MG-5616F-E,Elements Fan Pedest Recharge 40cm,LRB,216,P101,29042025P1011844,0.0000,0.0000,P101,,,0.00,0.00,0.00
MG-5616F-F,Elements Fan Pedest Recharge 40cm,LRB,216,P107,29042025P1071860,0.0000,0.0000,P107,,,0.00,0.00,0.00
MG-5616F-H,Elements Fan Pedest Recharge 40cm,LRB,5,O015,29042025O0151881,0.0000,0.0000,O015,,,0.00,0.00,0.00
MG-5616F-I,Elements Fan Pedest Recharge 40cm,LRB,232,T203,29042025T2032028,0.0000,0.0000,T203,,,0.00,0.00,0.00
MG-5616F-J,Elements Fan Pedest Recharge 40cm,LRB,232,T204,29042025T2042029,0.0000,0.0000,T204,,,0.00,0.00,0.00
MG-5616F-K,Elements Fan Pedest Recharge 40cm,LRB,227,P108,29042025P1082037,0.0000,0.0000,P108,,,0.00,0.00,0.00
MG-5616F-L,Elements Fan Pedest Recharge 40cm,LRB,234,T006,29042025T0062038,0.0000,0.0000,T006,,,0.00,0.00,0.00
MG-5616F-M,Elements Fan Pedest Recharge 40cm,LRB,1,O135,29042025O1352110,0.0000,0.0000,O135,,,0.00,0.00,0.00
MG5314-F-AE,Elements 40cm Rechargable Desk Fan White,LRB,34,O008,29042025O0081891,0.0000,0.0000,O008,,,0.00,0.00,0.00
MH-MF40A,Elements Mist Fan,LRB,142,P206,29042025P2061518,0.0000,0.0000,P206,,,0.00,0.00,0.00
MH-MF40A-A,Elements Mist Fan,LRB,206,P005,29042025P0051519,0.0000,0.0000,P005,,,0.00,0.00,0.00
MH-MF40A-E,Elements Mist Fan BD,LRB,1,O225,29042025O2251520,0.0000,0.0000,O225,,,0.00,0.00,0.00
MHFS-40,Elements Fan Pedest 40cm Wht Old,LRB,18,O309,29042025O3091506,0.0000,0.0000,O309,,,0.00,0.00,0.00
MHFS-40-A,Elements Fan Padest 40cm white old,LRB,1,O222,29042025O2221691,0.0000,0.0000,O222,,,0.00,0.00,0.00
MHFS-40-AA,Elements Fan Pedest 40cm Wht,LRB,7,O320,29042025O3201862,0.0000,0.0000,O320,,,0.00,0.00,0.00
MHFS-40-B,Elements Fan Pedest 40cm Wht,LRB,3,O237,29042025O2371827,0.0000,0.0000,O237,,,0.00,0.00,0.00
MHFS-40-C,Elements Fan Pedest 40cm Wht BD-Old,LRB,11,O206,29042025O2061681,0.0000,0.0000,O206,,,0.00,0.00,0.00
MHFS-40-D,Elements Fan Pedest 40cm Wht Old,LRB,33,O307,29042025O3071507,0.0000,0.0000,O307,,,0.00,0.00,0.00
MHFS-40-E,Elements Fan Pedest 40cm Wht Old,LRB,26,O235,29042025O2351828,0.0000,0.0000,O235,,,0.00,0.00,0.00
MHFS-40-F,Elements Fan Pedest 40cm Wht,LRB,8,O326,29042025O3261508,0.0000,0.0000,O326,,,0.00,0.00,0.00
MHFS-40-G,Elements Fan Pedest 40cm Wht Old,LRB,24,O310,29042025O3101829,0.0000,0.0000,O310,,,0.00,0.00,0.00
MHFS-40-I,Elements Fan Pedest 40cm Wht Old,LRB,33,O308,29042025O3081509,0.0000,0.0000,O308,,,0.00,0.00,0.00
MHFS-40-O,Elements Fan Pedest 40cm Wht,LRB,33,O014,29042025O0141832,0.0000,0.0000,O014,,,0.00,0.00,0.00
MHFS-40-P,Elements Fan Pedest 40cm Wht,LRB,32,O013,29042025O0131845,0.0000,0.0000,O013,,,0.00,0.00,0.00
MHFS-40-R,Elements Fan Pedest 40cm Wht,LRB,7,O322,29042025O3221846,0.0000,0.0000,O322,,,0.00,0.00,0.00
MHFT-30-A,Elements Fan Desk 30cm Wht,LRB,4,P202,29042025P2021510,0.0000,0.0000,P202,,,0.00,0.00,0.00
MHFT-30-B,Elements Fan Desk 30cm Wht,LRB,210,P202,29042025P2021825,0.0000,0.0000,P202,,,0.00,0.00,0.00
MHFT-30-D,Elements Fan Desk 30cm Wht Old,LRB,32,O315,29042025O3151511,0.0000,0.0000,O315,,,0.00,0.00,0.00
MHFT-30-E,Elements Fan Desk 30cm Wht PH,LRB,4,O220,29042025O2201682,0.0000,0.0000,O220,,,0.00,0.00,0.00
MHFT-30-F,Elements Fan Desk 30cm Wht Old,LRB,14,O311,29042025O3111512,0.0000,0.0000,O311,,,0.00,0.00,0.00
MHFT-30-G,Elements Fan Desk 30cm Wht,LRB,32,O312,29042025O3121513,0.0000,0.0000,O312,,,0.00,0.00,0.00
MHFT-30-H,Elements Fan Desk 30cm Wht Old,LRB,32,O313,29042025O3131514,0.0000,0.0000,O313,,,0.00,0.00,0.00
MHFT-30-I,Elements Fan Desk 30cm Wht Old stock,LRB,32,O314,29042025O3141831,0.0000,0.0000,O314,,,0.00,0.00,0.00
MHFT-40,Elements Fan Desk 40cm Wht,LRB,328,P205,29042025P2051515,0.0000,0.0000,P205,,,0.00,0.00,0.00
MHFT-40-B,Elements Fan Desk 40cm Wht,LRB,33,P205,29042025P2051826,0.0000,0.0000,P205,,,0.00,0.00,0.00
MHFT-40-C,Elements Fan Desk 40cm Wht DB,LRB,1,O124,29042025O1241689,0.0000,0.0000,O124,,,0.00,0.00,0.00
MHFT-40-D,Elements Fan Desk 40cm Wht,LRB,160,P203,29042025P2031516,0.0000,0.0000,P203,,,0.00,0.00,0.00
MHFT-40-I,Elements Fan Desk 40cm Wht BD,LRB,3,O208,29042025O2081517,0.0000,0.0000,O208,,,0.00,0.00,0.00
MP076-002,New Classic Book,ABC Building Materials,1000,K009,29042025K0092023,0.0000,0.0000,K009,,,0.00,0.00,0.00
MP077-004,ORAC 3D Wall Covering Broch,ABC Building Materials,1561,I026,29042025I0262022,0.0000,0.0000,I026,,,0.00,0.00,0.00
MP085-001,ORAC Modern Classic Enruespl,ABC Building Materials,3000,K001,29042025K0012021,0.0000,0.0000,K001,,,0.00,0.00,0.00
MUL180/0-A,Multivalve 180/0,Isinkwe Energies,6,Y234,29042025Y2341756,0.0000,0.0000,Y234,,,0.00,0.00,0.00
MUL200-204/30-A,Multivalve 200-204/30,Isinkwe Energies,91,Y050,29042025Y0502269,0.0000,0.0000,Y050,,,0.00,0.00,0.00
MUL200/0-A,Multivalve 200/0,Isinkwe Energies,4,Y232,29042025Y2321757,0.0000,0.0000,Y232,,,0.00,0.00,0.00
MUL225/0,Multivalve 220-225/0,Isinkwe Energies,8,Y233,29042025Y2331758,0.0000,0.0000,Y233,,,0.00,0.00,0.00
MUL240-250/30,Multivalve 240-250/30,Isinkwe Energies,65,Y117,29042025Y1171841,0.0000,0.0000,Y117,,,0.00,0.00,0.00
MUL240/0,Multivalve 240/0 Toroidale,Isinkwe Energies,6,Y140,29042025Y1401842,0.0000,0.0000,Y140,,,0.00,0.00,0.00
MULTOR225/30,Multivalve 225/30,Isinkwe Energies,95,Y342,29042025Y3422270,0.0000,0.0000,Y342,,,0.00,0.00,0.00
NSB-2820-A,Elements Heater Quartz 3Bar 1200w BD,LRB,2,O130,29042025O1301521,0.0000,0.0000,O130,,,0.00,0.00,0.00
NSB-2820-B,Elements Heater Quartz 3Bar 1200w BD,LRB,4,O130,29042025O1301522,0.0000,0.0000,O130,,,0.00,0.00,0.00
NSB-2830S,Elements Heater Quartz 4Bar 1600w old BD,LRB,2,O120,29042025O1201523,0.0000,0.0000,O120,,,0.00,0.00,0.00
NSB-2830S-A,Elements Heater Quartz 4Bar 1600w,LRB,5,O136,29042025O1361786,0.0000,0.0000,O136,,,0.00,0.00,0.00
NSB-2830S-B,Elements Heater Quartz 4Bar 1600w BD,LRB,1,O121,29042025O1211787,0.0000,0.0000,O121,,,0.00,0.00,0.00
NSB-2830S-C,Elements Heater Quartz 4Bar 1600w,LRB,2,O135,29042025O1351524,0.0000,0.0000,O135,,,0.00,0.00,0.00
NSB-2830S-G,Elements Heater Quartz 4Bar 1600w BD,LRB,4,O205,29042025O2051525,0.0000,0.0000,O205,,,0.00,0.00,0.00
NSB-2830S-H,Elements Heater Quartz 4Bar 1600w PD,LRB,5,O208,29042025O2081526,0.0000,0.0000,O208,,,0.00,0.00,0.00
NSB-2900,Elements Heater Quartz 3Bar Wall Mount,LRB,108,O004,29042025O0041856,0.0000,0.0000,O004,,,0.00,0.00,0.00
NSB-2900-B,Elements Heater Quartz 3Bar Wall Mount,LRB,108,O006,29042025O0061858,0.0000,0.0000,O006,,,0.00,0.00,0.00
NSB-2900-C,Elements Heater Quartz 3Bar Wall Mount,LRB,108,O007,29042025O0071859,0.0000,0.0000,O007,,,0.00,0.00,0.00
NSB-2900-D,Elements Heater Quartz 3Bar Wall Mount,LRB,21,O005,29042025O0051857,0.0000,0.0000,O005,,,0.00,0.00,0.00
P101A,ORAC Coner For P1020,ABC Building Materials,16,I023,29042025I0232019,0.0000,0.0000,I023,,,0.00,0.00,0.00
P1020,Mixed Pallet,NAD,1,J033,29042025J0331933,0.0000,0.0000,J033,,,0.00,0.00,0.00
P1020-A,ORAC Panel Moulding,ABC Building Materials,20,I015,29042025I0152020,0.0000,0.0000,I015,,,0.00,0.00,0.00
P1034,Mixed Pallet,NAD,1,L325,29042025L3251934,0.0000,0.0000,L325,,,0.00,0.00,0.00
P1131,Mixed Pallet,NAD,1,M018,29042025M0181976,0.0000,0.0000,M018,,,0.00,0.00,0.00
P1151,Mixed Pallet,NAD,1,M115,29042025M1151978,0.0000,0.0000,M115,,,0.00,0.00,0.00
P1152,Mixed Pallet,NAD,1,M331,29042025M3311979,0.0000,0.0000,M331,,,0.00,0.00,0.00
P12,Mixed Pallet,NAD,1,L104,29042025L1041350,0.0000,0.0000,L104,,,0.00,0.00,0.00
P1208,Mixed Pallet,NAD,1,L306,29042025L3062007,0.0000,0.0000,L306,,,0.00,0.00,0.00
P1209,Mixed Pallet,NAD,1,L312,29042025L3122008,0.0000,0.0000,L312,,,0.00,0.00,0.00
P1210,Mixed Pallet,NAD,1,L310,29042025L3102009,0.0000,0.0000,L310,,,0.00,0.00,0.00
P1211,Mixed Pallet,NAD,1,L336,29042025L3362024,0.0000,0.0000,L336,,,0.00,0.00,0.00
P1212,Mixed Pallet,NAD,1,L315,29042025L3152011,0.0000,0.0000,L315,,,0.00,0.00,0.00
P1214,Mixed Pallet,NAD,1,L133,29042025L1332012,0.0000,0.0000,L133,,,0.00,0.00,0.00
P1215,Mixed Pallet,NAD,1,L215,29042025L2152013,0.0000,0.0000,L215,,,0.00,0.00,0.00
P127,Mixed Pallet,NAD,1,L206,29042025L2062088,0.0000,0.0000,L206,,,0.00,0.00,0.00
P1281,Mixed Pallet,NAD,1,M304,29042025M3042044,0.0000,0.0000,M304,,,0.00,0.00,0.00
P1282,Mixed Pallet,NAD,1,M313,29042025M3132045,0.0000,0.0000,M313,,,0.00,0.00,0.00
P1283,Mixed Pallet,NAD,1,M325,29042025M3252046,0.0000,0.0000,M325,,,0.00,0.00,0.00
P1285,Mixed Pallet,NAD,1,L201,29042025L2012047,0.0000,0.0000,L201,,,0.00,0.00,0.00
P1290,Mixed Pallet,NAD,1,M309,29042025M3092048,0.0000,0.0000,M309,,,0.00,0.00,0.00
P1291,Mixed Pallet,NAD,1,M303,29042025M3032049,0.0000,0.0000,M303,,,0.00,0.00,0.00
P1296,Mixed Pallet,NAD,1,M330,29042025M3302050,0.0000,0.0000,M330,,,0.00,0.00,0.00
P1299,Mixed Pallet,NAD,1,M227,29042025M2272051,0.0000,0.0000,M227,,,0.00,0.00,0.00
P13,Mixed Pallet,NAD,1,M130,29042025M1301351,0.0000,0.0000,M130,,,0.00,0.00,0.00
P1352,Mixed Pallet,NAD,1,M219,29042025M2192083,0.0000,0.0000,M219,,,0.00,0.00,0.00
P1354,Mixed Pallet,NAD,1,M221,29042025M2212082,0.0000,0.0000,M221,,,0.00,0.00,0.00
P1369,Mixed Pallet,NAD,1,L322,29042025L3222084,0.0000,0.0000,L322,,,0.00,0.00,0.00
P1370,Mixed Pallet,NAD,1,L319,29042025L3192085,0.0000,0.0000,L319,,,0.00,0.00,0.00
P1374,Mixed Pallet,NAD,1,Q020,29042025Q0202090,0.0000,0.0000,Q020,,,0.00,0.00,0.00
P1375,Mixed Pallet,NAD,1,Q019,29042025Q0192091,0.0000,0.0000,Q019,,,0.00,0.00,0.00
P1376,Mixed Pallet,NAD,1,Q020,29042025Q0202092,0.0000,0.0000,Q020,,,0.00,0.00,0.00
P1377,Mixed Pallet,NAD,1,Q020,29042025Q0202093,0.0000,0.0000,Q020,,,0.00,0.00,0.00
P1378,Mixed Pallet,NAD,1,Q020,29042025Q0202094,0.0000,0.0000,Q020,,,0.00,0.00,0.00
P1379,Mixed Pallet,NAD,1,Q019,29042025Q0192095,0.0000,0.0000,Q019,,,0.00,0.00,0.00
P1380,Mixed Pallet,NAD,1,Q020,29042025Q0202096,0.0000,0.0000,Q020,,,0.00,0.00,0.00
P1381,Mixed Pallet,NAD,1,Q019,29042025Q0192097,0.0000,0.0000,Q019,,,0.00,0.00,0.00
P1382,Mixed Pallet,NAD,1,Q021,29042025Q0212098,0.0000,0.0000,Q021,,,0.00,0.00,0.00
P1383,Mixed Pallet,NAD,1,Q020,29042025Q0202099,0.0000,0.0000,Q020,,,0.00,0.00,0.00
P1384,Mixed Pallet,NAD,1,Q020,29042025Q0202100,0.0000,0.0000,Q020,,,0.00,0.00,0.00
P1385,Mixed Pallet,NAD,1,Q019,29042025Q0192101,0.0000,0.0000,Q019,,,0.00,0.00,0.00
P1427,Mixed Pallet,NAD,1,M225,29042025M2252111,0.0000,0.0000,M225,,,0.00,0.00,0.00
P1429,Mixed Pallet,NAD,1,L037,29042025L0372112,0.0000,0.0000,L037,,,0.00,0.00,0.00
P1431,Mixed Pallet,NAD,1,L039,29042025L0392113,0.0000,0.0000,L039,,,0.00,0.00,0.00
P1432,Mixed Pallet,NAD,1,M228,29042025M2282114,0.0000,0.0000,M228,,,0.00,0.00,0.00
P1434,Mixed Pallet,NAD,1,M207,29042025M2072117,0.0000,0.0000,M207,,,0.00,0.00,0.00
P1436,Mixed Pallet,NAD,1,M109,29042025M1092118,0.0000,0.0000,M109,,,0.00,0.00,0.00
P1437,Mixed Pallet,NAD,1,M110,29042025M1102119,0.0000,0.0000,M110,,,0.00,0.00,0.00
P1475,Mixed Pallet,NAD,1,L134,29042025L1342158,0.0000,0.0000,L134,,,0.00,0.00,0.00
P1528,Mixed Pallet,NAD,1,M034,29042025M0342190,0.0000,0.0000,M034,,,0.00,0.00,0.00
P1530,Mixed Pallet,NAD,1,L036,29042025L0362191,0.0000,0.0000,L036,,,0.00,0.00,0.00
P1532,Mixed Pallet,NAD,1,M039,29042025M0392192,0.0000,0.0000,M039,,,0.00,0.00,0.00
P1533,Mixed Pallet,NAD,1,L006,29042025L0062193,0.0000,0.0000,L006,,,0.00,0.00,0.00
P1534,Mixed Pallet,NAD,1,M006,29042025M0062195,0.0000,0.0000,M006,,,0.00,0.00,0.00
P1535,Mixed Pallet,NAD,1,I116,29042025I1162194,0.0000,0.0000,I116,,,0.00,0.00,0.00
P1553,Mixed Pallet,NAD,1,K306,29042025K3062209,0.0000,0.0000,K306,,,0.00,0.00,0.00
P1554,Mixed Pallet,NAD,1,K307,29042025K3072210,0.0000,0.0000,K307,,,0.00,0.00,0.00
P1555,Mixed Pallet,NAD,1,K303,29042025K3032211,0.0000,0.0000,K303,,,0.00,0.00,0.00
P1556,Mixed Pallet,NAD,1,K312,29042025K3122212,0.0000,0.0000,K312,,,0.00,0.00,0.00
P1557,Mixed Pallet,NAD,1,N309,29042025N3092213,0.0000,0.0000,N309,,,0.00,0.00,0.00
P1558,Mixed Pallet,NAD,1,K318,29042025K3182214,0.0000,0.0000,K318,,,0.00,0.00,0.00
P1559,Mixed Pallet,NAD,1,K301,29042025K3012215,0.0000,0.0000,K301,,,0.00,0.00,0.00
P1560,Mixed Pallet,NAD,1,N328,29042025N3282216,0.0000,0.0000,N328,,,0.00,0.00,0.00
P1561,Mixed Pallet,NAD,1,N331,29042025N3312217,0.0000,0.0000,N331,,,0.00,0.00,0.00
P1562,Mixed Pallet,NAD,1,N330,29042025N3302218,0.0000,0.0000,N330,,,0.00,0.00,0.00
P1563,Mixed Pallet,NAD,1,N333,29042025N3332219,0.0000,0.0000,N333,,,0.00,0.00,0.00
P1564,Mixed Pallet,NAD,1,N325,29042025N3252220,0.0000,0.0000,N325,,,0.00,0.00,0.00
P1565,Mixed Pallet,NAD,1,N334,29042025N3342221,0.0000,0.0000,N334,,,0.00,0.00,0.00
P1566,Mixed Pallet,NAD,1,K309,29042025K3092222,0.0000,0.0000,K309,,,0.00,0.00,0.00
P1567,Mixed Pallet,NAD,1,N306,29042025N3062223,0.0000,0.0000,N306,,,0.00,0.00,0.00
P1568,Mixed Pallet,NAD,1,N304,29042025N3042224,0.0000,0.0000,N304,,,0.00,0.00,0.00
P1569,Mixed Pallet,NAD,1,N327,29042025N3272225,0.0000,0.0000,N327,,,0.00,0.00,0.00
P1570,Mixed Pallet,NAD,1,L021,29042025L0212226,0.0000,0.0000,L021,,,0.00,0.00,0.00
P1573,Mixed Pallet,NAD,1,L034,29042025L0342227,0.0000,0.0000,L034,,,0.00,0.00,0.00
P1575,Mixed Pallet,NAD,1,I115,29042025I1152228,0.0000,0.0000,I115,,,0.00,0.00,0.00
P1576,Mixed Pallet,NAD,1,L004,29042025L0042229,0.0000,0.0000,L004,,,0.00,0.00,0.00
P1577,Mixed Pallet,NAD,1,M312,29042025M3122230,0.0000,0.0000,M312,,,0.00,0.00,0.00
P1578,Mixed Pallet,NAD,1,L022,29042025L0222231,0.0000,0.0000,L022,,,0.00,0.00,0.00
P1579,Mixed Pallet,NAD,1,L019,29042025L0192232,0.0000,0.0000,L019,,,0.00,0.00,0.00
P1580,Mixed Pallet,NAD,1,L028,29042025L0282233,0.0000,0.0000,L028,,,0.00,0.00,0.00
P1581,Mixed Pallet,NAD,1,L016,29042025L0162234,0.0000,0.0000,L016,,,0.00,0.00,0.00
P1582,Mixed Pallet,NAD,1,N337,29042025N3372235,0.0000,0.0000,N337,,,0.00,0.00,0.00
P1583,Mixed Pallet,NAD,1,L025,29042025L0252236,0.0000,0.0000,L025,,,0.00,0.00,0.00
P1584,Mixed Pallet,NAD,1,L018,29042025L0182237,0.0000,0.0000,L018,,,0.00,0.00,0.00
P1585,Mixed Pallet,NAD,1,L012,29042025L0122238,0.0000,0.0000,L012,,,0.00,0.00,0.00
P1586,Mixed Pallet,NAD,1,N339,29042025N3392239,0.0000,0.0000,N339,,,0.00,0.00,0.00
P1587,Mixed Pallet,NAD,1,L203,29042025L2032240,0.0000,0.0000,L203,,,0.00,0.00,0.00
P1588,Mixed Pallet,NAD,1,L013,29042025L0132241,0.0000,0.0000,L013,,,0.00,0.00,0.00
P1590,Mixed Pallet,NAD,1,N303,29042025N3032243,0.0000,0.0000,N303,,,0.00,0.00,0.00
P1591,Mixed Pallet,NAD,1,N301,29042025N3012244,0.0000,0.0000,N301,,,0.00,0.00,0.00
P1592,Mixed Pallet,NAD,1,K304,29042025K3042245,0.0000,0.0000,K304,,,0.00,0.00,0.00
P1593,Mixed Pallet,NAD,1,K310,29042025K3102246,0.0000,0.0000,K310,,,0.00,0.00,0.00
P1594,Mixed Pallet,NAD,1,I113,29042025I1132247,0.0000,0.0000,I113,,,0.00,0.00,0.00
P1595,Mixed Pallet,NAD,1,I331,29042025I3312248,0.0000,0.0000,I331,,,0.00,0.00,0.00
P1596,Mixed Pallet,NAD,1,I333,29042025I3332249,0.0000,0.0000,I333,,,0.00,0.00,0.00
P1597,Mixed Pallet,NAD,1,M307,29042025M3072250,0.0000,0.0000,M307,,,0.00,0.00,0.00
P1598,Mixed Pallet,NAD,1,I334,29042025I3342251,0.0000,0.0000,I334,,,0.00,0.00,0.00
P1599,Mixed Pallet,NAD,1,I336,29042025I3362252,0.0000,0.0000,I336,,,0.00,0.00,0.00
P16,Mixed Pallet,NAD,1,L207,29042025L2071352,0.0000,0.0000,L207,,,0.00,0.00,0.00
P1600,Mixed Pallet,NAD,1,I325,29042025I3252253,0.0000,0.0000,I325,,,0.00,0.00,0.00
P1601,Mixed Pallet,NAD,1,I339,29042025I3392254,0.0000,0.0000,I339,,,0.00,0.00,0.00
P1602,Mixed Pallet,NAD,1,I337,29042025I3372255,0.0000,0.0000,I337,,,0.00,0.00,0.00
P1603,Mixed Pallet,NAD,1,I327,29042025I3272256,0.0000,0.0000,I327,,,0.00,0.00,0.00
P1604,Mixed Pallet,NAD,1,I328,29042025I3282257,0.0000,0.0000,I328,,,0.00,0.00,0.00
P1605,Mixed Pallet,NAD,1,I330,29042025I3302258,0.0000,0.0000,I330,,,0.00,0.00,0.00
P1606,Mixed Pallet,NAD,1,V015,29042025V0152259,0.0000,0.0000,V015,,,0.00,0.00,0.00
P1607,Mixed Pallet,NAD,1,M203,29042025M2032260,0.0000,0.0000,M203,,,0.00,0.00,0.00
P1608,Mixed Pallet,NAD,1,N037,29042025N0372261,0.0000,0.0000,N037,,,0.00,0.00,0.00
P1613,Mixed Pallet,NAD,1,M127,29042025M1272287,0.0000,0.0000,M127,,,0.00,0.00,0.00
P1614,Mixed Pallet,NAD,1,L204,29042025L2042284,0.0000,0.0000,L204,,,0.00,0.00,0.00
P1616,Mixed Pallet,NAD,1,M324,29042025M3242285,0.0000,0.0000,M324,,,0.00,0.00,0.00
P1617,Mixed Pallet,NAD,1,M128,29042025M1282286,0.0000,0.0000,M128,,,0.00,0.00,0.00
P1632,Mixed Pallet,NAD,1,J027,29042025J0272277,0.0000,0.0000,J027,,,0.00,0.00,0.00
P1633,Mixed Pallet,NAD,1,L121,29042025L1212278,0.0000,0.0000,L121,,,0.00,0.00,0.00
P1634,Mixed Pallet,NAD,1,J025,29042025J0252279,0.0000,0.0000,J025,,,0.00,0.00,0.00
P1635,Mixed Pallet,NAD,1,J024,29042025J0242280,0.0000,0.0000,J024,,,0.00,0.00,0.00
P1636,Mixed Pallet,NAD,1,J021,29042025J0212281,0.0000,0.0000,J021,,,0.00,0.00,0.00
P1637,Mixed Pallet,NAD,1,M015,29042025M0152282,0.0000,0.0000,M015,,,0.00,0.00,0.00
P1641,Mixed Pallet,NAD,1,M136,29042025M1362283,0.0000,0.0000,M136,,,0.00,0.00,0.00
P1661,Mixed Pallet,NAD,1,K336,29042025K3362319,0.0000,0.0000,K336,,,0.00,0.00,0.00
P1662,Mixed Pallet,NAD,1,K339,29042025K3392320,0.0000,0.0000,K339,,,0.00,0.00,0.00
P1663,Mixed Pallet,NAD,1,K334,29042025K3342321,0.0000,0.0000,K334,,,0.00,0.00,0.00
P1664,Mixed Pallet,NAD,1,K337,29042025K3372322,0.0000,0.0000,K337,,,0.00,0.00,0.00
P1665,Mixed Pallet,NAD,1,K333,29042025K3332323,0.0000,0.0000,K333,,,0.00,0.00,0.00
P1709,Mixed Pallet,NAD,1,L101,29042025L1012324,0.0000,0.0000,L101,,,0.00,0.00,0.00
P1710,Mixed Pallet,NAD,1,M336,29042025M3362325,0.0000,0.0000,M336,,,0.00,0.00,0.00
P1711,Mixed Pallet,NAD,1,L125,29042025L1252326,0.0000,0.0000,L125,,,0.00,0.00,0.00
P1712,Mixed Pallet,NAD,1,M334,29042025M3342327,0.0000,0.0000,M334,,,0.00,0.00,0.00
P1713,Mixed Pallet,NAD,1,L330,29042025L3302328,0.0000,0.0000,L330,,,0.00,0.00,0.00
P1715,Mixed Pallet,NAD,1,M327,29042025M3272329,0.0000,0.0000,M327,,,0.00,0.00,0.00
P1718,Mixed Pallet,NAD,1,M224,29042025M2242330,0.0000,0.0000,M224,,,0.00,0.00,0.00
P1719,Mixed Pallet,NAD,1,L103,29042025L1032331,0.0000,0.0000,L103,,,0.00,0.00,0.00
P1720,Mixed Pallet,NAD,1,L339,29042025L3392332,0.0000,0.0000,L339,,,0.00,0.00,0.00
P1721,Mixed Pallet,NAD,1,M137,29042025M1372333,0.0000,0.0000,M137,,,0.00,0.00,0.00
P1723,Mixed Pallet,NAD,1,L318,29042025L3182334,0.0000,0.0000,L318,,,0.00,0.00,0.00
P1724,Mixed Pallet,NAD,1,M306,29042025M3062335,0.0000,0.0000,M306,,,0.00,0.00,0.00
P1725,Mixed Pallet,NAD,1,L337,29042025L3372336,0.0000,0.0000,L337,,,0.00,0.00,0.00
P1726,Mixed Pallet,NAD,1,L137,29042025L1372338,0.0000,0.0000,L137,,,0.00,0.00,0.00
P1727,Mixed Pallet,NAD,1,L033,29042025L0332337,0.0000,0.0000,L033,,,0.00,0.00,0.00
P1728,Mixed Pallet,NAD,1,L334,29042025L3342339,0.0000,0.0000,L334,,,0.00,0.00,0.00
P1749,Mixed Pallet,NAD,1,L327,29042025L3272342,0.0000,0.0000,L327,,,0.00,0.00,0.00
P1750,Mixed Pallet,NAD,1,K010,29042025K0102343,0.0000,0.0000,K010,,,0.00,0.00,0.00
P1751,Mixed Pallet,NAD,1,M007,29042025M0072367,0.0000,0.0000,M007,,,0.00,0.00,0.00
P1764,Mixed Pallet,NAD,1,K316,29042025K3162384,0.0000,0.0000,K316,,,0.00,0.00,0.00
P1765,Mixed Pallet,NAD,1,K313,29042025K3132385,0.0000,0.0000,K313,,,0.00,0.00,0.00
P1766,Mixed Pallet,NAD,1,K315,29042025K3152386,0.0000,0.0000,K315,,,0.00,0.00,0.00
P1767,Mixed Pallet,NAD,1,K319,29042025K3192387,0.0000,0.0000,K319,,,0.00,0.00,0.00
P177,Mixed Pallet,NAD,1,M230,29042025M2301353,0.0000,0.0000,M230,,,0.00,0.00,0.00
P1778,Mixed Pallet,NAD,1,J030,29042025J0302388,0.0000,0.0000,J030,,,0.00,0.00,0.00
P1779,Mixed Pallet,NAD,1,K037,29042025K0372389,0.0000,0.0000,K037,,,0.00,0.00,0.00
P1780,Mixed Pallet,NAD,1,J016,29042025J0162390,0.0000,0.0000,J016,,,0.00,0.00,0.00
P1781,Mixed Pallet,NAD,1,J015,29042025J0152391,0.0000,0.0000,J015,,,0.00,0.00,0.00
P1782,Mixed Pallet,NAD,1,J012,29042025J0122392,0.0000,0.0000,J012,,,0.00,0.00,0.00
P1783,Mixed Pallet,NAD,1,J010,29042025J0102393,0.0000,0.0000,J010,,,0.00,0.00,0.00
P1784,Mixed Pallet,NAD,1,J004,29042025J0042394,0.0000,0.0000,J004,,,0.00,0.00,0.00
P1786,Mixed Pallet,NAD,1,L001,29042025L0012395,0.0000,0.0000,L001,,,0.00,0.00,0.00
P1787,Mixed Pallet,NAD,1,J007,29042025J0072396,0.0000,0.0000,J007,,,0.00,0.00,0.00
P1788,Mixed Pallet,NAD,1,M301,29042025M3012397,0.0000,0.0000,M301,,,0.00,0.00,0.00
P1789,Mixed Pallet,NAD,1,L333,29042025L3332398,0.0000,0.0000,L333,,,0.00,0.00,0.00
P179,Mixed Pallet,NAD,1,L213,29042025L2131354,0.0000,0.0000,L213,,,0.00,0.00,0.00
P1790,Mixed Pallet,NAD,1,M215,29042025M2152399,0.0000,0.0000,M215,,,0.00,0.00,0.00
P1791,Mixed Pallet,NAD,1,M125,29042025M1252400,0.0000,0.0000,M125,,,0.00,0.00,0.00
P1797,Mixed Pallet,NAD,1,I107,29042025I1072401,0.0000,0.0000,I107,,,0.00,0.00,0.00
P1798,Mixed Pallet,NAD,1,I109,29042025I1092433,0.0000,0.0000,I109,,,0.00,0.00,0.00
P180,Mixed Pallet,NAD,1,M206,29042025M2061355,0.0000,0.0000,M206,,,0.00,0.00,0.00
P1802,Mixed Pallet,NAD,1,V015,29042025V0152405,0.0000,0.0000,V015,,,0.00,0.00,0.00
P1803,Mixed Pallet,NAD,1,L131,29042025L1312406,0.0000,0.0000,L131,,,0.00,0.00,0.00
P1804,Mixed Pallet,NAD,1,L206,29042025L2062407,0.0000,0.0000,L206,,,0.00,0.00,0.00
P1805,Mixed Pallet,NAD,1,V015,29042025V0152408,0.0000,0.0000,V015,,,0.00,0.00,0.00
P1806,Mixed Pallet,NAD,1,M104,29042025M1042409,0.0000,0.0000,M104,,,0.00,0.00,0.00
P1807,Mixed Pallet,NAD,1,M133,29042025M1332410,0.0000,0.0000,M133,,,0.00,0.00,0.00
P1808,Mixed Pallet,NAD,1,M218,29042025M2182411,0.0000,0.0000,M218,,,0.00,0.00,0.00
P1809,Mixed Pallet,NAD,1,M216,29042025M2162412,0.0000,0.0000,M216,,,0.00,0.00,0.00
P181,Mixed Pallet,NAD,1,M213,29042025M2131356,0.0000,0.0000,M213,,,0.00,0.00,0.00
P1810,Mixed Pallet,NAD,1,M116,29042025M1162413,0.0000,0.0000,M116,,,0.00,0.00,0.00
P1811,Mixed Pallet,NAD,1,L015,29042025L0152414,0.0000,0.0000,L015,,,0.00,0.00,0.00
P1812,Mixed Pallet,NAD,1,K016,29042025K0162415,0.0000,0.0000,K016,,,0.00,0.00,0.00
P1813,Mixed Pallet,NAD,1,J019,29042025J0192416,0.0000,0.0000,J019,,,0.00,0.00,0.00
P1814,Mixed Pallet,NAD,1,M209,29042025M2092417,0.0000,0.0000,M209,,,0.00,0.00,0.00
P1815,Mixed Pallet,NAD,1,I001,29042025I0012418,0.0000,0.0000,I001,,,0.00,0.00,0.00
P1816,Mixed Pallet,NAD,1,M012,29042025M0122419,0.0000,0.0000,M012,,,0.00,0.00,0.00
P1820,Mixed Pallet,NAD,1,L010,29042025L0102420,0.0000,0.0000,L010,,,0.00,0.00,0.00
P1821,Mixed Pallet,NAD,1,I118,29042025I1182421,0.0000,0.0000,I118,,,0.00,0.00,0.00
P1822,Mixed Pallet,NAD,1,L007,29042025L0072422,0.0000,0.0000,L007,,,0.00,0.00,0.00
P1823,Mixed Pallet,NAD,1,M016,29042025M0162423,0.0000,0.0000,M016,,,0.00,0.00,0.00
P1824,Mixed Pallet,NAD,1,M025,29042025M0252424,0.0000,0.0000,M025,,,0.00,0.00,0.00
P1825,Mixed Pallet,NAD,1,M009,29042025M0092432,0.0000,0.0000,M009,,,0.00,0.00,0.00
P1826,Mixed Pallet,NAD,1,M003,29042025M0032425,0.0000,0.0000,M003,,,0.00,0.00,0.00
P1827,Mixed Pallet,NAD,1,M024,29042025M0242426,0.0000,0.0000,M024,,,0.00,0.00,0.00
P1828,Mixed Pallet,NAD,1,M013,29042025M0132427,0.0000,0.0000,M013,,,0.00,0.00,0.00
P1829,Mixed Pallet,NAD,1,M010,29042025M0102428,0.0000,0.0000,M010,,,0.00,0.00,0.00
P1830,Mixed Pallet,NAD,1,M001,29042025M0012429,0.0000,0.0000,M001,,,0.00,0.00,0.00
P1831,Mixed Pallet,NAD,1,M004,29042025M0042288,0.0000,0.0000,M004,,,0.00,0.00,0.00
P1832,Mixed Pallet,NAD,1,L027,29042025L0272430,0.0000,0.0000,L027,,,0.00,0.00,0.00
P1833,Mixed Pallet,NAD,1,M121,29042025M1212431,0.0000,0.0000,M121,,,0.00,0.00,0.00
P1858,Mixed Pallet,NAD,1,L218,29042025L2182448,0.0000,0.0000,L218,,,0.00,0.00,0.00
P1859,Mixed Pallet,NAD,1,L136,29042025L1362449,0.0000,0.0000,L136,,,0.00,0.00,0.00
P1860,Mixed Pallet,NAD,1,M128,29042025M1282441,0.0000,0.0000,M128,,,0.00,0.00,0.00
P1861,Mixed Pallet,NAD,1,K331,29042025K3312439,0.0000,0.0000,K331,,,0.00,0.00,0.00
P1862,Mixed Pallet,NAD,1,J022,29042025J0222440,0.0000,0.0000,J022,,,0.00,0.00,0.00
P1863,Mixed Pallet,NAD,1,K330,29042025K3302442,0.0000,0.0000,K330,,,0.00,0.00,0.00
P1864,Mixed Pallet,NAD,1,M234,29042025M2342438,0.0000,0.0000,M234,,,0.00,0.00,0.00
P1865,Mixed Pallet,NAD,1,M222,29042025M2222443,0.0000,0.0000,M222,,,0.00,0.00,0.00
P1866,Mixed Pallet,NAD,1,K024,29042025K0242437,0.0000,0.0000,K024,,,0.00,0.00,0.00
P1867,Mixed Pallet,NAD,1,K322,29042025K3222445,0.0000,0.0000,K322,,,0.00,0.00,0.00
P1868,Mixed Pallet,NAD,1,K321,29042025K3212444,0.0000,0.0000,K321,,,0.00,0.00,0.00
P1869,Mixed Pallet,NAD,1,K324,29042025K3242447,0.0000,0.0000,K324,,,0.00,0.00,0.00
P1870,Mixed Pallet,NAD,1,L321,29042025L3212434,0.0000,0.0000,L321,,,0.00,0.00,0.00
P1871,Mixed Pallet,NAD,1,L316,29042025L3162435,0.0000,0.0000,L316,,,0.00,0.00,0.00
P1872,Mixed Pallet,NAD,1,L324,29042025L3242446,0.0000,0.0000,L324,,,0.00,0.00,0.00
P1873,Mixed Pallet,NAD,1,L024,29042025L0242436,0.0000,0.0000,L024,,,0.00,0.00,0.00
P1874,Mixed Pallet,NAD,1,M339,29042025M3392450,0.0000,0.0000,M339,,,0.00,0.00,0.00
P1878,Mixed Pallet,NAD,1,V010,29042025V0102472,0.0000,0.0000,V010,,,0.00,0.00,0.00
P1879,Mixed Pallet,NAD,1,V010,29042025V0102473,0.0000,0.0000,V010,,,0.00,0.00,0.00
P1881,Mixed Pallet,NAD,1,V009,29042025V0092475,0.0000,0.0000,V009,,,0.00,0.00,0.00
P1882,Mixed Pallet,NAD,1,V009,29042025V0092692,0.0000,0.0000,V009,,,0.00,0.00,0.00
P1883,Mixed Pallet,NAD,1,V010,29042025V0102690,0.0000,0.0000,V010,,,0.00,0.00,0.00
P1884,Mixed Pallet,NAD,1,V009,29042025V0092694,0.0000,0.0000,V009,,,0.00,0.00,0.00
P1885,Mixed Pallet,NAD,1,V009,29042025V0092691,0.0000,0.0000,V009,,,0.00,0.00,0.00
P1888,Mixed Pallet,NAD,1,V009,29042025V0092693,0.0000,0.0000,V009,,,0.00,0.00,0.00
P1889,Mixed Pallet,NAD,1,V009,29042025V0092477,0.0000,0.0000,V009,,,0.00,0.00,0.00
P1890,Mixed Pallet,NAD,1,V014,29042025V0142478,0.0000,0.0000,V014,,,0.00,0.00,0.00
P1891,Mixed Pallet,NAD,1,V014,29042025V0142479,0.0000,0.0000,V014,,,0.00,0.00,0.00
P1892,Mixed Pallet,NAD,1,V014,29042025V0142480,0.0000,0.0000,V014,,,0.00,0.00,0.00
P1893,Mixed Pallet,NAD,1,V014,29042025V0142481,0.0000,0.0000,V014,,,0.00,0.00,0.00
P1894,Mixed Pallet,NAD,1,V014,29042025V0142482,0.0000,0.0000,V014,,,0.00,0.00,0.00
P1895,Mixed Pallet,NAD,1,V014,29042025V0142483,0.0000,0.0000,V014,,,0.00,0.00,0.00
P1896,Mixed Pallet,NAD,1,V014,29042025V0142484,0.0000,0.0000,V014,,,0.00,0.00,0.00
P1897,Mixed Pallet,NAD,1,V014,29042025V0142485,0.0000,0.0000,V014,,,0.00,0.00,0.00
P1898,Mixed Pallet,NAD,1,V014,29042025V0142486,0.0000,0.0000,V014,,,0.00,0.00,0.00
P1899,Mixed Pallet,NAD,1,M033,29042025M0332487,0.0000,0.0000,M033,,,0.00,0.00,0.00
P19,Mixed Pallet,NAD,1,L239,29042025L2391357,0.0000,0.0000,L239,,,0.00,0.00,0.00
P1900,Mixed Pallet,NAD,1,V013,29042025V0132488,0.0000,0.0000,V013,,,0.00,0.00,0.00
P1901,Mixed Pallet,NAD,1,V013,29042025V0132489,0.0000,0.0000,V013,,,0.00,0.00,0.00
P1902,Mixed Pallet,NAD,1,V013,29042025V0132490,0.0000,0.0000,V013,,,0.00,0.00,0.00
P1903,Mixed Pallet,NAD,1,V013,29042025V0132491,0.0000,0.0000,V013,,,0.00,0.00,0.00
P1904,Mixed Pallet,NAD,1,V013,29042025V0132492,0.0000,0.0000,V013,,,0.00,0.00,0.00
P1905,Mixed Pallet,NAD,1,V013,29042025V0132493,0.0000,0.0000,V013,,,0.00,0.00,0.00
P1906,Mixed Pallet,NAD,1,V013,29042025V0132494,0.0000,0.0000,V013,,,0.00,0.00,0.00
P1907,Mixed Pallet,NAD,1,V013,29042025V0132495,0.0000,0.0000,V013,,,0.00,0.00,0.00
P1908,Mixed Pallet,NAD,1,V013,29042025V0132496,0.0000,0.0000,V013,,,0.00,0.00,0.00
P1909,Mixed Pallet,NAD,1,V013,29042025V0132497,0.0000,0.0000,V013,,,0.00,0.00,0.00
P1910,Mixed Pallet,NAD,1,M131,29042025M1312498,0.0000,0.0000,M131,,,0.00,0.00,0.00
P1911,Mixed Pallet,NAD,1,V010,29042025V0102499,0.0000,0.0000,V010,,,0.00,0.00,0.00
P1912,Mixed Pallet,NAD,1,V010,29042025V0102500,0.0000,0.0000,V010,,,0.00,0.00,0.00
P1913,Mixed Pallet,NAD,1,V010,29042025V0102501,0.0000,0.0000,V010,,,0.00,0.00,0.00
P1914,Mixed Pallet,NAD,1,V010,29042025V0102502,0.0000,0.0000,V010,,,0.00,0.00,0.00
P1915,Mixed Pallet,NAD,1,V010,29042025V0102503,0.0000,0.0000,V010,,,0.00,0.00,0.00
P1916,Mixed Pallet,NAD,1,V011,29042025V0112504,0.0000,0.0000,V011,,,0.00,0.00,0.00
P1917,Mixed Pallet,NAD,1,V008,29042025V0082505,0.0000,0.0000,V008,,,0.00,0.00,0.00
P1918,Mixed Pallet,NAD,1,V009,29042025V0092506,0.0000,0.0000,V009,,,0.00,0.00,0.00
P1919,Mixed Pallet,NAD,1,V008,29042025V0082507,0.0000,0.0000,V008,,,0.00,0.00,0.00
P1920,Mixed Pallet,NAD,1,V008,29042025V0082508,0.0000,0.0000,V008,,,0.00,0.00,0.00
P1921,Mixed Pallet,NAD,1,V011,29042025V0112509,0.0000,0.0000,V011,,,0.00,0.00,0.00
P1922,Mixed Pallet,NAD,1,V008,29042025V0082510,0.0000,0.0000,V008,,,0.00,0.00,0.00
P1923,Mixed Pallet,NAD,1,V009,29042025V0092511,0.0000,0.0000,V009,,,0.00,0.00,0.00
P1924,Mixed Pallet,NAD,1,V008,29042025V0082512,0.0000,0.0000,V008,,,0.00,0.00,0.00
P1925,Mixed Pallet,NAD,1,L009,29042025L0092513,0.0000,0.0000,L009,,,0.00,0.00,0.00
P1926,Mixed Pallet,NAD,1,L030,29042025L0302514,0.0000,0.0000,L030,,,0.00,0.00,0.00
P1927,Mixed Pallet,NAD,1,K015,29042025K0152515,0.0000,0.0000,K015,,,0.00,0.00,0.00
P1928,Mixed Pallet,NAD,1,I003,29042025I0032516,0.0000,0.0000,I003,,,0.00,0.00,0.00
P1929,Mixed Pallet,NAD,1,J031,29042025J0312517,0.0000,0.0000,J031,,,0.00,0.00,0.00
P1930,Mixed Pallet,NAD,1,L001,29042025L0012518,0.0000,0.0000,L001,,,0.00,0.00,0.00
P1931,Mixed Pallet,NAD,1,J028,29042025J0282519,0.0000,0.0000,J028,,,0.00,0.00,0.00
P1932,Mixed Pallet,NAD,1,J018,29042025J0182520,0.0000,0.0000,J018,,,0.00,0.00,0.00
P1933,Mixed Pallet,NAD,1,J013,29042025J0132521,0.0000,0.0000,J013,,,0.00,0.00,0.00
P1934,Mixed Pallet,NAD,1,J003,29042025J0032522,0.0000,0.0000,J003,,,0.00,0.00,0.00
P1935,Mixed Pallet,NAD,1,J009,29042025J0092523,0.0000,0.0000,J009,,,0.00,0.00,0.00
P1936,Mixed Pallet,NAD,1,J001,29042025J0012524,0.0000,0.0000,J001,,,0.00,0.00,0.00
P1937,Mixed Pallet,NAD,1,J006,29042025J0062525,0.0000,0.0000,J006,,,0.00,0.00,0.00
P1938,Mixed Pallet,NAD,1,M019,29042025M0192526,0.0000,0.0000,M019,,,0.00,0.00,0.00
P1939,Mixed Pallet,NAD,1,M037,29042025M0372527,0.0000,0.0000,M037,,,0.00,0.00,0.00
P1940,Mixed Pallet,NAD,1,M022,29042025M0222528,0.0000,0.0000,M022,,,0.00,0.00,0.00
P1941,Mixed Pallet,NAD,1,M021,29042025M0212529,0.0000,0.0000,M021,,,0.00,0.00,0.00
P1942,Mixed Pallet,NAD,1,M027,29042025M0272530,0.0000,0.0000,M027,,,0.00,0.00,0.00
P1943,Mixed Pallet,NAD,1,M030,29042025M0302531,0.0000,0.0000,M030,,,0.00,0.00,0.00
P1944,Mixed Pallet,NAD,1,M031,29042025M0312532,0.0000,0.0000,M031,,,0.00,0.00,0.00
P1945,Mixed Pallet,NAD,1,M036,29042025M0362533,0.0000,0.0000,M036,,,0.00,0.00,0.00
P1946,Mixed Pallet,NAD,1,K006,29042025K0062534,0.0000,0.0000,K006,,,0.00,0.00,0.00
P1947,Mixed Pallet,NAD,1,V011,29042025V0112551,0.0000,0.0000,V011,,,0.00,0.00,0.00
P1948,Mixed Pallet,NAD,1,V011,29042025V0112549,0.0000,0.0000,V011,,,0.00,0.00,0.00
P1949,Mixed Pallet,NAD,1,V011,29042025V0112547,0.0000,0.0000,V011,,,0.00,0.00,0.00
P1950,Mixed Pallet,NAD,1,V011,29042025V0112552,0.0000,0.0000,V011,,,0.00,0.00,0.00
P1951,Mixed Pallet,NAD,1,V011,29042025V0112550,0.0000,0.0000,V011,,,0.00,0.00,0.00
P1952,Mixed Pallet,NAD,1,V011,29042025V0112548,0.0000,0.0000,V011,,,0.00,0.00,0.00
P1953,Mixed Pallet,NAD,1,L301,29042025L3012554,0.0000,0.0000,L301,,,0.00,0.00,0.00
P1954,Mixed Pallet,NAD,1,M028,29042025M0282561,0.0000,0.0000,M028,,,0.00,0.00,0.00
P1955,Mixed Pallet,NAD,1,L313,29042025L3132555,0.0000,0.0000,L313,,,0.00,0.00,0.00
P1956,Mixed Pallet,NAD,1,M333,29042025M3332562,0.0000,0.0000,M333,,,0.00,0.00,0.00
P1957,Mixed Pallet,NAD,1,M310,29042025M3102559,0.0000,0.0000,M310,,,0.00,0.00,0.00
P1959,Mixed Pallet,NAD,1,K327,29042025K3272556,0.0000,0.0000,K327,,,0.00,0.00,0.00
P1960,Mixed Pallet,NAD,1,K328,29042025K3282558,0.0000,0.0000,K328,,,0.00,0.00,0.00
P1961,Mixed Pallet,NAD,1,K325,29042025K3252553,0.0000,0.0000,K325,,,0.00,0.00,0.00
P1962,Mixed Pallet,NAD,1,M337,29042025M3372557,0.0000,0.0000,M337,,,0.00,0.00,0.00
P1963,Mixed Pallet,NAD,1,V012,29042025V0122535,0.0000,0.0000,V012,,,0.00,0.00,0.00
P1964,Mixed Pallet,NAD,1,V012,29042025V0122536,0.0000,0.0000,V012,,,0.00,0.00,0.00
P1965,Mixed Pallet,NAD,1,V012,29042025V0122537,0.0000,0.0000,V012,,,0.00,0.00,0.00
P1966,Mixed Pallet,NAD,1,V012,29042025V0122538,0.0000,0.0000,V012,,,0.00,0.00,0.00
P1967,Mixed Pallet,NAD,1,V012,29042025V0122539,0.0000,0.0000,V012,,,0.00,0.00,0.00
P1968,Mixed Pallet,NAD,1,V011,29042025V0112540,0.0000,0.0000,V011,,,0.00,0.00,0.00
P1969,Mixed Pallet,NAD,1,V012,29042025V0122541,0.0000,0.0000,V012,,,0.00,0.00,0.00
P1970,Mixed Pallet,NAD,1,V012,29042025V0122542,0.0000,0.0000,V012,,,0.00,0.00,0.00
P1971,Mixed Pallet,NAD,1,V012,29042025V0122543,0.0000,0.0000,V012,,,0.00,0.00,0.00
P1972,Mixed Pallet,NAD,1,V012,29042025V0122544,0.0000,0.0000,V012,,,0.00,0.00,0.00
P1973,Mixed Pallet,NAD,1,V012,29042025V0122545,0.0000,0.0000,V012,,,0.00,0.00,0.00
P1974,Mixed Pallet,NAD,1,V011,29042025V0112546,0.0000,0.0000,V011,,,0.00,0.00,0.00
P1975,Mixed Pallet,NAD,1,V008,29042025V0082623,0.0000,0.0000,V008,,,0.00,0.00,0.00
P1976,Mixed Pallet,NAD,1,V009,29042025V0092628,0.0000,0.0000,V009,,,0.00,0.00,0.00
P1977,Mixed Pallet,NAD,1,V009,29042025V0092629,0.0000,0.0000,V009,,,0.00,0.00,0.00
P1978,Mixed Pallet,NAD,1,V009,29042025V0092626,0.0000,0.0000,V009,,,0.00,0.00,0.00
P1979,Mixed Pallet,NAD,1,V009,29042025V0092631,0.0000,0.0000,V009,,,0.00,0.00,0.00
P1980,Mixed Pallet,Trendcorp,1,V009,29042025V0092633,0.0000,0.0000,V009,,,0.00,0.00,0.00
P1981,Mixed Pallet,NAD,1,V009,29042025V0092630,0.0000,0.0000,V009,,,0.00,0.00,0.00
P1982,Mixed Pallet,NAD,1,V009,29042025V0092627,0.0000,0.0000,V009,,,0.00,0.00,0.00
P1983,Mixed Pallet,NAD,1,V008,29042025V0082625,0.0000,0.0000,V008,,,0.00,0.00,0.00
P1984,Mixed Pallet,NAD,1,V009,29042025V0092632,0.0000,0.0000,V009,,,0.00,0.00,0.00
P1985,Mixed Pallet,NAD,1,V009,29042025V0092634,0.0000,0.0000,V009,,,0.00,0.00,0.00
P1986,Mixed Pallet,NAD,1,V008,29042025V0082624,0.0000,0.0000,V008,,,0.00,0.00,0.00
P1987,Mixed Pallet,NAD,1,M321,29042025M3212560,0.0000,0.0000,M321,,,0.00,0.00,0.00
P20,Mixed Pallet,NAD,1,M237,29042025M2371358,0.0000,0.0000,M237,,,0.00,0.00,0.00
P21,Mixed Pallet,NAD,1,L219,29042025L2191359,0.0000,0.0000,L219,,,0.00,0.00,0.00
P23,Mixed Pallet,NAD,1,L212,29042025L2121360,0.0000,0.0000,L212,,,0.00,0.00,0.00
P234,Mixed Pallet,NAD,1,L137,29042025L1371400,0.0000,0.0000,L137,,,0.00,0.00,0.00
P24,Mixed Pallet,NAD,1,L230,29042025L2301361,0.0000,0.0000,L230,,,0.00,0.00,0.00
P25,Mixed Pallet,NAD,1,L228,29042025L2281362,0.0000,0.0000,L228,,,0.00,0.00,0.00
P26,Mixed Pallet,NAD,1,M236,29042025M2361363,0.0000,0.0000,M236,,,0.00,0.00,0.00
P265,Mixed Pallet,NAD,1,L216,29042025L2161364,0.0000,0.0000,L216,,,0.00,0.00,0.00
P267,Mixed Pallet,NAD,1,M231,29042025M2311365,0.0000,0.0000,M231,,,0.00,0.00,0.00
P27,Mixed Pallet,NAD,1,L115,29042025L1151366,0.0000,0.0000,L115,,,0.00,0.00,0.00
P272,Mixed Pallet,NAD,1,L210,29042025L2101367,0.0000,0.0000,L210,,,0.00,0.00,0.00
P273,Mixed Pallet,NAD,1,L303,29042025L3031368,0.0000,0.0000,L303,,,0.00,0.00,0.00
P275,Mixed Pallet,NAD,1,M316,29042025M3161369,0.0000,0.0000,M316,,,0.00,0.00,0.00
P276,Mixed Pallet,NAD,1,M103,29042025M1031370,0.0000,0.0000,M103,,,0.00,0.00,0.00
P277,Mixed Pallet,NAD,1,M124,29042025M1241371,0.0000,0.0000,M124,,,0.00,0.00,0.00
P279,Mixed Pallet,NAD,1,M315,29042025M3151372,0.0000,0.0000,M315,,,0.00,0.00,0.00
P280,Mixed Pallet,NAD,1,L139,29042025L1391373,0.0000,0.0000,L139,,,0.00,0.00,0.00
P281,Mixed Pallet,NAD,1,M122,29042025M1221374,0.0000,0.0000,M122,,,0.00,0.00,0.00
P282,Mixed Pallet,NAD,1,L119,29042025L1191375,0.0000,0.0000,L119,,,0.00,0.00,0.00
P31,Mixed Pallet,NAD,1,L224,29042025L2241376,0.0000,0.0000,L224,,,0.00,0.00,0.00
P345,Mixed Pallet,NAD,1,L209,29042025L2091377,0.0000,0.0000,L209,,,0.00,0.00,0.00
P346,Mixed Pallet,NAD,1,M239,29042025M2391378,0.0000,0.0000,M239,,,0.00,0.00,0.00
P35,Mixed Pallet,NAD,1,L118,29042025L1181379,0.0000,0.0000,L118,,,0.00,0.00,0.00
P36,Mixed Pallet,NAD,1,M233,29042025M2331380,0.0000,0.0000,M233,,,0.00,0.00,0.00
P37,Mixed Pallet,NAD,1,L107,29042025L1071381,0.0000,0.0000,L107,,,0.00,0.00,0.00
P39,Mixed Pallet,NAD,1,M212,29042025M2121382,0.0000,0.0000,M212,,,0.00,0.00,0.00
P40,Mixed Pallet,NAD,1,L106,29042025L1061383,0.0000,0.0000,L106,,,0.00,0.00,0.00
P41,Mixed Pallet,NAD,1,L237,29042025L2371384,0.0000,0.0000,L237,,,0.00,0.00,0.00
P411,Mixed Pallet,NAD,1,M118,29042025M1181385,0.0000,0.0000,M118,,,0.00,0.00,0.00
P43,Mixed Pallet,NAD,1,L331,29042025L3311386,0.0000,0.0000,L331,,,0.00,0.00,0.00
P44,Mixed Pallet,NAD,1,M134,29042025M1341387,0.0000,0.0000,M134,,,0.00,0.00,0.00
P46,Mixed Pallet,NAD,1,L227,29042025L2271388,0.0000,0.0000,L227,,,0.00,0.00,0.00
P47,Mixed Pallet,NAD,1,L225,29042025L2251389,0.0000,0.0000,L225,,,0.00,0.00,0.00
P48,Mixed Pallet,NAD,1,M107,29042025M1071390,0.0000,0.0000,M107,,,0.00,0.00,0.00
P50,Mixed Pallet,NAD,1,L304,29042025L3041391,0.0000,0.0000,L304,,,0.00,0.00,0.00
P51,Mixed Pallet,NAD,1,M106,29042025M1061392,0.0000,0.0000,M106,,,0.00,0.00,0.00
P52,Mixed Pallet,NAD,1,L222,29042025L2221393,0.0000,0.0000,L222,,,0.00,0.00,0.00
P53,Mixed Pallet,NAD,1,L127,29042025L1271394,0.0000,0.0000,L127,,,0.00,0.00,0.00
P54,Mixed Pallet,NAD,1,M204,29042025M2041395,0.0000,0.0000,M204,,,0.00,0.00,0.00
P55,Mixed Pallet,NAD,1,M101,29042025M1011396,0.0000,0.0000,M101,,,0.00,0.00,0.00
P56,Mixed Pallet,NAD,1,L116,29042025L1161397,0.0000,0.0000,L116,,,0.00,0.00,0.00
P57,Mixed Pallet,NAD,1,L236,29042025L2361398,0.0000,0.0000,L236,,,0.00,0.00,0.00
P58,Mixed Pallet,NAD,1,L113,29042025L1131399,0.0000,0.0000,L113,,,0.00,0.00,0.00
P59,Mixed Pallet,NAD,1,L234,29042025L2342075,0.0000,0.0000,L234,,,0.00,0.00,0.00
P60,Mixed Pallet,NAD,1,L130,29042025L1301401,0.0000,0.0000,L130,,,0.00,0.00,0.00
P61,Mixed Pallet,NAD,1,L231,29042025L2311402,0.0000,0.0000,L231,,,0.00,0.00,0.00
P62,Mixed Pallet,NAD,1,L110,29042025L1101403,0.0000,0.0000,L110,,,0.00,0.00,0.00
P64,Mixed Pallet,NAD,1,L221,29042025L2211404,0.0000,0.0000,L221,,,0.00,0.00,0.00
P677,Mixed Pallet,NAD,1,M318,29042025M3181744,0.0000,0.0000,M318,,,0.00,0.00,0.00
P678,Mixed Pallet,NAD,1,M319,29042025M3191746,0.0000,0.0000,M319,,,0.00,0.00,0.00
P679,Mixed Pallet,NAD,1,M322,29042025M3221745,0.0000,0.0000,M322,,,0.00,0.00,0.00
P698,Mixed Pallet,NAD,1,M139,29042025M1391770,0.0000,0.0000,M139,,,0.00,0.00,0.00
P699,Mixed Pallet,NAD,1,L109,29042025L1091771,0.0000,0.0000,L109,,,0.00,0.00,0.00
P700,Mixed Pallet,NAD,1,L112,29042025L1121772,0.0000,0.0000,L112,,,0.00,0.00,0.00
P701,Mixed Pallet,NAD,1,M210,29042025M2101773,0.0000,0.0000,M210,,,0.00,0.00,0.00
P702,Mixed Pallet,NAD,1,L124,29042025L1241774,0.0000,0.0000,L124,,,0.00,0.00,0.00
P703,Mixed Pallet,NAD,1,M113,29042025M1131775,0.0000,0.0000,M113,,,0.00,0.00,0.00
P757,Mixed Pallet,NAD,1,L122,29042025L1221812,0.0000,0.0000,L122,,,0.00,0.00,0.00
P769,Mixed Pallet,NAD,1,M328,29042025M3281815,0.0000,0.0000,M328,,,0.00,0.00,0.00
P770,Mixed Pallet,NAD,1,M119,29042025M1191816,0.0000,0.0000,M119,,,0.00,0.00,0.00
P839,Mixed Pallet,NAD,1,M116,29042025M1161818,0.0000,0.0000,M116,,,0.00,0.00,0.00
P926,Mixed Pallet,NAD,1,L336,29042025L3361833,0.0000,0.0000,L336,,,0.00,0.00,0.00
P927,Mixed Pallet,NAD,1,M333,29042025M3331834,0.0000,0.0000,M333,,,0.00,0.00,0.00
P928,Mixed Pallet,NAD,1,M339,29042025M3391835,0.0000,0.0000,M339,,,0.00,0.00,0.00
P929,Mixed Pallet,NAD,1,M336,29042025M3361836,0.0000,0.0000,M336,,,0.00,0.00,0.00
P94,Mixed Pallet,NAD,1,L309,29042025L3091405,0.0000,0.0000,L309,,,0.00,0.00,0.00
P95,Mixed Pallet,NAD,1,L233,29042025L2331406,0.0000,0.0000,L233,,,0.00,0.00,0.00
P96,Mixed Pallet,NAD,1,L307,29042025L3071407,0.0000,0.0000,L307,,,0.00,0.00,0.00
P965,Mixed Pallet,NAD,1,M234,29042025M2341824,0.0000,0.0000,M234,,,0.00,0.00,0.00
PH-08H-A,Elements Heater Wall Panel 400w,LRB,504,U117,29042025U1171798,0.0000,0.0000,U117,,,0.00,0.00,0.00
PH-08H-AC,Elements Heater Wall Panel Mounting Kit,LRB,373,O209,29042025O2091527,0.0000,0.0000,O209,,,0.00,0.00,0.00
PH-08H-E,Elements Heater Wall Panel 400w PD,LRB,1,O209,29042025O2091528,0.0000,0.0000,O209,,,0.00,0.00,0.00
PH-08H-F,Elements Heater Wall Panel 400w,LRB,504,U116,29042025U1161529,0.0000,0.0000,U116,,,0.00,0.00,0.00
PH-08H-H,Elements Heater Wall Panel 400w,LRB,391,U113,29042025U1131530,0.0000,0.0000,U113,,,0.00,0.00,0.00
PLA-066-023-PB2,PUR 2880 (2KG),Kamboo Marketing,5,R003,29042025R0032138,0.0000,0.0000,R003,,,0.00,0.00,0.00
PLA-070-422-S25,Planamelt R 1323-2 (25KG),Kamboo Marketing,2,R015,29042025R0152137,0.0000,0.0000,R015,,,0.00,0.00,0.00
PX103A,ORAC Corner For PX103,ABC Building Materials,40,I008,29042025I0082014,0.0000,0.0000,I008,,,0.00,0.00,0.00
QH-1200B,Element Quartz Heater Wall Mount 1500w D,LRB,22,O005,29042025O0051531,0.0000,0.0000,O005,,,0.00,0.00,0.00
QH-1200B-A,Element Quartz Heater Wall Mount 1500w,LRB,631,T210,29042025T2101532,0.0000,0.0000,T210,,,0.00,0.00,0.00
QH-1200B-F,Element Quartz Heater Wall Mount 1500w,LRB,1,O236,29042025O2361533,0.0000,0.0000,O236,,,0.00,0.00,0.00
RUBINAL-R1-AA,Factory Bricks,KMS,20,J024,29042025J0241736,0.0000,0.0000,J024,,,0.00,0.00,0.00
RUBINAL-R1-R,Factory Bricks,KMS,248,I019,29042025I0191734,0.0000,0.0000,I019,,,0.00,0.00,0.00
RUBINAL-R1-S,Factory Bricks,KMS,248,I020,29042025I0201735,0.0000,0.0000,I020,,,0.00,0.00,0.00
SAMPLES,Rechargeable Fan,LRB,11,Y428,29042025Y4281534,0.0000,0.0000,Y428,,,0.00,0.00,0.00
SCREW,Hygizone Screws,Hygizone,1,RM,29042025RM326,0.0000,0.0000,,,,0.00,0.00,0.00
SP44-6-1L,Elements Fan Ceiling Deco 110cm Satin BD,LRB,10,O215,29042025O2151535,0.0000,0.0000,O215,,,0.00,0.00,0.00
SP52-3-1L,Elements Fan Ceiling Deco 130cm Satin BD,LRB,11,O216,29042025O2161536,0.0000,0.0000,O216,,,0.00,0.00,0.00
SPARES-A,LRB Spares,LRB,2,Y428,29042025Y4281537,0.0000,0.0000,Y428,,,0.00,0.00,0.00
STEP-D,Step Hi Mag latest 09-05-24,Kiki Trading,50,N016,29042025N0161625,0.0000,0.0000,N016,,,0.00,0.00,0.00
SX118F,ORAC Flex Skirting,ABC Building Materials,50,I012,29042025I0121926,0.0000,0.0000,I012,,,0.00,0.00,0.00
SX179,ORAC Indirect Lighting,ABC Building Materials,120,I021,29042025I0211918,0.0000,0.0000,I021,,,0.00,0.00,0.00
SX179-A,ORAC Indirect Lighting,ABC Building Materials,280,I021,29042025I0211919,0.0000,0.0000,I021,,,0.00,0.00,0.00
SX179-B,ORAC Indirect Lighting,ABC Building Materials,80,I021,29042025I0211920,0.0000,0.0000,I021,,,0.00,0.00,0.00
SX179-C,ORAC Indirect Lighting,ABC Building Materials,120,I018,29042025I0181921,0.0000,0.0000,I018,,,0.00,0.00,0.00
SX179-D,ORAC Indirect Lighting,ABC Building Materials,140,I015,29042025I0151922,0.0000,0.0000,I015,,,0.00,0.00,0.00
SX179-E,ORAC Indirect Lighting,ABC Building Materials,480,I032,29042025I0321923,0.0000,0.0000,I032,,,0.00,0.00,0.00
SX179-F,ORAC Indirect Lighting,ABC Building Materials,360,I018,29042025I0181924,0.0000,0.0000,I018,,,0.00,0.00,0.00
SYH-1208B,Elements Heater Quartz 6Bar 2400w BD,LRB,2,O227,29042025O2271538,0.0000,0.0000,O227,,,0.00,0.00,0.00
SYH-1208B-A,Elements Heater Quartz 6Bar 2400w,LRB,6,O033,29042025O0331539,0.0000,0.0000,O033,,,0.00,0.00,0.00
SYH-1208B-AC,Elements Heater Quartz 6Bar 2400w,LRB,3,O033,29042025O0331540,0.0000,0.0000,O033,,,0.00,0.00,0.00
SYH-1208B-AD,Elements Heater Quartz 6Bar 2400w BD,LRB,3,O101,29042025O1011541,0.0000,0.0000,O101,,,0.00,0.00,0.00
SYH-1208B-B,Elements Heater Quartz 6 Bar 2400w,LRB,3,O101,29042025O1011542,0.0000,0.0000,O101,,,0.00,0.00,0.00
SYH-1208B-C,Elements Heater Quartz 6 Bar 2400w,LRB,108,T102,29042025T1021543,0.0000,0.0000,T102,,,0.00,0.00,0.00
SYH-1208B-D,Elements Heater Quartz 6 Bar 2400w,LRB,10,O105,29042025O1051544,0.0000,0.0000,O105,,,0.00,0.00,0.00
SYH-1208B-E,Elements Heater Quartz 6Bar 2400w,LRB,10,O109,29042025O1091545,0.0000,0.0000,O109,,,0.00,0.00,0.00
SYH-1208B-F,Elements Heater Quartz 6Bar 2400w,LRB,10,O111,29042025O1111546,0.0000,0.0000,O111,,,0.00,0.00,0.00
SYH-1208B-G,Elements Heater Quartz 6Bar 2400w,LRB,10,O112,29042025O1121547,0.0000,0.0000,O112,,,0.00,0.00,0.00
SYH-1208B-H,Elements Heater Quartz 6Bar 2400w BD,LRB,12,O211,29042025O2111548,0.0000,0.0000,O211,,,0.00,0.00,0.00
SYH-1208B-I,Elements Heater Quartz 6Bar 2400w,LRB,10,O116,29042025O1161549,0.0000,0.0000,O116,,,0.00,0.00,0.00
SYH-1208B-J,Elements Heater Quartz 6Bar 2400w,LRB,10,O119,29042025O1191550,0.0000,0.0000,O119,,,0.00,0.00,0.00
SYH-1208B-L,Elements Heater Quartz 6Bar 2400w,LRB,1,U103,29042025U1031551,0.0000,0.0000,U103,,,0.00,0.00,0.00
SYH-1208B-M,Elements Heater Quartz 6Bar 2400w,LRB,10,O104,29042025O1041552,0.0000,0.0000,O104,,,0.00,0.00,0.00
SYH-1208B-N,Elements Heater Quartz 6Bar 2400w BD,LRB,1,O213,29042025O2131553,0.0000,0.0000,O213,,,0.00,0.00,0.00
SYH-1208B-O,Elements Heater Quartz 6Bar 2400w PH,LRB,8,O210,29042025O2101554,0.0000,0.0000,O210,,,0.00,0.00,0.00
SYH-1208B-P,Elements Heater Quartz 6Bar 2400w,LRB,108,T104,29042025T1041555,0.0000,0.0000,T104,,,0.00,0.00,0.00
SYH-1208B-Q,Elements Heater Quartz 6Bar 2400w,LRB,108,T103,29042025T1031556,0.0000,0.0000,T103,,,0.00,0.00,0.00
SYH-1208B-R,Elements Heater Quartz 6Bar 2400w,LRB,108,T108,29042025T1081557,0.0000,0.0000,T108,,,0.00,0.00,0.00
SYH-1208B-S,Elements Heater Quartz 6 Bar 2400w,LRB,108,T109,29042025T1092159,0.0000,0.0000,T109,,,0.00,0.00,0.00
SYH-1208B-T,Elements Heater Quartz 6 Bar 2400w,LRB,108,T112,29042025T1122160,0.0000,0.0000,T112,,,0.00,0.00,0.00
SYH-1208B-U,Elements Heater Quartz 6 Bar 2400w,LRB,108,T113,29042025T1132161,0.0000,0.0000,T113,,,0.00,0.00,0.00
SYH-1208B-V,Elements Heater Quartz 6 Bar 2400w,LRB,108,T114,29042025T1142162,0.0000,0.0000,T114,,,0.00,0.00,0.00
SYH-1208B-W,Elements Heater Quartz 6 Bar 2400w,LRB,57,U102,29042025U1022163,0.0000,0.0000,U102,,,0.00,0.00,0.00
SYH-1208B-X,Elements Heater Quartz 6 Bar 2400w,LRB,108,T106,29042025T1062164,0.0000,0.0000,T106,,,0.00,0.00,0.00
SYH-1208B-Y,Elements Heater Quartz 6 Bar 2400w,LRB,3,N316,29042025N3162165,0.0000,0.0000,N316,,,0.00,0.00,0.00
TANKEXT600X180,Tank External 600x180 -37LT,Isinkwe Energies,5,Y326,29042025Y3262198,0.0000,0.0000,Y326,,,0.00,0.00,0.00
TANKEXT600X200,Tank Ext 600 X 200,Isinkwe Energies,4,Y116,29042025Y1161739,0.0000,0.0000,Y116,,,0.00,0.00,0.00
TANKEXT630X180-A,Tank Ext 630 x 180,Isinkwe Energies,3,Y236,29042025Y2361749,0.0000,0.0000,Y236,,,0.00,0.00,0.00
TANKEXT630X225-A,Tank ext 630 x 225 -52LT,Isinkwe Energies,3,Y114,29042025Y1141753,0.0000,0.0000,Y114,,,0.00,0.00,0.00
TANKEXT720X180,Tank Ext 720 X 180 - 52LT,Isinkwe Energies,5,Y111,29042025Y1111740,0.0000,0.0000,Y111,,,0.00,0.00,0.00
TANKEXT720X200,Tank Ext 720 x 200,Isinkwe Energies,3,Y239,29042025Y2391751,0.0000,0.0000,Y239,,,0.00,0.00,0.00
TANKEXT720X250-A,Tank Ext 720x250 - 78LT,Isinkwe Energies,8,W008,29042025W0082199,0.0000,0.0000,W008,,,0.00,0.00,0.00
TANKINT600X200-A,Tank Int 600x200,Isinkwe Energies,1,Y235,29042025Y2352001,0.0000,0.0000,Y235,,,0.00,0.00,0.00
TANKINT600X200-B,Tank Int 600x200,Isinkwe Energies,4,Y221,29042025Y2212200,0.0000,0.0000,Y221,,,0.00,0.00,0.00
TANKINT600X225,Tank Int 600x225 - 48LT,Isinkwe Energies,10,W006,29042025W0061838,0.0000,0.0000,W006,,,0.00,0.00,0.00
TANKINT600X225-48L,Tank Int 600x225-48L,Isinkwe Energies,6,X117,29042025X1172002,0.0000,0.0000,X117,,,0.00,0.00,0.00
TANKINT600X225-A,Tank Int 600x225 - 48LT,Isinkwe Energies,3,Y113,29042025Y1131973,0.0000,0.0000,Y113,,,0.00,0.00,0.00
TANKINT600X225-B,Tank Int 600x225 - 48LT,Isinkwe Energies,10,W020,29042025W0202201,0.0000,0.0000,W020,,,0.00,0.00,0.00
TANKINT600X225-D,Tank Int 600x225 - 48LT,Isinkwe Energies,10,W018,29042025W0182476,0.0000,0.0000,W018,,,0.00,0.00,0.00
TANKINT630X200,Tank int 630 x 200 - 44LT,Isinkwe Energies,7,X104,29042025X1041752,0.0000,0.0000,X104,,,0.00,0.00,0.00
TANKINT630X200-A,Tank int 630 x 200,Isinkwe Energies,2,Y237,29042025Y2371974,0.0000,0.0000,Y237,,,0.00,0.00,0.00
TANKINT630X200-B,Tank Ink 630 X 200 - 44LT,Isinkwe Energies,11,W004,29042025W0041743,0.0000,0.0000,W004,,,0.00,0.00,0.00
TANKINT630X200-C,Tank Int 630x200 44lL,Isinkwe Energies,7,X247,29042025X2472003,0.0000,0.0000,X247,,,0.00,0.00,0.00
TANKINT630X225,Toriodal LPG Tank 52ltr 630x225 Int,Isinkwe Energies,8,W311,29042025W3111741,0.0000,0.0000,W311,,,0.00,0.00,0.00
TANKINT630X225-B,Toriodal LPG Tank 52ltr 630x225 Int,Isinkwe Energies,4,Y118,29042025Y1181750,0.0000,0.0000,Y118,,,0.00,0.00,0.00
TANKINT650X200,Tank Int 650 x 200 - 50LT,Isinkwe Energies,7,W320,29042025W3201742,0.0000,0.0000,W320,,,0.00,0.00,0.00
TANKINT650X200-50L,Tank Int 650x200 -50L,Isinkwe Energies,6,W322,29042025W3222004,0.0000,0.0000,W322,,,0.00,0.00,0.00
TANKINT650X200-A,Tank Int 650 x 200 - 50LT,Isinkwe Energies,12,W013,29042025W0131754,0.0000,0.0000,W013,,,0.00,0.00,0.00
TANKINT650X200-B,Tank Int 650 x 200,Isinkwe Energies,11,W013,29042025W0131839,0.0000,0.0000,W013,,,0.00,0.00,0.00
TANKINT650X200-C,Tank Int 650 x 200 - 50LT,Isinkwe Energies,10,X113,29042025X1132207,0.0000,0.0000,X113,,,0.00,0.00,0.00
TANKINT650X200-D,Tank Int 650 x 200 - 50LT,Isinkwe Energies,6,W323,29042025W3232265,0.0000,0.0000,W323,,,0.00,0.00,0.00
TANKINT650X200-E,Tank Int 650 x 200 - 50LT,Isinkwe Energies,10,W310,29042025W3102266,0.0000,0.0000,W310,,,0.00,0.00,0.00
TANKINT650X200-F,Tank Int 650 x 200 - 50LT,Isinkwe Energies,10,W317,29042025W3172267,0.0000,0.0000,W317,,,0.00,0.00,0.00
TANKINT650X225-58L,Tank Int 65x225 -58L,Isinkwe Energies,9,Y122,29042025Y1222005,0.0000,0.0000,Y122,,,0.00,0.00,0.00
TANKINT650X225-B,Tank Int 650 x 225 - 58LT,Isinkwe Energies,7,X219,29042025X2191755,0.0000,0.0000,X219,,,0.00,0.00,0.00
TANKINT650X225-C,Tank Ink 650x225 - 58LT,Isinkwe Energies,10,W014,29042025W0141762,0.0000,0.0000,W014,,,0.00,0.00,0.00
TANKINT650X225-D,Tank Int 650x225 - 58LT,Isinkwe Energies,7,Y048,29042025Y0481763,0.0000,0.0000,Y048,,,0.00,0.00,0.00
TANKINT650X250,Tank Internal 650x250 - 66LT,Isinkwe Energies,8,W319,29042025W3192202,0.0000,0.0000,W319,,,0.00,0.00,0.00
TANKINT650X250-A,Tank Internal 650x250 - 66LT,Isinkwe Energies,3,Y106,29042025Y1062268,0.0000,0.0000,Y106,,,0.00,0.00,0.00
TANKINT680X225-A,Tank Int 680x225 - 62LT,Isinkwe Energies,8,X144,29042025X1442203,0.0000,0.0000,X144,,,0.00,0.00,0.00
TANKINT680X225-B,Tank Int 680x225 - 62LT,Isinkwe Energies,2,W326,29042025W3262208,0.0000,0.0000,W326,,,0.00,0.00,0.00
TANKINT680X240,Tank Int 680x240 - 68LT,Isinkwe Energies,8,W002,29042025W0021840,0.0000,0.0000,W002,,,0.00,0.00,0.00
TANKINT680X240-68L-B,Tank Int 680x240-68L,Isinkwe Energies,8,Y051,29042025Y0512006,0.0000,0.0000,Y051,,,0.00,0.00,0.00
TANKINT680X240-A,Tank Int 680x240 - 68LT,Isinkwe Energies,4,Y115,29042025Y1151975,0.0000,0.0000,Y115,,,0.00,0.00,0.00
TANKINT680X240-B,Tank Int 680x240 - 68LT,Isinkwe Energies,7,W007,29042025W0072204,0.0000,0.0000,W007,,,0.00,0.00,0.00
TANKINT680X240-C,Tank Int 680x240 - 68LT,Isinkwe Energies,10,X118,29042025X1182262,0.0000,0.0000,X118,,,0.00,0.00,0.00
TANKINT680X240-D,Tank Int 680x240 - 68LT,Isinkwe Energies,10,W005,29042025W0052263,0.0000,0.0000,W005,,,0.00,0.00,0.00
TANKINT680X240-E,Tank Int 680x240 - 68LT,Isinkwe Energies,10,W316,29042025W3162264,0.0000,0.0000,W316,,,0.00,0.00,0.00
TCBS380,Sweetdreams Grey Malange Campcot,Bambino,25,N119,29042025N1191935,0.0000,0.0000,N119,,,0.00,0.00,0.00
TCBS380-A,Sweetdreams Grey Malange Campcot,Bambino,25,N116,29042025N1161953,0.0000,0.0000,N116,,,0.00,0.00,0.00
TCBS380-B,Sweetdreams Grey Malange Campcot,Bambino,25,N117,29042025N1171936,0.0000,0.0000,N117,,,0.00,0.00,0.00
TCBS380-D,Sweetdreams Grey Malange Campcot,Bambino,25,N118,29042025N1181937,0.0000,0.0000,N118,,,0.00,0.00,0.00
TCBS380-E,Sweetdreams Grey Malange Campcot,Bambino,25,N114,29042025N1141938,0.0000,0.0000,N114,,,0.00,0.00,0.00
TCBS380-F,Sweetdreams Grey Malange Campcot,Bambino,25,N115,29042025N1151939,0.0000,0.0000,N115,,,0.00,0.00,0.00
TCBS380-G,Sweetdreams Grey Malange Campcot,Bambino,25,N112,29042025N1121940,0.0000,0.0000,N112,,,0.00,0.00,0.00
TCBS380-H,Sweetdreams Grey Malange Campcot,Bambino,25,N111,29042025N1111941,0.0000,0.0000,N111,,,0.00,0.00,0.00
TCBS380-I,Sweetdreams Grey Malange Campcot,Bambino,25,N110,29042025N1101942,0.0000,0.0000,N110,,,0.00,0.00,0.00
TCBS380-J,Sweetdreams Grey Malange Campcot,Bambino,25,N109,29042025N1091943,0.0000,0.0000,N109,,,0.00,0.00,0.00
TCBS400,Side By Side Playard,Bambino,20,N201,29042025N2011629,0.0000,0.0000,N201,,,0.00,0.00,0.00
TCBS400-AA,Side By Side Playard,Bambino,20,N228,29042025N2282060,0.0000,0.0000,N228,,,0.00,0.00,0.00
TCBS400-AB,Side By Side Playard,Bambino,20,N231,29042025N2312061,0.0000,0.0000,N231,,,0.00,0.00,0.00
TCBS400-AC,Side By Side Playard,Bambino,20,N232,29042025N2322062,0.0000,0.0000,N232,,,0.00,0.00,0.00
TCBS400-AD,Side By Side Playard,Bambino,20,N135,29042025N1352063,0.0000,0.0000,N135,,,0.00,0.00,0.00
TCBS400-AE,Side By Side Playard,Bambino,20,N234,29042025N2342064,0.0000,0.0000,N234,,,0.00,0.00,0.00
TCBS400-AF,Side By Side Playard,Bambino,20,N235,29042025N2352065,0.0000,0.0000,N235,,,0.00,0.00,0.00
TCBS400-AG,Side By Side Playard,Bambino,20,N236,29042025N2362066,0.0000,0.0000,N236,,,0.00,0.00,0.00
TCBS400-AH,Side By Side Playard,Bambino,20,N237,29042025N2372067,0.0000,0.0000,N237,,,0.00,0.00,0.00
TCBS400-AI,Side By Side Playard,Bambino,20,N137,29042025N1372068,0.0000,0.0000,N137,,,0.00,0.00,0.00
TCBS400-AJ,Side By Side Playard,Bambino,20,O034,29042025O0342069,0.0000,0.0000,O034,,,0.00,0.00,0.00
TCBS400-AK,Side By Side Playard,Bambino,20,N204,29042025N2042070,0.0000,0.0000,N204,,,0.00,0.00,0.00
TCBS400-AL,Side By Side Playard,Bambino,20,N218,29042025N2182071,0.0000,0.0000,N218,,,0.00,0.00,0.00
TCBS400-D,Side By Side Playard,Bambino,20,N131,29042025N1311630,0.0000,0.0000,N131,,,0.00,0.00,0.00
TCBS400-E,Side By Side Playard,Bambino,20,N202,29042025N2021631,0.0000,0.0000,N202,,,0.00,0.00,0.00
TCBS400-G,Side By Side Playard,Bambino,20,N103,29042025N1031944,0.0000,0.0000,N103,,,0.00,0.00,0.00
TCBS400-K,Side By Side Playard,Bambino,20,N101,29042025N1011945,0.0000,0.0000,N101,,,0.00,0.00,0.00
TCBS400-L,Side By Side Playard,Bambino,20,N104,29042025N1041965,0.0000,0.0000,N104,,,0.00,0.00,0.00
TCBS400-M,Side By Side Playard,Bambino,20,N210,29042025N2102052,0.0000,0.0000,N210,,,0.00,0.00,0.00
TCBS400-N,Side By Side Playard,Bambino,20,N211,29042025N2112053,0.0000,0.0000,N211,,,0.00,0.00,0.00
TCBS400-O,Side By Side Playard,Bambino,20,N212,29042025N2122054,0.0000,0.0000,N212,,,0.00,0.00,0.00
TCBS400-P,Side By Side Playard,Bianomy,20,N213,29042025N2132055,0.0000,0.0000,N213,,,0.00,0.00,0.00
TCBS400-Q,Side By Side Playard,Bambino,20,N214,29042025N2142056,0.0000,0.0000,N214,,,0.00,0.00,0.00
TCBS400-R,Side By Side Playard,Bambino,20,N215,29042025N2152057,0.0000,0.0000,N215,,,0.00,0.00,0.00
TCBS400-S,Side By Side Playard,Bambino,20,N216,29042025N2162058,0.0000,0.0000,N216,,,0.00,0.00,0.00
TCBS400-V,Side By Side Playard,Bambino,1,N219,29042025N2192059,0.0000,0.0000,N219,,,0.00,0.00,0.00
WACB029-A,F1 Racer Walker,Bambino,24,N105,29042025N1051701,0.0000,0.0000,N105,,,0.00,0.00,0.00
WACB029-AA,F1 Racer Walker,Bambino,10,R226,29042025R2262166,0.0000,0.0000,R226,,,0.00,0.00,0.00
WACB029-AB,F1 Racer Walker,Bambino,10,R229,29042025R2292167,0.0000,0.0000,R229,,,0.00,0.00,0.00
WACB029-AC,F1 Racer Walker,Bambino,10,R114,29042025R1142168,0.0000,0.0000,R114,,,0.00,0.00,0.00
WACB029-AD,F1 Racer Walker,Bambino,10,R117,29042025R1172169,0.0000,0.0000,R117,,,0.00,0.00,0.00
WACB029-AE,F1 Racer Walker,Bambino,10,R138,29042025R1382170,0.0000,0.0000,R138,,,0.00,0.00,0.00
WACB029-AF,F1 Racer Walker,Bambino,10,R108,29042025R1082171,0.0000,0.0000,R108,,,0.00,0.00,0.00
WACB029-AG,F1 Racer Walker,Bambino,10,R126,29042025R1262172,0.0000,0.0000,R126,,,0.00,0.00,0.00
WACB029-AH,F1 Racer Walker,Bambino,10,R129,29042025R1292173,0.0000,0.0000,R129,,,0.00,0.00,0.00
WACB029-AI,F1 Racer Walker,Bambino,10,R123,29042025R1232174,0.0000,0.0000,R123,,,0.00,0.00,0.00
WACB029-AJ,F1 Racer Walker,Bambino,10,R132,29042025R1322175,0.0000,0.0000,R132,,,0.00,0.00,0.00
WACB029-AK,F1 Racer Walker,Bambino,10,R135,29042025R1352176,0.0000,0.0000,R135,,,0.00,0.00,0.00
WACB029-AL,F1 Racer Walker,Bambino,3,R105,29042025R1052177,0.0000,0.0000,R105,,,0.00,0.00,0.00
WACB029-B,F1 Racer Walker,Bambino,24,N106,29042025N1061704,0.0000,0.0000,N106,,,0.00,0.00,0.00
WACB029-C,F1 Racer Walker,Bambino,22,N113,29042025N1131703,0.0000,0.0000,N113,,,0.00,0.00,0.00
WACB029-D,F1 Racer Walker,Bambino,22,N229,29042025N2291705,0.0000,0.0000,N229,,,0.00,0.00,0.00
WACB029-E,F1 Racer Walker,Bambino,11,J326,29042025J3261721,0.0000,0.0000,J326,,,0.00,0.00,0.00
WACB029-F,F1 Racer Walker,Bambino,22,N139,29042025N1391722,0.0000,0.0000,N139,,,0.00,0.00,0.00
WACB029-G,F1 Racer Walker,Bambino,22,N307,29042025N3071723,0.0000,0.0000,N307,,,0.00,0.00,0.00
WACB029-I,F1 Racer Walker,Bambino,22,N308,29042025N3081724,0.0000,0.0000,N308,,,0.00,0.00,0.00
WACB029-J,F1 Racer Walker,Bambino,10,J232,29042025J2321725,0.0000,0.0000,J232,,,0.00,0.00,0.00
WACB029-K,F1 Racer Walker,Bambino,10,J235,29042025J2351726,0.0000,0.0000,J235,,,0.00,0.00,0.00
WACB029-L,F1 Racer Walker,Bambino,11,J338,29042025J3381727,0.0000,0.0000,J338,,,0.00,0.00,0.00
WACB029-M,F1 Racer Walker,Bambino,11,J238,29042025J2381728,0.0000,0.0000,J238,,,0.00,0.00,0.00
WACB029-N,F1 Racer Walker,Bambino,11,J335,29042025J3351729,0.0000,0.0000,J335,,,0.00,0.00,0.00
WACB029-O,F1 Racer Walker,Bambino,12,N222,29042025N2221730,0.0000,0.0000,N222,,,0.00,0.00,0.00
WACB029-P,F1 Racer Walker,Bambino,11,J332,29042025J3321731,0.0000,0.0000,J332,,,0.00,0.00,0.00
WACB029-Q,F1 Racer Walker,Bambino,11,J329,29042025J3291732,0.0000,0.0000,J329,,,0.00,0.00,0.00
WACB029-S,F1 Racer Walker,Bambino,11,J323,29042025J3231733,0.0000,0.0000,J323,,,0.00,0.00,0.00
WACB030,2 in 1 Walker Rocker Turquoise,Bambino,24,N206,29042025N2061702,0.0000,0.0000,N206,,,0.00,0.00,0.00
WACB030-A,2 in 1 Walker Rocker,Bambino,11,K214,29042025K2141947,0.0000,0.0000,K214,,,0.00,0.00,0.00
WACB030-AB,2 in 1 Walker Rocker,Bambino,22,N125,29042025N1252142,0.0000,0.0000,N125,,,0.00,0.00,0.00
WACB030-AE,2 in 1 Walker Rocker,Bambino,22,N230,29042025N2302143,0.0000,0.0000,N230,,,0.00,0.00,0.00
WACB030-AF,2 in 1 Walker Rocker,Bambino,22,N233,29042025N2332144,0.0000,0.0000,N233,,,0.00,0.00,0.00
WACB030-AH,2 in 1 Walker Rocker,Bambino,22,N138,29042025N1382145,0.0000,0.0000,N138,,,0.00,0.00,0.00
WACB030-AI,2 in 1 Walker Rocker,Bambino,11,J223,29042025J2232146,0.0000,0.0000,J223,,,0.00,0.00,0.00
WACB030-B,2 in 1 Walker Rocker,Bambino,11,K217,29042025K2171948,0.0000,0.0000,K217,,,0.00,0.00,0.00
WACB030-C,2 in 1 Walker Rocker,Bambino,11,K220,29042025K2201706,0.0000,0.0000,K220,,,0.00,0.00,0.00
WACB030-D,2 in 1 Walker Rocker,Bambino,11,K223,29042025K2231707,0.0000,0.0000,K223,,,0.00,0.00,0.00
WACB030-E,2 in 1 Walker Rocker,Bambino,11,K226,29042025K2261708,0.0000,0.0000,K226,,,0.00,0.00,0.00
WACB030-F,2 in 1 Walker Rocker,Bambino,11,K211,29042025K2111709,0.0000,0.0000,K211,,,0.00,0.00,0.00
WACB030-G,2 in 1 Walker Rocker,Bambino,11,K229,29042025K2291710,0.0000,0.0000,K229,,,0.00,0.00,0.00
WACB030-H,2 in 1 Walker Rocker,Bambino,22,N221,29042025N2211711,0.0000,0.0000,N221,,,0.00,0.00,0.00
WACB030-J,2 in 1 Walker Rocker,Bambino,12,K205,29042025K2051712,0.0000,0.0000,K205,,,0.00,0.00,0.00
WACB030-N,2 in 1 Walker Rocker,Bambino,22,N120,29042025N1201713,0.0000,0.0000,N120,,,0.00,0.00,0.00
WACB030-O,2 in 1 Walker Rocker,Bambino,11,K232,29042025K2321714,0.0000,0.0000,K232,,,0.00,0.00,0.00
WACB030-P,2 in 1 Walker Rocker,Bambino,11,K235,29042025K2351715,0.0000,0.0000,K235,,,0.00,0.00,0.00
WACB030-Q,2 in 1 Walker Rocker,Bambino,11,K238,29042025K2381716,0.0000,0.0000,K238,,,0.00,0.00,0.00
WACB030-R,2 in 1 Walker Rocker,Bambino,11,K102,29042025K1021717,0.0000,0.0000,K102,,,0.00,0.00,0.00
WACB030-S,2 in 1 Walker Rocker,Bambino,11,J220,29042025J2201718,0.0000,0.0000,J220,,,0.00,0.00,0.00
WACB030-T,2 in 1 Walker Rocker,Bambino,12,K202,29042025K2021719,0.0000,0.0000,K202,,,0.00,0.00,0.00
WACB030-V,2 in 1 Walker Rocker,Bambino,22,N209,29042025N2091720,0.0000,0.0000,N209,,,0.00,0.00,0.00
WACB030-W,2 in 1 Walker Rocker,Bambino,22,N208,29042025N2081949,0.0000,0.0000,N208,,,0.00,0.00,0.00
WACB030-X,2 in 1 Walker Rocker,Bambino,22,N207,29042025N2071950,0.0000,0.0000,N207,,,0.00,0.00,0.00
WACB030-Y,2 in 1 Walker Rocker,Bambino,1,N205,29042025N2051951,0.0000,0.0000,N205,,,0.00,0.00,0.00
